key,project_number,project,source,register_area,master,sales_area,before,after,dm_community_no,community,matched_via,app_district,why
PID850692574,,09 Life Residences,building_register_only,Wadi Al Safa 5,Dubai Land Residence Complex,,building,building,648,,,wadialsafa5,already has a building: nothing to add
PID109,,ABJAR TOWER,building_register_only,Al Barsha South Fourth,Jumeirah Village Circle,,building,building,681,,,jumeirahvillagecircle,already has a building: nothing to add
PID1172,,AC3,building_register_only,Al Hebiah First,Motor City,,building,building,674,,,motorcity,already has a building: nothing to add
PID862384653,,AJWAN RESIDENCES,building_register_only,Madinat Al Mataar,Dubai South Residential District,,building,building,521,,,madinatalmataar,already has a building: nothing to add
PID706,,AL DUAA RESIDENCE,building_register_only,Al Barsha South Fourth,Jumeirah Village Circle,,building,building,681,,,jumeirahvillagecircle,already has a building: nothing to add
PID24791234,,AL FAHAD 4,building_register_only,Al Barshaa South Third,Arjan,,building,building,673,,,arjan,already has a building: nothing to add
PID944,,AL HABTOOR  ISLAND RESORT & SPA,building_register_only,Palm Jumeirah,Palm Jumeirah,,building,building,381,,,palmjumeirah,already has a building: nothing to add
PID512,,ALFATTAN HOTEL & RESIDENSE,building_register_only,Palm Jumeirah,Palm Jumeirah,,building,building,381,,,palmjumeirah,already has a building: nothing to add
PID674,,AMESCO TOWER,building_register_only,Al Thanyah Fifth,DMCC Master Community,,building,building,393,,,"althanyahfifth,jltnorth,jltsouth",already has a building: nothing to add
PID379,,ANGELICA RESIDENCE 1,building_register_only,Al Barsha South Fourth,Jumeirah Village Circle,,building,building,681,,,jumeirahvillagecircle,already has a building: nothing to add
PID173,,APEX SUITES,building_register_only,Al Barsha South Fifth,Jumeirah Village Triangle,,building,building,684,,,jumeirahvillagetriangle,already has a building: nothing to add
PID327,,ARTISTIC HEIGHTS,building_register_only,Al Barsha South Fourth,Jumeirah Village Circle,,building,building,681,,,jumeirahvillagecircle,already has a building: nothing to add
PID932416451,,ARYAM TOWER BY ABU ALNAGA,building_register_only,Jabal Ali First,Al Furjan,,building,building,591,,,jabalalifirst,already has a building: nothing to add
PID14002799,,AVA DESIGNER RESEDENSS,building_register_only,Dubai Investment Park First,Dubai Investment Park First,,building,building,598,,,dubaiinvestmentparkfirst,already has a building: nothing to add
PID1268,,AXIS RESIDENCES 20,building_register_only,Nadd Hessa,Silicon Oasis,,building,building,626,,,siliconoasis,already has a building: nothing to add
PID949014460,,Arancia Yards 2 By Beyond,building_register_only,Wadi Al Safa 4,City Of Arabia,,building,building,646,,,wadialsafa4,already has a building: nothing to add
PID837259391,,Aristo,building_register_only,Madinat Al Mataar,Dubai South Residential District,,building,building,521,,,madinatalmataar,already has a building: nothing to add
PID482,,BURJ AL NOOR,building_register_only,Business Bay,Business Bay,,building,building,346,,,businessbay,already has a building: nothing to add
PID832674797,,Barari Palace,building_register_only,Wadi Al Safa 3,Majan,,building,building,645,,,majan,already has a building: nothing to add
PID942789830,,Beverly Crown,building_register_only,Al Barsha South Fourth,Jumeirah Village Circle,,building,building,681,,,jumeirahvillagecircle,already has a building: nothing to add
PID849620549,,Binghatti Cullinan,building_register_only,Al Jadaf,Sama Al Jadaf,,building,building,326,,,samaaljadaf,already has a building: nothing to add
PID866785792,,Bottega Nove by Lalav,building_register_only,Wadi Al Safa 3,Majan,,building,building,645,,,majan,already has a building: nothing to add
PID923599189,,Boulevard Living 1,building_register_only,Jabal Ali First,Wasl Gate,,building,building,591,,,jabalalifirst,already has a building: nothing to add
PID923605270,,Boulevard Living 2,building_register_only,Jabal Ali First,Wasl Gate,,building,building,591,,,jabalalifirst,already has a building: nothing to add
PID240,,CASA VERONA,building_register_only,Al Barsha South Fourth,Jumeirah Village Circle,,building,building,681,,,jumeirahvillagecircle,already has a building: nothing to add
PID833835377,,CELIA HOMES,building_register_only,Wadi Al Safa 5,Dubai Land Residence Complex,,building,building,648,,,wadialsafa5,already has a building: nothing to add
PID843705550,,CELINE RESIDENCE,building_register_only,Madinat Al Mataar,Dubai South Residential District,,building,building,521,,,madinatalmataar,already has a building: nothing to add
PID94,,CENTER COURT,building_register_only,Al Barsha South Fourth,Jumeirah Village Circle,,building,building,681,,,jumeirahvillagecircle,already has a building: nothing to add
PID646,,CHAMPION TOWER 3,building_register_only,Al Hebiah Fourth,Dubai Sports City,,building,building,682,,,dubaisportscity,already has a building: nothing to add
PID764,,CHAMPIONS TOWER2,building_register_only,Al Hebiah Fourth,Dubai Sports City,,building,building,682,,,dubaisportscity,already has a building: nothing to add
PID880103759,,CITYVIEW RESIDENCES,building_register_only,Burj Khalifa,DownTown Dubai,,building,building,345,,,burjkhalifa,already has a building: nothing to add
PID1469,,CLAREN 2,building_register_only,Burj Khalifa,DownTown Dubai,,building,building,345,,,burjkhalifa,already has a building: nothing to add
PID915794726,,Cheval Residences,building_register_only,Palm Deira,Palm Deira,,building,building,101,,,palmdeira,already has a building: nothing to add
PID878738852,,Cresswell Plaza,building_register_only,Madinat Al Mataar,Dubai South Residential District,,building,building,521,,,madinatalmataar,already has a building: nothing to add
PID14177865,,DUBAI LAGOON I SUITES HOTEL APARTMENT,building_register_only,Dubai Investment Park First,Dubai Investment Park First,,building,building,598,,,dubaiinvestmentparkfirst,already has a building: nothing to add
PID14178416,,DUBAI LAGOON I SUITES SMART RESIDENCE,building_register_only,Dubai Investment Park First,Dubai Investment Park First,,building,building,598,,,dubaiinvestmentparkfirst,already has a building: nothing to add
PID14176611,,DUBAI LAGOON LILY,building_register_only,Dubai Investment Park First,Dubai Investment Park First,,building,building,598,,,dubaiinvestmentparkfirst,already has a building: nothing to add
PID14176912,,DUBAI LAGOON WINTERBERRY,building_register_only,Dubai Investment Park First,Dubai Investment Park First,,building,building,598,,,dubaiinvestmentparkfirst,already has a building: nothing to add
PID1153,,DUBAI MARINA,building_register_only,Marsa Dubai,Dubai Marina,,building,building,392,,,dubaimarina,already has a building: nothing to add
PID709,,DUNES LILAC,building_register_only,Al Barsha South Fifth,Jumeirah Village Triangle,,building,building,684,,,jumeirahvillagetriangle,already has a building: nothing to add
PID537,,DUNES MARIGOLD,building_register_only,Al Barsha South Fourth,Jumeirah Village Circle,,building,building,681,,,jumeirahvillagecircle,already has a building: nothing to add
PID560,,DUNES RESIDENCE,building_register_only,Al Hebiah Fourth,Dubai Sports City,,building,building,682,,,dubaisportscity,already has a building: nothing to add
PID61,,ECLIPSE TOWER,building_register_only,Al Barsha South Fourth,Jumeirah Village Circle,,building,building,681,,,jumeirahvillagecircle,already has a building: nothing to add
PID900468553,,EIRA,building_register_only,Me'Aisem First,International Media Production Zone,,building,building,685,,,dubaiproductioncity,already has a building: nothing to add
PID826418840,,ELLINGTON SANDS I,building_register_only,Palm Deira,Palm Deira,,building,building,101,,,palmdeira,already has a building: nothing to add
PID826428731,,ELLINGTON SANDS II,building_register_only,Palm Deira,Palm Deira,,building,building,101,,,palmdeira,already has a building: nothing to add
PID942150956,,Elinor,building_register_only,Madinat Al Mataar,Dubai South Residential District,,building,building,521,,,madinatalmataar,already has a building: nothing to add
PID890694408,,Expo Hills 01,building_register_only,Madinat Al Mataar,EXPO CITY,,building,building,521,,,madinatalmataar,already has a building: nothing to add
PID951215406,,Expo Valley Views 1,building_register_only,Madinat Al Mataar,Dubai World Central,,building,building,521,,,madinatalmataar,already has a building: nothing to add
PID947101164,,Expo Valley Views 2,building_register_only,Madinat Al Mataar,Dubai World Central,,building,building,521,,,madinatalmataar,already has a building: nothing to add
PID199,,GARDEN HEIGHTS,building_register_only,Al Barsha South Fourth,Jumeirah Village Circle,,building,building,681,,,jumeirahvillagecircle,already has a building: nothing to add
PID600,,GLOBAL ROYAL TOWER,building_register_only,Al Barsha South Fifth,Jumeirah Village Triangle,,building,building,684,,,jumeirahvillagetriangle,already has a building: nothing to add
PID895012082,,Grosvenor House,building_register_only,Madinat Al Mataar,Dubai South Residential District,,building,building,521,,,madinatalmataar,already has a building: nothing to add
PID914,,HAMPSTEAD RESIDENCES,building_register_only,Al Barsha South Fourth,Jumeirah Village Circle,,building,building,681,,,jumeirahvillagecircle,already has a building: nothing to add
PID828399624,,HERMINA BY CASAGRAND GALLANTEE REAL ESTATE,building_register_only,Palm Deira,Palm Deira,,building,building,101,,,palmdeira,already has a building: nothing to add
PID1253,,HORIZON2,building_register_only,Al Barsha South Fourth,Jumeirah Village Circle,,building,building,681,,,jumeirahvillagecircle,already has a building: nothing to add
PID826814887,,HQ by ROVE,building_register_only,Business Bay,Business Bay,,building,building,346,,,businessbay,already has a building: nothing to add
PID837251321,,Holm One,building_register_only,Al Satwa,Jumeirah Garden City,,building,building,334,,,alsatwa,already has a building: nothing to add
PID840186613,,IMTIAZ SYMPHONY TOWER,building_register_only,Bukadra,,,building,building,611,,,bukadra,already has a building: nothing to add
PID1472,,INDIGO CHAMBERS,building_register_only,Jabal Ali First,Al Furjan,,building,building,591,,,jabalalifirst,already has a building: nothing to add
PID887624364,,IZEL BY ZOYA,building_register_only,Wadi Al Safa 5,Dubai Land Residence Complex,,building,building,648,,,wadialsafa5,already has a building: nothing to add
PID830213083,,KHK 31,building_register_only,Wadi Al Safa 5,Dubai Land Residence Complex,,building,building,648,,,wadialsafa5,already has a building: nothing to add
PID833834193,,Koyo Residence by Fuji Properties,building_register_only,Wadi Al Safa 3,Mohammed Bin Rashid AL Maktoum District 11,,building,building,645,,,majan,already has a building: nothing to add
PID903,,L'ORIENTAL,building_register_only,Wadi Al Safa 5,Dubai Land Residence Complex,,building,building,648,,,wadialsafa5,already has a building: nothing to add
PID849,,"LE STELLE1,2,3,4,5",building_register_only,Wadi Al Safa 3,Majan,,building,building,645,,,majan,already has a building: nothing to add
PID653,,LES VERTES,building_register_only,Al Barsha South Fourth,Jumeirah Village Circle,,building,building,681,,,jumeirahvillagecircle,already has a building: nothing to add
PID839941157,,LIV OCEANSIDE,building_register_only,Palm Deira,Palm Deira,,building,building,101,,,palmdeira,already has a building: nothing to add
PID945504371,,LYRA,building_register_only,Wadi Al Safa 4,,,building,building,646,,,wadialsafa4,already has a building: nothing to add
PID951617553,,Le Chateau Pietrus,building_register_only,Palm Deira,Palm Deira,,building,building,101,,,palmdeira,already has a building: nothing to add
PID838688215,,MAAK RESIDENCE,building_register_only,Madinat Al Mataar,Dubai South Residential District,,building,building,521,,,madinatalmataar,already has a building: nothing to add
PID382,,MAGNOLIA,building_register_only,Al Barsha South Fifth,Jumeirah Village Triangle,,building,building,684,,,jumeirahvillagetriangle,already has a building: nothing to add
PID471,,MAYFAIR,building_register_only,Warsan Fourth,International City Phase 3,,building,building,624,,,(outside the 42 districts),already has a building: nothing to add
PID824,,MESA VISTA,building_register_only,Wadi Al Safa 3,Majan,,building,building,645,,,majan,already has a building: nothing to add
PID730,,METROPOLIS LOFTS,building_register_only,Al Barsha South Fourth,Jumeirah Village Circle,,building,building,681,,,jumeirahvillagecircle,already has a building: nothing to add
PID1243,,MEYDAN BUSINESS PARK PHASE 1,building_register_only,Nad Al Shiba First,Meydan,,building,building,618,,,"goldensymphony,meydanone,sobhaheartland",already has a building: nothing to add
PID845012666,,MIORAH By Zoya,building_register_only,Madinat Al Mataar,Dubai South Residential District,,building,building,521,,,madinatalmataar,already has a building: nothing to add
PID518,,MOON TOWER 1,building_register_only,Business Bay,Business Bay,,building,building,346,,,businessbay,already has a building: nothing to add
PID517,,MOON TOWER 2,building_register_only,Al Jadaf,Jaddaf Waterfront,,building,building,326,,,samaaljadaf,already has a building: nothing to add
PID839274625,,Maravea Residences,building_register_only,Palm Deira,Palm Deira,,building,building,101,,,palmdeira,already has a building: nothing to add
PID830734106,,Mirdad,building_register_only,Al Hebiah First,Motor City,,building,building,674,,,motorcity,already has a building: nothing to add
PID287,,NIKI LAUDA TOWER,building_register_only,Business Bay,Business Bay,,building,building,346,,,businessbay,already has a building: nothing to add
PID850810012,,NOORE,building_register_only,Wadi Al Safa 3,Mohammed Bin Rashid AL Maktoum District 11,,building,building,645,,,majan,already has a building: nothing to add
PID904571580,,O1NE District - Dawn,building_register_only,Al Hebiah First,Motor City,,building,building,674,,,motorcity,already has a building: nothing to add
PID932,,OASIS HEIGHTS,building_register_only,Al Barsha South Fourth,Jumeirah Village Circle,,building,building,681,,,jumeirahvillagecircle,already has a building: nothing to add
PID519,,OASIS TOWER 2,building_register_only,Al Hebiah Fourth,Dubai Sports City,,building,building,682,,,dubaisportscity,already has a building: nothing to add
PID954282205,,OCEARA PARKVIEW RESIDENCES,building_register_only,Palm Deira,Palm Deira,,building,building,101,,,palmdeira,already has a building: nothing to add
PID618,,OXBRIDGE GARDENS,building_register_only,Al Barsha South Fourth,Jumeirah Village Circle,,building,building,681,,,jumeirahvillagecircle,already has a building: nothing to add
PID468,,OXFORD,building_register_only,Warsan Fourth,International City Phase 3,,building,building,624,,,(outside the 42 districts),already has a building: nothing to add
PID108,,PALAZZA ARABIA,building_register_only,Jabal Ali First,Al Furjan,,building,building,591,,,jabalalifirst,already has a building: nothing to add
PID15170285,,PARK VILLA'S 3,building_register_only,Al Barsha South Fourth,Jumeirah Village Circle,,building,building,681,,,jumeirahvillagecircle,already has a building: nothing to add
PID28959248,,PLATINUM RESIDENCE,building_register_only,Nad Al Shiba First,Meydan Racecourse Community,,building,building,618,,,"goldensymphony,meydanone,sobhaheartland",already has a building: nothing to add
PID457,,POLARIS,building_register_only,Business Bay,Business Bay,,building,building,346,,,businessbay,already has a building: nothing to add
PID237,,PRODIGY2,building_register_only,Al Barsha South Fourth,Jumeirah Village Circle,,building,building,681,,,jumeirahvillagecircle,already has a building: nothing to add
PID247,,PRODIGY4,building_register_only,Al Barsha South Fourth,Jumeirah Village Circle,,building,building,681,,,jumeirahvillagecircle,already has a building: nothing to add
PID875831210,,Paradiso Residence,building_register_only,Palm Deira,Palm Deira,,building,building,101,,,palmdeira,already has a building: nothing to add
PID879542111,,Park Lane III by Heilbronn Properties Development,building_register_only,Al Barsha South Fourth,Jumeirah Village Circle,,building,building,681,,,jumeirahvillagecircle,already has a building: nothing to add
PID948839993,,RAW DISTRICT 2 BY IMTIAZ,building_register_only,Jabal Ali Industrial Second,Down Town Jabal Ali,,building,building,518,,,jabalaliindustrialsecond,already has a building: nothing to add
PID748,,RELIANCE15,building_register_only,Al Barsha South Fourth,Jumeirah Village Circle,,building,building,681,,,jumeirahvillagecircle,already has a building: nothing to add
PID145,,ROSE TOWER,building_register_only,Al Jadaf,Jaddaf Waterfront,,building,building,326,,,samaaljadaf,already has a building: nothing to add
PID863177712,,RP ONE,building_register_only,Business Bay,,,building,building,346,,,businessbay,already has a building: nothing to add
PID859498968,,RR Grand,building_register_only,Madinat Al Mataar,Dubai South Residential District,,building,building,521,,,madinatalmataar,already has a building: nothing to add
PID814,,RUFI LAKE VIEW,building_register_only,Al Barsha South Fourth,Jumeirah Village Circle,,building,building,681,,,jumeirahvillagecircle,already has a building: nothing to add
PID834621187,,Renascent Tower,building_register_only,Wadi Al Safa 3,Mohammed Bin Rashid AL Maktoum District 11,,building,building,645,,,majan,already has a building: nothing to add
PID831063549,,Rose Mirage 1,building_register_only,Madinat Al Mataar,Dubai South Residential District,,building,building,521,,,madinatalmataar,already has a building: nothing to add
PID834292385,,Rose Mirage 2,building_register_only,Madinat Al Mataar,Dubai South Residential District,,building,building,521,,,madinatalmataar,already has a building: nothing to add
PID291,,SANALI  BUSINESS HIGHTS,building_register_only,Wadi Al Safa 3,Majan,,building,building,645,,,majan,already has a building: nothing to add
PID292,,SANALI  BUSINESS TOWER,building_register_only,Wadi Al Safa 3,Majan,,building,building,645,,,majan,already has a building: nothing to add
PID293,,SANALI CAPITAL AVENUE,building_register_only,Wadi Al Safa 3,Majan,,building,building,645,,,majan,already has a building: nothing to add
PID698,,SANDHURST HOUSE,building_register_only,Al Barsha South Fourth,Jumeirah Village Circle,,building,building,681,,,jumeirahvillagecircle,already has a building: nothing to add
PID961,,SHAMAL TERRACES 1,building_register_only,Al Barsha South Fourth,Jumeirah Village Circle,,building,building,681,,,jumeirahvillagecircle,already has a building: nothing to add
PID843104526,,SILVIANA PARK LIVING,building_register_only,Al Barsha South Fifth,Jumeirah Village Triangle,,building,building,684,,,jumeirahvillagetriangle,already has a building: nothing to add
PID112,,STALLION TOWER,building_register_only,Al Barsha South Fourth,Jumeirah Village Circle,,building,building,681,,,jumeirahvillagecircle,already has a building: nothing to add
PID973,,STAR GATE 1,building_register_only,Jabal Ali Industrial Second,Down Town Jabal Ali,,building,building,518,,,jabalaliindustrialsecond,already has a building: nothing to add
PID1039,,STERNON TOWER 1,building_register_only,Al Barsha South Fourth,Jumeirah Village Circle,,building,building,681,,,jumeirahvillagecircle,already has a building: nothing to add
PID907,,SUNSET GARDENS A,building_register_only,Al Barsha South Fourth,Jumeirah Village Circle,,building,building,681,,,jumeirahvillagecircle,already has a building: nothing to add
PID906,,SUNSET GARDENS B,building_register_only,Al Barsha South Fourth,Jumeirah Village Circle,,building,building,681,,,jumeirahvillagecircle,already has a building: nothing to add
PID958783499,,Shahrukhz Residences by Danube,building_register_only,Madinat Dubai Almelaheyah,Dubai Maritime City,,building,building,321,,,dubaimaritimecity,already has a building: nothing to add
PID353770098,,Sold Without Project for Union Properties,building_register_only,Al Hebiah First,Motor City,,building,building,674,,,motorcity,already has a building: nothing to add
PID958725366,,Soyo By Zimaya,building_register_only,Palm Deira,Palm Deira,,building,building,101,,,palmdeira,already has a building: nothing to add
PID945834233,,THE BAY interiors by MISSONI,building_register_only,Palm Deira,Palm Deira,,building,building,101,,,palmdeira,already has a building: nothing to add
PID1134,,THE CONCAVE,building_register_only,Jabal Ali Industrial Second,Down Town Jabal Ali,,building,building,518,,,jabalaliindustrialsecond,already has a building: nothing to add
PID201,,THE H.Q,building_register_only,Al Barsha South Fourth,Jumeirah Village Circle,,building,building,681,,,jumeirahvillagecircle,already has a building: nothing to add
PID666,,THE RESIDENCE,building_register_only,Al Barsha South Fourth,Jumeirah Village Circle,,building,building,681,,,jumeirahvillagecircle,already has a building: nothing to add
PID12641403,,THE ROYAL ESTATES PLOT.3,building_register_only,Dubai Investment Park Second,Dubai Investment Park Second,,building,building,597,,,dubaiinvestmentparksecond,already has a building: nothing to add
PID678,,TOWER 10,building_register_only,Al Barsha South Fourth,Jumeirah Village Circle,,building,building,681,,,jumeirahvillagecircle,already has a building: nothing to add
PID33,,TOWER 88,building_register_only,Al Barsha South Fourth,Jumeirah Village Circle,,building,building,681,,,jumeirahvillagecircle,already has a building: nothing to add
PID955183136,,Tessera,building_register_only,Madinat Al Mataar,Dubai South Residential District,,building,building,521,,,madinatalmataar,already has a building: nothing to add
PID187002874,,The Assembly,building_register_only,Madinat Al Mataar,Dubai World Central,,building,building,521,,,madinatalmataar,already has a building: nothing to add
PID930550611,,The Woods,building_register_only,Al Yufrah 1,,,building,building,915,,,alyufrah1,already has a building: nothing to add
PID833095193,,Timber Terrace,building_register_only,Madinat Al Mataar,Dubai South Residential District,,building,building,521,,,madinatalmataar,already has a building: nothing to add
PID856691534,,Tivanno Residence,building_register_only,Palm Deira,Palm Deira,,building,building,101,,,palmdeira,already has a building: nothing to add
PID951873653,,Treppan Vision,building_register_only,Wadi Al Safa 5,Dubai Land Residence Complex,,building,building,648,,,wadialsafa5,already has a building: nothing to add
PID107,,VENETIAN ARABIA,building_register_only,Jabal Ali First,Al Furjan,,building,building,591,,,jabalalifirst,already has a building: nothing to add
PID853803453,,VERDANIA 4,building_register_only,Wadi Al Safa 5,Dubai Land Residence Complex,,building,building,648,,,wadialsafa5,already has a building: nothing to add
PID857364035,,Verdana 7,building_register_only,Dubai Investment Park First,Dubai Investment Park First,,building,building,598,,,dubaiinvestmentparkfirst,already has a building: nothing to add
PID852814755,,Verdana Residence 7,building_register_only,Dubai Investment Park First,Dubai Investment Park First,,building,building,598,,,dubaiinvestmentparkfirst,already has a building: nothing to add
PID841609440,,Vertex Pointe,building_register_only,Al Barshaa South Third,Arjan,,building,building,673,,,arjan,already has a building: nothing to add
PID827581133,,Vincitore Wellness Estate,building_register_only,Wadi Al Safa 3,Majan,,building,building,645,,,majan,already has a building: nothing to add
PID840357394,,Vue Doree,building_register_only,Palm Deira,Palm Deira,,building,building,101,,,palmdeira,already has a building: nothing to add
PID899440682,,Wellara by Veha One Real Estate Development LLC,building_register_only,Al Barsha South Fourth,Jumeirah Village Circle,,building,building,681,,,jumeirahvillagecircle,already has a building: nothing to add
PID920,,ZENITH TOWER A3,building_register_only,Nad Al Shiba,,,building,building,,,,,already has a building: nothing to add
PID860771741,,izzzi.life Lime,building_register_only,Al Satwa,Jumeirah Garden City,,building,building,334,,,alsatwa,already has a building: nothing to add
PN2,2,JUMEIRAH BUSINESS CENTRE 5,register_extract_2026-06-15,Al Thanyah Fifth,Jumeirah Lakes Towers,JUMEIRAH LAKES TOWERS,building,building,393,,,"althanyahfifth,jltnorth,jltsouth",already has a building: nothing to add
PN7,7,JUMEIRAH BUSINESS CENTRE2,register_extract_2026-06-15,Al Thanyah Fifth,Jumeirah Lakes Towers,JUMEIRAH LAKES TOWERS,building,building,393,,,"althanyahfifth,jltnorth,jltsouth",already has a building: nothing to add
PN8,8,JUMEIRAH BUSINESS CENTRE3,register_extract_2026-06-15,Al Thanyah Fifth,Jumeirah Lakes Towers,,building,building,393,,,"althanyahfifth,jltnorth,jltsouth",already has a building: nothing to add
PN9,9,JUMEIRAH BUSINESS CENTRE1,register_extract_2026-06-15,Al Thanyah Fifth,Jumeirah Lakes Towers,JUMEIRAH LAKES TOWERS,building,building,393,,,"althanyahfifth,jltnorth,jltsouth",already has a building: nothing to add
PN10,10,LA VISITA 01,register_extract_2026-06-15,Nadd Hessa,Silicon Oasis,SILICON OASIS,building,building,626,,,siliconoasis,already has a building: nothing to add
PN11,11,LA VISTA 03,register_extract_2026-06-15,Nadd Hessa,Silicon Oasis,SILICON OASIS,building,building,626,,,siliconoasis,already has a building: nothing to add
PN13,13,LA VISITA 02,register_extract_2026-06-15,Nadd Hessa,Silicon Oasis,SILICON OASIS,building,building,626,,,siliconoasis,already has a building: nothing to add
PN16,16,LAKESIDE RESIDENCE,register_extract_2026-06-15,Al Thanyah Fifth,Jumeirah Lakes Towers,JUMEIRAH LAKES TOWERS,building,building,393,,,"althanyahfifth,jltnorth,jltsouth",already has a building: nothing to add
PN17,17,LA VISTA 06,register_extract_2026-06-15,Nadd Hessa,Silicon Oasis,,building,building,626,,,siliconoasis,already has a building: nothing to add
PN19,19,B2B TOWER,register_extract_2026-06-15,Business Bay,Business Bay,BUSINESS BAY,building,building,346,,,businessbay,already has a building: nothing to add
PN20,20,PARK LANE TOWER,register_extract_2026-06-15,Business Bay,Business Bay,BUSINESS BAY,building,building,346,,,businessbay,already has a building: nothing to add
PN22,22,TAMANI ARTS OFFICES,register_extract_2026-06-15,Business Bay,Business Bay,BUSINESS BAY,building,building,346,,,businessbay,already has a building: nothing to add
PN24,24,DIAMOND BUSINESS CENTER,register_extract_2026-06-15,Arjan,Arjan,ARJAN,building,building,673,,,arjan,already has a building: nothing to add
PN33,33,TOWER 88,sales_register_only,Al Barsha South Fourth,Jumeirah Village Circle,,building,building,681,,,jumeirahvillagecircle,already has a building: nothing to add
PN40,40,SULAFA TOWER,register_extract_2026-06-15,Marsa Dubai,Dubai Marina,DUBAI MARINA,building,building,392,,,dubaimarina,already has a building: nothing to add
PN41,41,51@BUSINESS BAY,register_extract_2026-06-15,Business Bay,Business Bay,BUSINESS BAY,building,building,346,,,businessbay,already has a building: nothing to add
PN42,42,ALSEEF I,register_extract_2026-06-15,Marsa Dubai,Dubai Marina,DUBAI MARINA,building,building,392,,,dubaimarina,already has a building: nothing to add
PN43,43,CORAL RESIDENCE,register_extract_2026-06-15,Nadd Hessa,Silicon Oasis,SILICON OASIS,building,building,626,,,siliconoasis,already has a building: nothing to add
PN44,44,THE MERTOPOLIS,register_extract_2026-06-15,Business Bay,Business Bay,BUSINESS BAY,building,building,346,,,businessbay,already has a building: nothing to add
PN45,45,CITADEL TOWER,register_extract_2026-06-15,Business Bay,Business Bay,BUSINESS BAY,building,building,346,,,businessbay,already has a building: nothing to add
PN46,46,BURLINGTON TOWER,register_extract_2026-06-15,Business Bay,Business Bay,BUSINESS BAY,building,building,346,,,businessbay,already has a building: nothing to add
PN47,47,OAKWOOD RESIDENCY,register_extract_2026-06-15,Me'Aisem First,International Media Production Zone,DUBAI PRODUCTION CITY,building,building,685,,,dubaiproductioncity,already has a building: nothing to add
PN48,48,AL SEEF II,register_extract_2026-06-15,Al Thanyah Fifth,Jumeirah Lakes Towers,JUMEIRAH LAKES TOWERS,building,building,393,,,"althanyahfifth,jltnorth,jltsouth",already has a building: nothing to add
PN49,49,SAPPHIRE RESIDENCE,register_extract_2026-06-15,Nadd Hessa,Silicon Oasis,SILICON OASIS,building,building,626,,,siliconoasis,already has a building: nothing to add
PN50,50,RUBY RESIDENCE,register_extract_2026-06-15,Nadd Hessa,Silicon Oasis,SILICON OASIS,building,building,626,,,siliconoasis,already has a building: nothing to add
PN51,51,OXFORD TOWER,register_extract_2026-06-15,Business Bay,Business Bay,BUSINESS BAY,building,building,346,,,businessbay,already has a building: nothing to add
PN52,52,MAYFAIR RESIDENCY,register_extract_2026-06-15,Business Bay,Business Bay,BUSINESS BAY,building,building,346,,,businessbay,already has a building: nothing to add
PN53,53,MAYFAIR TOWER,register_extract_2026-06-15,Business Bay,Business Bay,BUSINESS BAY,building,building,346,,,businessbay,already has a building: nothing to add
PN55,55,JADE RESIDENCE,register_extract_2026-06-15,Nadd Hessa,Silicon Oasis,SILICON OASIS,building,building,626,,,siliconoasis,already has a building: nothing to add
PN56,56,HAMILTON RESIDENCY,register_extract_2026-06-15,Business Bay,Business Bay,BUSINESS BAY,building,building,346,,,businessbay,already has a building: nothing to add
PN57,57,FAIR VIEW RESIDENCY,register_extract_2026-06-15,Business Bay,Business Bay,BUSINESS BAY,building,building,346,,,businessbay,already has a building: nothing to add
PN60,60,CLAYTON RESIDENCY,register_extract_2026-06-15,Business Bay,Business Bay,BUSINESS BAY,building,building,346,,,businessbay,already has a building: nothing to add
PN63,63,ORCHID RESIDENCES,sales_register_only,Al Barsha South Fourth,Jumeirah Village Circle,,building,building,681,,,jumeirahvillagecircle,already has a building: nothing to add
PN72,72,CRYSTAL TOWER,register_extract_2026-06-15,Business Bay,Business Bay,,building,building,346,,,businessbay,already has a building: nothing to add
PN73,73,REEF TOWER,register_extract_2026-06-15,Al Thanyah Fifth,Jumeirah Lakes Towers,JUMEIRAH LAKES TOWERS,building,building,393,,,"althanyahfifth,jltnorth,jltsouth",already has a building: nothing to add
PN75,75,MADINA TOWER,register_extract_2026-06-15,Al Thanyah Fifth,Jumeirah Lakes Towers,JUMEIRAH LAKES TOWERS,building,building,393,,,"althanyahfifth,jltnorth,jltsouth",already has a building: nothing to add
PN82,82,ARENA APARTMENTS,register_extract_2026-06-15,Al Hebiah Fourth,Dubai Sports City,DUBAI SPORTS CITY,building,building,682,,,dubaisportscity,already has a building: nothing to add
PN84,84,AL MANARA,register_extract_2026-06-15,Business Bay,Business Bay,BUSINESS BAY,building,building,346,,,businessbay,already has a building: nothing to add
PN85,85,CENTRIUM TOWER,register_extract_2026-06-15,Me'Aisem First,International Media Production Zone,DUBAI PRODUCTION CITY,building,building,685,,,dubaiproductioncity,already has a building: nothing to add
PN86,86,PALLADIUM,register_extract_2026-06-15,Al Thanyah Fifth,Jumeirah Lakes Towers,JUMEIRAH LAKES TOWERS,building,building,393,,,"althanyahfifth,jltnorth,jltsouth",already has a building: nothing to add
PN87,87,THE BELVEDERE,register_extract_2026-06-15,Marsa Dubai,Dubai Marina,DUBAI MARINA,building,building,392,,,dubaimarina,already has a building: nothing to add
PN92,92,GRANDEUR RESIDENCES,register_extract_2026-06-15,Palm Jumeirah,Palm Jumeirah,PALM JUMEIRAH,building,building,381,,,palmjumeirah,already has a building: nothing to add
PN94,94,CENTER COURT,sales_register_only,Al Barsha South Fourth,Jumeirah Village Circle,,building,building,681,,,jumeirahvillagecircle,already has a building: nothing to add
PN98,98,THE BRIDGE,register_extract_2026-06-15,Al Hebiah Fourth,Dubai Sports City,DUBAI SPORTS CITY,building,building,682,,,dubaisportscity,already has a building: nothing to add
PN99,99,THE MATRIX,register_extract_2026-06-15,Al Hebiah Fourth,Dubai Sports City,DUBAI SPORTS CITY,building,building,682,,,dubaisportscity,already has a building: nothing to add
PN102,102,DUBAI STAR,register_extract_2026-06-15,Al Thanyah Fifth,Jumeirah Islands,JUMEIRAH LAKES TOWERS,building,building,393,,,"althanyahfifth,jltnorth,jltsouth",already has a building: nothing to add
PN109,109,ABJAR TOWER,sales_register_only,Al Barsha South Fourth,Jumeirah Village Circle,,building,building,681,,,jumeirahvillagecircle,already has a building: nothing to add
PN119,119,APEX ATRIUM,register_extract_2026-06-15,Al Hebiah First,Motor City,MOTOR CITY,building,building,674,,,motorcity,already has a building: nothing to add
PN124,124,IRIS AMBER,register_extract_2026-06-15,Al Jadaf,Jaddaf Waterfront,JADDAF WATERFRONT,building,building,326,,,samaaljadaf,already has a building: nothing to add
PN127,127,IRIS BAY,register_extract_2026-06-15,Business Bay,Business Bay,BUSINESS BAY,building,building,346,,,businessbay,already has a building: nothing to add
PN129,129,SILVERENE,register_extract_2026-06-15,Marsa Dubai,Dubai Marina,DUBAI MARINA,building,building,392,,,dubaimarina,already has a building: nothing to add
PN130,130,CAYAN TOWER,register_extract_2026-06-15,Marsa Dubai,Dubai Marina,DUBAI MARINA,building,building,392,,,dubaimarina,already has a building: nothing to add
PN139,139,THE DIAMOND,register_extract_2026-06-15,Al Hebiah Fourth,Dubai Sports City,DUBAI SPORTS CITY,building,building,682,,,dubaisportscity,already has a building: nothing to add
PN140,140,THE SPIRIT,register_extract_2026-06-15,Al Hebiah Fourth,Dubai Sports City,DUBAI SPORTS CITY,building,building,682,,,dubaisportscity,already has a building: nothing to add
PN142,142,SEASONS COMMUNITY- AUTUMN,register_extract_2026-06-15,Al Barsha South Fourth,Jumeirah Village Circle,JUMEIRAH VILLAGE CIRCLE,building,building,681,,,jumeirahvillagecircle,already has a building: nothing to add
PN145,145,ROSE TOWER,sales_register_only,Al Jadaf,Jaddaf Waterfront,,building,building,326,,,samaaljadaf,already has a building: nothing to add
PN146,146,NILOOFAR,register_extract_2026-06-15,Al Jadaf,Jaddaf Waterfront,JADDAF WATERFRONT,building,building,326,,,samaaljadaf,already has a building: nothing to add
PN147,147,THE ONYX,register_extract_2026-06-15,Al Thanyah Third,The Greens,THE GREENS,building,building,388,,,(outside the 42 districts),already has a building: nothing to add
PN149,149,GOLD CREST EXECUTIVE,register_extract_2026-06-15,Al Thanyah Fifth,Jumeirah Lakes Towers,JUMEIRAH LAKES TOWERS,building,building,393,,,"althanyahfifth,jltnorth,jltsouth",already has a building: nothing to add
PN150,150,GOLD CREST VIEWS2,register_extract_2026-06-15,Al Thanyah Fifth,Jumeirah Lakes Towers,JUMEIRAH LAKES TOWERS,building,building,393,,,"althanyahfifth,jltnorth,jltsouth",already has a building: nothing to add
PN151,151,23 MARINA,register_extract_2026-06-15,Marsa Dubai,Dubai Marina,DUBAI MARINA,building,building,392,,,dubaimarina,already has a building: nothing to add
PN155,155,INIGO ICON,register_extract_2026-06-15,Al Thanyah Fifth,Jumeirah Lakes Towers,JUMEIRAH LAKES TOWERS,building,building,393,,,"althanyahfifth,jltnorth,jltsouth",already has a building: nothing to add
PN159,159,PRIME TOWER,register_extract_2026-06-15,Business Bay,Business Bay,BUSINESS BAY,building,building,346,,,businessbay,already has a building: nothing to add
PN160,160,BLUE BAY,sales_register_only,Burj Khalifa,Business Bay,,building,building,346,,,businessbay,already has a building: nothing to add
PN161,161,OBEROI CENTRE,register_extract_2026-06-15,Business Bay,Business Bay,BUSINESS BAY,building,building,346,,,businessbay,already has a building: nothing to add
PN172,172,INDIGO TOWER,register_extract_2026-06-15,Al Thanyah Fifth,Jumeirah Lakes Towers,,building,building,393,,,"althanyahfifth,jltnorth,jltsouth",already has a building: nothing to add
PN178,178,MANHATTAN,register_extract_2026-06-15,Al Barsha South Fourth,Jumeirah Village Circle,JUMEIRAH VILLAGE CIRCLE,building,building,681,,,jumeirahvillagecircle,already has a building: nothing to add
PN181,181,SIRAJ TOWER,register_extract_2026-06-15,Arjan,Arjan,ARJAN,building,building,673,,,arjan,already has a building: nothing to add
PN184,184,SCALA TOWER,register_extract_2026-06-15,Business Bay,Business Bay,BUSINESS BAY,building,building,346,,,businessbay,already has a building: nothing to add
PN189,189,FORTUNATO,register_extract_2026-06-15,Al Barsha South Fourth,Jumeirah Village Circle,JUMEIRAH VILLAGE CIRCLE,building,building,681,,,jumeirahvillagecircle,already has a building: nothing to add
PN191,191,SOBHA DAFFODIL,register_extract_2026-06-15,Al Barsha South Fourth,Jumeirah Village Circle,JUMEIRAH VILLAGE CIRCLE,building,building,681,,,jumeirahvillagecircle,already has a building: nothing to add
PN192,192,SOBHA SAPPHIRE,register_extract_2026-06-15,Business Bay,Business Bay,BUSINESS BAY,building,building,346,,,businessbay,already has a building: nothing to add
PN207,207,THE WATER FRONT,register_extract_2026-06-15,Marsa Dubai,Dubai Marina,DUBAI MARINA,building,building,392,,,dubaimarina,already has a building: nothing to add
PN208,208,TRIDENT GRAND,register_extract_2026-06-15,Marsa Dubai,Dubai Marina,DUBAI MARINA,building,building,392,,,dubaimarina,already has a building: nothing to add
PN210,210,IMPERIAL RESIDENCE,register_extract_2026-06-15,Al Barsha South Fifth,Jumeirah Village Triangle,,building,building,684,,,jumeirahvillagetriangle,already has a building: nothing to add
PN212,212,PLATINUM TOWER,sales_register_only,Burj Khalifa,Business Bay,,building,building,346,,,businessbay,already has a building: nothing to add
PN213,213,PALACE TOWER,register_extract_2026-06-15,Nadd Hessa,Silicon Oasis,SILICON OASIS,building,building,626,,,siliconoasis,already has a building: nothing to add
PN217,217,DIAMOND VIEWS 2,register_extract_2026-06-15,Al Barsha South Fourth,Jumeirah Village Circle,JUMEIRAH VILLAGE CIRCLE,building,building,681,,,jumeirahvillagecircle,already has a building: nothing to add
PN218,218,DIAMOND VIEWS 4,register_extract_2026-06-15,Al Barsha South Fourth,Jumeirah Village Circle,JUMEIRAH VILLAGE CIRCLE,building,building,681,,,jumeirahvillagecircle,already has a building: nothing to add
PN219,219,SILVER TOWER,register_extract_2026-06-15,Business Bay,Business Bay,BUSINESS BAY,building,building,346,,,businessbay,already has a building: nothing to add
PN220,220,REGAL TOWER,register_extract_2026-06-15,Business Bay,Business Bay,BUSINESS BAY,building,building,346,,,businessbay,already has a building: nothing to add
PN221,221,PRINCESS TOWER,register_extract_2026-06-15,Marsa Dubai,Dubai Marina,DUBAI MARINA,building,building,392,,,dubaimarina,already has a building: nothing to add
PN223,223,DIAMOND VIEWS 1,register_extract_2026-06-15,Al Barsha South Fourth,Jumeirah Village Circle,JUMEIRAH VILLAGE CIRCLE,building,building,681,,,jumeirahvillagecircle,already has a building: nothing to add
PN227,227,ELITE RESIDENCE,register_extract_2026-06-15,Marsa Dubai,Dubai Marina,DUBAI MARINA,building,building,392,,,dubaimarina,already has a building: nothing to add
PN237,237,PRODIGY2,sales_register_only,Al Barsha South Fourth,Jumeirah Village Circle,,building,building,681,,,jumeirahvillagecircle,already has a building: nothing to add
PN240,240,CASA VERONA,sales_register_only,Al Barsha South Fourth,Jumeirah Village Circle,,building,building,681,,,jumeirahvillagecircle,already has a building: nothing to add
PN248,248,PARK AVENUE,sales_register_only,Al Ruwayyah,Residential Complex,,building,building,,,,,already has a building: nothing to add
PN249,249,LOLENA,register_extract_2026-06-15,Al Barsha South Fourth,Jumeirah Village Circle,JUMEIRAH VILLAGE CIRCLE,building,building,681,,,jumeirahvillagecircle,already has a building: nothing to add
PN256,256,ROYAL OCEANIC TOWER,register_extract_2026-06-15,Marsa Dubai,Dubai Marina,DUBAI MARINA,building,building,392,,,dubaimarina,already has a building: nothing to add
PN257,257,TORCH TOWER,register_extract_2026-06-15,Marsa Dubai,Dubai Marina,DUBAI MARINA,building,building,392,,,dubaimarina,already has a building: nothing to add
PN259,259,BAY CENTRAL WEST & CENTRAL TOWERS,register_extract_2026-06-15,Marsa Dubai,Dubai Marina,DUBAI MARINA,building,building,392,,,dubaimarina,already has a building: nothing to add
PN260,260,THE POINT,register_extract_2026-06-15,Marsa Dubai,Dubai Marina,DUBAI MARINA,building,building,392,,,dubaimarina,already has a building: nothing to add
PN266,266,BURJ PACIFIC,register_extract_2026-06-15,Business Bay,Business Bay,BUSINESS BAY,building,building,346,,,businessbay,already has a building: nothing to add
PN267,267,MARINA WHARF II,register_extract_2026-06-15,Marsa Dubai,Dubai Marina,DUBAI MARINA,building,building,392,,,dubaimarina,already has a building: nothing to add
PN271,271,MARINA WHARF I,register_extract_2026-06-15,Marsa Dubai,Dubai Marina,DUBAI MARINA,building,building,392,,,dubaimarina,already has a building: nothing to add
PN274,274,77S,register_extract_2026-06-15,Business Bay,Business Bay,BUSINESS BAY,building,building,346,,,businessbay,already has a building: nothing to add
PN288,288,PLAZA RESIDENCES,register_extract_2026-06-15,Al Barsha South Fourth,Jumeirah Village Circle,JUMEIRAH VILLAGE CIRCLE,building,building,681,,,jumeirahvillagecircle,already has a building: nothing to add
PN289,289,POINT RESIDENCIA,register_extract_2026-06-15,Al Barsha South Fifth,Jumeirah Village Triangle,,building,building,684,,,jumeirahvillagetriangle,already has a building: nothing to add
PN293,293,SANALI CAPITAL AVENUE,sales_register_only,Wadi Al Safa 3,Majan,,building,building,645,,,majan,already has a building: nothing to add
PN295,295,SYANN PARK1,register_extract_2026-06-15,Arjan,Arjan,ARJAN,building,building,673,,,arjan,already has a building: nothing to add
PN297,297,BOTANICA,register_extract_2026-06-15,Marsa Dubai,Dubai Marina,,building,building,392,,,dubaimarina,already has a building: nothing to add
PN299,299,TENORA,register_extract_2026-06-15,Madinat Al Mataar,Dubai South Residential District,DUBAI SOUTH,building,building,521,,,madinatalmataar,already has a building: nothing to add
PN300,300,UPPER CREST,register_extract_2026-06-15,Burj Khalifa,DownTown Dubai,BURJ KHALIFA,building,building,345,,,burjkhalifa,already has a building: nothing to add
PN307,307,MADISON RESIDENCE,register_extract_2026-06-15,Wadi Al Safa 3,Majan,Wadi Al Safa 3,building,building,645,,,majan,already has a building: nothing to add
PN315,315,FRANKFURT SPORTS TOWER I,register_extract_2026-06-15,Al Hebiah Fourth,Dubai Sports City,DUBAI SPORTS CITY,building,building,682,,,dubaisportscity,already has a building: nothing to add
PN316,316,WINDSOR MANOR,register_extract_2026-06-15,Business Bay,Business Bay,BUSINESS BAY,building,building,346,,,businessbay,already has a building: nothing to add
PN317,317,SILICON HEIGHTS,register_extract_2026-06-15,Nadd Hessa,Silicon Oasis,SILICON OASIS,building,building,626,,,siliconoasis,already has a building: nothing to add
PN320,320,GALLERY VILLAS,register_extract_2026-06-15,Al Hebiah Fourth,Dubai Sports City,DUBAI SPORTS CITY,building,building,682,,,dubaisportscity,already has a building: nothing to add
PN323,323,CANAL RESIDENCE WEST (PHASE 1),register_extract_2026-06-15,Al Hebiah Fourth,Dubai Sports City,DUBAI SPORTS CITY,building,building,682,,,dubaisportscity,already has a building: nothing to add
PN329,329,ELITE 7 SPORTS RESIDENCE,register_extract_2026-06-15,Al Hebiah Fourth,Dubai Sports City,DUBAI SPORTS CITY,building,building,682,,,dubaisportscity,already has a building: nothing to add
PN330,330,ELITE 6 SPORTS RESIDENCE,register_extract_2026-06-15,Al Hebiah Fourth,Dubai Sports City,DUBAI SPORTS CITY,building,building,682,,,dubaisportscity,already has a building: nothing to add
PN331,331,ELITE 3 SPORTS RESIDENCE,register_extract_2026-06-15,Al Hebiah Fourth,Dubai Sports City,DUBAI SPORTS CITY,building,building,682,,,dubaisportscity,already has a building: nothing to add
PN332,332,ELITE 4 SPORTS RESIDENCE,register_extract_2026-06-15,Al Hebiah Fourth,Dubai Sports City,DUBAI SPORTS CITY,building,building,682,,,dubaisportscity,already has a building: nothing to add
PN333,333,ELITE II SPORTS RESIDENCE,register_extract_2026-06-15,Al Hebiah Fourth,Dubai Sports City,DUBAI SPORTS CITY,building,building,682,,,dubaisportscity,already has a building: nothing to add
PN334,334,ELITE 5 SPORTS RESIDENCE,register_extract_2026-06-15,Al Hebiah Fourth,Dubai Sports City,DUBAI SPORTS CITY,building,building,682,,,dubaisportscity,already has a building: nothing to add
PN335,335,LA FONTANA DI TREVI,register_extract_2026-06-15,Arjan,Arjan,ARJAN,building,building,673,,,arjan,already has a building: nothing to add
PN336,336,Hera Tower,register_extract_2026-06-15,Al Hebiah Fourth,Dubai Sports City,DUBAI SPORTS CITY,building,building,682,,,dubaisportscity,already has a building: nothing to add
PN347,347,SWISS TOWER,register_extract_2026-06-15,Al Thanyah Fifth,Jumeirah Lakes Towers,JUMEIRAH LAKES TOWERS,building,building,393,,,"althanyahfifth,jltnorth,jltsouth",already has a building: nothing to add
PN349,349,ONTARIO TOWER,register_extract_2026-06-15,Business Bay,Business Bay,BUSINESS BAY,building,building,346,,,businessbay,already has a building: nothing to add
PN351,351,THE DOME TOWER,register_extract_2026-06-15,Al Thanyah Fifth,Jumeirah Lakes Towers,JUMEIRAH LAKES TOWERS,building,building,393,,,"althanyahfifth,jltnorth,jltsouth",already has a building: nothing to add
PN356,356,ROYAL AMWAJ,register_extract_2026-06-15,Palm Jumeirah,Palm Jumeirah,PALM JUMEIRAH,building,building,381,,,palmjumeirah,already has a building: nothing to add
PN357,357,MARINA 101,register_extract_2026-06-15,Marsa Dubai,Dubai Marina,DUBAI MARINA,building,building,392,,,dubaimarina,already has a building: nothing to add
PN360,360,Orra The Embankment,register_extract_2026-06-15,Al Thanyah Fifth,Jumeirah Islands,JUMEIRAH LAKES TOWERS,building,building,393,,,"althanyahfifth,jltnorth,jltsouth",already has a building: nothing to add
PN363,363,INDIGO VILLE7,register_extract_2026-06-15,Al Barsha South Fourth,Jumeirah Village Circle,,building,building,681,,,jumeirahvillagecircle,already has a building: nothing to add
PN388,388,GOLDEN MILE,register_extract_2026-06-15,Palm Jumeirah,Palm Jumeirah,PALM JUMEIRAH,building,building,381,,,palmjumeirah,already has a building: nothing to add
PN389,389,LAGUNA TOWER,register_extract_2026-06-15,Al Thanyah Fifth,Jumeirah Lakes Towers,JUMEIRAH LAKES TOWERS,building,building,393,,,"althanyahfifth,jltnorth,jltsouth",already has a building: nothing to add
PN390,390,FAIRMONT PALM RESIDENCE,register_extract_2026-06-15,Palm Jumeirah,Palm Jumeirah,PALM JUMEIRAH,building,building,381,,,palmjumeirah,already has a building: nothing to add
PN394,394,AJMAL SARAH,register_extract_2026-06-15,Wadi Al Safa 5,Dubai Land Residence Complex,DUBAI LAND RESIDENCE COMPLEX,building,building,648,,,wadialsafa5,already has a building: nothing to add
PN397,397,THE MEDALIST,register_extract_2026-06-15,Al Hebiah Fourth,Dubai Sports City,DUBAI SPORTS CITY,building,building,682,,,dubaisportscity,already has a building: nothing to add
PN398,398,THE WIND TOWER I,register_extract_2026-06-15,Al Thanyah Fifth,Jumeirah Islands,JUMEIRAH LAKES TOWERS,building,building,393,,,"althanyahfifth,jltnorth,jltsouth",already has a building: nothing to add
PN399,399,THE WIND TOWER II,register_extract_2026-06-15,Al Thanyah Fifth,Jumeirah Islands,JUMEIRAH LAKES TOWERS,building,building,393,,,"althanyahfifth,jltnorth,jltsouth",already has a building: nothing to add
PN407,407,NEW DUBAI GATE1,register_extract_2026-06-15,Al Thanyah Fifth,Jumeirah Lakes Towers,JUMEIRAH LAKES TOWERS,building,building,393,,,"althanyahfifth,jltnorth,jltsouth",already has a building: nothing to add
PN408,408,NEW DUBAI GATE2,register_extract_2026-06-15,Al Thanyah Fifth,Jumeirah Islands,JUMEIRAH LAKES TOWERS,building,building,393,,,"althanyahfifth,jltnorth,jltsouth",already has a building: nothing to add
PN411,411,SILICON HEIGHTS2,register_extract_2026-06-15,Nadd Hessa,Silicon Oasis,SILICON OASIS,building,building,626,,,siliconoasis,already has a building: nothing to add
PN412,412,LINCOLN PARK,register_extract_2026-06-15,Arjan,Arjan,ARJAN,building,building,673,,,arjan,already has a building: nothing to add
PN413,413,THE SIGNATURE,register_extract_2026-06-15,Burj Khalifa,DownTown Dubai,BURJ KHALIFA,building,building,345,,,burjkhalifa,already has a building: nothing to add
PN414,414,BUSINESS TOWER,register_extract_2026-06-15,Business Bay,Business Bay,BUSINESS BAY,building,building,346,,,businessbay,already has a building: nothing to add
PN416,416,XL TOWER,register_extract_2026-06-15,Business Bay,Business Bay,BUSINESS BAY,building,building,346,,,businessbay,already has a building: nothing to add
PN418,418,WATER'S EDGE,register_extract_2026-06-15,Business Bay,Business Bay,BUSINESS BAY,building,building,346,,,businessbay,already has a building: nothing to add
PN419,419,TUSCAN RESIDENCE 1,register_extract_2026-06-15,Al Barsha South Fourth,Jumeirah Village Circle,JUMEIRAH VILLAGE CIRCLE,building,building,681,,,jumeirahvillagecircle,already has a building: nothing to add
PN421,421,THE COSMOPOLITAN,register_extract_2026-06-15,Business Bay,Business Bay,BUSINESS BAY,building,building,346,,,businessbay,already has a building: nothing to add
PN422,422,SUBERBIA,register_extract_2026-06-15,Jabal Ali Industrial Second,Down Town Jabal Ali,DOWN TOWN JABAL ALI,building,building,518,,,jabalaliindustrialsecond,already has a building: nothing to add
PN429,429,PARK CENTRAL,register_extract_2026-06-15,Business Bay,Business Bay,BUSINESS BAY,building,building,346,,,businessbay,already has a building: nothing to add
PN430,430,DAMAC HEIGHTS,register_extract_2026-06-15,Marsa Dubai,Dubai Marina,DUBAI MARINA,building,building,392,,,dubaimarina,already has a building: nothing to add
PN431,431,OCEAN HEIGHTS,register_extract_2026-06-15,Marsa Dubai,Dubai Marina,DUBAI MARINA,building,building,392,,,dubaimarina,already has a building: nothing to add
PN436,436,LAKESIDE,register_extract_2026-06-15,Me'Aisem First,International Media Production Zone,DUBAI PRODUCTION CITY,building,building,685,,,dubaiproductioncity,already has a building: nothing to add
PN437,437,LAKE VIEW,register_extract_2026-06-15,Al Thanyah Fifth,Jumeirah Lakes Towers,JUMEIRAH LAKES TOWERS,building,building,393,,,"althanyahfifth,jltnorth,jltsouth",already has a building: nothing to add
PN438,438,LAKE TERRACE,register_extract_2026-06-15,Al Thanyah Fifth,Jumeirah Lakes Towers,JUMEIRAH LAKES TOWERS,building,building,393,,,"althanyahfifth,jltnorth,jltsouth",already has a building: nothing to add
PN439,439,LAGO VISTA,register_extract_2026-06-15,Me'Aisem First,International Media Production Zone,DUBAI PRODUCTION CITY,building,building,685,,,dubaiproductioncity,already has a building: nothing to add
PN443,443,DAMAC TOWERS BY PARAMOUNT,register_extract_2026-06-15,Business Bay,Business Bay,BUSINESS BAY,building,building,346,,,businessbay,already has a building: nothing to add
PN444,444,THE VOGUE,register_extract_2026-06-15,Business Bay,Business Bay,BUSINESS BAY,building,building,346,,,businessbay,already has a building: nothing to add
PN447,447,THE CRESCENT,register_extract_2026-06-15,Me'Aisem First,International Media Production Zone,DUBAI PRODUCTION CITY,building,building,685,,,dubaiproductioncity,already has a building: nothing to add
PN457,457,POLARIS,sales_register_only,Business Bay,Business Bay,,building,building,346,,,businessbay,already has a building: nothing to add
PN461,461,SABA TOWER 1,register_extract_2026-06-15,Al Thanyah Fifth,Jumeirah Lakes Towers,JUMEIRAH LAKES TOWERS,building,building,393,,,"althanyahfifth,jltnorth,jltsouth",already has a building: nothing to add
PN463,463,SABA TOWER 2,register_extract_2026-06-15,Al Thanyah Fifth,Jumeirah Lakes Towers,JUMEIRAH LAKES TOWERS,building,building,393,,,"althanyahfifth,jltnorth,jltsouth",already has a building: nothing to add
PN464,464,SABA TOWER 3,register_extract_2026-06-15,Al Thanyah Fifth,Jumeirah Lakes Towers,JUMEIRAH LAKES TOWERS,building,building,393,,,"althanyahfifth,jltnorth,jltsouth",already has a building: nothing to add
PN467,467,EMPIRE HEIGHTS,register_extract_2026-06-15,Business Bay,Business Bay,BUSINESS BAY,building,building,346,,,businessbay,already has a building: nothing to add
PN471,471,MAYFAIR,sales_register_only,Nad Al Shiba,,,building,building,624,,,(outside the 42 districts),already has a building: nothing to add
PN473,473,THE RESIDENCE,register_extract_2026-06-15,Warsan Fourth,International City Phase 3,,building,building,624,,,(outside the 42 districts),already has a building: nothing to add
PN474,474,ARYENE GREENS,register_extract_2026-06-15,Arjan,Arjan,ARJAN,building,building,673,,,arjan,already has a building: nothing to add
PN475,475,SILICON BOULEVARD,register_extract_2026-06-15,Nadd Hessa,Silicon Oasis,SILICON OASIS,building,building,626,,,siliconoasis,already has a building: nothing to add
PN477,477,ROYALE RESIDENCE1,register_extract_2026-06-15,Al Hebiah Fourth,Dubai Sports City,DUBAI SPORTS CITY,building,building,682,,,dubaisportscity,already has a building: nothing to add
PN479,479,ROYALE RESIDENCE2,register_extract_2026-06-15,Al Hebiah Fourth,Dubai Sports City,DUBAI SPORTS CITY,building,building,682,,,dubaisportscity,already has a building: nothing to add
PN480,480,SOBHA IVORY - II,register_extract_2026-06-15,Business Bay,Business Bay,BUSINESS BAY,building,building,346,,,businessbay,already has a building: nothing to add
PN482,482,BURJ AL NOOR,sales_register_only,Burj Khalifa,Business Bay,,building,building,346,,,businessbay,already has a building: nothing to add
PN485,485,CLOVER BAY,register_extract_2026-06-15,Business Bay,Business Bay,BUSINESS BAY,building,building,346,,,businessbay,already has a building: nothing to add
PN487,487,OPAL TOWER,register_extract_2026-06-15,Business Bay,Business Bay,BUSINESS BAY,building,building,346,,,businessbay,already has a building: nothing to add
PN488,488,THE COURT,register_extract_2026-06-15,Business Bay,Business Bay,BUSINESS BAY,building,building,346,,,businessbay,already has a building: nothing to add
PN490,490,THE EXCHANGE,register_extract_2026-06-15,Business Bay,Business Bay,BUSINESS BAY,building,building,346,,,businessbay,already has a building: nothing to add
PN493,493,LYNX,register_extract_2026-06-15,Nadd Hessa,Silicon Oasis,SILICON OASIS,building,building,626,,,siliconoasis,already has a building: nothing to add
PN494,494,DAYTONA HOUSE,register_extract_2026-06-15,Al Hebiah First,Motor City,MOTOR CITY,building,building,674,,,motorcity,already has a building: nothing to add
PN498,498,DETROIT HOUSE,register_extract_2026-06-15,Al Hebiah First,Motor City,MOTOR CITY,building,building,674,,,motorcity,already has a building: nothing to add
PN501,501,OASIS TOWER ONE,register_extract_2026-06-15,Al Hebiah Fourth,Dubai Sports City,DUBAI SPORTS CITY,building,building,682,,,dubaisportscity,already has a building: nothing to add
PN503,503,WEST WHAREF TOWER,register_extract_2026-06-15,Business Bay,Business Bay,BUSINESS BAY,building,building,346,,,businessbay,already has a building: nothing to add
PN504,504,JUMEIRAH BUSINESS CENTRE 4,register_extract_2026-06-15,Al Thanyah Fifth,Jumeirah Lakes Towers,JUMEIRAH LAKES TOWERS,building,building,393,,,"althanyahfifth,jltnorth,jltsouth",already has a building: nothing to add
PN505,505,PLATINUM TOWER,register_extract_2026-06-15,Al Thanyah Fifth,Jumeirah Lakes Towers,,building,building,393,,,"althanyahfifth,jltnorth,jltsouth",already has a building: nothing to add
PN506,506,THE PEARL,register_extract_2026-06-15,Al Jadaf,Jaddaf Waterfront,,building,building,326,,,samaaljadaf,already has a building: nothing to add
PN507,507,SOLITAIRE CASCADES,register_extract_2026-06-15,Wadi Al Safa 5,Dubai Land Residence Complex,DUBAI LAND RESIDENCE COMPLEX,building,building,648,,,wadialsafa5,already has a building: nothing to add
PN510,510,EDEN GARDEN,register_extract_2026-06-15,Al Hebiah Fourth,Dubai Sports City,DUBAI SPORTS CITY,building,building,682,,,dubaisportscity,already has a building: nothing to add
PN513,513,THE ATLANTIC,register_extract_2026-06-15,Marsa Dubai,Dubai Marina,DUBAI MARINA,building,building,392,,,dubaimarina,already has a building: nothing to add
PN516,516,U-BORA TOWERS,register_extract_2026-06-15,Business Bay,Business Bay,BUSINESS BAY,building,building,346,,,businessbay,already has a building: nothing to add
PN523,523,LAKE CENTRAL,register_extract_2026-06-15,Business Bay,Business Bay,BUSINESS BAY,building,building,346,,,businessbay,already has a building: nothing to add
PN525,525,THE ZEN,register_extract_2026-06-15,Marsa Dubai,Dubai Marina,DUBAI MARINA,building,building,392,,,dubaimarina,already has a building: nothing to add
PN531,531,GIOVANNI BOUTIQUE,register_extract_2026-06-15,Al Hebiah Fourth,Dubai Sports City,DUBAI SPORTS CITY,building,building,682,,,dubaisportscity,already has a building: nothing to add
PN537,537,DUNES MARIGOLD,sales_register_only,Al Barsha South Fourth,Jumeirah Village Circle,,building,building,681,,,jumeirahvillagecircle,already has a building: nothing to add
PN541,541,SKY VIEW TOWER,register_extract_2026-06-15,Marsa Dubai,Dubai Marina,DUBAI MARINA,building,building,392,,,dubaimarina,already has a building: nothing to add
PN547,547,DUBAI ARCH TOWER,register_extract_2026-06-15,Al Thanyah Fifth,Jumeirah Lakes Towers,JUMEIRAH LAKES TOWERS,building,building,393,,,"althanyahfifth,jltnorth,jltsouth",already has a building: nothing to add
PN551,551,MARINA STAR,register_extract_2026-06-15,Marsa Dubai,Dubai Marina,DUBAI MARINA,building,building,392,,,dubaimarina,already has a building: nothing to add
PN556,556,Mars Residences,register_extract_2026-06-15,Al Hebiah Fourth,Dubai Sports City,DUBAI SPORTS CITY,building,building,682,,,dubaisportscity,already has a building: nothing to add
PN558,558,LIME LIGHT TWIN TOWERS,register_extract_2026-06-15,Al Hebiah Fourth,Dubai Sports City,DUBAI SPORTS CITY,building,building,682,,,dubaisportscity,already has a building: nothing to add
PN559,559,LAKE SHORE TOWER,register_extract_2026-06-15,Al Thanyah Fifth,Jumeirah Lakes Towers,JUMEIRAH LAKES TOWERS,building,building,393,,,"althanyahfifth,jltnorth,jltsouth",already has a building: nothing to add
PN567,567,BURJ AL NUJOOM,register_extract_2026-06-15,Burj Khalifa,DownTown Dubai,BURJ KHALIFA,building,building,345,,,burjkhalifa,already has a building: nothing to add
PN589,589,THE PRISM,register_extract_2026-06-15,Business Bay,Business Bay,BUSINESS BAY,building,building,346,,,businessbay,already has a building: nothing to add
PN591,591,AMAL TOWER,register_extract_2026-06-15,Al Hebiah Fourth,Dubai Sports City,DUBAI SPORTS CITY,building,building,682,,,dubaisportscity,already has a building: nothing to add
PN593,593,GLOBAL GOLF RESIDENCE 2,register_extract_2026-06-15,Al Hebiah Fourth,Dubai Sports City,DUBAI SPORTS CITY,building,building,682,,,dubaisportscity,already has a building: nothing to add
PN596,596,GLOBAL LAKE VIEW,register_extract_2026-06-15,Al Thanyah Fifth,Jumeirah Lakes Towers,JUMEIRAH LAKES TOWERS,building,building,393,,,"althanyahfifth,jltnorth,jltsouth",already has a building: nothing to add
PN600,600,GLOBAL ROYAL TOWER,sales_register_only,Al Barsha South Fifth,Jumeirah Village Triangle,,building,building,684,,,jumeirahvillagetriangle,already has a building: nothing to add
PN602,602,SAPPHIRE,sales_register_only,Burj Khalifa,Business Bay,,building,building,346,,,businessbay,already has a building: nothing to add
PN603,603,BONNINGTON TOWER HOTEL & RESIDENCE DUBAI,register_extract_2026-06-15,Al Thanyah Fifth,Jumeirah Lakes Towers,JUMEIRAH LAKES TOWERS,building,building,393,,,"althanyahfifth,jltnorth,jltsouth",already has a building: nothing to add
PN605,605,IMPERIAL,register_extract_2026-06-15,Nadd Hessa,Silicon Oasis,SILICON OASIS,building,building,626,,,siliconoasis,already has a building: nothing to add
PN606,606,SYMPHONY TOWERS,sales_register_only,Burj Khalifa,Business Bay,,building,building,346,,,businessbay,already has a building: nothing to add
PN609,609,CORAL INTERNATIONAL HOTEL APARTMENT,register_extract_2026-06-15,Al Hebiah Fourth,Dubai Sports City,DUBAI SPORTS CITY,building,building,682,,,dubaisportscity,already has a building: nothing to add
PN610,610,OASIS HIGH PARK,register_extract_2026-06-15,Nadd Hessa,Silicon Oasis,SILICON OASIS,building,building,626,,,siliconoasis,already has a building: nothing to add
PN611,611,BALQIS RESIDENCE,register_extract_2026-06-15,Palm Jumeirah,Palm Jumeirah,PALM JUMEIRAH,building,building,381,,,palmjumeirah,already has a building: nothing to add
PN612,612,SOBHA IVORY,register_extract_2026-06-15,Business Bay,Business Bay,BUSINESS BAY,building,building,346,,,businessbay,already has a building: nothing to add
PN615,615,SCHON BUSINESS PARK,register_extract_2026-06-15,Dubai Investment Park First,Dubai Investment Park First,DUBAI INVESTMENT PARK FIRST,building,building,598,,,dubaiinvestmentparkfirst,already has a building: nothing to add
PN616,616,BERMUDA VIEWS,register_extract_2026-06-15,Al Hebiah Fourth,Dubai Sports City,DUBAI SPORTS CITY,building,building,682,,,dubaisportscity,already has a building: nothing to add
PN619,619,LA RIVIERA ESTATE,register_extract_2026-06-15,Al Barsha South Fourth,Jumeirah Village Circle,,building,building,681,,,jumeirahvillagecircle,already has a building: nothing to add
PN622,622,HAMZA TOWER,register_extract_2026-06-15,Al Hebiah Fourth,Dubai Sports City,DUBAI SPORTS CITY,building,building,682,,,dubaisportscity,already has a building: nothing to add
PN623,623,D1,register_extract_2026-06-15,Al Jadaf,Jaddaf Waterfront,JADDAF WATERFRONT,building,building,326,,,samaaljadaf,already has a building: nothing to add
PN624,624,PALAZZO VERSACE,register_extract_2026-06-15,Al Jadaf,Jaddaf Waterfront,JADDAF WATERFRONT,building,building,326,,,samaaljadaf,already has a building: nothing to add
PN629,629,SOL AVENUE,register_extract_2026-06-15,Business Bay,Business Bay,,building,building,346,,,businessbay,already has a building: nothing to add
PN630,630,SOL BAY,register_extract_2026-06-15,Business Bay,Business Bay,BUSINESS BAY,building,building,346,,,businessbay,already has a building: nothing to add
PN632,632,TIFFANY TOWERS,register_extract_2026-06-15,Al Thanyah Fifth,Jumeirah Lakes Towers,JUMEIRAH LAKES TOWERS,building,building,393,,,"althanyahfifth,jltnorth,jltsouth",already has a building: nothing to add
PN633,633,DUSIT EMIRATES SARAY,register_extract_2026-06-15,Palm Jumeirah,Palm Jumeirah,,building,building,381,,,palmjumeirah,already has a building: nothing to add
PN634,634,CAPPADOCIA,register_extract_2026-06-15,Al Barsha South Fourth,Jumeirah Village Circle,JUMEIRAH VILLAGE CIRCLE,building,building,681,,,jumeirahvillagecircle,already has a building: nothing to add
PN635,635,HANOVER SQUARE,register_extract_2026-06-15,Al Barsha South Fourth,Jumeirah Village Circle,JUMEIRAH VILLAGE CIRCLE,building,building,681,,,jumeirahvillagecircle,already has a building: nothing to add
PN637,637,KNIGHT BRIDGE COURT & KENSNGTON MANOR,register_extract_2026-06-15,Al Barsha South Fourth,Jumeirah Village Circle,JUMEIRAH VILLAGE CIRCLE,building,building,681,,,jumeirahvillagecircle,already has a building: nothing to add
PN638,638,PLATINUM 1,register_extract_2026-06-15,Arjan,Arjan,ARJAN,building,building,673,,,arjan,already has a building: nothing to add
PN639,639,THE LIGHT,register_extract_2026-06-15,Arjan,Arjan,ARJAN,building,building,673,,,arjan,already has a building: nothing to add
PN640,640,IT PLAZA,register_extract_2026-06-15,Nadd Hessa,Silicon Oasis,SILICON OASIS,building,building,626,,,siliconoasis,already has a building: nothing to add
PN641,641,DUNES VILLAGE,register_extract_2026-06-15,Dubai Investment Park Second,Dubai Investment Park Second,DUBAI INVESTMENT PARK SECOND,building,building,597,,,dubaiinvestmentparksecond,already has a building: nothing to add
PN645,645,CAMBRIDGE BUSINESS CENTRE,register_extract_2026-06-15,Nadd Hessa,Silicon Oasis,,building,building,626,,,siliconoasis,already has a building: nothing to add
PN646,646,CHAMPION TOWER 3,sales_register_only,Al Hebiah Fourth,Dubai Sports City,,building,building,682,,,dubaisportscity,already has a building: nothing to add
PN647,647,GARDENIA1 & 2,register_extract_2026-06-15,Al Barsha South Fourth,Jumeirah Village Circle,,building,building,681,,,jumeirahvillagecircle,already has a building: nothing to add
PN653,653,LES VERTES,sales_register_only,Al Barsha South Fourth,Jumeirah Village Circle,,building,building,681,,,jumeirahvillagecircle,already has a building: nothing to add
PN662,662,PROFILE RESIDENCE,register_extract_2026-06-15,Al Hebiah Fourth,Dubai Sports City,DUBAI SPORTS CITY,building,building,682,,,dubaisportscity,already has a building: nothing to add
PN666,666,THE RESIDENCE,sales_register_only,Al Barsha South Fourth,Jumeirah Village Circle,,building,building,681,,,jumeirahvillagecircle,already has a building: nothing to add
PN673,673,MOHAMMAD AQIL ALI & AHMAD ALI ALZAROONI,register_extract_2026-06-15,Marsa Dubai,Dubai Marina,,building,building,392,,,dubaimarina,already has a building: nothing to add
PN674,674,AMESCO TOWER,sales_register_only,Al Thanyah Fifth,DMCC Master Community,,building,building,393,,,"althanyahfifth,jltnorth,jltsouth",already has a building: nothing to add
PN678,678,TOWER 10,sales_register_only,Al Barsha South Fourth,Jumeirah Village Circle,,building,building,681,,,jumeirahvillagecircle,already has a building: nothing to add
PN679,679,BUSINESS AVENUE AA1,register_extract_2026-06-15,Al Thanyah Fifth,Jumeirah Lakes Towers,JUMEIRAH LAKES TOWERS,building,building,393,,,"althanyahfifth,jltnorth,jltsouth",already has a building: nothing to add
PN685,685,THE VILLA,register_extract_2026-06-15,Wadi Al Safa 5,The Villa,THE VILLA,building,building,648,,,wadialsafa5,already has a building: nothing to add
PN687,687,ALSHERA TOWER,register_extract_2026-06-15,Al Thanyah Fifth,Jumeirah Lakes Towers,JUMEIRAH LAKES TOWERS,building,building,393,,,"althanyahfifth,jltnorth,jltsouth",already has a building: nothing to add
PN688,688,THE APRICOT,register_extract_2026-06-15,Nadd Hessa,Silicon Oasis,SILICON OASIS,building,building,626,,,siliconoasis,already has a building: nothing to add
PN695,695,INDIGO VILLE 3,register_extract_2026-06-15,Al Barsha South Fourth,Jumeirah Village Circle,JUMEIRAH VILLAGE CIRCLE,building,building,681,,,jumeirahvillagecircle,already has a building: nothing to add
PN698,698,SANDHURST HOUSE,sales_register_only,Al Barsha South Fourth,Jumeirah Village Circle,,building,building,681,,,jumeirahvillagecircle,already has a building: nothing to add
PN699,699,SPICA,register_extract_2026-06-15,Al Barsha South Fourth,Jumeirah Village Circle,JUMEIRAH VILLAGE CIRCLE,building,building,681,,,jumeirahvillagecircle,already has a building: nothing to add
PN704,704,STADIUM POINT,register_extract_2026-06-15,Al Hebiah Fourth,Dubai Sports City,DUBAI SPORTS CITY,building,building,682,,,dubaisportscity,already has a building: nothing to add
PN705,705,NOORA RESIDENCE 1,register_extract_2026-06-15,Al Barsha South Fourth,Jumeirah Village Circle,JUMEIRAH VILLAGE CIRCLE,building,building,681,,,jumeirahvillagecircle,already has a building: nothing to add
PN712,712,EAGLE HEIGHTS,register_extract_2026-06-15,Al Hebiah Fourth,Dubai Sports City,DUBAI SPORTS CITY,building,building,682,,,dubaisportscity,already has a building: nothing to add
PN720,720,PARK CORNER,register_extract_2026-06-15,Al Barsha South Fourth,Jumeirah Village Circle,JUMEIRAH VILLAGE CIRCLE,building,building,681,,,jumeirahvillagecircle,already has a building: nothing to add
PN723,723,VILLA PERA,register_extract_2026-06-15,Al Barsha South Fourth,Jumeirah Village Circle,JUMEIRAH VILLAGE CIRCLE,building,building,681,,,jumeirahvillagecircle,already has a building: nothing to add
PN732,732,ORRA MARINA,register_extract_2026-06-15,Marsa Dubai,Dubai Marina,DUBAI MARINA,building,building,392,,,dubaimarina,already has a building: nothing to add
PN762,762,THE DUNES,register_extract_2026-06-15,Nadd Hessa,Silicon Oasis,SILICON OASIS,building,building,626,,,siliconoasis,already has a building: nothing to add
PN763,763,CHAMPIONS TOWER1,register_extract_2026-06-15,Al Hebiah Fourth,Dubai Sports City,DUBAI SPORTS CITY,building,building,682,,,dubaisportscity,already has a building: nothing to add
PN764,764,CHAMPIONS TOWER2,sales_register_only,Al Hebiah Fourth,Dubai Sports City,,building,building,682,,,dubaisportscity,already has a building: nothing to add
PN774,774,SILICON GATE 1,register_extract_2026-06-15,Nadd Hessa,Silicon Oasis,SILICON OASIS,building,building,626,,,siliconoasis,already has a building: nothing to add
PN775,775,SILICON GATES 4,register_extract_2026-06-15,Nadd Hessa,Silicon Oasis,SILICON OASIS,building,building,626,,,siliconoasis,already has a building: nothing to add
PN776,776,SILICON GATE2,register_extract_2026-06-15,Nadd Hessa,Silicon Oasis,SILICON OASIS,building,building,626,,,siliconoasis,already has a building: nothing to add
PN777,777,SILICON GATE 3,register_extract_2026-06-15,Nadd Hessa,Silicon Oasis,SILICON OASIS,building,building,626,,,siliconoasis,already has a building: nothing to add
PN794,794,SKY COURTS,register_extract_2026-06-15,Wadi Al Safa 5,Dubai Land Residence Complex,DUBAI LAND RESIDENCE COMPLEX,building,building,648,,,wadialsafa5,already has a building: nothing to add
PN799,799,CORDOBA PALACE,register_extract_2026-06-15,Nadd Hessa,Silicon Oasis,SILICON OASIS,building,building,626,,,siliconoasis,already has a building: nothing to add
PN805,805,UNIESTATE MILLENNIUM TOWER,register_extract_2026-06-15,Nadd Hessa,Silicon Oasis,SILICON OASIS,building,building,626,,,siliconoasis,already has a building: nothing to add
PN806,806,UNIESTATE SPORTS TOWER,register_extract_2026-06-15,Al Hebiah Fourth,Dubai Sports City,DUBAI SPORTS CITY,building,building,682,,,dubaisportscity,already has a building: nothing to add
PN807,807,PARADISE ONE,register_extract_2026-06-15,Al Barsha South Fifth,Jumeirah Village Triangle,,building,building,684,,,jumeirahvillagetriangle,already has a building: nothing to add
PN808,808,OASIS STAR,register_extract_2026-06-15,Nadd Hessa,Silicon Oasis,SILICON OASIS,building,building,626,,,siliconoasis,already has a building: nothing to add
PN813,813,DESERT SUN TOWER,register_extract_2026-06-15,Wadi Al Safa 5,Dubai Land Residence Complex,DUBAI LAND RESIDENCE COMPLEX,building,building,648,,,wadialsafa5,already has a building: nothing to add
PN815,815,DANA TOWER,register_extract_2026-06-15,Al Barsha South Fourth,Jumeirah Village Circle,JUMEIRAH VILLAGE CIRCLE,building,building,681,,,jumeirahvillagecircle,already has a building: nothing to add
PN816,816,LAKE CITY TOWER,register_extract_2026-06-15,Al Thanyah Fifth,Jumeirah Lakes Towers,JUMEIRAH LAKES TOWERS,building,building,393,,,"althanyahfifth,jltnorth,jltsouth",already has a building: nothing to add
PN817,817,MARINA PINNACLE,register_extract_2026-06-15,Marsa Dubai,Dubai Marina,DUBAI MARINA,building,building,392,,,dubaimarina,already has a building: nothing to add
PN825,825,SEVANAM CROWN,register_extract_2026-06-15,Nadd Hessa,Silicon Oasis,SILICON OASIS,building,building,626,,,siliconoasis,already has a building: nothing to add
PN828,828,SONDOS ORCHID,register_extract_2026-06-15,Wadi Al Safa 5,Dubai Land Residence Complex,,building,building,648,,,wadialsafa5,already has a building: nothing to add
PN829,829,SONDOS SAGE,register_extract_2026-06-15,Wadi Al Safa 5,Dubai Land Residence Complex,,building,building,648,,,wadialsafa5,already has a building: nothing to add
PN831,831,SONDOS ROSA,register_extract_2026-06-15,Wadi Al Safa 5,Dubai Land Residence Complex,,building,building,648,,,wadialsafa5,already has a building: nothing to add
PN832,832,SONDOS LILY,register_extract_2026-06-15,Wadi Al Safa 5,Dubai Land Residence Complex,,building,building,648,,,wadialsafa5,already has a building: nothing to add
PN833,833,SONDOS LILAC,register_extract_2026-06-15,Wadi Al Safa 5,Dubai Land Residence Complex,,building,building,648,,,wadialsafa5,already has a building: nothing to add
PN835,835,SILVER STALLIONS,register_extract_2026-06-15,Al Barsha South Fifth,Jumeirah Village Triangle,,building,building,684,,,jumeirahvillagetriangle,already has a building: nothing to add
PN843,843,PALACIO,register_extract_2026-06-15,Nadd Hessa,Silicon Oasis,,building,building,626,,,siliconoasis,already has a building: nothing to add
PN845,845,ESCAN MARINA TOWER,register_extract_2026-06-15,Marsa Dubai,Dubai Marina,DUBAI MARINA,building,building,392,,,dubaimarina,already has a building: nothing to add
PN848,848,RED RESIDENCE,register_extract_2026-06-15,Al Hebiah Fourth,Dubai Sports City,DUBAI SPORTS CITY,building,building,682,,,dubaisportscity,already has a building: nothing to add
PN870,870,SILICON INFORMATION TECHNOLOGY TOWER,register_extract_2026-06-15,Nadd Hessa,Silicon Oasis,SILICON OASIS,building,building,626,,,siliconoasis,already has a building: nothing to add
PN871,871,EDMONTON ELM,register_extract_2026-06-15,Al Barsha South Fifth,Jumeirah Village Triangle,JUMEIRAH VILLAGE TRIANGLE,building,building,684,,,jumeirahvillagetriangle,already has a building: nothing to add
PN872,872,Selicon Star 2,register_extract_2026-06-15,Nadd Hessa,Silicon Oasis,SILICON OASIS,building,building,626,,,siliconoasis,already has a building: nothing to add
PN880,880,DURAR1,register_extract_2026-06-15,Wadi Al Safa 5,Dubai Land Residence Complex,DUBAI LAND RESIDENCE COMPLEX,building,building,648,,,wadialsafa5,already has a building: nothing to add
PN883,883,CONCORDE TOWER,register_extract_2026-06-15,Al Thanyah Fifth,Jumeirah Lakes Towers,JUMEIRAH LAKES TOWERS,building,building,393,,,"althanyahfifth,jltnorth,jltsouth",already has a building: nothing to add
PN891,891,SILICON AVENUE,register_extract_2026-06-15,Nadd Hessa,Silicon Oasis,SILICON OASIS,building,building,626,,,siliconoasis,already has a building: nothing to add
PN894,894,MARINA SUITES,register_extract_2026-06-15,Marsa Dubai,Dubai Marina,,building,building,392,,,dubaimarina,already has a building: nothing to add
PN895,895,QPOINT LIWAN-PLOTR001,register_extract_2026-06-15,Wadi Al Safa 2,Liwan1,LIWAN,building,building,643,,,liwan1,already has a building: nothing to add
PN903,903,L'ORIENTAL,sales_register_only,Al Ruwayyah,Residential Complex,,building,building,648,,,wadialsafa5,already has a building: nothing to add
PN906,906,SUNSET GARDENS B,sales_register_only,Al Barsha South Fourth,Jumeirah Village Circle,,building,building,681,,,jumeirahvillagecircle,already has a building: nothing to add
PN910,910,LE PRESIDIUM,register_extract_2026-06-15,Nadd Hessa,Silicon Oasis,SILICON OASIS,building,building,626,,,siliconoasis,already has a building: nothing to add
PN913,913,WEST AVENUE,register_extract_2026-06-15,Marsa Dubai,Dubai Marina,DUBAI MARINA,building,building,392,,,dubaimarina,already has a building: nothing to add
PN916,916,S.P OASIS,register_extract_2026-06-15,Nadd Hessa,Silicon Oasis,SILICON OASIS,building,building,626,,,siliconoasis,already has a building: nothing to add
PN919,919,ZENITH TOWER A1,register_extract_2026-06-15,Al Hebiah Fourth,Dubai Sports City,DUBAI SPORTS CITY,building,building,682,,,dubaisportscity,already has a building: nothing to add
PN923,923,ZENITH TOWER A2,register_extract_2026-06-15,Al Hebiah Fourth,Dubai Sports City,DUBAI SPORTS CITY,building,building,682,,,dubaisportscity,already has a building: nothing to add
PN941,941,VENEZIA,sales_register_only,Nad Al Shiba,Majan,,building,building,645,,,majan,already has a building: nothing to add
PN945,945,THE ROYAL ESTATES PLOT.2,register_extract_2026-06-15,Dubai Investment Park First,Dubai Investment Park First,,building,building,598,,,dubaiinvestmentparkfirst,already has a building: nothing to add
PN946,946,ASTORIA RESIDNECE,register_extract_2026-06-15,Al Barsha South Fourth,Jumeirah Village Circle,JUMEIRAH VILLAGE CIRCLE,building,building,681,,,jumeirahvillagecircle,already has a building: nothing to add
PN948,948,MARINA ARCADE,register_extract_2026-06-15,Marsa Dubai,Dubai Marina,DUBAI MARINA,building,building,392,,,dubaimarina,already has a building: nothing to add
PN961,961,SHAMAL TERRACES 1,sales_register_only,Al Barsha South Fourth,Jumeirah Village Circle,,building,building,681,,,jumeirahvillagecircle,already has a building: nothing to add
PN962,962,SHAMAL TERRACES 2,register_extract_2026-06-15,Al Barsha South Fourth,Jumeirah Village Circle,JUMEIRAH VILLAGE CIRCLE,building,building,681,,,jumeirahvillagecircle,already has a building: nothing to add
PN965,965,WADI TOWER,register_extract_2026-06-15,Wadi Al Safa 4,City Of Arabia,CITY OF ARABIA,building,building,646,,,wadialsafa4,already has a building: nothing to add
PN975,975,REMRAAM,register_extract_2026-06-15,Al Hebiah Fifth,Remraam,REMRAAM,building,building,683,,,alhebiahfifth,already has a building: nothing to add
PN976,976,AL MAS TOWER,register_extract_2026-06-15,Al Thanyah Fifth,Jumeirah Lakes Towers,JUMEIRAH LAKES TOWERS,building,building,393,,,"althanyahfifth,jltnorth,jltsouth",already has a building: nothing to add
PN978,978,AU TOWER,register_extract_2026-06-15,Al Thanyah Fifth,Jumeirah Lakes Towers,JUMEIRAH LAKES TOWERS,building,building,393,,,"althanyahfifth,jltnorth,jltsouth",already has a building: nothing to add
PN979,979,AG TOWER,register_extract_2026-06-15,Al Thanyah Fifth,Jumeirah Lakes Towers,,building,building,393,,,"althanyahfifth,jltnorth,jltsouth",already has a building: nothing to add
PN1040,1040,TIARA RESIDENCE,register_extract_2026-06-15,Palm Jumeirah,Palm Jumeirah,PALM JUMEIRAH,building,building,381,,,palmjumeirah,already has a building: nothing to add
PN1042,1042,RITAJ,register_extract_2026-06-15,Dubai Investment Park Second,Dubai Investment Park Second,DUBAI INVESTMENT PARK SECOND,building,building,597,,,dubaiinvestmentparksecond,already has a building: nothing to add
PN1070,1070,PHOENIX TOWER,register_extract_2026-06-15,Wadi Al Safa 5,Dubai Land Residence Complex,DUBAI LAND RESIDENCE COMPLEX,building,building,648,,,wadialsafa5,already has a building: nothing to add
PN1071,1071,014 TOWER,register_extract_2026-06-15,Business Bay,Business Bay,BUSINESS BAY,building,building,346,,,businessbay,already has a building: nothing to add
PN1072,1072,INDIGO TOWER,register_extract_2026-06-15,Wadi Al Safa 5,Dubai Land Residence Complex,,building,building,648,,,wadialsafa5,already has a building: nothing to add
PN1089,1089,MIRABELLA 4,register_extract_2026-06-15,Al Barsha South Fourth,Jumeirah Village Circle,JUMEIRAH VILLAGE CIRCLE,building,building,681,,,jumeirahvillagecircle,already has a building: nothing to add
PN1103,1103,JUMEIRAH HEIGHTS CLUSTERS,register_extract_2026-06-15,Al Thanyah Fifth,Jumeirah Islands,JUMEIRAH HEIGHTS,building,building,393,,,"althanyahfifth,jltnorth,jltsouth",already has a building: nothing to add
PN1119,1119,EMIRATES GARDEN 2 (MAPLE- MAGNOLA - MULBERRY),register_extract_2026-06-15,Al Barsha South Fourth,Jumeirah Village Circle,JUMEIRAH VILLAGE CIRCLE,building,building,681,,,jumeirahvillagecircle,already has a building: nothing to add
PN1123,1123,GREEN PARK,register_extract_2026-06-15,Al Barsha South Fifth,Jumeirah Village Triangle,JUMEIRAH VILLAGE TRIANGLE,building,building,684,,,jumeirahvillagetriangle,already has a building: nothing to add
PN1130,1130,HDS BUSINESS CENTRE,register_extract_2026-06-15,Al Thanyah Fifth,Jumeirah Lakes Towers,JUMEIRAH LAKES TOWERS,building,building,393,,,"althanyahfifth,jltnorth,jltsouth",already has a building: nothing to add
PN1135,1135,GRAND HORIZON 1,register_extract_2026-06-15,Al Hebiah Fourth,Dubai Sports City,DUBAI SPORTS CITY,building,building,682,,,dubaisportscity,already has a building: nothing to add
PN1136,1136,OLYMPIC PARK 3,register_extract_2026-06-15,Al Hebiah Fourth,Dubai Sports City,DUBAI SPORTS CITY,building,building,682,,,dubaisportscity,already has a building: nothing to add
PN1140,1140,OLYMPIC PARK 2,register_extract_2026-06-15,Al Hebiah Fourth,Dubai Sports City,DUBAI SPORTS CITY,building,building,682,,,dubaisportscity,already has a building: nothing to add
PN1141,1141,OLYMPIC PARK 4,register_extract_2026-06-15,Al Hebiah Fourth,Dubai Sports City,DUBAI SPORTS CITY,building,building,682,,,dubaisportscity,already has a building: nothing to add
PN1142,1142,OLYMPIC PARK 1,register_extract_2026-06-15,Al Hebiah Fourth,Dubai Sports City,DUBAI SPORTS CITY,building,building,682,,,dubaisportscity,already has a building: nothing to add
PN1144,1144,FAIRMONT PALM HOTEL & RESORT,register_extract_2026-06-15,Palm Jumeirah,Palm Jumeirah,PALM JUMEIRAH,building,building,381,,,palmjumeirah,already has a building: nothing to add
PN1145,1145,MAG218,register_extract_2026-06-15,Marsa Dubai,Dubai Marina,DUBAI MARINA,building,building,392,,,dubaimarina,already has a building: nothing to add
PN1151,1151,BURJ DUBAI,register_extract_2026-06-15,Burj Khalifa,Burj Khalifa,,building,building,345,,,burjkhalifa,already has a building: nothing to add
PN1172,1172,AC3,sales_register_only,Al Hebiah First,Motor City,,building,building,674,,,motorcity,already has a building: nothing to add
PN1173,1173,THE PAD,register_extract_2026-06-15,Business Bay,Business Bay,BUSINESS BAY,building,building,346,,,businessbay,already has a building: nothing to add
PN1174,1174,THE BINARY BY OMNIYAT,register_extract_2026-06-15,Business Bay,Business Bay,BUSINESS BAY,building,building,346,,,businessbay,already has a building: nothing to add
PN1175,1175,BAYSWATER,register_extract_2026-06-15,Business Bay,Business Bay,BUSINESS BAY,building,building,346,,,businessbay,already has a building: nothing to add
PN1176,1176,ONE BUSINESS BAY,register_extract_2026-06-15,Business Bay,Business Bay,BUSINESS BAY,building,building,346,,,businessbay,already has a building: nothing to add
PN1177,1177,THE OPUS BY OMNIYAT,register_extract_2026-06-15,Business Bay,Business Bay,BUSINESS BAY,building,building,346,,,businessbay,already has a building: nothing to add
PN1178,1178,CHURCHILL TOWER,register_extract_2026-06-15,Business Bay,Business Bay,BUSINESS BAY,building,building,346,,,businessbay,already has a building: nothing to add
PN1179,1179,V3,register_extract_2026-06-15,Al Thanyah Fifth,Jumeirah Lakes Towers,JUMEIRAH LAKES TOWERS,building,building,393,,,"althanyahfifth,jltnorth,jltsouth",already has a building: nothing to add
PN1182,1182,QPOINT LIWAN-PLOT R017,register_extract_2026-06-15,Wadi Al Safa 2,Liwan1,LIWAN,building,building,643,,,liwan1,already has a building: nothing to add
PN1183,1183,QPOINT LIWAN-PLOT R008 A&B,register_extract_2026-06-15,Wadi Al Safa 2,Liwan1,LIWAN,building,building,643,,,liwan1,already has a building: nothing to add
PN1185,1185,QPOINT LIWAN - PLOT R002,register_extract_2026-06-15,Wadi Al Safa 2,Liwan1,LIWAN,building,building,643,,,liwan1,already has a building: nothing to add
PN1186,1186,QPOINT LIWAN-PLOT R015,register_extract_2026-06-15,Wadi Al Safa 2,Liwan1,LIWAN,building,building,643,,,liwan1,already has a building: nothing to add
PN1187,1187,QPOINT LIWAN - PLOT R003,register_extract_2026-06-15,Wadi Al Safa 2,Liwan1,LIWAN,building,building,643,,,liwan1,already has a building: nothing to add
PN1188,1188,QPOINT LIWAN-PLOT R004,register_extract_2026-06-15,Wadi Al Safa 2,Liwan1,LIWAN,building,building,643,,,liwan1,already has a building: nothing to add
PN1189,1189,QPOINT LIWAN-PLOT R005,register_extract_2026-06-15,Wadi Al Safa 2,Liwan1,LIWAN,building,building,643,,,liwan1,already has a building: nothing to add
PN1190,1190,QPOINT LIWAN-PLOT R009,register_extract_2026-06-15,Wadi Al Safa 2,Liwan1,LIWAN,building,building,643,,,liwan1,already has a building: nothing to add
PN1191,1191,QPOINT LIWAN-PLOT R016,register_extract_2026-06-15,Wadi Al Safa 2,Liwan1,LIWAN,building,building,643,,,liwan1,already has a building: nothing to add
PN1192,1192,QPOINT LIWAN-R019,register_extract_2026-06-15,Wadi Al Safa 2,Liwan1,LIWAN,building,building,643,,,liwan1,already has a building: nothing to add
PN1193,1193,QPOINT LIWAN-PLOT R048,register_extract_2026-06-15,Wadi Al Safa 2,Liwan1,LIWAN,building,building,643,,,liwan1,already has a building: nothing to add
PN1195,1195,QPOINT LIWAN-PLOT R047,register_extract_2026-06-15,Wadi Al Safa 2,Liwan1,LIWAN,building,building,643,,,liwan1,already has a building: nothing to add
PN1197,1197,QPOINT LIWAN-PLOT R052,register_extract_2026-06-15,Wadi Al Safa 2,Liwan1,LIWAN,building,building,643,,,liwan1,already has a building: nothing to add
PN1198,1198,QPOINT LIWAN-PLOT R046,register_extract_2026-06-15,Wadi Al Safa 2,Liwan1,LIWAN,building,building,643,,,liwan1,already has a building: nothing to add
PN1199,1199,QPOINT LIWAN-PLOT R053,register_extract_2026-06-15,Wadi Al Safa 2,Liwan1,LIWAN,building,building,643,,,liwan1,already has a building: nothing to add
PN1201,1201,QPOINT LIWAN-PLOT R055,register_extract_2026-06-15,Wadi Al Safa 2,Liwan1,LIWAN,building,building,643,,,liwan1,already has a building: nothing to add
PN1203,1203,QPOINT LIWAN-PLOT R071,register_extract_2026-06-15,Wadi Al Safa 2,Liwan1,LIWAN,building,building,643,,,liwan1,already has a building: nothing to add
PN1204,1204,QPOINT LIWAN-PLOT R072,register_extract_2026-06-15,Wadi Al Safa 2,Liwan1,LIWAN,building,building,643,,,liwan1,already has a building: nothing to add
PN1205,1205,QPOINT LIWAN-PLOT R094,register_extract_2026-06-15,Wadi Al Safa 2,Liwan1,LIWAN,building,building,643,,,liwan1,already has a building: nothing to add
PN1208,1208,QPOINT LIWAN- R093,register_extract_2026-06-15,Wadi Al Safa 2,Liwan1,LIWAN,building,building,643,,,liwan1,already has a building: nothing to add
PN1210,1210,QPOINT LIWAN-PLOT R092,register_extract_2026-06-15,Wadi Al Safa 2,Liwan1,LIWAN,building,building,643,,,liwan1,already has a building: nothing to add
PN1212,1212,QPOINT LIWAN-PLOT R099,register_extract_2026-06-15,Wadi Al Safa 2,Liwan1,LIWAN,building,building,643,,,liwan1,already has a building: nothing to add
PN1213,1213,QPOINT LIWAN-PLOT R095,register_extract_2026-06-15,Wadi Al Safa 2,Liwan1,LIWAN,building,building,643,,,liwan1,already has a building: nothing to add
PN1214,1214,QPOINT LIWAN-PLOT R096,register_extract_2026-06-15,Wadi Al Safa 2,Liwan1,LIWAN,building,building,643,,,liwan1,already has a building: nothing to add
PN1215,1215,QPOINT LIWAN-PLOT R097,register_extract_2026-06-15,Wadi Al Safa 2,Liwan1,LIWAN,building,building,643,,,liwan1,already has a building: nothing to add
PN1216,1216,QPOINT LIWAN-PLOT R098,register_extract_2026-06-15,Wadi Al Safa 2,Liwan1,LIWAN,building,building,643,,,liwan1,already has a building: nothing to add
PN1217,1217,QPOINT LIWAN-PLOT R020,register_extract_2026-06-15,Wadi Al Safa 2,Liwan1,LIWAN,building,building,643,,,liwan1,already has a building: nothing to add
PN1219,1219,QPOINT LIWAN-PLOT R022,register_extract_2026-06-15,Wadi Al Safa 2,Liwan1,LIWAN,building,building,643,,,liwan1,already has a building: nothing to add
PN1221,1221,QPOINT LIWAN-PLOT R068,register_extract_2026-06-15,Wadi Al Safa 2,Liwan1,LIWAN,building,building,643,,,liwan1,already has a building: nothing to add
PN1223,1223,QPOINT LIWAN-PLOT R069,register_extract_2026-06-15,Wadi Al Safa 2,Liwan1,LIWAN,building,building,643,,,liwan1,already has a building: nothing to add
PN1224,1224,QPOINT LIWAN-PLOT R070,register_extract_2026-06-15,Wadi Al Safa 2,Liwan1,LIWAN,building,building,643,,,liwan1,already has a building: nothing to add
PN1247,1247,AXIS  RESIDENCES 1,register_extract_2026-06-15,Nadd Hessa,Silicon Oasis,SILICON OASIS,building,building,626,,,siliconoasis,already has a building: nothing to add
PN1248,1248,AXIS RESIDENCES 2,register_extract_2026-06-15,Nadd Hessa,Silicon Oasis,SILICON OASIS,building,building,626,,,siliconoasis,already has a building: nothing to add
PN1249,1249,AXIS RESIDENCES 3,register_extract_2026-06-15,Nadd Hessa,Silicon Oasis,SILICON OASIS,building,building,626,,,siliconoasis,already has a building: nothing to add
PN1250,1250,AXIS RESIDENCES 4,register_extract_2026-06-15,Nadd Hessa,Silicon Oasis,SILICON OASIS,building,building,626,,,siliconoasis,already has a building: nothing to add
PN1251,1251,AXIS RESIDENCES 5,register_extract_2026-06-15,Nadd Hessa,Silicon Oasis,SILICON OASIS,building,building,626,,,siliconoasis,already has a building: nothing to add
PN1252,1252,AXIS RESIDENCES 6,register_extract_2026-06-15,Nadd Hessa,Silicon Oasis,SILICON OASIS,building,building,626,,,siliconoasis,already has a building: nothing to add
PN1253,1253,HORIZON2,sales_register_only,Al Barsha South Fourth,Jumeirah Village Circle,,building,building,681,,,jumeirahvillagecircle,already has a building: nothing to add
PN1255,1255,AXIS RESIDENCES 8,register_extract_2026-06-15,Nadd Hessa,Silicon Oasis,SILICON OASIS,building,building,626,,,siliconoasis,already has a building: nothing to add
PN1260,1260,ARMADA TOWERS,register_extract_2026-06-15,Al Thanyah Fifth,Jumeirah Lakes Towers,JUMEIRAH LAKES TOWERS,building,building,393,,,"althanyahfifth,jltnorth,jltsouth",already has a building: nothing to add
PN1261,1261,AXIS RESIDENCES 7,register_extract_2026-06-15,Nadd Hessa,Silicon Oasis,,building,building,626,,,siliconoasis,already has a building: nothing to add
PN1263,1263,EXECUTIVE BAY B,register_extract_2026-06-15,Business Bay,Business Bay,BUSINESS BAY,building,building,346,,,businessbay,already has a building: nothing to add
PN1271,1271,ZUMURUD DUBAI MARINA,register_extract_2026-06-15,Marsa Dubai,Dubai Marina,DUBAI MARINA,building,building,392,,,dubaimarina,already has a building: nothing to add
PN1274,1274,DD BOULEVARD CENTRAL,register_extract_2026-06-15,Burj Khalifa,DownTown Dubai,BURJ KHALIFA,building,building,345,,,burjkhalifa,already has a building: nothing to add
PN1275,1275,CLAREN 1,register_extract_2026-06-15,Burj Khalifa,DownTown Dubai,BURJ KHALIFA,building,building,345,,,burjkhalifa,already has a building: nothing to add
PN1276,1276,29 BOULEVARD,register_extract_2026-06-15,Burj Khalifa,DownTown Dubai,BURJ KHALIFA,building,building,345,,,burjkhalifa,already has a building: nothing to add
PN1277,1277,DD STAND POINT,register_extract_2026-06-15,Burj Khalifa,DownTown Dubai,BURJ KHALIFA,building,building,345,,,burjkhalifa,already has a building: nothing to add
PN1280,1280,BAY SQUARE,register_extract_2026-06-15,Business Bay,Business Bay,BUSINESS BAY,building,building,346,,,businessbay,already has a building: nothing to add
PN1282,1282,JUMEIRAH PARK,register_extract_2026-06-15,Al Thanyah Fifth,Jumeirah Park,,building,building,393,,,"althanyahfifth,jltnorth,jltsouth",already has a building: nothing to add
PN1284,1284,JUMEIRAH GOLF ESTATES,register_extract_2026-06-15,Me'Aisem First,Jumeirah Golf Estates,JUMEIRAH GOLF,building,building,685,,,dubaiproductioncity,already has a building: nothing to add
PN1285,1285,JUMEIRAH HEIGHTS FRONDS,register_extract_2026-06-15,Al Thanyah Fifth,Jumeirah Islands,,building,building,393,,,"althanyahfifth,jltnorth,jltsouth",already has a building: nothing to add
PN1294,1294,BUSINESS AVENUE BB1,register_extract_2026-06-15,Al Thanyah Fifth,Jumeirah Lakes Towers,JUMEIRAH LAKES TOWERS,building,building,393,,,"althanyahfifth,jltnorth,jltsouth",already has a building: nothing to add
PN1297,1297,MARINA RESIDENCE,register_extract_2026-06-15,Palm Jumeirah,Palm Jumeirah,PALM JUMEIRAH,building,building,381,,,palmjumeirah,already has a building: nothing to add
PN1299,1299,CRICKET TOWER,register_extract_2026-06-15,Al Hebiah Fourth,Dubai Sports City,DUBAI SPORTS CITY,building,building,682,,,dubaisportscity,already has a building: nothing to add
PN1300,1300,HOCKEY TOWER,register_extract_2026-06-15,Al Hebiah Fourth,Dubai Sports City,DUBAI SPORTS CITY,building,building,682,,,dubaisportscity,already has a building: nothing to add
PN1301,1301,HUB CANAL 1 TOWER,register_extract_2026-06-15,Al Hebiah Fourth,Dubai Sports City,DUBAI SPORTS CITY,building,building,682,,,dubaisportscity,already has a building: nothing to add
PN1302,1302,HUB CANAL 2 TOWER,register_extract_2026-06-15,Al Hebiah Fourth,Dubai Sports City,DUBAI SPORTS CITY,building,building,682,,,dubaisportscity,already has a building: nothing to add
PN1303,1303,GOLF TOWER,register_extract_2026-06-15,Al Hebiah Fourth,Dubai Sports City,DUBAI SPORTS CITY,building,building,682,,,dubaisportscity,already has a building: nothing to add
PN1304,1304,TENNIS TOWER,register_extract_2026-06-15,Al Hebiah Fourth,Dubai Sports City,,building,building,682,,,dubaisportscity,already has a building: nothing to add
PN1306,1306,SEASONS COMMUNITY- SUMMER,register_extract_2026-06-15,Al Barsha South Fourth,Jumeirah Village Circle,JUMEIRAH VILLAGE CIRCLE,building,building,681,,,jumeirahvillagecircle,already has a building: nothing to add
PN1308,1308,WESTBURRY TOWER,register_extract_2026-06-15,Business Bay,Business Bay,BUSINESS BAY,building,building,346,,,businessbay,already has a building: nothing to add
PN1309,1309,THE STERLING EAST HOUSE,register_extract_2026-06-15,Business Bay,Business Bay,BUSINESS BAY,building,building,346,,,businessbay,already has a building: nothing to add
PN1310,1310,LIWA HEIGHTS,register_extract_2026-06-15,Al Thanyah Fifth,Jumeirah Lakes Towers,JUMEIRAH LAKES TOWERS,building,building,393,,,"althanyahfifth,jltnorth,jltsouth",already has a building: nothing to add
PN1311,1311,BD BOULEVARD PLAZA,register_extract_2026-06-15,Burj Khalifa,DownTown Dubai,BURJ KHALIFA,building,building,345,,,burjkhalifa,already has a building: nothing to add
PN1312,1312,DM MARINA PLAZA,register_extract_2026-06-15,Marsa Dubai,Dubai Marina,DUBAI MARINA,building,building,392,,,dubaimarina,already has a building: nothing to add
PN1315,1315,PANORAMA,register_extract_2026-06-15,Al Thanyah Third,The Greens,THE GREENS,building,building,388,,,(outside the 42 districts),already has a building: nothing to add
PN1316,1316,PALM VIEWS - EAST,register_extract_2026-06-15,Palm Jumeirah,Palm Jumeirah,PALM JUMEIRAH,building,building,381,,,palmjumeirah,already has a building: nothing to add
PN1317,1317,PALM VIEWS - WEST,register_extract_2026-06-15,Palm Jumeirah,Palm Jumeirah,PALM JUMEIRAH,building,building,381,,,palmjumeirah,already has a building: nothing to add
PN1318,1318,TFG MARINA,register_extract_2026-06-15,Marsa Dubai,Dubai Marina,DUBAI MARINA,building,building,392,,,dubaimarina,already has a building: nothing to add
PN1323,1323,LIVING LEGENDS PHASE 4,register_extract_2026-06-15,Wadi Al Safa 3,Living Legends,LIVING LEGENDS,building,building,645,,,majan,already has a building: nothing to add
PN1324,1324,LIVING LEGENDS PHASE 5,register_extract_2026-06-15,Wadi Al Safa 3,Living Legends,LIVING LEGENDS,building,building,645,,,majan,already has a building: nothing to add
PN1325,1325,LIVING LEGENDS PHASE 6,register_extract_2026-06-15,Wadi Al Safa 3,Living Legends,LIVING LEGENDS,building,building,645,,,majan,already has a building: nothing to add
PN1326,1326,LIVING LEGENDS PHASE 7,register_extract_2026-06-15,Wadi Al Safa 3,Living Legends,LIVING LEGENDS,building,building,645,,,majan,already has a building: nothing to add
PN1328,1328,THE ADDRESS - THE BLVD,register_extract_2026-06-15,Burj Khalifa,DownTown Dubai,BURJ KHALIFA,building,building,345,,,burjkhalifa,already has a building: nothing to add
PN1329,1329,THE DISTINCTION,register_extract_2026-06-15,Burj Khalifa,DownTown Dubai,BURJ KHALIFA,building,building,345,,,burjkhalifa,already has a building: nothing to add
PN1333,1333,The Address Residence-Fountain Views,register_extract_2026-06-15,Burj Khalifa,DownTown Dubai,BURJ KHALIFA,building,building,345,,,burjkhalifa,already has a building: nothing to add
PN1336,1336,THE ADDRESS RESIDENCE FOUNTAIN VIEWS II,register_extract_2026-06-15,Burj Khalifa,DownTown Dubai,BURJ KHALIFA,building,building,345,,,burjkhalifa,already has a building: nothing to add
PN1338,1338,THE ADDRESS RESIDENCE - SKY VIEW,register_extract_2026-06-15,Burj Khalifa,DownTown Dubai,BURJ KHALIFA,building,building,345,,,burjkhalifa,already has a building: nothing to add
PN1340,1340,BURJ VISTA,register_extract_2026-06-15,Burj Khalifa,DownTown Dubai,BURJ KHALIFA,building,building,345,,,burjkhalifa,already has a building: nothing to add
PN1342,1342,REEM-MIRA COMMUNITY PH5,register_extract_2026-06-15,Al Yelayiss 1,,MIRA,building,building,921,,,alyelayiss1,already has a building: nothing to add
PN1344,1344,VICEROY HOTEL RESORTS RESIDENCES,register_extract_2026-06-15,Palm Jumeirah,Palm Jumeirah,PALM JUMEIRAH,building,building,381,,,palmjumeirah,already has a building: nothing to add
PN1345,1345,BAY'S EDGE,register_extract_2026-06-15,Business Bay,Business Bay,BUSINESS BAY,building,building,346,,,businessbay,already has a building: nothing to add
PN1346,1346,The Hills,register_extract_2026-06-15,Al Thanyah Third,,THE LAKES,building,building,388,,,(outside the 42 districts),already has a building: nothing to add
PN1350,1350,AZURE RESIDENCE,register_extract_2026-06-15,Palm Jumeirah,Palm Jumeirah,PALM JUMEIRAH,building,building,381,,,palmjumeirah,already has a building: nothing to add
PN1351,1351,CLUB VISTA MARE,register_extract_2026-06-15,Palm Jumeirah,Palm Jumeirah,PALM JUMEIRAH,building,building,381,,,palmjumeirah,already has a building: nothing to add
PN1358,1358,MASAAR RESIDENCES,register_extract_2026-06-15,Al Barsha South Fourth,Jumeirah Village Circle,JUMEIRAH VILLAGE CIRCLE,building,building,681,,,jumeirahvillagecircle,already has a building: nothing to add
PN1359,1359,DAMAC HILLS - GOLF PANORAMA,register_extract_2026-06-15,Al Hebiah Third,DAMAC HILLS,DAMAC HILLS,building,building,676,,,damachills,already has a building: nothing to add
PN1363,1363,DAMAC HILLS - GOLF HORIZON,register_extract_2026-06-15,Al Hebiah Third,DAMAC HILLS,DAMAC HILLS,building,building,676,,,damachills,already has a building: nothing to add
PN1364,1364,DAMAC HILLS - GOLF VEDUTA,register_extract_2026-06-15,Al Hebiah Third,DAMAC HILLS,DAMAC HILLS,building,building,676,,,damachills,already has a building: nothing to add
PN1365,1365,DAMAC HILLS - GOLF TERRACE,register_extract_2026-06-15,Al Hebiah Third,DAMAC HILLS,DAMAC HILLS,building,building,676,,,damachills,already has a building: nothing to add
PN1370,1370,AVENUE RESIDENCE1,register_extract_2026-06-15,Jabal Ali First,Al Furjan,AL FURJAN,building,building,591,,,jabalalifirst,already has a building: nothing to add
PN1371,1371,PRIVE BY DAMAC,register_extract_2026-06-15,Business Bay,Business Bay,BUSINESS BAY,building,building,346,,,businessbay,already has a building: nothing to add
PN1379,1379,ENI CORAL TOWER,register_extract_2026-06-15,Business Bay,Business Bay,,building,building,346,,,businessbay,already has a building: nothing to add
PN1380,1380,Continental Tower,register_extract_2026-06-15,Marsa Dubai,Dubai Marina,DUBAI MARINA,building,building,392,,,dubaimarina,already has a building: nothing to add
PN1382,1382,EMERALD PALACE KEMPINSKI HOTEL,register_extract_2026-06-15,Palm Jumeirah,Palm Jumeirah,PALM JUMEIRAH,building,building,381,,,palmjumeirah,already has a building: nothing to add
PN1383,1383,TOWNHOUSES AT JUMEIRAH ISLANDS,register_extract_2026-06-15,Al Thanyah Fifth,Jumeirah Islands,JUMEIRAH ISLANDS,building,building,393,,,"althanyahfifth,jltnorth,jltsouth",already has a building: nothing to add
PN1393,1393,"QASR SABAH I , II ,III",register_extract_2026-06-15,Me'Aisem First,International Media Production Zone,DUBAI PRODUCTION CITY,building,building,685,,,dubaiproductioncity,already has a building: nothing to add
PN1394,1394,NO 9,register_extract_2026-06-15,Marsa Dubai,Dubai Marina,DUBAI MARINA,building,building,392,,,dubaimarina,already has a building: nothing to add
PN1401,1401,ELITE 8 SPORTS RESIDENCE,register_extract_2026-06-15,Al Hebiah Fourth,Dubai Sports City,DUBAI SPORTS CITY,building,building,682,,,dubaisportscity,already has a building: nothing to add
PN1403,1403,ELITE DOWNTOWN RESIDENCE,register_extract_2026-06-15,Burj Khalifa,DownTown Dubai,BURJ KHALIFA,building,building,345,,,burjkhalifa,already has a building: nothing to add
PN1404,1404,VIDA RESIDENCE DOWNTOWN DUBAI,register_extract_2026-06-15,Burj Khalifa,DownTown Dubai,BURJ KHALIFA,building,building,345,,,burjkhalifa,already has a building: nothing to add
PN1405,1405,Boulevard Point,register_extract_2026-06-15,Burj Khalifa,DownTown Dubai,BURJ KHALIFA,building,building,345,,,burjkhalifa,already has a building: nothing to add
PN1413,1413,DAMAC HILLS - ORCHID,register_extract_2026-06-15,Al Hebiah Third,DAMAC HILLS,DAMAC HILLS,building,building,676,,,damachills,already has a building: nothing to add
PN1414,1414,DAMAC HILLS - JASMINE,register_extract_2026-06-15,Al Hebiah Third,DAMAC HILLS,DAMAC HILLS,building,building,676,,,damachills,already has a building: nothing to add
PN1427,1427,DIAMOND VIEWS 3,register_extract_2026-06-15,Al Barsha South Fourth,Jumeirah Village Circle,JUMEIRAH VILLAGE CIRCLE,building,building,681,,,jumeirahvillagecircle,already has a building: nothing to add
PN1433,1433,EMIRATES GARDEN I - GARDENIA,register_extract_2026-06-15,Al Barsha South Fourth,Jumeirah Village Circle,JUMEIRAH VILLAGE CIRCLE,building,building,681,,,jumeirahvillagecircle,already has a building: nothing to add
PN1437,1437,TUSCAN RESIDENCES1 - AREZZO,register_extract_2026-06-15,Al Barsha South Fourth,Jumeirah Village Circle,JUMEIRAH VILLAGE CIRCLE,building,building,681,,,jumeirahvillagecircle,already has a building: nothing to add
PN1438,1438,TUSCAN RESIDENCES1 - SIENA,register_extract_2026-06-15,Al Barsha South Fourth,Jumeirah Village Circle,JUMEIRAH VILLAGE CIRCLE,building,building,681,,,jumeirahvillagecircle,already has a building: nothing to add
PN1442,1442,LINCOLN PARK ( NORTH SIDE),register_extract_2026-06-15,Arjan,Arjan,ARJAN,building,building,673,,,arjan,already has a building: nothing to add
PN1443,1443,LINCOLN PARK (SHEFFIELD),register_extract_2026-06-15,Arjan,Arjan,ARJAN,building,building,673,,,arjan,already has a building: nothing to add
PN1444,1444,LINCOLN PARK(WEST SIDE & LINCOLN PARK - B),register_extract_2026-06-15,Arjan,Arjan,,building,building,673,,,arjan,already has a building: nothing to add
PN1448,1448,J&G PLEXS,register_extract_2026-06-15,Jabal Ali First,DMCC-EZ2,DMCC-EZ2,building,building,591,,,jabalalifirst,already has a building: nothing to add
PN1449,1449,BAYSIDE RESIDENCE,register_extract_2026-06-15,Marsa Dubai,Dubai Marina,DUBAI MARINA,building,building,392,,,dubaimarina,already has a building: nothing to add
PN1450,1450,MARINASCAPE,register_extract_2026-06-15,Marsa Dubai,Dubai Marina,DUBAI MARINA,building,building,392,,,dubaimarina,already has a building: nothing to add
PN1451,1451,BURJ VIEWS,register_extract_2026-06-15,Burj Khalifa,DownTown Dubai,BURJ KHALIFA,building,building,345,,,burjkhalifa,already has a building: nothing to add
PN1456,1456,MARINA QUAYS,register_extract_2026-06-15,Marsa Dubai,Dubai Marina,DUBAI MARINA,building,building,392,,,dubaimarina,already has a building: nothing to add
PN1457,1457,MOSELA,register_extract_2026-06-15,Al Thanyah Third,The Greens,THE GREENS,building,building,388,,,(outside the 42 districts),already has a building: nothing to add
PN1458,1458,PARK ISLANDS,register_extract_2026-06-15,Marsa Dubai,Dubai Marina,DUBAI MARINA,building,building,392,,,dubaimarina,already has a building: nothing to add
PN1459,1459,TANARO,register_extract_2026-06-15,Al Thanyah Third,The Greens,THE GREENS,building,building,388,,,(outside the 42 districts),already has a building: nothing to add
PN1460,1460,DUBAI MARINA MALL,register_extract_2026-06-15,Marsa Dubai,Dubai Marina,DUBAI MARINA,building,building,392,,,dubaimarina,already has a building: nothing to add
PN1461,1461,THE DUBAI MALL,register_extract_2026-06-15,Burj Khalifa,DownTown Dubai,BURJ KHALIFA,building,building,345,,,burjkhalifa,already has a building: nothing to add
PN1462,1462,BURJ KHALIFA TOWERS,register_extract_2026-06-15,Burj Khalifa,DownTown Dubai,BURJ KHALIFA,building,building,345,,,burjkhalifa,already has a building: nothing to add
PN1472,1472,INDIGO CHAMBERS,sales_register_only,Jabal Ali First,Al Furjan,,building,building,591,,,jabalalifirst,already has a building: nothing to add
PN1474,1474,LE GRAND CHATEAU,register_extract_2026-06-15,Al Barsha South Fourth,Jumeirah Village Circle,JUMEIRAH VILLAGE CIRCLE,building,building,681,,,jumeirahvillagecircle,already has a building: nothing to add
PN1482,1482,SEVENTH HEAVEN,register_extract_2026-06-15,Wadi Al Safa 3,,AL BARARI,building,building,645,,,majan,already has a building: nothing to add
PN1483,1483,THE ATRIA,register_extract_2026-06-15,Business Bay,Business Bay,BUSINESS BAY,building,building,346,,,businessbay,already has a building: nothing to add
PN1487,1487,CELESTIA,register_extract_2026-06-15,Madinat Al Mataar,Dubai South Residential District,DUBAI SOUTH,building,building,521,,,madinatalmataar,already has a building: nothing to add
PN1489,1489,MULBERRY at PARK HEIGHTS,register_extract_2026-06-15,Hadaeq Sheikh Mohammed Bin Rashid,Dubai Hills Estate,DUBAI HILLS,building,building,631,,,dubaihills,already has a building: nothing to add
PN1492,1492,MANAZEL ALKHOR,register_extract_2026-06-15,Al Jadaf,Jaddaf Waterfront,,building,building,326,,,samaaljadaf,already has a building: nothing to add
PN1494,1494,BLVD CRESCENT,register_extract_2026-06-15,Burj Khalifa,DownTown Dubai,BURJ KHALIFA,building,building,345,,,burjkhalifa,already has a building: nothing to add
PN1496,1496,MOHAMMED BIN RASHID AL MAKTOUM CITY-DISTRICT ONE PHASE II VILLAS,register_extract_2026-06-15,Al Merkadh,,MBR DISTRICT 1,building,building,347,,,(outside the 42 districts),already has a building: nothing to add
PN1497,1497,SHAMAL TERRACES 3,register_extract_2026-06-15,Al Barsha South Fourth,Jumeirah Village Circle,,building,building,681,,,jumeirahvillagecircle,already has a building: nothing to add
PN1498,1498,SHAMAL TERRACES 4,register_extract_2026-06-15,Al Barsha South Fourth,Jumeirah Village Circle,JUMEIRAH VILLAGE CIRCLE,building,building,681,,,jumeirahvillagecircle,already has a building: nothing to add
PN1499,1499,TOWER 108,register_extract_2026-06-15,Al Barsha South Fourth,Jumeirah Village Circle,JUMEIRAH VILLAGE CIRCLE,building,building,681,,,jumeirahvillagecircle,already has a building: nothing to add
PN1501,1501,SHAMAL RESIDENCES 2,register_extract_2026-06-15,Al Barsha South Fourth,Jumeirah Village Circle,JUMEIRAH VILLAGE CIRCLE,building,building,681,,,jumeirahvillagecircle,already has a building: nothing to add
PN1504,1504,DAMAC HILLS - GOLF PROMENADE,register_extract_2026-06-15,Al Hebiah Third,DAMAC HILLS,DAMAC HILLS,building,building,676,,,damachills,already has a building: nothing to add
PN1505,1505,GHALIA,register_extract_2026-06-15,Al Barsha South Fourth,Jumeirah Village Circle,JUMEIRAH VILLAGE CIRCLE,building,building,681,,,jumeirahvillagecircle,already has a building: nothing to add
PN1506,1506,AVANTI TOWER,register_extract_2026-06-15,Business Bay,Business Bay,BUSINESS BAY,building,building,346,,,businessbay,already has a building: nothing to add
PN1507,1507,Opera Grand,register_extract_2026-06-15,Burj Khalifa,DownTown Dubai,BURJ KHALIFA,building,building,345,,,burjkhalifa,already has a building: nothing to add
PN1508,1508,DAMAC HILLS - LORETO,register_extract_2026-06-15,Al Hebiah Third,DAMAC HILLS,DAMAC HILLS,building,building,676,,,damachills,already has a building: nothing to add
PN1509,1509,AZIZI. FEIROUZ,register_extract_2026-06-15,Jabal Ali First,Al Furjan,AL FURJAN,building,building,591,,,jabalalifirst,already has a building: nothing to add
PN1510,1510,AZIZI. YASAMINE,register_extract_2026-06-15,Jabal Ali First,Al Furjan,AL FURJAN,building,building,591,,,jabalalifirst,already has a building: nothing to add
PN1511,1511,Azizi. Liatris,register_extract_2026-06-15,Jabal Ali First,Al Furjan,AL FURJAN,building,building,591,,,jabalalifirst,already has a building: nothing to add
PN1512,1512,Azizi. Iris,register_extract_2026-06-15,Jabal Ali First,Al Furjan,AL FURJAN,building,building,591,,,jabalalifirst,already has a building: nothing to add
PN1513,1513,AZIZI. ORCHID,register_extract_2026-06-15,Jabal Ali First,Al Furjan,AL FURJAN,building,building,591,,,jabalalifirst,already has a building: nothing to add
PN1518,1518,MAJESTINE,register_extract_2026-06-15,Business Bay,Business Bay,BUSINESS BAY,building,building,346,,,businessbay,already has a building: nothing to add
PN1522,1522,SUNSHINE RESIDENCE,register_extract_2026-06-15,Nadd Hessa,Silicon Oasis,SILICON OASIS,building,building,626,,,siliconoasis,already has a building: nothing to add
PN1523,1523,DAMAC HILLS - ARTESIA,register_extract_2026-06-15,Al Hebiah Third,DAMAC HILLS,DAMAC HILLS,building,building,676,,,damachills,already has a building: nothing to add
PN1524,1524,Five at Jumeirah Village Circle Dubai,register_extract_2026-06-15,Al Barsha South Fourth,Jumeirah Village Circle,JUMEIRAH VILLAGE CIRCLE,building,building,681,,,jumeirahvillagecircle,already has a building: nothing to add
PN1529,1529,Palme Couture,register_extract_2026-06-15,Palm Jumeirah,Palm Jumeirah,,building,building,381,,,palmjumeirah,already has a building: nothing to add
PN1537,1537,MONTROSE,register_extract_2026-06-15,Al Barshaa South Second,Dubai Science Park,DUBAI SCIENCE PARK,building,building,672,,,dubaisciencepark,already has a building: nothing to add
PN1538,1538,THE POLO RESIDENCE,register_extract_2026-06-15,Nad Al Shiba First,Meydan Racecourse Community,MEYDAN AVENUE,building,building,618,,,"goldensymphony,meydanone,sobhaheartland",already has a building: nothing to add
PN1541,1541,HAMENI,register_extract_2026-06-15,Al Barsha South Fourth,Jumeirah Village Circle,JUMEIRAH VILLAGE CIRCLE,building,building,681,,,jumeirahvillagecircle,already has a building: nothing to add
PN1542,1542,ELITE 9 SPORTS RESIDENCE,register_extract_2026-06-15,Al Hebiah Fourth,Dubai Sports City,DUBAI SPORTS CITY,building,building,682,,,dubaisportscity,already has a building: nothing to add
PN1545,1545,SAFEER TOWER 2,register_extract_2026-06-15,Business Bay,Business Bay,BUSINESS BAY,building,building,346,,,businessbay,already has a building: nothing to add
PN1546,1546,SAFEER TOWER 1,register_extract_2026-06-15,Business Bay,Business Bay,BUSINESS BAY,building,building,346,,,businessbay,already has a building: nothing to add
PN1547,1547,THE RESIDENCES AT MARINA GATE 2,register_extract_2026-06-15,Marsa Dubai,Dubai Marina,DUBAI MARINA,building,building,392,,,dubaimarina,already has a building: nothing to add
PN1551,1551,SPARKLE TOWERS,register_extract_2026-06-15,Marsa Dubai,Dubai Marina,DUBAI MARINA,building,building,392,,,dubaimarina,already has a building: nothing to add
PN1553,1553,AVA DESIGNER RESEDENSS,sales_register_only,Dubai Investment Park First,Dubai Investment Park First,,building,building,598,,,dubaiinvestmentparkfirst,already has a building: nothing to add
PN1554,1554,SERENITY LAKES 5,register_extract_2026-06-15,Al Barsha South Fourth,Jumeirah Village Circle,JUMEIRAH VILLAGE CIRCLE,building,building,681,,,jumeirahvillagecircle,already has a building: nothing to add
PN1556,1556,THE DERBY RESIDENCE 2&3,register_extract_2026-06-15,Nad Al Shiba First,Meydan Racecourse Community,MEYDAN AVENUE,building,building,618,,,"goldensymphony,meydanone,sobhaheartland",already has a building: nothing to add
PN1558,1558,MON REVE,register_extract_2026-06-15,Burj Khalifa,DownTown Dubai,BURJ KHALIFA,building,building,345,,,burjkhalifa,already has a building: nothing to add
PN1560,1560,OASIS TOWER 2,sales_register_only,Al Hebiah Fourth,Dubai Sports City,,building,building,682,,,dubaisportscity,already has a building: nothing to add
PN1561,1561,BLVD HEIGHTS,register_extract_2026-06-15,Burj Khalifa,DownTown Dubai,BURJ KHALIFA,building,building,345,,,burjkhalifa,already has a building: nothing to add
PN1564,1564,DUBAI LAGOON LILY,sales_register_only,Dubai Investment Park First,Dubai Investment Park First,,building,building,598,,,dubaiinvestmentparkfirst,already has a building: nothing to add
PN1565,1565,DUBAI LAGOON WINTERBERRY,sales_register_only,Dubai Investment Park First,Dubai Investment Park First,,building,building,598,,,dubaiinvestmentparkfirst,already has a building: nothing to add
PN1566,1566,DUBAI LAGOON I SUITES HOTEL APARTMENT,sales_register_only,Dubai Investment Park First,Dubai Investment Park First,,building,building,598,,,dubaiinvestmentparkfirst,already has a building: nothing to add
PN1567,1567,DUBAI LAGOON I SUITES SMART RESIDENCE,sales_register_only,Dubai Investment Park First,Dubai Investment Park First,,building,building,598,,,dubaiinvestmentparkfirst,already has a building: nothing to add
PN1569,1569,Avenue Residence 2,register_extract_2026-06-15,Jabal Ali First,Al Furjan,AL FURJAN,building,building,591,,,jabalalifirst,already has a building: nothing to add
PN1571,1571,ACES CHATEAU,register_extract_2026-06-15,Al Barsha South Fourth,Jumeirah Village Circle,JUMEIRAH VILLAGE CIRCLE,building,building,681,,,jumeirahvillagecircle,already has a building: nothing to add
PN1572,1572,AZIZI. DAISY,register_extract_2026-06-15,Jabal Ali First,Al Furjan,AL FURJAN,building,building,591,,,jabalalifirst,already has a building: nothing to add
PN1573,1573,AZIZI. FREESIA,register_extract_2026-06-15,Jabal Ali First,Al Furjan,AL FURJAN,building,building,591,,,jabalalifirst,already has a building: nothing to add
PN1574,1574,AZIZI. TULIP,register_extract_2026-06-15,Jabal Ali First,Al Furjan,AL FURJAN,building,building,591,,,jabalalifirst,already has a building: nothing to add
PN1580,1580,BELLEVUE TOWERS,register_extract_2026-06-15,Burj Khalifa,DownTown Dubai,BURJ KHALIFA,building,building,345,,,burjkhalifa,already has a building: nothing to add
PN1581,1581,SOBHA HARTLAND GREENS- PHASE I,register_extract_2026-06-15,Al Merkadh,SOBHA HARTLAND,SOBHA HEARTLAND,building,building,347,,,(outside the 42 districts),already has a building: nothing to add
PN1582,1582,MURABA RESIDENCES PALM JUMERIAH,register_extract_2026-06-15,Palm Jumeirah,Palm Jumeirah,PALM JUMEIRAH,building,building,381,,,palmjumeirah,already has a building: nothing to add
PN1585,1585,Paradise Hills,register_extract_2026-06-15,Al Hebiah Fifth,,DUBAI GOLF CITY,building,building,683,,,alhebiahfifth,already has a building: nothing to add
PN1587,1587,REEF RESIDENCE,register_extract_2026-06-15,Al Barsha South Fourth,Jumeirah Village Circle,JUMEIRAH VILLAGE CIRCLE,building,building,681,,,jumeirahvillagecircle,already has a building: nothing to add
PN1589,1589,PLATINUM RESIDENCE 1,register_extract_2026-06-15,Nadd Hessa,Silicon Oasis,SILICON OASIS,building,building,626,,,siliconoasis,already has a building: nothing to add
PN1590,1590,PLATINUM RESIDENCE 2,register_extract_2026-06-15,Nadd Hessa,Silicon Oasis,SILICON OASIS,building,building,626,,,siliconoasis,already has a building: nothing to add
PN1592,1592,The Community,register_extract_2026-06-15,Al Barsha South Fifth,Jumeirah Village Triangle,JUMEIRAH VILLAGE TRIANGLE,building,building,684,,,jumeirahvillagetriangle,already has a building: nothing to add
PN1597,1597,THE DUBAI CREEK RESIDENCES,register_extract_2026-06-15,Al Khairan First,Dubai Creek Harbour,DUBAI CREEK HARBOUR,building,building,415,,,alkhairanfirst,already has a building: nothing to add
PN1603,1603,THE PALM TOWER,register_extract_2026-06-15,Palm Jumeirah,Palm Jumeirah,PALM JUMEIRAH,building,building,381,,,palmjumeirah,already has a building: nothing to add
PN1605,1605,RP HEIGHTS,register_extract_2026-06-15,Burj Khalifa,DownTown Dubai,BURJ KHALIFA,building,building,345,,,burjkhalifa,already has a building: nothing to add
PN1607,1607,ELITE 10 SPORTS RESIDENCE,register_extract_2026-06-15,Al Hebiah Fourth,Dubai Sports City,DUBAI SPORTS CITY,building,building,682,,,dubaisportscity,already has a building: nothing to add
PN1608,1608,PARK VILLA'S 3,sales_register_only,Al Barsha South Fourth,Jumeirah Village Circle,,building,building,681,,,jumeirahvillagecircle,already has a building: nothing to add
PN1614,1614,GLITZ RESIDENCE 1,register_extract_2026-06-15,Al Hebiah Second,Dubai Studio City,DUBAI STUDIO CITY,building,building,675,,,dubaistudiocity,already has a building: nothing to add
PN1615,1615,GLITZ RESIDENCE 2,register_extract_2026-06-15,Al Hebiah Second,Dubai Studio City,DUBAI STUDIO CITY,building,building,675,,,dubaistudiocity,already has a building: nothing to add
PN1616,1616,AXIS SILVER,register_extract_2026-06-15,Nadd Hessa,Silicon Oasis,SILICON OASIS,building,building,626,,,siliconoasis,already has a building: nothing to add
PN1617,1617,THE 8,register_extract_2026-06-15,Palm Jumeirah,Palm Jumeirah,PALM JUMEIRAH,building,building,381,,,palmjumeirah,already has a building: nothing to add
PN1619,1619,Seventh Heaven - Ashjar,register_extract_2026-06-15,Wadi Al Safa 3,,AL BARARI,building,building,645,,,majan,already has a building: nothing to add
PN1620,1620,DAMAC HILLS - CARSON,register_extract_2026-06-15,Al Hebiah Third,DAMAC HILLS,DAMAC HILLS,building,building,676,,,damachills,already has a building: nothing to add
PN1626,1626,CENTURION RESIDENCE,register_extract_2026-06-15,Dubai Investment Park Second,Dubai Investment Park Second,DUBAI INVESTMENT PARK SECOND,building,building,597,,,dubaiinvestmentparksecond,already has a building: nothing to add
PN1627,1627,PARK SQUARE,register_extract_2026-06-15,Al Barsha South Fourth,Jumeirah Village Circle,,building,building,681,,,jumeirahvillagecircle,already has a building: nothing to add
PN1628,1628,SHERENA RESIDENCE,register_extract_2026-06-15,Wadi Al Safa 3,Majan,MAJAN,building,building,645,,,majan,already has a building: nothing to add
PN1630,1630,BINGHATTI APARTMENTS,register_extract_2026-06-15,Nadd Hessa,Silicon Oasis,SILICON OASIS,building,building,626,,,siliconoasis,already has a building: nothing to add
PN1631,1631,ONE AT PALM JUMEIRAH,register_extract_2026-06-15,Palm Jumeirah,Palm Jumeirah,PALM JUMEIRAH,building,building,381,,,palmjumeirah,already has a building: nothing to add
PN1632,1632,THE 118,register_extract_2026-06-15,Burj Khalifa,DownTown Dubai,BURJ KHALIFA,building,building,345,,,burjkhalifa,already has a building: nothing to add
PN1633,1633,ACACIA AT PARK HEIGHTS,register_extract_2026-06-15,Hadaeq Sheikh Mohammed Bin Rashid,Dubai Hills Estate,DUBAI HILLS,building,building,631,,,dubaihills,already has a building: nothing to add
PN1635,1635,TOPAZ RESIDENCES 1,register_extract_2026-06-15,Nadd Hessa,Silicon Oasis,SILICON OASIS,building,building,626,,,siliconoasis,already has a building: nothing to add
PN1636,1636,THE ANWA BY OMNIYAT,register_extract_2026-06-15,Madinat Dubai Almelaheyah,Dubai Maritime City,DUBAI MARITIME CITY,building,building,321,,,dubaimaritimecity,already has a building: nothing to add
PN1637,1637,TOWN SQUARE ZAHRA,register_extract_2026-06-15,Al Yelayiss 2,TOWN SQUARE,TOWN SQUARE,building,building,922,,,alyelayiss2,already has a building: nothing to add
PN1641,1641,SERENIA RESIDENCES THE PALM,register_extract_2026-06-15,Palm Jumeirah,Palm Jumeirah,PALM JUMEIRAH,building,building,381,,,palmjumeirah,already has a building: nothing to add
PN1643,1643,Skyhills I by HRE,register_extract_2026-06-15,Al Barshaa South Second,Dubai Science Park,DUBAI SCIENCE PARK,building,building,672,,,dubaisciencepark,already has a building: nothing to add
PN1644,1644,OCEANA HOTEL AND APARTMENTS,register_extract_2026-06-15,Palm Jumeirah,Palm Jumeirah,PALM JUMEIRAH,building,building,381,,,palmjumeirah,already has a building: nothing to add
PN1645,1645,MAPLE,register_extract_2026-06-15,Hadaeq Sheikh Mohammed Bin Rashid,DUBAI HILLS,DUBAI HILLS,building,building,631,,,dubaihills,already has a building: nothing to add
PN1646,1646,TOWN SQUARE SAFI,register_extract_2026-06-15,Al Yelayiss 2,TOWN SQUARE,TOWN SQUARE,building,building,922,,,alyelayiss2,already has a building: nothing to add
PN1649,1649,BOTANICA,register_extract_2026-06-15,Al Barsha South Fourth,Jumeirah Village Circle,,building,building,681,,,jumeirahvillagecircle,already has a building: nothing to add
PN1652,1652,ALANDALUS,register_extract_2026-06-15,Me'Aisem First,Jumeirah Golf Estates,JUMEIRAH GOLF,building,building,685,,,dubaiproductioncity,already has a building: nothing to add
PN1653,1653,TOPAZ RESIDENCES 3,register_extract_2026-06-15,Nadd Hessa,Silicon Oasis,SILICON OASIS,building,building,626,,,siliconoasis,already has a building: nothing to add
PN1655,1655,GLITZ RESIDENCE 3,register_extract_2026-06-15,Al Hebiah Second,Dubai Studio City,DUBAI STUDIO CITY,building,building,675,,,dubaistudiocity,already has a building: nothing to add
PN1656,1656,AG TOWER,register_extract_2026-06-15,Business Bay,Business Bay,,building,building,346,,,businessbay,already has a building: nothing to add
PN1657,1657,AL FALAK RESIDENCE,register_extract_2026-06-15,Nadd Hessa,Silicon Oasis,SILICON OASIS,building,building,626,,,siliconoasis,already has a building: nothing to add
PN1658,1658,RIAH TOWERS,register_extract_2026-06-15,Al Jadaf,Jaddaf Waterfront,JADDAF WATERFRONT,building,building,326,,,samaaljadaf,already has a building: nothing to add
PN1660,1660,FORTE,register_extract_2026-06-15,Burj Khalifa,DownTown Dubai,BURJ KHALIFA,building,building,345,,,burjkhalifa,already has a building: nothing to add
PN1662,1662,ARABIAN GATE,register_extract_2026-06-15,Nadd Hessa,Silicon Oasis,SILICON OASIS,building,building,626,,,siliconoasis,already has a building: nothing to add
PN1663,1663,CREEKSIDE 18,register_extract_2026-06-15,Al Khairan First,Dubai Creek Harbour,DUBAI CREEK HARBOUR,building,building,415,,,alkhairanfirst,already has a building: nothing to add
PN1664,1664,STELLA MARIS,register_extract_2026-06-15,Marsa Dubai,Dubai Marina,DUBAI MARINA,building,building,392,,,dubaimarina,already has a building: nothing to add
PN1665,1665,PARAMOUNT TOWER HOTEL & RESIDENCES,register_extract_2026-06-15,Business Bay,,BUSINESS BAY,building,building,346,,,businessbay,already has a building: nothing to add
PN1666,1666,THE ONE,register_extract_2026-06-15,Al Barsha South Fourth,Jumeirah Village Circle,,building,building,681,,,jumeirahvillagecircle,already has a building: nothing to add
PN1667,1667,GREEN COMMUNITY  WEST-  EXTENSION- PHASE III,register_extract_2026-06-15,Dubai Investment Park First,Dubai Investment Park First,,building,building,598,,,dubaiinvestmentparkfirst,already has a building: nothing to add
PN1668,1668,PULSE SMART RESIDENCE,register_extract_2026-06-15,Al Barsha South Fourth,Jumeirah Village Circle,JUMEIRAH VILLAGE CIRCLE,building,building,681,,,jumeirahvillagecircle,already has a building: nothing to add
PN1670,1670,AL HABTOOR CITY,register_extract_2026-06-15,Business Bay,,BUSINESS BAY,building,building,346,,,businessbay,already has a building: nothing to add
PN1672,1672,MIDTOWN - AFNAN,register_extract_2026-06-15,Me'Aisem First,International Media Production Zone,DUBAI PRODUCTION CITY,building,building,685,,,dubaiproductioncity,already has a building: nothing to add
PN1673,1673,MAG 5 BOULEVARD,register_extract_2026-06-15,Madinat Al Mataar,Dubai South Residential District,DUBAI SOUTH,building,building,521,,,madinatalmataar,already has a building: nothing to add
PN1674,1674,AL FAHAD 4,sales_register_only,Al Barshaa South Third,Arjan,,building,building,673,,,arjan,already has a building: nothing to add
PN1675,1675,DAMAC HILLS (2) - VIRIDIS,register_extract_2026-06-15,Madinat Hind 4,DAMAC HILLS 2,Madinat Hind 4,building,building,914,,,madinathind4,already has a building: nothing to add
PN1676,1676,THE ONE JBR,register_extract_2026-06-15,Marsa Dubai,Jumeriah Beach Residence  - JBR,JUMEIRAH BEACH RESIDENCE,building,building,392,,,dubaimarina,already has a building: nothing to add
PN1677,1677,TOWN SQUARE JENNA AND WARDA,register_extract_2026-06-15,Al Yelayiss 2,TOWN SQUARE,TOWN SQUARE,building,building,922,,,alyelayiss2,already has a building: nothing to add
PN1678,1678,HYATI RESIDENCE,register_extract_2026-06-15,Al Barsha South Fourth,Jumeirah Village Circle,JUMEIRAH VILLAGE CIRCLE,building,building,681,,,jumeirahvillagecircle,already has a building: nothing to add
PN1680,1680,MERANO TOWER,register_extract_2026-06-15,Business Bay,Business Bay,BUSINESS BAY,building,building,346,,,businessbay,already has a building: nothing to add
PN1681,1681,ALTIA RESIDENCE,register_extract_2026-06-15,Nadd Hessa,Silicon Oasis,SILICON OASIS,building,building,626,,,siliconoasis,already has a building: nothing to add
PN1685,1685,VOLANTE,register_extract_2026-06-15,Business Bay,Business Bay,BUSINESS BAY,building,building,346,,,businessbay,already has a building: nothing to add
PN1687,1687,MADA RESIDENCES TOWER,register_extract_2026-06-15,Burj Khalifa,DownTown Dubai,BURJ KHALIFA,building,building,345,,,burjkhalifa,already has a building: nothing to add
PN1688,1688,TFG ONE HOTEL,register_extract_2026-06-15,Marsa Dubai,Dubai Marina,DUBAI MARINA,building,building,392,,,dubaimarina,already has a building: nothing to add
PN1689,1689,BINGHATTI VIEWS,register_extract_2026-06-15,Nadd Hessa,Silicon Oasis,SILICON OASIS,building,building,626,,,siliconoasis,already has a building: nothing to add
PN1690,1690,MAPLE 2,register_extract_2026-06-15,Hadaeq Sheikh Mohammed Bin Rashid,Dubai Hills Estate,DUBAI HILLS,building,building,631,,,dubaihills,already has a building: nothing to add
PN1691,1691,BURJ VIEW RESIDENCE,register_extract_2026-06-15,Arjan,Arjan,ARJAN,building,building,673,,,arjan,already has a building: nothing to add
PN1692,1692,MAY RESIDENCE,register_extract_2026-06-15,Al Barsha South Fourth,,JUMEIRAH VILLAGE CIRCLE,building,building,681,,,jumeirahvillagecircle,already has a building: nothing to add
PN1695,1695,THE ADDRESS DUBAI OPERA,register_extract_2026-06-15,Burj Khalifa,DownTown Dubai,BURJ KHALIFA,building,building,345,,,burjkhalifa,already has a building: nothing to add
PN1696,1696,"THE ROYAL ATLANTIS,RESORT AND RESIDENCES",register_extract_2026-06-15,Palm Jumeirah,Palm Jumeirah,PALM JUMEIRAH,building,building,381,,,palmjumeirah,already has a building: nothing to add
PN1698,1698,W Residences Dubai - The Palm,register_extract_2026-06-15,Palm Jumeirah,Palm Jumeirah,PALM JUMEIRAH,building,building,381,,,palmjumeirah,already has a building: nothing to add
PN1699,1699,STARZ TOWER by DANUBE,register_extract_2026-06-15,Jabal Ali First,Al Furjan,AL FURJAN,building,building,591,,,jabalalifirst,already has a building: nothing to add
PN1700,1700,ORION BUILDING,register_extract_2026-06-15,Al Barshaa South Third,,Al Barshaa South Third,building,building,673,,,arjan,already has a building: nothing to add
PN1701,1701,WEST BAY TOWER,register_extract_2026-06-15,Business Bay,Business Bay,BUSINESS BAY,building,building,346,,,businessbay,already has a building: nothing to add
PN1703,1703,"Mohammed Bin Rashid Al Maktoum City , District One Phase III  , Residences 4",register_extract_2026-06-15,Al Merkadh,SOBHA HARTLAND,MBR DISTRICT 1,building,building,347,,,(outside the 42 districts),already has a building: nothing to add
PN1708,1708,TOPAZ RESIDENCES 2,register_extract_2026-06-15,Nadd Hessa,Silicon Oasis,SILICON OASIS,building,building,626,,,siliconoasis,already has a building: nothing to add
PN1710,1710,HARBOUR VIEWS,register_extract_2026-06-15,Al Khairan First,Dubai Creek Harbour,DUBAI CREEK HARBOUR,building,building,415,,,alkhairanfirst,already has a building: nothing to add
PN1711,1711,MURANO RESIDENCE 1,register_extract_2026-06-15,Jabal Ali First,Al Furjan,AL FURJAN,building,building,591,,,jabalalifirst,already has a building: nothing to add
PN1712,1712,DAMAC HILLS (2) - NAVITAS,register_extract_2026-06-15,Madinat Hind 4,DAMAC HILLS 2,Madinat Hind 4,building,building,914,,,madinathind4,already has a building: nothing to add
PN1715,1715,VINCITORE PALACIO,register_extract_2026-06-15,Arjan,Arjan,ARJAN,building,building,673,,,arjan,already has a building: nothing to add
PN1717,1717,NO.9 & NO.10 CITYWALK RESIDENTIAL,register_extract_2026-06-15,Al Wasl,City Walk,CITY WALK,building,building,343,,,alwasl,already has a building: nothing to add
PN1718,1718,"NO. 4A, NO.4B, NO.5 CITYWALK RESIDENTIAL",register_extract_2026-06-15,Al Wasl,City Walk,CITY WALK,building,building,343,,,alwasl,already has a building: nothing to add
PN1719,1719,"NO.1, NO.2A, NO.2B, NO.3A AND 3B CITYWALK RESIDENTIAL",register_extract_2026-06-15,Al Wasl,City Walk,CITY WALK,building,building,343,,,alwasl,already has a building: nothing to add
PN1720,1720,NO. 6A AND NO.6B CITYWALK RESIDENTIAL,register_extract_2026-06-15,Al Wasl,City Walk,CITY WALK,building,building,343,,,alwasl,already has a building: nothing to add
PN1721,1721,ROYAL BAY,register_extract_2026-06-15,Palm Jumeirah,Palm Jumeirah,PALM JUMEIRAH,building,building,381,,,palmjumeirah,already has a building: nothing to add
PN1722,1722,TERHAB HOTEL & TOWERS AT JUMEIRAH VILLAGE TRIANGLE,register_extract_2026-06-15,Al Barsha South Fifth,Jumeirah Village Triangle,JUMEIRAH VILLAGE TRIANGLE,building,building,684,,,jumeirahvillagetriangle,already has a building: nothing to add
PN1725,1725,DEZIRE RESIDENCES,register_extract_2026-06-15,Al Barsha South Fourth,Jumeirah Village Circle,JUMEIRAH VILLAGE CIRCLE,building,building,681,,,jumeirahvillagecircle,already has a building: nothing to add
PN1726,1726,AYKON CITY,register_extract_2026-06-15,Business Bay,,BUSINESS BAY,building,building,346,,,businessbay,already has a building: nothing to add
PN1731,1731,MIDTOWN - DANIA,register_extract_2026-06-15,Me'Aisem First,International Media Production Zone,DUBAI PRODUCTION CITY,building,building,685,,,dubaiproductioncity,already has a building: nothing to add
PN1732,1732,BAHWAN TOWER,register_extract_2026-06-15,Burj Khalifa,DownTown Dubai,BURJ KHALIFA,building,building,345,,,burjkhalifa,already has a building: nothing to add
PN1734,1734,SAFEER RESIDENCES 3,register_extract_2026-06-15,Wadi Al Safa 5,Dubai Land Residence Complex,,building,building,648,,,wadialsafa5,already has a building: nothing to add
PN1736,1736,"NO.20, NO.21A, NO.21B AND NO.22 CITYWALK RESIDENTIAL",register_extract_2026-06-15,Al Wasl,City Walk,CITY WALK,building,building,343,,,alwasl,already has a building: nothing to add
PN1737,1737,CANDACE ACACIA HOTEL APARTMENTS,register_extract_2026-06-15,Jabal Ali First,Al Furjan,AL FURJAN,building,building,591,,,jabalalifirst,already has a building: nothing to add
PN1738,1738,CANDACE ASTER HOTEL APARTMENTS,register_extract_2026-06-15,Jabal Ali First,Al Furjan,AL FURJAN,building,building,591,,,jabalalifirst,already has a building: nothing to add
PN1739,1739,VICTORIA RESIDENCY,register_extract_2026-06-15,Jabal Ali First,Al Furjan,AL FURJAN,building,building,591,,,jabalalifirst,already has a building: nothing to add
PN1740,1740,Ciel,register_extract_2026-06-15,Marsa Dubai,Dubai Marina,DUBAI MARINA,building,building,392,,,dubaimarina,already has a building: nothing to add
PN1743,1743,JUMEIRAH LIVING MARINA GATE,register_extract_2026-06-15,Marsa Dubai,Dubai Marina,Marsa Dubai,building,building,392,,,dubaimarina,already has a building: nothing to add
PN1745,1745,GEMINI SPLENDOR,register_extract_2026-06-15,Al Merkadh,SOBHA HARTLAND,SOBHA HEARTLAND,building,building,347,,,(outside the 42 districts),already has a building: nothing to add
PN1747,1747,5242,register_extract_2026-06-15,Marsa Dubai,Dubai Marina,DUBAI MARINA,building,building,392,,,dubaimarina,already has a building: nothing to add
PN1749,1749,GLAMZ RESIDENCE,register_extract_2026-06-15,Jabal Ali First,Al Furjan,AL FURJAN,building,building,591,,,jabalalifirst,already has a building: nothing to add
PN1750,1750,MARQUISE SQUARE TOWER,register_extract_2026-06-15,Business Bay,Business Bay,BUSINESS BAY,building,building,346,,,businessbay,already has a building: nothing to add
PN1752,1752,CRYSTAL RESIDENCE,register_extract_2026-06-15,Al Barsha South Fourth,Jumeirah Village Circle,JUMEIRAH VILLAGE CIRCLE,building,building,681,,,jumeirahvillagecircle,already has a building: nothing to add
PN1753,1753,CLUB VILLAS,register_extract_2026-06-15,Palm Jumeirah,Palm Jumeirah,PALM JUMEIRAH,building,building,381,,,palmjumeirah,already has a building: nothing to add
PN1754,1754,NO.15 & NO.16 CITYWALK RESIDENTIAL,register_extract_2026-06-15,Al Wasl,City Walk,CITY WALK,building,building,343,,,alwasl,already has a building: nothing to add
PN1755,1755,HAYAT BOULEVARD,register_extract_2026-06-15,Al Yelayiss 2,TOWN SQUARE,TOWN SQUARE,building,building,922,,,alyelayiss2,already has a building: nothing to add
PN1757,1757,Il PRIMO,register_extract_2026-06-15,Burj Khalifa,DownTown Dubai,BURJ KHALIFA,building,building,345,,,burjkhalifa,already has a building: nothing to add
PN1758,1758,The Residences,register_extract_2026-06-15,Al Thanyah Fifth,,JUMEIRAH LAKES TOWERS,building,building,393,,,"althanyahfifth,jltnorth,jltsouth",already has a building: nothing to add
PN1762,1762,Roy Mediterranean Hotel Apartments,register_extract_2026-06-15,Jabal Ali First,Al Furjan,AL FURJAN,building,building,591,,,jabalalifirst,already has a building: nothing to add
PN1763,1763,Montrell Hotel Aprtments,register_extract_2026-06-15,Jabal Ali First,Al Furjan,AL FURJAN,building,building,591,,,jabalalifirst,already has a building: nothing to add
PN1765,1765,The Galleries,register_extract_2026-06-15,Nad Al Shiba First,Meydan Racecourse Community,MEYDAN AVENUE,building,building,618,,,"goldensymphony,meydanone,sobhaheartland",already has a building: nothing to add
PN1766,1766,Laya Residences,register_extract_2026-06-15,Al Barsha South Fourth,Jumeirah Village Circle,JUMEIRAH VILLAGE CIRCLE,building,building,681,,,jumeirahvillagecircle,already has a building: nothing to add
PN1769,1769,Burj Sabah,register_extract_2026-06-15,Al Barsha South Fourth,Jumeirah Village Circle,JUMEIRAH VILLAGE CIRCLE,building,building,681,,,jumeirahvillagecircle,already has a building: nothing to add
PN1771,1771,Azizi Mina,register_extract_2026-06-15,Palm Jumeirah,Palm Jumeirah,PALM JUMEIRAH,building,building,381,,,palmjumeirah,already has a building: nothing to add
PN1772,1772,CREEK HORIZON,register_extract_2026-06-15,Al Khairan First,Dubai Creek Harbour,DUBAI CREEK HARBOUR,building,building,415,,,alkhairanfirst,already has a building: nothing to add
PN1773,1773,ACT ONE | ACT TWO,register_extract_2026-06-15,Burj Khalifa,DownTown Dubai,BURJ KHALIFA,building,building,345,,,burjkhalifa,already has a building: nothing to add
PN1776,1776,Studio One,register_extract_2026-06-15,Marsa Dubai,Dubai Marina,DUBAI MARINA,building,building,392,,,dubaimarina,already has a building: nothing to add
PN1779,1779,OIA Residence,register_extract_2026-06-15,Al Hebiah First,Motor City,MOTOR CITY,building,building,674,,,motorcity,already has a building: nothing to add
PN1781,1781,"No.17, No.18a,No.18b and No.19 Citywalk Residential",register_extract_2026-06-15,Al Wasl,City Walk,CITY WALK,building,building,343,,,alwasl,already has a building: nothing to add
PN1782,1782,AL JAWHARA TOWER,register_extract_2026-06-15,Al Barsha South Fifth,,JUMEIRAH VILLAGE TRIANGLE,building,building,684,,,jumeirahvillagetriangle,already has a building: nothing to add
PN1783,1783,Azizi Shaista Residence,register_extract_2026-06-15,Jabal Ali First,Al Furjan,AL FURJAN,building,building,591,,,jabalalifirst,already has a building: nothing to add
PN1784,1784,Milano Giovanni Boutique Suites,register_extract_2026-06-15,Al Barsha South Fourth,Jumeirah Village Circle,JUMEIRAH VILLAGE CIRCLE,building,building,681,,,jumeirahvillagecircle,already has a building: nothing to add
PN1785,1785,Belvedere,register_extract_2026-06-15,Al Warsan First,International City Phase 1,INTERNATIONAL CITY PH 1,building,building,621,,,(outside the 42 districts),already has a building: nothing to add
PN1786,1786,VERA TOWER,register_extract_2026-06-15,Business Bay,Business Bay,BUSINESS BAY,building,building,346,,,businessbay,already has a building: nothing to add
PN1789,1789,Azizi Plaza Hotel Apartments,register_extract_2026-06-15,Jabal Ali First,Al Furjan,AL FURJAN,building,building,591,,,jabalalifirst,already has a building: nothing to add
PN1790,1790,Jumeirah Gate,register_extract_2026-06-15,Marsa Dubai,Jumeriah Beach Residence  - JBR,JUMEIRAH BEACH RESIDENCE,building,building,392,,,dubaimarina,already has a building: nothing to add
PN1795,1795,Bluewaters Residences,register_extract_2026-06-15,Marsa Dubai,Bluewaters Island,BLUEWATERS,building,building,392,,,dubaimarina,already has a building: nothing to add
PN1796,1796,BLOOM HEIGHTS,register_extract_2026-06-15,Al Barsha South Fourth,Jumeirah Village Circle,JUMEIRAH VILLAGE CIRCLE,building,building,681,,,jumeirahvillagecircle,already has a building: nothing to add
PN1797,1797,DT 1,register_extract_2026-06-15,Burj Khalifa,DownTown Dubai,BURJ KHALIFA,building,building,345,,,burjkhalifa,already has a building: nothing to add
PN1798,1798,SOBHA HARTLAND GREENS PHASE II,register_extract_2026-06-15,Al Merkadh,SOBHA HARTLAND,SOBHA HEARTLAND,building,building,347,,,(outside the 42 districts),already has a building: nothing to add
PN1799,1799,Azizi Aliyah Residences,register_extract_2026-06-15,Al Jadaf,Dubai Health Care City Phase 2,DUBAI HEALTHCARE CITY - PHASE 2,building,building,326,,,samaaljadaf,already has a building: nothing to add
PN1802,1802,The One at Jumeirah Village Triangle,register_extract_2026-06-15,Al Barsha South Fifth,Jumeirah Village Triangle,JUMEIRAH VILLAGE TRIANGLE,building,building,684,,,jumeirahvillagetriangle,already has a building: nothing to add
PN1804,1804,THE PULSE TOWNHOUSES,register_extract_2026-06-15,Madinat Al Mataar,Dubai South Residential District,DUBAI SOUTH,building,building,521,,,madinatalmataar,already has a building: nothing to add
PN1805,1805,The Pulse Residence,register_extract_2026-06-15,Madinat Al Mataar,Dubai South Residential District,DUBAI SOUTH,building,building,521,,,madinatalmataar,already has a building: nothing to add
PN1806,1806,The Pulse Boulevard Apartments,register_extract_2026-06-15,Madinat Al Mataar,Dubai South Residential District,DUBAI SOUTH,building,building,521,,,madinatalmataar,already has a building: nothing to add
PN1807,1807,SHAMAL WAVES,register_extract_2026-06-15,Al Barsha South Fourth,Jumeirah Village Circle,JUMEIRAH VILLAGE CIRCLE,building,building,681,,,jumeirahvillagecircle,already has a building: nothing to add
PN1808,1808,URBANA,register_extract_2026-06-15,Madinat Al Mataar,Dubai World Central,EMAAR SOUTH,building,building,521,,,madinatalmataar,already has a building: nothing to add
PN1809,1809,La-Riviera Apartments,register_extract_2026-06-15,Al Barsha South Fourth,Jumeirah Village Circle,JUMEIRAH VILLAGE CIRCLE,building,building,681,,,jumeirahvillagecircle,already has a building: nothing to add
PN1810,1810,Azizi Farishta Residence,register_extract_2026-06-15,Jabal Ali First,Al Furjan,AL FURJAN,building,building,591,,,jabalalifirst,already has a building: nothing to add
PN1811,1811,Imperial  Avenue,register_extract_2026-06-15,Burj Khalifa,DownTown Dubai,BURJ KHALIFA,building,building,345,,,burjkhalifa,already has a building: nothing to add
PN1812,1812,Park Point,register_extract_2026-06-15,Hadaeq Sheikh Mohammed Bin Rashid,Dubai Hills Estate,DUBAI HILLS,building,building,631,,,dubaihills,already has a building: nothing to add
PN1813,1813,Creek Gate,register_extract_2026-06-15,Al Khairan First,Dubai Creek Harbour,DUBAI CREEK HARBOUR,building,building,415,,,alkhairanfirst,already has a building: nothing to add
PN1814,1814,Azizi Samia Residence,register_extract_2026-06-15,Jabal Ali First,Al Furjan,AL FURJAN,building,building,591,,,jabalalifirst,already has a building: nothing to add
PN1816,1816,"The St. Regis Residences, Downtown Dubai",register_extract_2026-06-15,Burj Khalifa,DownTown Dubai,BURJ KHALIFA,building,building,345,,,burjkhalifa,already has a building: nothing to add
PN1818,1818,Harbour Gate,register_extract_2026-06-15,Al Khairan First,Dubai Creek Harbour,DUBAI CREEK HARBOUR,building,building,415,,,alkhairanfirst,already has a building: nothing to add
PN1819,1819,MIRACLZ TOWER,register_extract_2026-06-15,Arjan,Arjan,ARJAN,building,building,673,,,arjan,already has a building: nothing to add
PN1820,1820,Belgravia 2,register_extract_2026-06-15,Al Barsha South Fourth,Jumeirah Village Circle,JUMEIRAH VILLAGE CIRCLE,building,building,681,,,jumeirahvillagecircle,already has a building: nothing to add
PN1822,1822,Azizi Star Hotel Apartments,register_extract_2026-06-15,Jabal Ali First,Al Furjan,AL FURJAN,building,building,591,,,jabalalifirst,already has a building: nothing to add
PN1826,1826,The Cove,register_extract_2026-06-15,Al Khairan First,Dubai Creek Harbour,DUBAI CREEK HARBOUR,building,building,415,,,alkhairanfirst,already has a building: nothing to add
PN1827,1827,LIV RESIDENCE,register_extract_2026-06-15,Marsa Dubai,Dubai Marina,DUBAI MARINA,building,building,392,,,dubaimarina,already has a building: nothing to add
PN1829,1829,The Pulse Residence Icon,register_extract_2026-06-15,Madinat Al Mataar,Dubai South Residential District,DUBAI SOUTH,building,building,521,,,madinatalmataar,already has a building: nothing to add
PN1830,1830,The Pulse Residence Park,register_extract_2026-06-15,Madinat Al Mataar,Dubai South Residential District,DUBAI SOUTH,building,building,521,,,madinatalmataar,already has a building: nothing to add
PN1831,1831,VIDA Residences Dubai Marina,register_extract_2026-06-15,Marsa Dubai,Dubai Marina,DUBAI MARINA,building,building,392,,,dubaimarina,already has a building: nothing to add
PN1833,1833,PLATINUM RESIDENCE,register_extract_2026-06-15,Al Barsha South Fourth,Jumeirah Village Circle,,building,building,681,,,jumeirahvillagecircle,already has a building: nothing to add
PN1836,1836,RAWDA APARTMENTS,register_extract_2026-06-15,Al Yelayiss 2,TOWN SQUARE,TOWN SQUARE,building,building,922,,,alyelayiss2,already has a building: nothing to add
PN1839,1839,DAMAC HILLS (2) - AVENCIA,register_extract_2026-06-15,Madinat Hind 4,DAMAC HILLS 2,Madinat Hind 4,building,building,914,,,madinathind4,already has a building: nothing to add
PN1844,1844,ROXANA RESIDENCE,register_extract_2026-06-15,Al Barsha South Fourth,Jumeirah Village Circle,JUMEIRAH VILLAGE CIRCLE,building,building,681,,,jumeirahvillagecircle,already has a building: nothing to add
PN1846,1846,AL Andalus Phase 2,register_extract_2026-06-15,Me'Aisem First,Jumeirah Golf Estates,JUMEIRAH GOLF,building,building,685,,,dubaiproductioncity,already has a building: nothing to add
PN1847,1847,The 50,register_extract_2026-06-15,Wadi Al Safa 3,Majan,MAJAN,building,building,645,,,majan,already has a building: nothing to add
PN1848,1848,PLAZZO RESIDENCE,register_extract_2026-06-15,Al Barsha South Fifth,Jumeirah Village Triangle,JUMEIRAH VILLAGE TRIANGLE,building,building,684,,,jumeirahvillagetriangle,already has a building: nothing to add
PN1850,1850,CREEK RISE,register_extract_2026-06-15,Al Khairan First,Dubai Creek Harbour,DUBAI CREEK HARBOUR,building,building,415,,,alkhairanfirst,already has a building: nothing to add
PN1851,1851,La Quinta,register_extract_2026-06-15,Wadi Al Safa 5,,VILLANOVA,building,building,648,,,wadialsafa5,already has a building: nothing to add
PN1852,1852,Resortz Residence,register_extract_2026-06-15,Arjan,Arjan,ARJAN,building,building,673,,,arjan,already has a building: nothing to add
PN1853,1853,CASA FLORES AND EDEN APARTMENTS,register_extract_2026-06-15,Al Hebiah First,Motor City,MOTOR CITY,building,building,674,,,motorcity,already has a building: nothing to add
PN1854,1854,MAG 330,register_extract_2026-06-15,Wadi Al Safa 4,City Of Arabia,CITY OF ARABIA,building,building,646,,,wadialsafa4,already has a building: nothing to add
PN1855,1855,Royal Manor,register_extract_2026-06-15,Nad Al Shiba First,Meydan Racecourse Community,,building,building,618,,,"goldensymphony,meydanone,sobhaheartland",already has a building: nothing to add
PN1857,1857,URBANA II,register_extract_2026-06-15,Madinat Al Mataar,Dubai World Central,EMAAR SOUTH,building,building,521,,,madinatalmataar,already has a building: nothing to add
PN1858,1858,Al Fouad,register_extract_2026-06-15,Jabal Ali First,Al Furjan,AL FURJAN,building,building,591,,,jabalalifirst,already has a building: nothing to add
PN1860,1860,Kempinski Residences The Creek,register_extract_2026-06-15,Al Jadaf,Dubai Health Care City Phase 2,DUBAI HEALTHCARE CITY - PHASE 2,building,building,326,,,samaaljadaf,already has a building: nothing to add
PN1862,1862,Golf Views,register_extract_2026-06-15,Madinat Al Mataar,Dubai World Central,EMAAR SOUTH,building,building,521,,,madinatalmataar,already has a building: nothing to add
PN1864,1864,THE ONE HOTEL,register_extract_2026-06-15,Business Bay,Business Bay,BUSINESS BAY,building,building,346,,,businessbay,already has a building: nothing to add
PN1868,1868,ELITE BUSINESS BAY RESIDENCE,register_extract_2026-06-15,Business Bay,Business Bay,BUSINESS BAY,building,building,346,,,businessbay,already has a building: nothing to add
PN1869,1869,Dubai Wharf - Tower 2,register_extract_2026-06-15,Al Jadaf,Jaddaf Waterfront,JADDAF WATERFRONT,building,building,326,,,samaaljadaf,already has a building: nothing to add
PN1870,1870,ADDRESS HARBOUR POINT,register_extract_2026-06-15,Al Khairan First,Dubai Creek Harbour,DUBAI CREEK HARBOUR,building,building,415,,,alkhairanfirst,already has a building: nothing to add
PN1871,1871,EATON PLACE,register_extract_2026-06-15,Al Barsha South Fourth,Jumeirah Village Circle,JUMEIRAH VILLAGE CIRCLE,building,building,681,,,jumeirahvillagecircle,already has a building: nothing to add
PN1875,1875,BRIGHT CORNER,register_extract_2026-06-15,Nad Al Shiba First,Meydan Racecourse Community,MEYDAN AVENUE,building,building,618,,,"goldensymphony,meydanone,sobhaheartland",already has a building: nothing to add
PN1876,1876,Park Heights I,register_extract_2026-06-15,Hadaeq Sheikh Mohammed Bin Rashid,Dubai Hills Estate,DUBAI HILLS,building,building,631,,,dubaihills,already has a building: nothing to add
PN1879,1879,Vincitore Boulevard,register_extract_2026-06-15,Arjan,Arjan,ARJAN,building,building,673,,,arjan,already has a building: nothing to add
PN1880,1880,URBANA III,register_extract_2026-06-15,Madinat Al Mataar,Dubai World Central,EMAAR SOUTH,building,building,521,,,madinatalmataar,already has a building: nothing to add
PN1881,1881,Oxford Residence,register_extract_2026-06-15,Al Barsha South Fourth,Jumeirah Village Circle,JUMEIRAH VILLAGE CIRCLE,building,building,681,,,jumeirahvillagecircle,already has a building: nothing to add
PN1883,1883,The Pulse Residence Plaza,register_extract_2026-06-15,Madinat Al Mataar,Dubai South Residential District,DUBAI SOUTH,building,building,521,,,madinatalmataar,already has a building: nothing to add
PN1884,1884,The Pulse Boulevard Apartments - C3,register_extract_2026-06-15,Madinat Al Mataar,Dubai South Residential District,DUBAI SOUTH,building,building,521,,,madinatalmataar,already has a building: nothing to add
PN1885,1885,The Pulse Boulevard Grove,register_extract_2026-06-15,Madinat Al Mataar,Dubai South Residential District,,building,building,521,,,madinatalmataar,already has a building: nothing to add
PN1886,1886,SLS DUBAI,register_extract_2026-06-15,Business Bay,Business Bay,BUSINESS BAY,building,building,346,,,businessbay,already has a building: nothing to add
PN1888,1888,Bloom Towers,register_extract_2026-06-15,Al Barsha South Fourth,Jumeirah Village Circle,JUMEIRAH VILLAGE CIRCLE,building,building,681,,,jumeirahvillagecircle,already has a building: nothing to add
PN1889,1889,Bayz Tower,register_extract_2026-06-15,Business Bay,Business Bay,BUSINESS BAY,building,building,346,,,businessbay,already has a building: nothing to add
PN1891,1891,MAG 318,register_extract_2026-06-15,Business Bay,Business Bay,BUSINESS BAY,building,building,346,,,businessbay,already has a building: nothing to add
PN1892,1892,GREEN DIAMOND 1,register_extract_2026-06-15,Arjan,Arjan,ARJAN,building,building,673,,,arjan,already has a building: nothing to add
PN1895,1895,Island Park I,register_extract_2026-06-15,Al Khairan First,Dubai Creek Harbour,DUBAI CREEK HARBOUR,building,building,415,,,alkhairanfirst,already has a building: nothing to add
PN1896,1896,Island Park II,register_extract_2026-06-15,Al Khairan First,Dubai Creek Harbour,DUBAI CREEK HARBOUR,building,building,415,,,alkhairanfirst,already has a building: nothing to add
PN1897,1897,Azizi Aura Residences,register_extract_2026-06-15,Jabal Ali Industrial Second,Down Town Jabal Ali,DOWN TOWN JABAL ALI,building,building,518,,,jabalaliindustrialsecond,already has a building: nothing to add
PN1898,1898,Vida Dubai Mall,register_extract_2026-06-15,Burj Khalifa,DownTown Dubai,BURJ KHALIFA,building,building,345,,,burjkhalifa,already has a building: nothing to add
PN1901,1901,Dusit Princess Rijas,register_extract_2026-06-15,Al Barsha South Fourth,Jumeirah Village Circle,JUMEIRAH VILLAGE CIRCLE,building,building,681,,,jumeirahvillagecircle,already has a building: nothing to add
PN1903,1903,BAHWAN RESIDENCE,register_extract_2026-06-15,Nad Al Shiba First,Meydan Racecourse Community,,building,building,618,,,"goldensymphony,meydanone,sobhaheartland",already has a building: nothing to add
PN1905,1905,Qline (Qpoint phase II) R010,register_extract_2026-06-15,Wadi Al Safa 2,Liwan1,LIWAN,building,building,643,,,liwan1,already has a building: nothing to add
PN1907,1907,Sobha Hartland Greens - Phase III,register_extract_2026-06-15,Al Merkadh,SOBHA HARTLAND,SOBHA HEARTLAND,building,building,347,,,(outside the 42 districts),already has a building: nothing to add
PN1909,1909,SKY BAY HOTEL,register_extract_2026-06-15,Business Bay,Business Bay,BUSINESS BAY,building,building,346,,,businessbay,already has a building: nothing to add
PN1912,1912,Paradise View 1,register_extract_2026-06-15,Wadi Al Safa 3,Majan,MAJAN,building,building,645,,,majan,already has a building: nothing to add
PN1913,1913,J ONE,register_extract_2026-06-15,Business Bay,Business Bay,BUSINESS BAY,building,building,346,,,businessbay,already has a building: nothing to add
PN1914,1914,Farhad Azizi Residence,register_extract_2026-06-15,Al Jadaf,Dubai Health Care City Phase 2,DUBAI HEALTHCARE CITY - PHASE 2,building,building,326,,,samaaljadaf,already has a building: nothing to add
PN1915,1915,Grenland Residence By arloid,register_extract_2026-06-15,Wadi Al Safa 3,Mohammed Bin Rashid AL Maktoum District 11,Wadi Al Safa 3,building,building,645,,,majan,already has a building: nothing to add
PN1916,1916,Shorooq Land 2,register_extract_2026-06-15,Wadi Al Safa 5,Dubai Land Residence Complex,DUBAI LAND RESIDENCE COMPLEX,building,building,648,,,wadialsafa5,already has a building: nothing to add
PN1917,1917,Azizi Pearl,register_extract_2026-06-15,Jabal Ali First,Al Furjan,AL FURJAN,building,building,591,,,jabalalifirst,already has a building: nothing to add
PN1918,1918,Azizi Berton,register_extract_2026-06-15,Jabal Ali First,Al Furjan,AL FURJAN,building,building,591,,,jabalalifirst,already has a building: nothing to add
PN1919,1919,joya verde residences dubai,register_extract_2026-06-15,Al Barsha South Fourth,Jumeirah Village Circle,JUMEIRAH VILLAGE CIRCLE,building,building,681,,,jumeirahvillagecircle,already has a building: nothing to add
PN1920,1920,Empire Residence,register_extract_2026-06-15,Al Barsha South Fourth,Jumeirah Village Circle,JUMEIRAH VILLAGE CIRCLE,building,building,681,,,jumeirahvillagecircle,already has a building: nothing to add
PN1921,1921,17 ICON BAY,register_extract_2026-06-15,Al Khairan First,Dubai Creek Harbour,DUBAI CREEK HARBOUR,building,building,415,,,alkhairanfirst,already has a building: nothing to add
PN1922,1922,BELGRAVIA III,register_extract_2026-06-15,Al Barsha South Fourth,Jumeirah Village Circle,JUMEIRAH VILLAGE CIRCLE,building,building,681,,,jumeirahvillagecircle,already has a building: nothing to add
PN1923,1923,DAR AL JAWHARA,register_extract_2026-06-15,Al Barsha South Fourth,Jumeirah Village Circle,JUMEIRAH VILLAGE CIRCLE,building,building,681,,,jumeirahvillagecircle,already has a building: nothing to add
PN1924,1924,Remraam - Al Ramth,register_extract_2026-06-15,Al Hebiah Fifth,Remraam,REMRAAM,building,building,683,,,alhebiahfifth,already has a building: nothing to add
PN1926,1926,AVALON TOWER,register_extract_2026-06-15,Al Barsha South Fourth,Jumeirah Village Circle,JUMEIRAH VILLAGE CIRCLE,building,building,681,,,jumeirahvillagecircle,already has a building: nothing to add
PN1927,1927,Azizi Riviera 5,register_extract_2026-06-15,Al Merkadh,Meydan One Community,MEYDAN ONE,building,building,347,,,(outside the 42 districts),already has a building: nothing to add
PN1928,1928,Azizi Riviera 16,register_extract_2026-06-15,Al Merkadh,Meydan One Community,MEYDAN ONE,building,building,347,,,(outside the 42 districts),already has a building: nothing to add
PN1929,1929,SIGNATURE LIVINGS,register_extract_2026-06-15,Al Barsha South Fourth,Jumeirah Village Circle,JUMEIRAH VILLAGE CIRCLE,building,building,681,,,jumeirahvillagecircle,already has a building: nothing to add
PN1932,1932,DAMAC HILLS - GOLF VITA,register_extract_2026-06-15,Al Hebiah Third,DAMAC HILLS,DAMAC HILLS,building,building,676,,,damachills,already has a building: nothing to add
PN1933,1933,BINGHATTI STARS,register_extract_2026-06-15,Nadd Hessa,Silicon Oasis,SILICON OASIS,building,building,626,,,siliconoasis,already has a building: nothing to add
PN1934,1934,MBL RESIDENCE,register_extract_2026-06-15,Al Thanyah Fifth,Jumeirah Lakes Towers,JUMEIRAH LAKES TOWERS,building,building,393,,,"althanyahfifth,jltnorth,jltsouth",already has a building: nothing to add
PN1937,1937,PARK RIDGE,register_extract_2026-06-15,Hadaeq Sheikh Mohammed Bin Rashid,Dubai Hills Estate,DUBAI HILLS,building,building,631,,,dubaihills,already has a building: nothing to add
PN1940,1940,Azizi Riviera 7,register_extract_2026-06-15,Al Merkadh,Meydan One Community,MEYDAN ONE,building,building,347,,,(outside the 42 districts),already has a building: nothing to add
PN1941,1941,TONINO LAMBORGHINI RESIDENCES,register_extract_2026-06-15,Nad Al Shiba First,Meydan Racecourse Community,BUSINESS PARK,building,building,618,,,"goldensymphony,meydanone,sobhaheartland",already has a building: nothing to add
PN1942,1942,Azizi Riviera 4,register_extract_2026-06-15,Al Merkadh,Meydan One Community,MEYDAN ONE,building,building,347,,,(outside the 42 districts),already has a building: nothing to add
PN1944,1944,The Pulse Villas,register_extract_2026-06-15,Madinat Al Mataar,Dubai South Residential District,DUBAI SOUTH,building,building,521,,,madinatalmataar,already has a building: nothing to add
PN1946,1946,South Living,register_extract_2026-06-15,Madinat Al Mataar,Dubai South Residential District,DUBAI SOUTH,building,building,521,,,madinatalmataar,already has a building: nothing to add
PN1948,1948,THE WINGS,register_extract_2026-06-15,Arjan,Arjan,ARJAN,building,building,673,,,arjan,already has a building: nothing to add
PN1951,1951,Azizi Riviera 3,register_extract_2026-06-15,Al Merkadh,Meydan One Community,MEYDAN ONE,building,building,347,,,(outside the 42 districts),already has a building: nothing to add
PN1954,1954,O 2,register_extract_2026-06-15,Al Barsha South Fourth,Jumeirah Village Circle,JUMEIRAH VILLAGE CIRCLE,building,building,681,,,jumeirahvillagecircle,already has a building: nothing to add
PN1955,1955,Azizi Riviera 2,register_extract_2026-06-15,Al Merkadh,Meydan One Community,MEYDAN ONE,building,building,347,,,(outside the 42 districts),already has a building: nothing to add
PN1956,1956,Azizi Riviera 6,register_extract_2026-06-15,Al Merkadh,Meydan One Community,MEYDAN ONE,building,building,347,,,(outside the 42 districts),already has a building: nothing to add
PN1958,1958,Azizi Riviera 1,register_extract_2026-06-15,Al Merkadh,Meydan One Community,MEYDAN ONE,building,building,347,,,(outside the 42 districts),already has a building: nothing to add
PN1960,1960,Canal Residence West 2,register_extract_2026-06-15,Al Hebiah Fourth,Dubai Sports City,DUBAI SPORTS CITY,building,building,682,,,dubaisportscity,already has a building: nothing to add
PN1961,1961,Prime Views,register_extract_2026-06-15,Nad Al Shiba First,Meydan Racecourse Community,MEYDAN AVENUE,building,building,618,,,"goldensymphony,meydanone,sobhaheartland",already has a building: nothing to add
PN1962,1962,Seven Hotel and Apartments The Palm,register_extract_2026-06-15,Palm Jumeirah,Palm Jumeirah,PALM JUMEIRAH,building,building,381,,,palmjumeirah,already has a building: nothing to add
PN1963,1963,K1,register_extract_2026-06-15,Wadi Al Safa 5,Dubai Land Residence Complex,DUBAI LAND RESIDENCE COMPLEX,building,building,648,,,wadialsafa5,already has a building: nothing to add
PN1965,1965,Azizi Riviera 21,register_extract_2026-06-15,Al Merkadh,Meydan One Community,MEYDAN ONE,building,building,347,,,(outside the 42 districts),already has a building: nothing to add
PN1966,1966,Azizi Riviera 20,register_extract_2026-06-15,Al Merkadh,Meydan One Community,MEYDAN ONE,building,building,347,,,(outside the 42 districts),already has a building: nothing to add
PN1970,1970,WILTON TERRACES,register_extract_2026-06-15,Al Merkadh,SOBHA HARTLAND,SOBHA HEARTLAND,building,building,347,,,(outside the 42 districts),already has a building: nothing to add
PN1971,1971,CHAIMAA PREMIERE,register_extract_2026-06-15,Al Barsha South Fourth,Jumeirah Village Circle,JUMEIRAH VILLAGE CIRCLE,building,building,681,,,jumeirahvillagecircle,already has a building: nothing to add
PN1972,1972,Azizi Riviera 12,register_extract_2026-06-15,Al Merkadh,Meydan One Community,MEYDAN ONE,building,building,347,,,(outside the 42 districts),already has a building: nothing to add
PN1973,1973,Time 1,register_extract_2026-06-15,Wadi Al Safa 5,Dubai Land Residence Complex,DUBAI LAND RESIDENCE COMPLEX,building,building,648,,,wadialsafa5,already has a building: nothing to add
PN1974,1974,Azizi Riviera 11,register_extract_2026-06-15,Al Merkadh,Meydan One Community,MEYDAN ONE,building,building,347,,,(outside the 42 districts),already has a building: nothing to add
PN1975,1975,Azizi Riviera 15,register_extract_2026-06-15,Al Merkadh,Meydan One Community,MEYDAN ONE,building,building,347,,,(outside the 42 districts),already has a building: nothing to add
PN1976,1976,Azizi Riviera 13,register_extract_2026-06-15,Al Merkadh,Meydan One Community,MEYDAN ONE,building,building,347,,,(outside the 42 districts),already has a building: nothing to add
PN1979,1979,UNA,register_extract_2026-06-15,Al Yelayiss 2,TOWN SQUARE,TOWN SQUARE,building,building,922,,,alyelayiss2,already has a building: nothing to add
PN1983,1983,The Grand,register_extract_2026-06-15,Al Khairan First,Dubai Creek Harbour,DUBAI CREEK HARBOUR,building,building,415,,,alkhairanfirst,already has a building: nothing to add
PN1984,1984,"Mohammed Bin Rashid Al Maktoum City , District One Phase III  , Residences 1",register_extract_2026-06-15,Al Merkadh,Mohammed Bin Rashid AL Maktoum City -District -1 Community,MBR DISTRICT 1,building,building,347,,,(outside the 42 districts),already has a building: nothing to add
PN1985,1985,MICASA AVENUE,register_extract_2026-06-15,Jabal Ali First,Al Furjan,AL FURJAN,building,building,591,,,jabalalifirst,already has a building: nothing to add
PN1986,1986,Keturah Resort,register_extract_2026-06-15,Al Jadaf,Dubai Health Care City Phase 2,Al Jadaf,building,building,326,,,samaaljadaf,already has a building: nothing to add
PN1987,1987,Beverly Residence,register_extract_2026-06-15,Al Barsha South Fourth,Jumeirah Village Circle,JUMEIRAH VILLAGE CIRCLE,building,building,681,,,jumeirahvillagecircle,already has a building: nothing to add
PN1988,1988,PANTHEON ELYSEE,register_extract_2026-06-15,Al Barsha South Fourth,Jumeirah Village Circle,JUMEIRAH VILLAGE CIRCLE,building,building,681,,,jumeirahvillagecircle,already has a building: nothing to add
PN1990,1990,BANYAN TREE RESIDENCES HILLSIDE DUBAI,register_extract_2026-06-15,Al Thanyah Fifth,Jumeirah Lakes Towers,JUMEIRAH LAKES TOWERS,building,building,393,,,"althanyahfifth,jltnorth,jltsouth",already has a building: nothing to add
PN1993,1993,Azizi Riviera 10,register_extract_2026-06-15,Al Merkadh,Meydan One Community,MEYDAN ONE,building,building,347,,,(outside the 42 districts),already has a building: nothing to add
PN1994,1994,Azizi Riviera 14,register_extract_2026-06-15,Al Merkadh,Meydan One Community,MEYDAN ONE,building,building,347,,,(outside the 42 districts),already has a building: nothing to add
PN1995,1995,Azizi Riviera 8,register_extract_2026-06-15,Al Merkadh,Meydan One Community,MEYDAN ONE,building,building,347,,,(outside the 42 districts),already has a building: nothing to add
PN1996,1996,Azizi Riviera 18,register_extract_2026-06-15,Al Merkadh,Meydan One Community,MEYDAN ONE,building,building,347,,,(outside the 42 districts),already has a building: nothing to add
PN1997,1997,"Mohammed Bin Rashid Al Maktoum City , District One Phase III  , Residences 16",register_extract_2026-06-15,Al Merkadh,Mohammed Bin Rashid AL Maktoum City -District -1 Community,MBR DISTRICT 1,building,building,347,,,(outside the 42 districts),already has a building: nothing to add
PN1998,1998,"Mohammed Bin Rashid Al Maktoum City , District One Phase III  , Residences 15",register_extract_2026-06-15,Al Merkadh,Mohammed Bin Rashid AL Maktoum City -District -1 Community,MBR DISTRICT 1,building,building,347,,,(outside the 42 districts),already has a building: nothing to add
PN1999,1999,"Mohammed Bin Rashid Al Maktoum City , District One Phase III  , Residences 5",register_extract_2026-06-15,Al Merkadh,Mohammed Bin Rashid AL Maktoum City -District -1 Community,MBR DISTRICT 1,building,building,347,,,(outside the 42 districts),already has a building: nothing to add
PN2000,2000,"Mohammed Bin Rashid Al Maktoum City , District One Phase III  , Residences 3",register_extract_2026-06-15,Al Merkadh,Mohammed Bin Rashid AL Maktoum City -District -1 Community,MBR DISTRICT 1,building,building,347,,,(outside the 42 districts),already has a building: nothing to add
PN2001,2001,"Mohammed Bin Rashid Al Maktoum City , District One Phase III  , Residences 2",register_extract_2026-06-15,Al Merkadh,Mohammed Bin Rashid AL Maktoum City -District -1 Community,,building,building,347,,,(outside the 42 districts),already has a building: nothing to add
PN2002,2002,Azizi Riviera 19,register_extract_2026-06-15,Al Merkadh,Meydan One Community,MEYDAN ONE,building,building,347,,,(outside the 42 districts),already has a building: nothing to add
PN2003,2003,Azizi Riviera 22,register_extract_2026-06-15,Al Merkadh,Meydan One Community,MEYDAN ONE,building,building,347,,,(outside the 42 districts),already has a building: nothing to add
PN2007,2007,URBAN OASIS,register_extract_2026-06-15,Business Bay,Business Bay,BUSINESS BAY,building,building,346,,,businessbay,already has a building: nothing to add
PN2008,2008,Shorooq Land 1,register_extract_2026-06-15,Wadi Al Safa 5,Dubai Land Residence Complex,,building,building,648,,,wadialsafa5,already has a building: nothing to add
PN2009,2009,Azizi Riviera 23,register_extract_2026-06-15,Al Merkadh,Meydan One Community,MEYDAN ONE,building,building,347,,,(outside the 42 districts),already has a building: nothing to add
PN2010,2010,SAMAYA,register_extract_2026-06-15,Wadi Al Safa 3,Majan,,building,building,645,,,majan,already has a building: nothing to add
PN2011,2011,BELGRAVIA HEIGHTS I,register_extract_2026-06-15,Al Barsha South Fourth,Jumeirah Village Circle,JUMEIRAH VILLAGE CIRCLE,building,building,681,,,jumeirahvillagecircle,already has a building: nothing to add
PN2013,2013,The Terraces,register_extract_2026-06-15,Al Merkadh,SOBHA HARTLAND,SOBHA HEARTLAND,building,building,347,,,(outside the 42 districts),already has a building: nothing to add
PN2014,2014,Millennium Binghatti Residences Business Bay,register_extract_2026-06-15,Business Bay,Business Bay,BUSINESS BAY,building,building,346,,,businessbay,already has a building: nothing to add
PN2015,2015,BEACH VISTA,register_extract_2026-06-15,Marsa Dubai,Dubai Harbour,DUBAI HARBOUR,building,building,392,,,dubaimarina,already has a building: nothing to add
PN2018,2018,REVA RESIDENCES,register_extract_2026-06-15,Business Bay,Business Bay,BUSINESS BAY,building,building,346,,,businessbay,already has a building: nothing to add
PN2021,2021,Golden Wood Views,register_extract_2026-06-15,Al Barsha South Fifth,Jumeirah Village Triangle,,building,building,684,,,jumeirahvillagetriangle,already has a building: nothing to add
PN2022,2022,ALANDALUS BUILDING E,register_extract_2026-06-15,Me'Aisem First,Jumeirah Golf Estates,JUMEIRAH GOLF,building,building,685,,,dubaiproductioncity,already has a building: nothing to add
PN2023,2023,Edison House,register_extract_2026-06-15,Wadi Al Safa 5,Dubai Land Residence Complex,DUBAI LAND RESIDENCE COMPLEX,building,building,648,,,wadialsafa5,already has a building: nothing to add
PN2024,2024,"Mohammed Bin Rashid Al Maktoum City , District One Phase III  , Residences 14",register_extract_2026-06-15,Al Merkadh,Mohammed Bin Rashid AL Maktoum City -District -1 Community,MBR DISTRICT 1,building,building,347,,,(outside the 42 districts),already has a building: nothing to add
PN2025,2025,SUNRISE BAY,register_extract_2026-06-15,Marsa Dubai,Dubai Harbour,DUBAI HARBOUR,building,building,392,,,dubaimarina,already has a building: nothing to add
PN2026,2026,PLAZZO HEIGHTS,register_extract_2026-06-15,Al Barsha South Fourth,Jumeirah Village Circle,JUMEIRAH VILLAGE CIRCLE,building,building,681,,,jumeirahvillagecircle,already has a building: nothing to add
PN2027,2027,Jewelz Residence,register_extract_2026-06-15,Arjan,Arjan,ARJAN,building,building,673,,,arjan,already has a building: nothing to add
PN2028,2028,Socio,register_extract_2026-06-15,Hadaeq Sheikh Mohammed Bin Rashid,Dubai Hills Estate,DUBAI HILLS,building,building,631,,,dubaihills,already has a building: nothing to add
PN2030,2030,Laya Mansion,register_extract_2026-06-15,Al Barsha South Fourth,Jumeirah Village Circle,JUMEIRAH VILLAGE CIRCLE,building,building,681,,,jumeirahvillagecircle,already has a building: nothing to add
PN2032,2032,Samana Green,register_extract_2026-06-15,Arjan,Arjan,ARJAN,building,building,673,,,arjan,already has a building: nothing to add
PN2033,2033,MAG EYE Phase 1,register_extract_2026-06-15,Hadaeq Sheikh Mohammed Bin Rashid,HADAEQ SHEIKH MOHAMMED BIN RASHID - DISRICT 7,MBR DISTRICT 7,building,building,631,,,dubaihills,already has a building: nothing to add
PN2034,2034,Azizi Mirage 1,register_extract_2026-06-15,Al Hebiah Second,Dubai Studio City,DUBAI STUDIO CITY,building,building,675,,,dubaistudiocity,already has a building: nothing to add
PN2035,2035,Azizi Greenfield,register_extract_2026-06-15,Nad Al Shiba First,Meydan Racecourse Community,MEYDAN AVENUE,building,building,618,,,"goldensymphony,meydanone,sobhaheartland",already has a building: nothing to add
PN2036,2036,Azizi Grand,register_extract_2026-06-15,Al Hebiah Fourth,Dubai Sports City,DUBAI SPORTS CITY,building,building,682,,,dubaisportscity,already has a building: nothing to add
PN2037,2037,Azizi Gardens,register_extract_2026-06-15,Nad Al Shiba First,Meydan Racecourse Community,MEYDAN AVENUE,building,building,618,,,"goldensymphony,meydanone,sobhaheartland",already has a building: nothing to add
PN2038,2038,Azizi Park Avenue,register_extract_2026-06-15,Nad Al Shiba First,Meydan Racecourse Community,MEYDAN AVENUE,building,building,618,,,"goldensymphony,meydanone,sobhaheartland",already has a building: nothing to add
PN2040,2040,Azizi Riviera 33,register_extract_2026-06-15,Al Merkadh,Meydan One Community,MEYDAN ONE,building,building,347,,,(outside the 42 districts),already has a building: nothing to add
PN2041,2041,Azizi Riviera 35,register_extract_2026-06-15,Al Merkadh,Meydan One Community,MEYDAN ONE,building,building,347,,,(outside the 42 districts),already has a building: nothing to add
PN2042,2042,Azizi Riviera 32,register_extract_2026-06-15,Al Merkadh,Meydan One Community,MEYDAN ONE,building,building,347,,,(outside the 42 districts),already has a building: nothing to add
PN2043,2043,Azizi  Riviera 34,register_extract_2026-06-15,Al Merkadh,Meydan One Community,MEYDAN ONE,building,building,347,,,(outside the 42 districts),already has a building: nothing to add
PN2044,2044,GENESIS,register_extract_2026-06-15,Arjan,Arjan,ARJAN,building,building,673,,,arjan,already has a building: nothing to add
PN2045,2045,V2,register_extract_2026-06-15,Al Hebiah Fourth,Dubai Sports City,DUBAI SPORTS CITY,building,building,682,,,dubaisportscity,already has a building: nothing to add
PN2046,2046,Azizi Riviera 17,register_extract_2026-06-15,Al Merkadh,Meydan One Community,MEYDAN ONE,building,building,347,,,(outside the 42 districts),already has a building: nothing to add
PN2047,2047,Collective,register_extract_2026-06-15,Hadaeq Sheikh Mohammed Bin Rashid,Dubai Hills Estate,DUBAI HILLS,building,building,631,,,dubaihills,already has a building: nothing to add
PN2048,2048,Azizi Riviera 37,register_extract_2026-06-15,Al Merkadh,Meydan One Community,MEYDAN ONE,building,building,347,,,(outside the 42 districts),already has a building: nothing to add
PN2051,2051,Azizi Riviera 38,register_extract_2026-06-15,Al Merkadh,Meydan One Community,MEYDAN ONE,building,building,347,,,(outside the 42 districts),already has a building: nothing to add
PN2053,2053,Grande,register_extract_2026-06-15,Burj Khalifa,DownTown Dubai,BURJ KHALIFA,building,building,345,,,burjkhalifa,already has a building: nothing to add
PN2056,2056,Dune Residency Dubai,register_extract_2026-06-15,Al Barsha South Fourth,Jumeirah Village Circle,JUMEIRAH VILLAGE CIRCLE,building,building,681,,,jumeirahvillagecircle,already has a building: nothing to add
PN2058,2058,Living Garden II,register_extract_2026-06-15,Al Barsha South Fourth,Jumeirah Village Circle,JUMEIRAH VILLAGE CIRCLE,building,building,681,,,jumeirahvillagecircle,already has a building: nothing to add
PN2059,2059,Kappa Acca 3,register_extract_2026-06-15,Madinat Al Mataar,Dubai South Residential District,DUBAI SOUTH,building,building,521,,,madinatalmataar,already has a building: nothing to add
PN2060,2060,ALandalus Building D,register_extract_2026-06-15,Me'Aisem First,Jumeirah Golf Estates,JUMEIRAH GOLF,building,building,685,,,dubaiproductioncity,already has a building: nothing to add
PN2062,2062,Marwa Heights,register_extract_2026-06-15,Al Barsha South Fourth,Jumeirah Village Circle,JUMEIRAH VILLAGE CIRCLE,building,building,681,,,jumeirahvillagecircle,already has a building: nothing to add
PN2064,2064,BELGRAVIA HEIGHTS II,register_extract_2026-06-15,Al Barsha South Fourth,Jumeirah Village Circle,JUMEIRAH VILLAGE CIRCLE,building,building,681,,,jumeirahvillagecircle,already has a building: nothing to add
PN2065,2065,SEVEN CITY JLT,register_extract_2026-06-15,Al Thanyah Fifth,Jumeirah Islands,JUMEIRAH LAKES TOWERS,building,building,393,,,"althanyahfifth,jltnorth,jltsouth",already has a building: nothing to add
PN2066,2066,Sobha Creek Vistas,register_extract_2026-06-15,Al Merkadh,SOBHA HARTLAND,SOBHA HEARTLAND,building,building,347,,,(outside the 42 districts),already has a building: nothing to add
PN2068,2068,Azizi Riviera 9,register_extract_2026-06-15,Al Merkadh,Meydan One Community,MEYDAN ONE,building,building,347,,,(outside the 42 districts),already has a building: nothing to add
PN2078,2078,Maria Tower,register_extract_2026-06-15,Jabal Ali First,Al Furjan,AL FURJAN,building,building,591,,,jabalalifirst,already has a building: nothing to add
PN2079,2079,REGINA,register_extract_2026-06-15,Al Barsha South Fourth,Jumeirah Village Circle,JUMEIRAH VILLAGE CIRCLE,building,building,681,,,jumeirahvillagecircle,already has a building: nothing to add
PN2080,2080,OXFORD RESIDENCE 2,register_extract_2026-06-15,Al Barsha South Fourth,Jumeirah Village Circle,JUMEIRAH VILLAGE CIRCLE,building,building,681,,,jumeirahvillagecircle,already has a building: nothing to add
PN2083,2083,CREEK EDGE,register_extract_2026-06-15,Al Khairan First,Dubai Creek Harbour,DUBAI CREEK HARBOUR,building,building,415,,,alkhairanfirst,already has a building: nothing to add
PN2086,2086,The Nook,register_extract_2026-06-15,Jabal Ali First,Wasl Gate,Jabal Ali First,building,building,591,,,jabalalifirst,already has a building: nothing to add
PN2087,2087,Dolphin Tower,register_extract_2026-06-15,Business Bay,Business Bay,BUSINESS BAY,building,building,346,,,businessbay,already has a building: nothing to add
PN2091,2091,"Mohammed Bin Rashid Al Maktoum City , District One Phase III  , Residences12",register_extract_2026-06-15,Al Merkadh,Mohammed Bin Rashid AL Maktoum City -District -1 Community,MBR DISTRICT 1,building,building,347,,,(outside the 42 districts),already has a building: nothing to add
PN2094,2094,MARINA VISTA,register_extract_2026-06-15,Marsa Dubai,Dubai Harbour,DUBAI HARBOUR,building,building,392,,,dubaimarina,already has a building: nothing to add
PN2096,2096,Creek Beach - Breeze,register_extract_2026-06-15,Al Khairan First,Dubai Creek Harbour,DUBAI CREEK HARBOUR,building,building,415,,,alkhairanfirst,already has a building: nothing to add
PN2098,2098,Golf Suites - Dubai Hills,register_extract_2026-06-15,Hadaeq Sheikh Mohammed Bin Rashid,Dubai Hills Estate,DUBAI HILLS,building,building,631,,,dubaihills,already has a building: nothing to add
PN2099,2099,BELLA ROSE,register_extract_2026-06-15,Al Barshaa South Second,Dubai Science Park,DUBAI SCIENCE PARK,building,building,672,,,dubaisciencepark,already has a building: nothing to add
PN2101,2101,SHERENA RESIDENCE 2,register_extract_2026-06-15,Wadi Al Safa 3,Majan,MAJAN,building,building,645,,,majan,already has a building: nothing to add
PN2107,2107,Collective 2.0,register_extract_2026-06-15,Hadaeq Sheikh Mohammed Bin Rashid,Dubai Hills Estate,DUBAI HILLS,building,building,631,,,dubaihills,already has a building: nothing to add
PN2108,2108,Hyati Avenue,register_extract_2026-06-15,Al Barsha South Fourth,Jumeirah Village Circle,JUMEIRAH VILLAGE CIRCLE,building,building,681,,,jumeirahvillagecircle,already has a building: nothing to add
PN2111,2111,Creek Beach - Sunset,register_extract_2026-06-15,Al Khairan First,Dubai Creek Harbour,DUBAI CREEK HARBOUR,building,building,415,,,alkhairanfirst,already has a building: nothing to add
PN2112,2112,Burj Royale,register_extract_2026-06-15,Burj Khalifa,DownTown Dubai,BURJ KHALIFA,building,building,345,,,burjkhalifa,already has a building: nothing to add
PN2113,2113,Rove City Walk,register_extract_2026-06-15,Al Wasl,,Al Wasl,building,building,343,,,alwasl,already has a building: nothing to add
PN2115,2115,ELZ Residence,register_extract_2026-06-15,Arjan,Arjan,ARJAN,building,building,673,,,arjan,already has a building: nothing to add
PN2117,2117,Binghatti Gateway,register_extract_2026-06-15,Al Jadaf,Dubai Health Care City Phase 2,DUBAI HEALTHCARE CITY - PHASE 2,building,building,326,,,samaaljadaf,already has a building: nothing to add
PN2118,2118,Azizi Riviera 28,register_extract_2026-06-15,Al Merkadh,Meydan One Community,MEYDAN ONE,building,building,347,,,(outside the 42 districts),already has a building: nothing to add
PN2119,2119,Azizi Riviera 26,register_extract_2026-06-15,Al Merkadh,Meydan One Community,MEYDAN ONE,building,building,347,,,(outside the 42 districts),already has a building: nothing to add
PN2120,2120,Azizi Riviera 24,register_extract_2026-06-15,Al Merkadh,Meydan One Community,MEYDAN ONE,building,building,347,,,(outside the 42 districts),already has a building: nothing to add
PN2121,2121,Azizi Riviera 27,register_extract_2026-06-15,Al Merkadh,Meydan One Community,MEYDAN ONE,building,building,347,,,(outside the 42 districts),already has a building: nothing to add
PN2122,2122,Azizi Riviera 29,register_extract_2026-06-15,Al Merkadh,Meydan One Community,MEYDAN ONE,building,building,347,,,(outside the 42 districts),already has a building: nothing to add
PN2123,2123,Azizi Riviera 30,register_extract_2026-06-15,Al Merkadh,Meydan One Community,MEYDAN ONE,building,building,347,,,(outside the 42 districts),already has a building: nothing to add
PN2124,2124,Azizi Riviera 39,register_extract_2026-06-15,Al Merkadh,Meydan One Community,MEYDAN ONE,building,building,347,,,(outside the 42 districts),already has a building: nothing to add
PN2125,2125,Azizi Riviera 40,register_extract_2026-06-15,Al Merkadh,Meydan One Community,MEYDAN ONE,building,building,347,,,(outside the 42 districts),already has a building: nothing to add
PN2126,2126,Azizi Riviera 48,register_extract_2026-06-15,Al Merkadh,Meydan One Community,MEYDAN ONE,building,building,347,,,(outside the 42 districts),already has a building: nothing to add
PN2127,2127,Park Vista,register_extract_2026-06-15,Al Barsha South Fourth,Jumeirah Village Circle,JUMEIRAH VILLAGE CIRCLE,building,building,681,,,jumeirahvillagecircle,already has a building: nothing to add
PN2128,2128,Palace Residences - Dubai Creek Harbour,register_extract_2026-06-15,Al Khairan First,Dubai Creek Harbour,DUBAI CREEK HARBOUR,building,building,415,,,alkhairanfirst,already has a building: nothing to add
PN2129,2129,2020 Marquis,register_extract_2026-06-15,Arjan,Arjan,ARJAN,building,building,673,,,arjan,already has a building: nothing to add
PN2134,2134,MAJESTIQUE RESIDENCE 2,register_extract_2026-06-15,Madinat Al Mataar,Dubai South Residential District,DUBAI SOUTH,building,building,521,,,madinatalmataar,already has a building: nothing to add
PN2135,2135,Creek Beach - Bayshore,register_extract_2026-06-15,Al Khairan First,Dubai Creek Harbour,DUBAI CREEK HARBOUR,building,building,415,,,alkhairanfirst,already has a building: nothing to add
PN2137,2137,MAJESTIQUE RESIDENCE 1,register_extract_2026-06-15,Madinat Al Mataar,Dubai South Residential District,DUBAI SOUTH,building,building,521,,,madinatalmataar,already has a building: nothing to add
PN2139,2139,Q Gardens Boutique Residences,register_extract_2026-06-15,Arjan,Arjan,ARJAN,building,building,673,,,arjan,already has a building: nothing to add
PN2147,2147,Central Park at City Walk -Building 1,register_extract_2026-06-15,Al Wasl,City Walk,CITY WALK,building,building,343,,,alwasl,already has a building: nothing to add
PN2149,2149,Vincitore Benessere,register_extract_2026-06-15,Arjan,Arjan,ARJAN,building,building,673,,,arjan,already has a building: nothing to add
PN2150,2150,Creek Beach - Summer,register_extract_2026-06-15,Al Khairan First,Dubai Creek Harbour,DUBAI CREEK HARBOUR,building,building,415,,,alkhairanfirst,already has a building: nothing to add
PN2152,2152,Grand Bleu Tower interiors by Elie Saab,register_extract_2026-06-15,Marsa Dubai,Dubai Harbour,DUBAI HARBOUR,building,building,392,,,dubaimarina,already has a building: nothing to add
PN2155,2155,ZADA TOWER,register_extract_2026-06-15,Business Bay,Business Bay,BUSINESS BAY,building,building,346,,,businessbay,already has a building: nothing to add
PN2158,2158,WILTON PARK RESIDENCES,register_extract_2026-06-15,Al Merkadh,SOBHA HARTLAND,SOBHA HEARTLAND,building,building,347,,,(outside the 42 districts),already has a building: nothing to add
PN2162,2162,"Mohammed Bin Rashid Al Maktoum City , District One Phase III  , Residences 13",register_extract_2026-06-15,Al Merkadh,Mohammed Bin Rashid AL Maktoum City -District -1 Community,MBR DISTRICT 1,building,building,347,,,(outside the 42 districts),already has a building: nothing to add
PN2163,2163,Seagate,register_extract_2026-06-15,Madinat Dubai Almelaheyah,Mina Rashid,MINA RASHID,building,building,321,,,dubaimaritimecity,already has a building: nothing to add
PN2165,2165,BLUE WAVE,register_extract_2026-06-15,Wadi Al Safa 5,Dubai Land Residence Complex,DUBAI LAND RESIDENCE COMPLEX,building,building,648,,,wadialsafa5,already has a building: nothing to add
PN2166,2166,Sobha Hartland One Park Avenue,register_extract_2026-06-15,Al Merkadh,SOBHA HARTLAND,SOBHA HEARTLAND,building,building,347,,,(outside the 42 districts),already has a building: nothing to add
PN2170,2170,"Mohammed Bin Rashid Al Maktoum City , District One Phase III  , Residences 6",register_extract_2026-06-15,Al Merkadh,Mohammed Bin Rashid AL Maktoum City -District -1 Community,MBR DISTRICT 1,building,building,347,,,(outside the 42 districts),already has a building: nothing to add
PN2173,2173,SUNRISE LEGEND,register_extract_2026-06-15,Arjan,Arjan,ARJAN,building,building,673,,,arjan,already has a building: nothing to add
PN2174,2174,Creek Beach - VIDA Residences,register_extract_2026-06-15,Al Khairan First,Dubai Creek Harbour,DUBAI CREEK HARBOUR,building,building,415,,,alkhairanfirst,already has a building: nothing to add
PN2175,2175,Wavez Residence,register_extract_2026-06-15,Wadi Al Safa 2,Liwan1,LIWAN,building,building,643,,,liwan1,already has a building: nothing to add
PN2178,2178,Sobha Creek vistas Reserve,register_extract_2026-06-15,Al Merkadh,SOBHA HARTLAND,SOBHA HEARTLAND,building,building,347,,,(outside the 42 districts),already has a building: nothing to add
PN2179,2179,ARIA,register_extract_2026-06-15,Al Barsha South Fourth,Jumeirah Village Circle,,building,building,681,,,jumeirahvillagecircle,already has a building: nothing to add
PN2183,2183,Chaimaa Avenue,register_extract_2026-06-15,Al Barsha South Fourth,Jumeirah Village Circle,JUMEIRAH VILLAGE CIRCLE,building,building,681,,,jumeirahvillagecircle,already has a building: nothing to add
PN2184,2184,DAMAC HILLS (2) - NAVITAS (A & B),register_extract_2026-06-15,Madinat Hind 4,DAMAC HILLS 2,Madinat Hind 4,building,building,914,,,madinathind4,already has a building: nothing to add
PN2185,2185,Binghatti Avenue,register_extract_2026-06-15,Al Jadaf,Dubai Health Care City Phase 2,DUBAI HEALTHCARE CITY - PHASE 2,building,building,326,,,samaaljadaf,already has a building: nothing to add
PN2186,2186,Rigel,register_extract_2026-06-15,Al Barsha South Fourth,Jumeirah Village Circle,JUMEIRAH VILLAGE CIRCLE,building,building,681,,,jumeirahvillagecircle,already has a building: nothing to add
PN2187,2187,Alexis Tower,register_extract_2026-06-15,Jabal Ali Industrial Second,Down Town Jabal Ali,DOWN TOWN JABAL ALI,building,building,518,,,jabalaliindustrialsecond,already has a building: nothing to add
PN2188,2188,CREEK CRESCENT,register_extract_2026-06-15,Al Khairan First,Dubai Creek Harbour,DUBAI CREEK HARBOUR,building,building,415,,,alkhairanfirst,already has a building: nothing to add
PN2189,2189,Creek Beach - Grove,register_extract_2026-06-15,Al Khairan First,Dubai Creek Harbour,DUBAI CREEK HARBOUR,building,building,415,,,alkhairanfirst,already has a building: nothing to add
PN2190,2190,La Vie,register_extract_2026-06-15,Marsa Dubai,Jumeriah Beach Residence  - JBR,JUMEIRAH BEACH RESIDENCE,building,building,392,,,dubaimarina,already has a building: nothing to add
PN2192,2192,Gardenia Livings,register_extract_2026-06-15,Arjan,Arjan,ARJAN,building,building,673,,,arjan,already has a building: nothing to add
PN2193,2193,Creek Beach - Rosewater,register_extract_2026-06-15,Al Khairan First,Dubai Creek Harbour,DUBAI CREEK HARBOUR,building,building,415,,,alkhairanfirst,already has a building: nothing to add
PN2194,2194,THE HAVEN,register_extract_2026-06-15,Wadi Al Safa 3,Majan,MAJAN,building,building,645,,,majan,already has a building: nothing to add
PN2197,2197,LUCKY RESIDENCE,register_extract_2026-06-15,Al Barsha South Fourth,Jumeirah Village Circle,JUMEIRAH VILLAGE CIRCLE,building,building,681,,,jumeirahvillagecircle,already has a building: nothing to add
PN2198,2198,Alandalus Building G,register_extract_2026-06-15,Me'Aisem First,Jumeirah Golf Estates,JUMEIRAH GOLF,building,building,685,,,dubaiproductioncity,already has a building: nothing to add
PN2201,2201,Burj Crown,register_extract_2026-06-15,Burj Khalifa,DownTown Dubai,BURJ KHALIFA,building,building,345,,,burjkhalifa,already has a building: nothing to add
PN2202,2202,SAMANA GOLF AVENUE,register_extract_2026-06-15,Al Hebiah Second,Dubai Studio City,DUBAI STUDIO CITY,building,building,675,,,dubaistudiocity,already has a building: nothing to add
PN2203,2203,Binghatti Point,register_extract_2026-06-15,Nadd Hessa,Silicon Oasis,SILICON OASIS,building,building,626,,,siliconoasis,already has a building: nothing to add
PN2204,2204,OXFORD BOULEVARD,register_extract_2026-06-15,Al Barsha South Fourth,Jumeirah Village Circle,JUMEIRAH VILLAGE CIRCLE,building,building,681,,,jumeirahvillagecircle,already has a building: nothing to add
PN2206,2206,Nicholas Residence,register_extract_2026-06-15,Al Barsha South Fourth,Jumeirah Village Circle,JUMEIRAH VILLAGE CIRCLE,building,building,681,,,jumeirahvillagecircle,already has a building: nothing to add
PN2207,2207,BEACH ISLE,register_extract_2026-06-15,Marsa Dubai,Dubai Harbour,DUBAI HARBOUR,building,building,392,,,dubaimarina,already has a building: nothing to add
PN2208,2208,NOBLES,register_extract_2026-06-15,Business Bay,Business Bay,BUSINESS BAY,building,building,346,,,businessbay,already has a building: nothing to add
PN2209,2209,Murano Residence 5,register_extract_2026-06-15,Jabal Ali First,Al Furjan,,building,building,591,,,jabalalifirst,already has a building: nothing to add
PN2210,2210,MIDTOWN - NOOR,register_extract_2026-06-15,Me'Aisem First,International Media Production Zone,DUBAI PRODUCTION CITY,building,building,685,,,dubaiproductioncity,already has a building: nothing to add
PN2211,2211,MIDTOWN - MESK,register_extract_2026-06-15,Me'Aisem First,International Media Production Zone,DUBAI PRODUCTION CITY,building,building,685,,,dubaiproductioncity,already has a building: nothing to add
PN2212,2212,CLOUD Tower,register_extract_2026-06-15,Al Barsha South Fifth,Jumeirah Village Triangle,JUMEIRAH VILLAGE TRIANGLE,building,building,684,,,jumeirahvillagetriangle,already has a building: nothing to add
PN2213,2213,SUN POINT DUBAI,register_extract_2026-06-15,Me'Aisem First,International Media Production Zone,DUBAI PRODUCTION CITY,building,building,685,,,dubaiproductioncity,already has a building: nothing to add
PN2214,2214,15 Northside,register_extract_2026-06-15,Business Bay,Business Bay,BUSINESS BAY,building,building,346,,,businessbay,already has a building: nothing to add
PN2216,2216,LOCI Residences,register_extract_2026-06-15,Al Barsha South Fourth,Jumeirah Village Circle,JUMEIRAH VILLAGE CIRCLE,building,building,681,,,jumeirahvillagecircle,already has a building: nothing to add
PN2219,2219,Joya Blanca Residences,register_extract_2026-06-15,Arjan,Arjan,ARJAN,building,building,673,,,arjan,already has a building: nothing to add
PN2223,2223,THE HAVEN RESIDENCES,register_extract_2026-06-15,Al Barsha South Fourth,Jumeirah Village Circle,JUMEIRAH VILLAGE CIRCLE,building,building,681,,,jumeirahvillagecircle,already has a building: nothing to add
PN2225,2225,"Mohammed Bin Rashid Al Maktoum City , District One Phase III  , Residences 8",register_extract_2026-06-15,Al Merkadh,Mohammed Bin Rashid AL Maktoum City -District -1 Community,,building,building,347,,,(outside the 42 districts),already has a building: nothing to add
PN2226,2226,"Mohammed Bin Rashid Al Maktoum City , District One Phase III  , Residences 11",register_extract_2026-06-15,Al Merkadh,Mohammed Bin Rashid AL Maktoum City -District -1 Community,MBR DISTRICT 1,building,building,347,,,(outside the 42 districts),already has a building: nothing to add
PN2230,2230,Azizi Riviera 25,register_extract_2026-06-15,Al Merkadh,Meydan One Community,MEYDAN ONE,building,building,347,,,(outside the 42 districts),already has a building: nothing to add
PN2231,2231,Azizi Riviera 31,register_extract_2026-06-15,Al Merkadh,Meydan One Community,MEYDAN ONE,building,building,347,,,(outside the 42 districts),already has a building: nothing to add
PN2232,2232,Binghatti Gate,register_extract_2026-06-15,Al Barsha South Fourth,Jumeirah Village Circle,JUMEIRAH VILLAGE CIRCLE,building,building,681,,,jumeirahvillagecircle,already has a building: nothing to add
PN2233,2233,Binghatti Mirage,register_extract_2026-06-15,Al Barsha South Fourth,Jumeirah Village Circle,JUMEIRAH VILLAGE CIRCLE,building,building,681,,,jumeirahvillagecircle,already has a building: nothing to add
PN2235,2235,ARAS Residence,register_extract_2026-06-15,Wadi Al Safa 3,Majan,Wadi Al Safa 3,building,building,645,,,majan,already has a building: nothing to add
PN2237,2237,"Mohammed Bin Rashid Al Maktoum City , District One Phase III  , Residences 17",register_extract_2026-06-15,Al Merkadh,Mohammed Bin Rashid AL Maktoum City -District -1 Community,MBR DISTRICT 1,building,building,347,,,(outside the 42 districts),already has a building: nothing to add
PN2238,2238,"Mohammed Bin Rashid Al Maktoum City , District One Phase III  , Residences 18",register_extract_2026-06-15,Al Merkadh,Mohammed Bin Rashid AL Maktoum City -District -1 Community,MBR DISTRICT 1,building,building,347,,,(outside the 42 districts),already has a building: nothing to add
PN2239,2239,Sobha Hartland Waves,register_extract_2026-06-15,Al Merkadh,SOBHA HARTLAND,SOBHA HEARTLAND,building,building,347,,,(outside the 42 districts),already has a building: nothing to add
PN2240,2240,Palace Beach Residence,register_extract_2026-06-15,Marsa Dubai,Dubai Harbour,DUBAI HARBOUR,building,building,392,,,dubaimarina,already has a building: nothing to add
PN2241,2241,"Mohammed Bin Rashid Al Maktoum City , District One Phase III  , Residences 7",register_extract_2026-06-15,Al Merkadh,Mohammed Bin Rashid AL Maktoum City -District -1 Community,MBR DISTRICT 1,building,building,347,,,(outside the 42 districts),already has a building: nothing to add
PN2242,2242,"Mohammed Bin Rashid Al Maktoum City , District One Phase III  , Residences 22",register_extract_2026-06-15,Al Merkadh,Mohammed Bin Rashid AL Maktoum City -District -1 Community,MBR DISTRICT 1,building,building,347,,,(outside the 42 districts),already has a building: nothing to add
PN2243,2243,"Mohammed Bin Rashid Al Maktoum City , District One Phase III  , Residences 23",register_extract_2026-06-15,Al Merkadh,Mohammed Bin Rashid AL Maktoum City -District -1 Community,MBR DISTRICT 1,building,building,347,,,(outside the 42 districts),already has a building: nothing to add
PN2244,2244,"Mohammed Bin Rashid Al Maktoum City , District One Phase III  , Residences 29",register_extract_2026-06-15,Al Merkadh,Mohammed Bin Rashid AL Maktoum City -District -1 Community,,building,building,347,,,(outside the 42 districts),already has a building: nothing to add
PN2245,2245,"Mohammed Bin Rashid Al Maktoum City , District One Phase III  , Residences 19",register_extract_2026-06-15,Al Merkadh,Mohammed Bin Rashid AL Maktoum City -District -1 Community,MBR DISTRICT 1,building,building,347,,,(outside the 42 districts),already has a building: nothing to add
PN2246,2246,"Mohammed Bin Rashid Al Maktoum City , District One Phase III  , Residences 20",register_extract_2026-06-15,Al Merkadh,Mohammed Bin Rashid AL Maktoum City -District -1 Community,,building,building,347,,,(outside the 42 districts),already has a building: nothing to add
PN2247,2247,"Mohammed Bin Rashid Al Maktoum City , District One Phase III  , Residences 21",register_extract_2026-06-15,Al Merkadh,Mohammed Bin Rashid AL Maktoum City -District -1 Community,,building,building,347,,,(outside the 42 districts),already has a building: nothing to add
PN2248,2248,"Mohammed Bin Rashid Al Maktoum City , District One Phase III  , Residences 24",register_extract_2026-06-15,Al Merkadh,Mohammed Bin Rashid AL Maktoum City -District -1 Community,,building,building,347,,,(outside the 42 districts),already has a building: nothing to add
PN2249,2249,"Mohammed Bin Rashid Al Maktoum City , District One Phase III  , Residences 25",register_extract_2026-06-15,Al Merkadh,Mohammed Bin Rashid AL Maktoum City -District -1 Community,MBR DISTRICT 1,building,building,347,,,(outside the 42 districts),already has a building: nothing to add
PN2250,2250,"Mohammed Bin Rashid Al Maktoum City , District One Phase III  , Residences 26",register_extract_2026-06-15,Al Merkadh,Mohammed Bin Rashid AL Maktoum City -District -1 Community,MBR DISTRICT 1,building,building,347,,,(outside the 42 districts),already has a building: nothing to add
PN2251,2251,"Mohammed Bin Rashid Al Maktoum City , District One Phase III  , Residences 27",register_extract_2026-06-15,Al Merkadh,Mohammed Bin Rashid AL Maktoum City -District -1 Community,,building,building,347,,,(outside the 42 districts),already has a building: nothing to add
PN2252,2252,"Mohammed Bin Rashid Al Maktoum City , District One Phase III  , Residences 31",register_extract_2026-06-15,Al Merkadh,Mohammed Bin Rashid AL Maktoum City -District -1 Community,,building,building,347,,,(outside the 42 districts),already has a building: nothing to add
PN2253,2253,"Mohammed Bin Rashid Al Maktoum City , District One Phase III  , Residences 28",register_extract_2026-06-15,Al Merkadh,Mohammed Bin Rashid AL Maktoum City -District -1 Community,MBR DISTRICT 1,building,building,347,,,(outside the 42 districts),already has a building: nothing to add
PN2254,2254,"Mohammed Bin Rashid Al Maktoum City , District One Phase III  , Residences 30",register_extract_2026-06-15,Al Merkadh,Mohammed Bin Rashid AL Maktoum City -District -1 Community,MBR DISTRICT 1,building,building,347,,,(outside the 42 districts),already has a building: nothing to add
PN2270,2270,Regalia,register_extract_2026-06-15,Business Bay,Business Bay,BUSINESS BAY,building,building,346,,,businessbay,already has a building: nothing to add
PN2275,2275,Chaimaa Avenue 2,register_extract_2026-06-15,Al Barsha South Fourth,Jumeirah Village Circle,JUMEIRAH VILLAGE CIRCLE,building,building,681,,,jumeirahvillagecircle,already has a building: nothing to add
PN2276,2276,Prime Residency 3,register_extract_2026-06-15,Jabal Ali First,Al Furjan,AL FURJAN,building,building,591,,,jabalalifirst,already has a building: nothing to add
PN2277,2277,HARRINGTON HOUSE,register_extract_2026-06-15,Al Barsha South Fourth,Jumeirah Village Circle,JUMEIRAH VILLAGE CIRCLE,building,building,681,,,jumeirahvillagecircle,already has a building: nothing to add
PN2280,2280,SAMANA PARK VIEWS,register_extract_2026-06-15,Arjan,Arjan,ARJAN,building,building,673,,,arjan,already has a building: nothing to add
PN2284,2284,Peninsula One,register_extract_2026-06-15,Business Bay,Business Bay,BUSINESS BAY,building,building,346,,,businessbay,already has a building: nothing to add
PN2286,2286,Beach Mansion,register_extract_2026-06-15,Marsa Dubai,Dubai Harbour,DUBAI HARBOUR,building,building,392,,,dubaimarina,already has a building: nothing to add
PN2294,2294,Azizi Riviera 46,register_extract_2026-06-15,Al Merkadh,Meydan One Community,MEYDAN ONE,building,building,347,,,(outside the 42 districts),already has a building: nothing to add
PN2295,2295,Azizi Riviera 45,register_extract_2026-06-15,Al Merkadh,Meydan One Community,MEYDAN ONE,building,building,347,,,(outside the 42 districts),already has a building: nothing to add
PN2296,2296,Azizi Riviera 44,register_extract_2026-06-15,Al Merkadh,Meydan One Community,MEYDAN ONE,building,building,347,,,(outside the 42 districts),already has a building: nothing to add
PN2297,2297,Azizi Riviera Beachfront,register_extract_2026-06-15,Al Merkadh,Meydan One Community,MEYDAN ONE,building,building,347,,,(outside the 42 districts),already has a building: nothing to add
PN2300,2300,KENSINGTON WATERS,register_extract_2026-06-15,Al Merkadh,SOBHA HARTLAND,SOBHA HEARTLAND,building,building,347,,,(outside the 42 districts),already has a building: nothing to add
PN2301,2301,AVANOS,register_extract_2026-06-15,Al Barsha South Fourth,Jumeirah Village Circle,JUMEIRAH VILLAGE CIRCLE,building,building,681,,,jumeirahvillagecircle,already has a building: nothing to add
PN2302,2302,Ahad Residences,register_extract_2026-06-15,Business Bay,Business Bay,BUSINESS BAY,building,building,346,,,businessbay,already has a building: nothing to add
PN2304,2304,OAKLEY SQUARE RESIDENCES,register_extract_2026-06-15,Al Barsha South Fourth,Jumeirah Village Circle,JUMEIRAH VILLAGE CIRCLE,building,building,681,,,jumeirahvillagecircle,already has a building: nothing to add
PN2305,2305,Sobha Hartland Waves Grande,register_extract_2026-06-15,Al Merkadh,SOBHA HARTLAND,SOBHA HEARTLAND,building,building,347,,,(outside the 42 districts),already has a building: nothing to add
PN2309,2309,FIVE LUXE,register_extract_2026-06-15,Marsa Dubai,,Marsa Dubai,building,building,392,,,dubaimarina,already has a building: nothing to add
PN2310,2310,Lagoon Views at District One,register_extract_2026-06-15,Al Merkadh,Mohammed Bin Rashid AL Maktoum City -District -1 Community,MBR DISTRICT 1,building,building,347,,,(outside the 42 districts),already has a building: nothing to add
PN2312,2312,Taraf 2 Residence,register_extract_2026-06-15,Al Barsha South Fifth,Jumeirah Village Triangle,JUMEIRAH VILLAGE TRIANGLE,building,building,684,,,jumeirahvillagetriangle,already has a building: nothing to add
PN2313,2313,SKYZ By Danube,register_extract_2026-06-15,Arjan,Arjan,ARJAN,building,building,673,,,arjan,already has a building: nothing to add
PN2318,2318,Peninsula Two,register_extract_2026-06-15,Business Bay,Business Bay,BUSINESS BAY,building,building,346,,,businessbay,already has a building: nothing to add
PN2321,2321,Oxford 212,register_extract_2026-06-15,Al Barsha South Fourth,Jumeirah Village Circle,JUMEIRAH VILLAGE CIRCLE,building,building,681,,,jumeirahvillagecircle,already has a building: nothing to add
PN2323,2323,O10,register_extract_2026-06-15,Al Jadaf,Dubai Health Care City Phase 2,DUBAI HEALTHCARE CITY - PHASE 2,building,building,326,,,samaaljadaf,already has a building: nothing to add
PN2324,2324,Viridian,register_extract_2026-06-15,Al Wasl,City Walk,CITY WALK,building,building,343,,,alwasl,already has a building: nothing to add
PN2325,2325,Celadon,register_extract_2026-06-15,Al Wasl,City Walk,CITY WALK,building,building,343,,,alwasl,already has a building: nothing to add
PN2326,2326,Binghatti Rose,register_extract_2026-06-15,Al Barsha South Fourth,Jumeirah Village Circle,JUMEIRAH VILLAGE CIRCLE,building,building,681,,,jumeirahvillagecircle,already has a building: nothing to add
PN2327,2327,Luma21,register_extract_2026-06-15,Al Barsha South Fourth,Jumeirah Village Circle,JUMEIRAH VILLAGE CIRCLE,building,building,681,,,jumeirahvillagecircle,already has a building: nothing to add
PN2334,2334,Tranquil Wellness Tower,register_extract_2026-06-15,Al Barsha South Fifth,Jumeirah Village Triangle,JUMEIRAH VILLAGE TRIANGLE,building,building,684,,,jumeirahvillagetriangle,already has a building: nothing to add
PN2339,2339,Catch Residences By IGO,register_extract_2026-06-15,Al Barsha South Fourth,Jumeirah Village Circle,JUMEIRAH VILLAGE CIRCLE,building,building,681,,,jumeirahvillagecircle,already has a building: nothing to add
PN2340,2340,Azizi Riviera 36,register_extract_2026-06-15,Al Merkadh,Meydan One Community,MEYDAN ONE,building,building,347,,,(outside the 42 districts),already has a building: nothing to add
PN2341,2341,Azizi Riviera 42,register_extract_2026-06-15,Al Merkadh,Meydan One Community,MEYDAN ONE,building,building,347,,,(outside the 42 districts),already has a building: nothing to add
PN2342,2342,Azizi Riviera 43,register_extract_2026-06-15,Al Merkadh,Meydan One Community,MEYDAN ONE,building,building,347,,,(outside the 42 districts),already has a building: nothing to add
PN2343,2343,Azizi Riviera 41,register_extract_2026-06-15,Al Merkadh,Meydan One Community,MEYDAN ONE,building,building,347,,,(outside the 42 districts),already has a building: nothing to add
PN2344,2344,Peninsula Five,register_extract_2026-06-15,Business Bay,Business Bay,BUSINESS BAY,building,building,346,,,businessbay,already has a building: nothing to add
PN2345,2345,Samana Waves,register_extract_2026-06-15,Al Barsha South Fourth,Jumeirah Village Circle,JUMEIRAH VILLAGE CIRCLE,building,building,681,,,jumeirahvillagecircle,already has a building: nothing to add
PN2349,2349,LAYA HEIGHTS,register_extract_2026-06-15,Al Hebiah Second,Dubai Studio City,DUBAI STUDIO CITY,building,building,675,,,dubaistudiocity,already has a building: nothing to add
PN2350,2350,"Six Senses Residences The Palm, Dubai",register_extract_2026-06-15,Palm Jumeirah,Palm Jumeirah,PALM JUMEIRAH,building,building,381,,,palmjumeirah,already has a building: nothing to add
PN2352,2352,LIV MARINA,register_extract_2026-06-15,Marsa Dubai,Dubai Marina,DUBAI MARINA,building,building,392,,,dubaimarina,already has a building: nothing to add
PN2353,2353,Luxury Family Residence,register_extract_2026-06-15,Al Barsha South Fourth,Jumeirah Village Circle,JUMEIRAH VILLAGE CIRCLE,building,building,681,,,jumeirahvillagecircle,already has a building: nothing to add
PN2359,2359,City Center Residences,register_extract_2026-06-15,Burj Khalifa,DownTown Dubai,BURJ KHALIFA,building,building,345,,,burjkhalifa,already has a building: nothing to add
PN2360,2360,Welcome Residency,register_extract_2026-06-15,Arjan,Arjan,ARJAN,building,building,673,,,arjan,already has a building: nothing to add
PN2361,2361,Binghatti Creek,register_extract_2026-06-15,Al Jadaf,Dubai Health Care City Phase 2,DUBAI HEALTHCARE CITY - PHASE 2,building,building,326,,,samaaljadaf,already has a building: nothing to add
PN2363,2363,Canal Front Residences-CF7 & CF8 & CF9,register_extract_2026-06-15,Al Wasl,Dubai Water Canal,DUBAI WATER CANAL,building,building,343,,,alwasl,already has a building: nothing to add
PN2364,2364,Canal Front Residences-CF5&CF6,register_extract_2026-06-15,Al Wasl,Dubai Water Canal,DUBAI WATER CANAL,building,building,343,,,alwasl,already has a building: nothing to add
PN2366,2366,Binghatti Canal,register_extract_2026-06-15,Business Bay,Business Bay,BUSINESS BAY,building,building,346,,,businessbay,already has a building: nothing to add
PN2370,2370,LUNA RESIDENCE,register_extract_2026-06-15,Wadi Al Safa 5,Dubai Land Residence Complex,,building,building,648,,,wadialsafa5,already has a building: nothing to add
PN2371,2371,Boutique Xll,register_extract_2026-06-15,Al Jadaf,Jaddaf Waterfront,JADDAF WATERFRONT,building,building,326,,,samaaljadaf,already has a building: nothing to add
PN2372,2372,Peninsula Three,register_extract_2026-06-15,Business Bay,Business Bay,BUSINESS BAY,building,building,346,,,businessbay,already has a building: nothing to add
PN2376,2376,PEARLZ by Danube,register_extract_2026-06-15,Jabal Ali First,Al Furjan,AL FURJAN,building,building,591,,,jabalalifirst,already has a building: nothing to add
PN2377,2377,Creek Beach - Lotus,register_extract_2026-06-15,Al Khairan First,Dubai Creek Harbour,DUBAI CREEK HARBOUR,building,building,415,,,alkhairanfirst,already has a building: nothing to add
PN2378,2378,UNIESTATE SUPREME RESIDENCE,register_extract_2026-06-15,Arjan,Arjan,ARJAN,building,building,673,,,arjan,already has a building: nothing to add
PN2379,2379,TORINO BY ORO24,register_extract_2026-06-15,Arjan,Arjan,ARJAN,building,building,673,,,arjan,already has a building: nothing to add
PN2380,2380,PIER 8,register_extract_2026-06-15,Marsa Dubai,Dubai Marina,DUBAI MARINA,building,building,392,,,dubaimarina,already has a building: nothing to add
PN2381,2381,Myrtle,register_extract_2026-06-15,Al Wasl,City Walk,Al Wasl,building,building,343,,,alwasl,already has a building: nothing to add
PN2383,2383,Creek Beach - Orchid,register_extract_2026-06-15,Al Khairan First,Dubai Creek Harbour,DUBAI CREEK HARBOUR,building,building,415,,,alkhairanfirst,already has a building: nothing to add
PN2386,2386,Binghatti Jasmine,register_extract_2026-06-15,Al Barsha South Fourth,Jumeirah Village Circle,JUMEIRAH VILLAGE CIRCLE,building,building,681,,,jumeirahvillagecircle,already has a building: nothing to add
PN2393,2393,Oxford Terraces,register_extract_2026-06-15,Al Barsha South Fourth,Jumeirah Village Circle,JUMEIRAH VILLAGE CIRCLE,building,building,681,,,jumeirahvillagecircle,already has a building: nothing to add
PN2395,2395,GEMZ by Danube,register_extract_2026-06-15,Jabal Ali First,Al Furjan,AL FURJAN,building,building,591,,,jabalalifirst,already has a building: nothing to add
PN2397,2397,Address The Bay,register_extract_2026-06-15,Marsa Dubai,Dubai Harbour,DUBAI HARBOUR,building,building,392,,,dubaimarina,already has a building: nothing to add
PN2398,2398,Azizi Riviera 47,register_extract_2026-06-15,Al Merkadh,Meydan One Community,MEYDAN ONE,building,building,347,,,(outside the 42 districts),already has a building: nothing to add
PN2402,2402,The Paragon By IGO,register_extract_2026-06-15,Business Bay,Business Bay,BUSINESS BAY,building,building,346,,,businessbay,already has a building: nothing to add
PN2403,2403,TRIA BY DEYAAR,register_extract_2026-06-15,Nadd Hessa,Silicon Oasis,SILICON OASIS,building,building,626,,,siliconoasis,already has a building: nothing to add
PN2404,2404,Park Field,register_extract_2026-06-15,Hadaeq Sheikh Mohammed Bin Rashid,Dubai Hills Estate,DUBAI HILLS,building,building,631,,,dubaihills,already has a building: nothing to add
PN2410,2410,MBL Royal,register_extract_2026-06-15,Al Thanyah Fifth,Jumeirah Lakes Towers,JUMEIRAH LAKES TOWERS,building,building,393,,,"althanyahfifth,jltnorth,jltsouth",already has a building: nothing to add
PN2411,2411,Zubaida Residency,register_extract_2026-06-15,Wadi Al Safa 3,Majan,MAJAN,building,building,645,,,majan,already has a building: nothing to add
PN2412,2412,Maimoon Gardens,register_extract_2026-06-15,Al Barsha South Fourth,Jumeirah Village Circle,JUMEIRAH VILLAGE CIRCLE,building,building,681,,,jumeirahvillagecircle,already has a building: nothing to add
PN2414,2414,MYKA Residence,register_extract_2026-06-15,Me'Aisem First,International Media Production Zone,DUBAI PRODUCTION CITY,building,building,685,,,dubaiproductioncity,already has a building: nothing to add
PN2415,2415,Binghatti Heights,register_extract_2026-06-15,Al Barsha South Fourth,Jumeirah Village Circle,JUMEIRAH VILLAGE CIRCLE,building,building,681,,,jumeirahvillagecircle,already has a building: nothing to add
PN2416,2416,Prime Gardens,register_extract_2026-06-15,Arjan,Arjan,ARJAN,building,building,673,,,arjan,already has a building: nothing to add
PN2417,2417,BERKELEY PLACE,register_extract_2026-06-15,Al Merkadh,SOBHA HARTLAND,SOBHA HEARTLAND,building,building,347,,,(outside the 42 districts),already has a building: nothing to add
PN2418,2418,Lime Gardens,register_extract_2026-06-15,Hadaeq Sheikh Mohammed Bin Rashid,Dubai Hills Estate,DUBAI HILLS,building,building,631,,,dubaihills,already has a building: nothing to add
PN2420,2420,SERENIA LIVING,register_extract_2026-06-15,Palm Jumeirah,Palm Jumeirah,PALM JUMEIRAH,building,building,381,,,palmjumeirah,already has a building: nothing to add
PN2421,2421,Mayas Geneva,register_extract_2026-06-15,Al Barsha South Fourth,Jumeirah Village Circle,JUMEIRAH VILLAGE CIRCLE,building,building,681,,,jumeirahvillagecircle,already has a building: nothing to add
PN2424,2424,AG SQUARE,register_extract_2026-06-15,Wadi Al Safa 5,Dubai Land Residence Complex,DUBAI LAND RESIDENCE COMPLEX,building,building,648,,,wadialsafa5,already has a building: nothing to add
PN2425,2425,MARINA SHORES,register_extract_2026-06-15,Marsa Dubai,Dubai Marina,DUBAI MARINA,building,building,392,,,dubaimarina,already has a building: nothing to add
PN2426,2426,CELIA RESIDENCE,register_extract_2026-06-15,Al Hebiah Second,Dubai Studio City,DUBAI STUDIO CITY,building,building,675,,,dubaistudiocity,already has a building: nothing to add
PN2427,2427,PG UPPERHOUSE,register_extract_2026-06-15,Jabal Ali First,Al Furjan,AL FURJAN,building,building,591,,,jabalalifirst,already has a building: nothing to add
PN2428,2428,Hills Park,register_extract_2026-06-15,Hadaeq Sheikh Mohammed Bin Rashid,Dubai Hills Estate,Hadaeq Sheikh Mohammed Bin Rashid,building,building,631,,,dubaihills,already has a building: nothing to add
PN2431,2431,Westwood By Imtiaz,register_extract_2026-06-15,Jabal Ali First,Al Furjan,AL FURJAN,building,building,591,,,jabalalifirst,already has a building: nothing to add
PN2432,2432,Castleton,register_extract_2026-06-15,Al Wasl,City Walk,CITY WALK,building,building,343,,,alwasl,already has a building: nothing to add
PN2434,2434,Azizi Riviera Reve,register_extract_2026-06-15,Al Merkadh,Meydan One Community,MEYDAN ONE,building,building,347,,,(outside the 42 districts),already has a building: nothing to add
PN2435,2435,NORTH FORTY THREE SERVICED RESIDENCES,register_extract_2026-06-15,Al Barsha South Fourth,Jumeirah Village Circle,JUMEIRAH VILLAGE CIRCLE,building,building,681,,,jumeirahvillagecircle,already has a building: nothing to add
PN2436,2436,Jumeirah Living Business Bay,register_extract_2026-06-15,Business Bay,Business Bay,BUSINESS BAY,building,building,346,,,businessbay,already has a building: nothing to add
PN2437,2437,ELLINGTON BEACH HOUSE,register_extract_2026-06-15,Palm Jumeirah,Palm Jumeirah,PALM JUMEIRAH,building,building,381,,,palmjumeirah,already has a building: nothing to add
PN2439,2439,ELLINGTON HOUSE,register_extract_2026-06-15,Hadaeq Sheikh Mohammed Bin Rashid,Dubai Hills Estate,DUBAI HILLS,building,building,631,,,dubaihills,already has a building: nothing to add
PN2440,2440,AURA by Grovy,register_extract_2026-06-15,Al Barsha South Fourth,Jumeirah Village Circle,,building,building,681,,,jumeirahvillagecircle,already has a building: nothing to add
PN2441,2441,Binghatti Luna,register_extract_2026-06-15,Al Barsha South Fourth,Jumeirah Village Circle,JUMEIRAH VILLAGE CIRCLE,building,building,681,,,jumeirahvillagecircle,already has a building: nothing to add
PN2443,2443,THE RESIDENCE | Burj Khalifa,register_extract_2026-06-15,Burj Khalifa,DownTown Dubai,BURJ KHALIFA,building,building,345,,,burjkhalifa,already has a building: nothing to add
PN2446,2446,Marquis Signature,register_extract_2026-06-15,Arjan,Arjan,ARJAN,building,building,673,,,arjan,already has a building: nothing to add
PN2447,2447,Sobha Hartland - The Crest,register_extract_2026-06-15,Al Merkadh,SOBHA HARTLAND,SOBHA HEARTLAND,building,building,347,,,(outside the 42 districts),already has a building: nothing to add
PN2448,2448,Luxury Family Residence II,register_extract_2026-06-15,Business Bay,Business Bay,BUSINESS BAY,building,building,346,,,businessbay,already has a building: nothing to add
PN2449,2449,Palm Beach Towers -3,register_extract_2026-06-15,Palm Jumeirah,Palm Jumeirah,PALM JUMEIRAH,building,building,381,,,palmjumeirah,already has a building: nothing to add
PN2450,2450,The Cove ll,register_extract_2026-06-15,Al Khairan First,Dubai Creek Harbour,DUBAI CREEK HARBOUR,building,building,415,,,alkhairanfirst,already has a building: nothing to add
PN2451,2451,Laurel,register_extract_2026-06-15,Al Wasl,City Walk,Al Wasl,building,building,343,,,alwasl,already has a building: nothing to add
PN2454,2454,MIAMI BY SD,register_extract_2026-06-15,Al Barsha South Fifth,,JUMEIRAH VILLAGE TRIANGLE,building,building,684,,,jumeirahvillagetriangle,already has a building: nothing to add
PN2455,2455,ORLA BY OMNIYAT,register_extract_2026-06-15,Palm Jumeirah,Palm Jumeirah,PALM JUMEIRAH,building,building,381,,,palmjumeirah,already has a building: nothing to add
PN2458,2458,Sobha Creek Vistas Grande,register_extract_2026-06-15,Al Merkadh,SOBHA HARTLAND,SOBHA HEARTLAND,building,building,347,,,(outside the 42 districts),already has a building: nothing to add
PN2459,2459,CAVALLI COUTURE,register_extract_2026-06-15,Al Wasl,Dubai Water Canal,DUBAI WATER CANAL,building,building,343,,,alwasl,already has a building: nothing to add
PN2460,2460,CHIC TOWER,register_extract_2026-06-15,Business Bay,Business Bay,Business Bay,building,building,346,,,businessbay,already has a building: nothing to add
PN2461,2461,Peninsula Four,register_extract_2026-06-15,Business Bay,Business Bay,BUSINESS BAY,building,building,346,,,businessbay,already has a building: nothing to add
PN2464,2464,ELLINGTON HOUSE II,register_extract_2026-06-15,Hadaeq Sheikh Mohammed Bin Rashid,Dubai Hills Estate,DUBAI HILLS,building,building,631,,,dubaihills,already has a building: nothing to add
PN2466,2466,Samana Santorini,register_extract_2026-06-15,Al Hebiah Second,Dubai Studio City,DUBAI STUDIO CITY,building,building,675,,,dubaistudiocity,already has a building: nothing to add
PN2469,2469,Golf Heights,register_extract_2026-06-15,Al Thanyah Third,The Greens,THE LAKES,building,building,388,,,(outside the 42 districts),already has a building: nothing to add
PN2470,2470,Verdana Residence,register_extract_2026-06-15,Dubai Investment Park First,Dubai Investment Park First,Dubai Investment Park First,building,building,598,,,dubaiinvestmentparkfirst,already has a building: nothing to add
PN2472,2472,Bali Residences,register_extract_2026-06-15,Al Barsha South Fifth,Jumeirah Village Triangle,JUMEIRAH VILLAGE TRIANGLE,building,building,684,,,jumeirahvillagetriangle,already has a building: nothing to add
PN2473,2473,Binghatti Crest,register_extract_2026-06-15,Al Barsha South Fourth,Jumeirah Village Circle,JUMEIRAH VILLAGE CIRCLE,building,building,681,,,jumeirahvillagecircle,already has a building: nothing to add
PN2474,2474,Zazen Gardens,register_extract_2026-06-15,Jabal Ali First,Al Furjan,AL FURJAN,building,building,591,,,jabalalifirst,already has a building: nothing to add
PN2475,2475,ELEGANCE TOWER,register_extract_2026-06-15,Burj Khalifa,DownTown Dubai,BURJ KHALIFA,building,building,345,,,burjkhalifa,already has a building: nothing to add
PN2476,2476,MR.C RESIDENCES DOWNTOWN,register_extract_2026-06-15,Al Wasl,,Al Wasl,building,building,343,,,alwasl,already has a building: nothing to add
PN2478,2478,Binghatti Corner,register_extract_2026-06-15,Al Barsha South Fourth,Jumeirah Village Circle,JUMEIRAH VILLAGE CIRCLE,building,building,681,,,jumeirahvillagecircle,already has a building: nothing to add
PN2480,2480,Burj Binghatti Jacob & Co. Residences,register_extract_2026-06-15,Business Bay,Business Bay,BUSINESS BAY,building,building,346,,,businessbay,already has a building: nothing to add
PN2481,2481,Fern,register_extract_2026-06-15,Al Wasl,City Walk,Al Wasl,building,building,343,,,alwasl,already has a building: nothing to add
PN2482,2482,Sobha Hartland - Crest Grande,register_extract_2026-06-15,Al Merkadh,SOBHA HARTLAND,SOBHA HEARTLAND,building,building,347,,,(outside the 42 districts),already has a building: nothing to add
PN2483,2483,Park Horizon,register_extract_2026-06-15,Hadaeq Sheikh Mohammed Bin Rashid,Dubai Hills Estate,DUBAI HILLS,building,building,631,,,dubaihills,already has a building: nothing to add
PN2485,2485,JOYA DORADO RESIDENCE,register_extract_2026-06-15,Arjan,Arjan,ARJAN,building,building,673,,,arjan,already has a building: nothing to add
PN2492,2492,LIVA,register_extract_2026-06-15,Al Yelayiss 2,TOWN SQUARE,TOWN SQUARE,building,building,922,,,alyelayiss2,already has a building: nothing to add
PN2494,2494,Binghatti Nova,register_extract_2026-06-15,Al Barsha South Fourth,Jumeirah Village Circle,JUMEIRAH VILLAGE CIRCLE,building,building,681,,,jumeirahvillagecircle,already has a building: nothing to add
PN2499,2499,Vincitore Volare,register_extract_2026-06-15,Arjan,Arjan,ARJAN,building,building,673,,,arjan,already has a building: nothing to add
PN2500,2500,barari views,register_extract_2026-06-15,Wadi Al Safa 3,Majan,MAJAN,building,building,645,,,majan,already has a building: nothing to add
PN2501,2501,ONE CANAL,register_extract_2026-06-15,Al Wasl,Dubai Water Canal,DUBAI WATER CANAL,building,building,343,,,alwasl,already has a building: nothing to add
PN2504,2504,BEVERLY BOULEVARD,register_extract_2026-06-15,Arjan,Arjan,ARJAN,building,building,673,,,arjan,already has a building: nothing to add
PN2506,2506,Jouri Hills,register_extract_2026-06-15,Me'Aisem First,Jumeirah Golf Estates,Me'Aisem First,building,building,685,,,dubaiproductioncity,already has a building: nothing to add
PN2508,2508,AZIZI RIVIERA AZURE,register_extract_2026-06-15,Al Merkadh,Meydan One Community,MEYDAN ONE,building,building,347,,,(outside the 42 districts),already has a building: nothing to add
PN2512,2512,THE GROVE BY IMAN,register_extract_2026-06-15,Hadaeq Sheikh Mohammed Bin Rashid,Dubai Hills Estate,DUBAI HILLS,building,building,631,,,dubaihills,already has a building: nothing to add
PN2513,2513,Seascape,register_extract_2026-06-15,Madinat Dubai Almelaheyah,Mina Rashid,Madinat Dubai Almelaheyah,building,building,321,,,dubaimaritimecity,already has a building: nothing to add
PN2515,2515,Elegance by Chaimaa Holding,register_extract_2026-06-15,Al Barsha South Fourth,Jumeirah Village Circle,JUMEIRAH VILLAGE CIRCLE,building,building,681,,,jumeirahvillagecircle,already has a building: nothing to add
PN2516,2516,HARBOUR LIGHTS,register_extract_2026-06-15,Madinat Dubai Almelaheyah,Dubai Maritime City,DUBAI MARITIME CITY,building,building,321,,,dubaimaritimecity,already has a building: nothing to add
PN2517,2517,LEVANTO BY ORO24,register_extract_2026-06-15,Al Barsha South Fourth,Jumeirah Village Circle,JUMEIRAH VILLAGE CIRCLE,building,building,681,,,jumeirahvillagecircle,already has a building: nothing to add
PN2518,2518,Luma22,register_extract_2026-06-15,Al Barsha South Fourth,Jumeirah Village Circle,JUMEIRAH VILLAGE CIRCLE,building,building,681,,,jumeirahvillagecircle,already has a building: nothing to add
PN2520,2520,Westwood Grande by Imtiaz,register_extract_2026-06-15,Al Barsha South Fourth,Jumeirah Village Circle,JUMEIRAH VILLAGE CIRCLE,building,building,681,,,jumeirahvillagecircle,already has a building: nothing to add
PN2521,2521,MAS TOWER,register_extract_2026-06-15,Nadd Hessa,Silicon Oasis,SILICON OASIS,building,building,626,,,siliconoasis,already has a building: nothing to add
PN2523,2523,ASCOT RESIDENCES,register_extract_2026-06-15,Al Yelayiss 2,TOWN SQUARE,TOWN SQUARE,building,building,922,,,alyelayiss2,already has a building: nothing to add
PN2524,2524,THE DIPLOMAT RESIDENCES,register_extract_2026-06-15,Al Yelayiss 2,TOWN SQUARE,TOWN SQUARE,building,building,922,,,alyelayiss2,already has a building: nothing to add
PN2525,2525,THE REGENT,register_extract_2026-06-15,Al Yelayiss 2,TOWN SQUARE,Al Yelayiss 2,building,building,922,,,alyelayiss2,already has a building: nothing to add
PN2526,2526,HOLLAND GARDENS,register_extract_2026-06-15,Al Yelayiss 2,TOWN SQUARE,Al Yelayiss 2,building,building,922,,,alyelayiss2,already has a building: nothing to add
PN2527,2527,EXQUISITE LIVING RESIDENCES,register_extract_2026-06-15,Burj Khalifa,DownTown Dubai,BURJ KHALIFA,building,building,345,,,burjkhalifa,already has a building: nothing to add
PN2528,2528,Seslia Tower,register_extract_2026-06-15,Al Barsha South Fifth,Jumeirah Village Triangle,JUMEIRAH VILLAGE TRIANGLE,building,building,684,,,jumeirahvillagetriangle,already has a building: nothing to add
PN2529,2529,Prive Residence,register_extract_2026-06-15,Hadaeq Sheikh Mohammed Bin Rashid,Dubai Hills Estate,DUBAI HILLS,building,building,631,,,dubaihills,already has a building: nothing to add
PN2530,2530,Bluewaters Bay,register_extract_2026-06-15,Marsa Dubai,,Marsa Dubai,building,building,392,,,dubaimarina,already has a building: nothing to add
PN2531,2531,AMALIA RESIDENCES,register_extract_2026-06-15,Jabal Ali First,Al Furjan,AL FURJAN,building,building,591,,,jabalalifirst,already has a building: nothing to add
PN2532,2532,The Community Motor City,register_extract_2026-06-15,Al Hebiah First,Motor City,MOTOR CITY,building,building,674,,,motorcity,already has a building: nothing to add
PN2535,2535,Binghatti Crescent,register_extract_2026-06-15,Al Barsha South Fourth,Jumeirah Village Circle,JUMEIRAH VILLAGE CIRCLE,building,building,681,,,jumeirahvillagecircle,already has a building: nothing to add
PN2536,2536,Elvira,register_extract_2026-06-15,Hadaeq Sheikh Mohammed Bin Rashid,Dubai Hills Estate,Hadaeq Sheikh Mohammed Bin Rashid,building,building,631,,,dubaihills,already has a building: nothing to add
PN2537,2537,THE PORTMAN,register_extract_2026-06-15,Al Barsha South Fourth,Jumeirah Village Circle,JUMEIRAH VILLAGE CIRCLE,building,building,681,,,jumeirahvillagecircle,already has a building: nothing to add
PN2538,2538,HAMILTON HOUSE,register_extract_2026-06-15,Al Barsha South Fourth,Jumeirah Village Circle,JUMEIRAH VILLAGE CIRCLE,building,building,681,,,jumeirahvillagecircle,already has a building: nothing to add
PN2540,2540,Marina Living,register_extract_2026-06-15,Marsa Dubai,Dubai Marina,DUBAI MARINA,building,building,392,,,dubaimarina,already has a building: nothing to add
PN2541,2541,Time 2,register_extract_2026-06-15,Wadi Al Safa 5,Dubai Land Residence Complex,DUBAI LAND RESIDENCE COMPLEX,building,building,648,,,wadialsafa5,already has a building: nothing to add
PN2544,2544,NEVA RESIDENCES,register_extract_2026-06-15,Al Barsha South Fourth,Jumeirah Village Circle,JUMEIRAH VILLAGE CIRCLE,building,building,681,,,jumeirahvillagecircle,already has a building: nothing to add
PN2545,2545,Mercedes-Benz Places | Binghatti,register_extract_2026-06-15,Burj Khalifa,DownTown Dubai,BURJ KHALIFA,building,building,345,,,burjkhalifa,already has a building: nothing to add
PN2546,2546,AVENUE RESIDENCE 4,register_extract_2026-06-15,Jabal Ali First,Al Furjan,AL FURJAN,building,building,591,,,jabalalifirst,already has a building: nothing to add
PN2547,2547,Bugatti Residences by Binghatti,register_extract_2026-06-15,Business Bay,Business Bay,BUSINESS BAY,building,building,346,,,businessbay,already has a building: nothing to add
PN2550,2550,Sobha Seahaven Tower A,register_extract_2026-06-15,Marsa Dubai,Dubai Harbour,Marsa Dubai,building,building,392,,,dubaimarina,already has a building: nothing to add
PN2551,2551,Creek Beach - Savanna-Cedar-Mangrove,register_extract_2026-06-15,Al Khairan First,Dubai Creek Harbour,DUBAI CREEK HARBOUR,building,building,415,,,alkhairanfirst,already has a building: nothing to add
PN2554,2554,Viewz 1 By Danube,register_extract_2026-06-15,Al Thanyah Fifth,Jumeirah Lakes Towers,JUMEIRAH LAKES TOWERS,building,building,393,,,"althanyahfifth,jltnorth,jltsouth",already has a building: nothing to add
PN2555,2555,Creek Beach - Canopy - Moor,register_extract_2026-06-15,Al Khairan First,Dubai Creek Harbour,DUBAI CREEK HARBOUR,building,building,415,,,alkhairanfirst,already has a building: nothing to add
PN2556,2556,Erin,register_extract_2026-06-15,Al Wasl,City Walk,Al Wasl,building,building,343,,,alwasl,already has a building: nothing to add
PN2557,2557,7 PARK CENTRAL BY METEORA,register_extract_2026-06-15,Al Barsha South Fourth,Jumeirah Village Circle,JUMEIRAH VILLAGE CIRCLE,building,building,681,,,jumeirahvillagecircle,already has a building: nothing to add
PN2558,2558,THE EAST CREST BY METEORA,register_extract_2026-06-15,Al Barsha South Fourth,Jumeirah Village Circle,JUMEIRAH VILLAGE CIRCLE,building,building,681,,,jumeirahvillagecircle,already has a building: nothing to add
PN2559,2559,DAMAC BAY,register_extract_2026-06-15,Marsa Dubai,Dubai Harbour,Marsa Dubai,building,building,392,,,dubaimarina,already has a building: nothing to add
PN2561,2561,Samana Mykonos,register_extract_2026-06-15,Al Hebiah Second,Dubai Studio City,DUBAI STUDIO CITY,building,building,675,,,dubaistudiocity,already has a building: nothing to add
PN2562,2562,Palace Residences - North,register_extract_2026-06-15,Al Khairan First,Dubai Creek Harbour,DUBAI CREEK HARBOUR,building,building,415,,,alkhairanfirst,already has a building: nothing to add
PN2563,2563,Hadley Heights,register_extract_2026-06-15,Al Barsha South Fourth,Jumeirah Village Circle,JUMEIRAH VILLAGE CIRCLE,building,building,681,,,jumeirahvillagecircle,already has a building: nothing to add
PN2564,2564,Sobha Hartland Waves Opulence,register_extract_2026-06-15,Al Merkadh,SOBHA HARTLAND,SOBHA HEARTLAND,building,building,347,,,(outside the 42 districts),already has a building: nothing to add
PN2565,2565,Como Residences,register_extract_2026-06-15,Palm Jumeirah,Palm Jumeirah,PALM JUMEIRAH,building,building,381,,,palmjumeirah,already has a building: nothing to add
PN2566,2566,ELEVATE by Prescott,register_extract_2026-06-15,Arjan,Arjan,ARJAN,building,building,673,,,arjan,already has a building: nothing to add
PN2567,2567,One Crescent,register_extract_2026-06-15,Palm Jumeirah,Palm Jumeirah,,building,building,381,,,palmjumeirah,already has a building: nothing to add
PN2570,2570,TALIA RESIDENCES,register_extract_2026-06-15,Jabal Ali First,Al Furjan,AL FURJAN,building,building,591,,,jabalalifirst,already has a building: nothing to add
PN2571,2571,Binghatti Emerald,register_extract_2026-06-15,Al Barsha South Fourth,Jumeirah Village Circle,JUMEIRAH VILLAGE CIRCLE,building,building,681,,,jumeirahvillagecircle,already has a building: nothing to add
PN2572,2572,LUCE,register_extract_2026-06-15,Palm Jumeirah,Palm Jumeirah,PALM JUMEIRAH,building,building,381,,,palmjumeirah,already has a building: nothing to add
PN2574,2574,Samana Waves 2,register_extract_2026-06-15,Al Barsha South Fourth,Jumeirah Village Circle,JUMEIRAH VILLAGE CIRCLE,building,building,681,,,jumeirahvillagecircle,already has a building: nothing to add
PN2575,2575,STONEHENGE RESIDENCES,register_extract_2026-06-15,Al Barsha South Fourth,Jumeirah Village Circle,JUMEIRAH VILLAGE CIRCLE,building,building,681,,,jumeirahvillagecircle,already has a building: nothing to add
PN2578,2578,THE VYBE,register_extract_2026-06-15,Al Barsha South Fourth,Jumeirah Village Circle,JUMEIRAH VILLAGE CIRCLE,building,building,681,,,jumeirahvillagecircle,already has a building: nothing to add
PN2579,2579,Tiger Sky Tower,register_extract_2026-06-15,Business Bay,Business Bay,BUSINESS BAY,building,building,346,,,businessbay,already has a building: nothing to add
PN2581,2581,ELLINGTON HOUSE III,register_extract_2026-06-15,Hadaeq Sheikh Mohammed Bin Rashid,Dubai Hills Estate,DUBAI HILLS,building,building,631,,,dubaihills,already has a building: nothing to add
PN2583,2583,Verde by Sobha,register_extract_2026-06-15,Al Thanyah Fifth,Jumeirah Lakes Towers,,building,building,393,,,"althanyahfifth,jltnorth,jltsouth",already has a building: nothing to add
PN2585,2585,AL WALEED GARDEN 2,register_extract_2026-06-15,Al Jadaf,Dubai Health Care City Phase 2,DUBAI HEALTHCARE CITY - PHASE 2,building,building,326,,,samaaljadaf,already has a building: nothing to add
PN2587,2587,SAMANA MYKONOS SIGNATURE,register_extract_2026-06-15,Arjan,Arjan,ARJAN,building,building,673,,,arjan,already has a building: nothing to add
PN2589,2589,MAR CASA,register_extract_2026-06-15,Madinat Dubai Almelaheyah,Dubai Maritime City,DUBAI MARITIME CITY,building,building,321,,,dubaimaritimecity,already has a building: nothing to add
PN2591,2591,Marquis Galleria,register_extract_2026-06-15,Arjan,Arjan,ARJAN,building,building,673,,,arjan,already has a building: nothing to add
PN2599,2599,Golf Grand,register_extract_2026-06-15,Hadaeq Sheikh Mohammed Bin Rashid,Dubai Hills Estate,DUBAI HILLS,building,building,631,,,dubaihills,already has a building: nothing to add
PN2600,2600,OXFORD TERRACES 2,register_extract_2026-06-15,Al Barsha South Fourth,Jumeirah Village Circle,JUMEIRAH VILLAGE CIRCLE,building,building,681,,,jumeirahvillagecircle,already has a building: nothing to add
PN2605,2605,AG 7EVEN,register_extract_2026-06-15,Wadi Al Safa 5,Dubai Land Residence Complex,DUBAI LAND RESIDENCE COMPLEX,building,building,648,,,wadialsafa5,already has a building: nothing to add
PN2606,2606,Adhara Star,register_extract_2026-06-15,Arjan,Arjan,ARJAN,building,building,673,,,arjan,already has a building: nothing to add
PN2608,2608,SAMANA SKYROS,register_extract_2026-06-15,Arjan,Arjan,ARJAN,building,building,673,,,arjan,already has a building: nothing to add
PN2610,2610,Binghatti Onyx,register_extract_2026-06-15,Al Barsha South Fourth,Jumeirah Village Circle,JUMEIRAH VILLAGE CIRCLE,building,building,681,,,jumeirahvillagecircle,already has a building: nothing to add
PN2611,2611,The EDGE,register_extract_2026-06-15,Business Bay,Business Bay,BUSINESS BAY,building,building,346,,,businessbay,already has a building: nothing to add
PN2612,2612,Expo City Mangrove Residences,register_extract_2026-06-15,Madinat Al Mataar,Dubai World Central,Madinat Al Mataar,building,building,521,,,madinatalmataar,already has a building: nothing to add
PN2613,2613,Divine Living,register_extract_2026-06-15,Arjan,Arjan,ARJAN,building,building,673,,,arjan,already has a building: nothing to add
PN2614,2614,Creek Waters,register_extract_2026-06-15,Al Khairan First,Dubai Creek Harbour,DUBAI CREEK HARBOUR,building,building,415,,,alkhairanfirst,already has a building: nothing to add
PN2615,2615,CANAL HEIGHTS 2,register_extract_2026-06-15,Business Bay,Business Bay,BUSINESS BAY,building,building,346,,,businessbay,already has a building: nothing to add
PN2616,2616,DG1 Living,register_extract_2026-06-15,Business Bay,Business Bay,BUSINESS BAY,building,building,346,,,businessbay,already has a building: nothing to add
PN2617,2617,Expo City Sky Residences,register_extract_2026-06-15,Madinat Al Mataar,Dubai World Central,Madinat Al Mataar,building,building,521,,,madinatalmataar,already has a building: nothing to add
PN2618,2618,ALEF NOON RESIDENCE,register_extract_2026-06-15,Al Barsha South Fourth,Jumeirah Village Circle,JUMEIRAH VILLAGE CIRCLE,building,building,681,,,jumeirahvillagecircle,already has a building: nothing to add
PN2620,2620,ELANO BY ORO24,register_extract_2026-06-15,Arjan,Arjan,ARJAN,building,building,673,,,arjan,already has a building: nothing to add
PN2621,2621,EYWA DUBAI,register_extract_2026-06-15,Business Bay,Business Bay,BUSINESS BAY,building,building,346,,,businessbay,already has a building: nothing to add
PN2622,2622,WEST FIVE BUSINESS BAY RESIDENCES,register_extract_2026-06-15,Business Bay,Business Bay,BUSINESS BAY,building,building,346,,,businessbay,already has a building: nothing to add
PN2624,2624,AZIZI AMBER,register_extract_2026-06-15,Jabal Ali First,Al Furjan,AL FURJAN,building,building,591,,,jabalalifirst,already has a building: nothing to add
PN2626,2626,CANAL CROWN 2,register_extract_2026-06-15,Business Bay,Business Bay,BUSINESS BAY,building,building,346,,,businessbay,already has a building: nothing to add
PN2629,2629,The Orchard Place,register_extract_2026-06-15,Al Barsha South Fourth,Jumeirah Village Circle,JUMEIRAH VILLAGE CIRCLE,building,building,681,,,jumeirahvillagecircle,already has a building: nothing to add
PN2633,2633,SEAPOINT,register_extract_2026-06-15,Marsa Dubai,Dubai Harbour,DUBAI HARBOUR,building,building,392,,,dubaimarina,already has a building: nothing to add
PN2634,2634,Creek Waters 2,register_extract_2026-06-15,Al Khairan First,Dubai Creek Harbour,DUBAI CREEK HARBOUR,building,building,415,,,alkhairanfirst,already has a building: nothing to add
PN2635,2635,RA1N Residence,register_extract_2026-06-15,Al Barsha South Fourth,Jumeirah Village Circle,JUMEIRAH VILLAGE CIRCLE,building,building,681,,,jumeirahvillagecircle,already has a building: nothing to add
PN2636,2636,ALTAI TOWER,register_extract_2026-06-15,Al Barsha South Fifth,Jumeirah Village Triangle,JUMEIRAH VILLAGE TRIANGLE,building,building,684,,,jumeirahvillagetriangle,already has a building: nothing to add
PN2637,2637,ELBRUS TOWER,register_extract_2026-06-15,Al Barsha South Fifth,Jumeirah Village Triangle,JUMEIRAH VILLAGE TRIANGLE,building,building,684,,,jumeirahvillagetriangle,already has a building: nothing to add
PN2639,2639,BELMONT RESIDENCES,register_extract_2026-06-15,Al Barsha South Fifth,Jumeirah Village Triangle,JUMEIRAH VILLAGE TRIANGLE,building,building,684,,,jumeirahvillagetriangle,already has a building: nothing to add
PN2640,2640,Fashionz 1 By Danube,register_extract_2026-06-15,Al Barsha South Fifth,Jumeirah Village Triangle,JUMEIRAH VILLAGE TRIANGLE,building,building,684,,,jumeirahvillagetriangle,already has a building: nothing to add
PN2641,2641,THE HIGHBURY,register_extract_2026-06-15,Al Merkadh,SOBHA HARTLAND,SOBHA HEARTLAND,building,building,347,,,(outside the 42 districts),already has a building: nothing to add
PN2642,2642,Samana IVY Gardens,register_extract_2026-06-15,Wadi Al Safa 5,Dubai Land Residence Complex,DUBAI LAND RESIDENCE COMPLEX,building,building,648,,,wadialsafa5,already has a building: nothing to add
PN2643,2643,Trillionaire Residences by Binghatti,register_extract_2026-06-15,Business Bay,Business Bay,Business Bay,building,building,346,,,businessbay,already has a building: nothing to add
PN2644,2644,DAMAC BAY 2,register_extract_2026-06-15,Marsa Dubai,Dubai Harbour,Marsa Dubai,building,building,392,,,dubaimarina,already has a building: nothing to add
PN2646,2646,BAYVIEW,register_extract_2026-06-15,Marsa Dubai,Dubai Harbour,DUBAI HARBOUR,building,building,392,,,dubaimarina,already has a building: nothing to add
PN2647,2647,Society House Downtown Dubai,register_extract_2026-06-15,Burj Khalifa,DownTown Dubai,BURJ KHALIFA,building,building,345,,,burjkhalifa,already has a building: nothing to add
PN2650,2650,AZIZI VISTA,register_extract_2026-06-15,Al Hebiah Second,Dubai Studio City,DUBAI STUDIO CITY,building,building,675,,,dubaistudiocity,already has a building: nothing to add
PN2652,2652,ARAS HEIGHTS,register_extract_2026-06-15,Wadi Al Safa 3,Majan,MAJAN,building,building,645,,,majan,already has a building: nothing to add
PN2654,2654,Royal Regency,register_extract_2026-06-15,Business Bay,Business Bay,BUSINESS BAY,building,building,346,,,businessbay,already has a building: nothing to add
PN2656,2656,Al Habtoor Tower,register_extract_2026-06-15,Business Bay,,BUSINESS BAY,building,building,346,,,businessbay,already has a building: nothing to add
PN2657,2657,Thyme,register_extract_2026-06-15,Al Wasl,City Walk,Al Wasl,building,building,343,,,alwasl,already has a building: nothing to add
PN2658,2658,Azizi Riviera 59,register_extract_2026-06-15,Al Merkadh,Meydan One Community,MEYDAN ONE,building,building,347,,,(outside the 42 districts),already has a building: nothing to add
PN2659,2659,LA RESIDENZA,register_extract_2026-06-15,Al Barsha South Fourth,Jumeirah Village Circle,JUMEIRAH VILLAGE CIRCLE,building,building,681,,,jumeirahvillagecircle,already has a building: nothing to add
PN2660,2660,Elysee Heights,register_extract_2026-06-15,Al Barsha South Fourth,Jumeirah Village Circle,JUMEIRAH VILLAGE CIRCLE,building,building,681,,,jumeirahvillagecircle,already has a building: nothing to add
PN2661,2661,Vista by Prestige One,register_extract_2026-06-15,Al Hebiah Fourth,Dubai Sports City,,building,building,682,,,dubaisportscity,already has a building: nothing to add
PN2662,2662,Binghatti Gardenia,register_extract_2026-06-15,Al Barsha South Fourth,Jumeirah Village Circle,JUMEIRAH VILLAGE CIRCLE,building,building,681,,,jumeirahvillagecircle,already has a building: nothing to add
PN2663,2663,STONEHENGE RESIDENCES 2,register_extract_2026-06-15,Al Barsha South Fourth,Jumeirah Village Circle,JUMEIRAH VILLAGE CIRCLE,building,building,681,,,jumeirahvillagecircle,already has a building: nothing to add
PN2664,2664,ORLA Infinity by OMNIYAT,register_extract_2026-06-15,Palm Jumeirah,Palm Jumeirah,Palm Jumeirah,building,building,381,,,palmjumeirah,already has a building: nothing to add
PN2665,2665,Sky Suites by Peace Homes,register_extract_2026-06-15,Al Barsha South Fourth,Jumeirah Village Circle,JUMEIRAH VILLAGE CIRCLE,building,building,681,,,jumeirahvillagecircle,already has a building: nothing to add
PN2666,2666,California by SD,register_extract_2026-06-15,Jabal Ali First,Discovery Gardens,Jabal Ali First,building,building,591,,,jabalalifirst,already has a building: nothing to add
PN2667,2667,The Stella,register_extract_2026-06-15,Jabal Ali First,Al Furjan,AL FURJAN,building,building,591,,,jabalalifirst,already has a building: nothing to add
PN2668,2668,Symbolic Alpha,register_extract_2026-06-15,Wadi Al Safa 2,Liwan1,LIWAN,building,building,643,,,liwan1,already has a building: nothing to add
PN2669,2669,Vincitore Dolce Vita,register_extract_2026-06-15,Arjan,Arjan,ARJAN,building,building,673,,,arjan,already has a building: nothing to add
PN2670,2670,Binghatti House,register_extract_2026-06-15,Al Barsha South Fourth,Jumeirah Village Circle,JUMEIRAH VILLAGE CIRCLE,building,building,681,,,jumeirahvillagecircle,already has a building: nothing to add
PN2671,2671,Binghatti Venus,register_extract_2026-06-15,Al Barsha South Fourth,Jumeirah Village Circle,JUMEIRAH VILLAGE CIRCLE,building,building,681,,,jumeirahvillagecircle,already has a building: nothing to add
PN2672,2672,Binghatti Orchid,register_extract_2026-06-15,Al Barsha South Fourth,Jumeirah Village Circle,JUMEIRAH VILLAGE CIRCLE,building,building,681,,,jumeirahvillagecircle,already has a building: nothing to add
PN2673,2673,Binghatti Amber,register_extract_2026-06-15,Al Barsha South Fourth,Jumeirah Village Circle,JUMEIRAH VILLAGE CIRCLE,building,building,681,,,jumeirahvillagecircle,already has a building: nothing to add
PN2674,2674,Naya at District One,register_extract_2026-06-15,Al Merkadh,Mohammed Bin Rashid AL Maktoum City -District -1 Community,Al Merkadh,building,building,347,,,(outside the 42 districts),already has a building: nothing to add
PN2675,2675,Terrazzo Residences,register_extract_2026-06-15,Al Barsha South Fourth,Jumeirah Village Circle,JUMEIRAH VILLAGE CIRCLE,building,building,681,,,jumeirahvillagecircle,already has a building: nothing to add
PN2676,2676,Luma Park Views,register_extract_2026-06-15,Al Barsha South Fourth,Jumeirah Village Circle,JUMEIRAH VILLAGE CIRCLE,building,building,681,,,jumeirahvillagecircle,already has a building: nothing to add
PN2677,2677,Q Gardens Lofts 2,register_extract_2026-06-15,Al Barsha South Fourth,Jumeirah Village Circle,JUMEIRAH VILLAGE CIRCLE,building,building,681,,,jumeirahvillagecircle,already has a building: nothing to add
PN2678,2678,Sunridge,register_extract_2026-06-15,Madinat Dubai Almelaheyah,Mina Rashid,Madinat Dubai Almelaheyah,building,building,321,,,dubaimaritimecity,already has a building: nothing to add
PN2679,2679,CASA CANAL,register_extract_2026-06-15,Al Wasl,Dubai Water Canal,DUBAI WATER CANAL,building,building,343,,,alwasl,already has a building: nothing to add
PN2681,2681,The Residence By Prestige One,register_extract_2026-06-15,Al Barsha South Fourth,Jumeirah Village Circle,,building,building,681,,,jumeirahvillagecircle,already has a building: nothing to add
PN2684,2684,UH WEST BY ELLINGTON,register_extract_2026-06-15,Al Thanyah Fifth,Jumeirah Lakes Towers,JUMEIRAH LAKES TOWERS,building,building,393,,,"althanyahfifth,jltnorth,jltsouth",already has a building: nothing to add
PN2685,2685,UH EAST BY ELLINGTON,register_extract_2026-06-15,Al Thanyah Fifth,Jumeirah Lakes Towers,JUMEIRAH LAKES TOWERS,building,building,393,,,"althanyahfifth,jltnorth,jltsouth",already has a building: nothing to add
PN2686,2686,AZIZI RIVIERA 63,register_extract_2026-06-15,Al Merkadh,Meydan One Community,MEYDAN ONE,building,building,347,,,(outside the 42 districts),already has a building: nothing to add
PN2687,2687,LILIUM TOWER,register_extract_2026-06-15,Al Barsha South Fifth,,JUMEIRAH VILLAGE TRIANGLE,building,building,684,,,jumeirahvillagetriangle,already has a building: nothing to add
PN2688,2688,GATEWAY BY PREMIER CHOICE,register_extract_2026-06-15,Al Barsha South Fourth,Jumeirah Village Circle,JUMEIRAH VILLAGE CIRCLE,building,building,681,,,jumeirahvillagecircle,already has a building: nothing to add
PN2691,2691,OCEAN HOUSE,register_extract_2026-06-15,Palm Jumeirah,Palm Jumeirah,PALM JUMEIRAH,building,building,381,,,palmjumeirah,already has a building: nothing to add
PN2692,2692,SLS RESIDENCES AT PALM JUMEIRAH,register_extract_2026-06-15,Palm Jumeirah,Palm Jumeirah,,building,building,381,,,palmjumeirah,already has a building: nothing to add
PN2697,2697,555 PARK VIEWS,register_extract_2026-06-15,Al Barsha South Fifth,Jumeirah Village Triangle,JUMEIRAH VILLAGE TRIANGLE,building,building,684,,,jumeirahvillagetriangle,already has a building: nothing to add
PN2698,2698,DAMAC HILLS - GOLF GATE 2,register_extract_2026-06-15,Al Hebiah Third,DAMAC HILLS,DAMAC HILLS,building,building,676,,,damachills,already has a building: nothing to add
PN2700,2700,The Hamilton,register_extract_2026-06-15,Al Yelayiss 2,TOWN SQUARE,Al Yelayiss 2,building,building,922,,,alyelayiss2,already has a building: nothing to add
PN2702,2702,KYOTO BY ORO24,register_extract_2026-06-15,Arjan,Arjan,ARJAN,building,building,673,,,arjan,already has a building: nothing to add
PN2703,2703,Oxford Gardens,register_extract_2026-06-15,Arjan,Arjan,ARJAN,building,building,673,,,arjan,already has a building: nothing to add
PN2705,2705,Greenside Residence,register_extract_2026-06-15,Hadaeq Sheikh Mohammed Bin Rashid,Dubai Hills Estate,DUBAI HILLS,building,building,631,,,dubaihills,already has a building: nothing to add
PN2706,2706,Golf Residences by Fortimo,register_extract_2026-06-15,Hadaeq Sheikh Mohammed Bin Rashid,Dubai Hills Estate,,building,building,631,,,dubaihills,already has a building: nothing to add
PN2707,2707,Samana Golf Views,register_extract_2026-06-15,Al Hebiah Fourth,Dubai Sports City,DUBAI SPORTS CITY,building,building,682,,,dubaisportscity,already has a building: nothing to add
PN2710,2710,V1TER Residence,register_extract_2026-06-15,Al Barsha South Fourth,Jumeirah Village Circle,JUMEIRAH VILLAGE CIRCLE,building,building,681,,,jumeirahvillagecircle,already has a building: nothing to add
PN2715,2715,VOLGA TOWER,register_extract_2026-06-15,Al Barsha South Fifth,Jumeirah Village Triangle,JUMEIRAH VILLAGE TRIANGLE,building,building,684,,,jumeirahvillagetriangle,already has a building: nothing to add
PN2717,2717,Sobha Creek Vistas Heights,register_extract_2026-06-15,Al Merkadh,SOBHA HARTLAND,Al Merkadh,building,building,347,,,(outside the 42 districts),already has a building: nothing to add
PN2719,2719,Bay Residences Dubai Islands,register_extract_2026-06-15,Palm Deira,Palm Deira,Palm Deira,building,building,101,,,palmdeira,already has a building: nothing to add
PN2723,2723,THE MAYFAIR,register_extract_2026-06-15,Al Yelayiss 2,TOWN SQUARE,Al Yelayiss 2,building,building,922,,,alyelayiss2,already has a building: nothing to add
PN2724,2724,"Baccarat Hotel and Residences, Dubai",register_extract_2026-06-15,Burj Khalifa,DownTown Dubai,BURJ KHALIFA,building,building,345,,,burjkhalifa,already has a building: nothing to add
PN2725,2725,JANNAT,register_extract_2026-06-15,Me'Aisem First,International Media Production Zone,DUBAI PRODUCTION CITY,building,building,685,,,dubaiproductioncity,already has a building: nothing to add
PN2726,2726,Aria By Beyond,register_extract_2026-06-15,Madinat Dubai Almelaheyah,Dubai Maritime City,,building,building,321,,,dubaimaritimecity,already has a building: nothing to add
PN2727,2727,VYB,register_extract_2026-06-15,Business Bay,Business Bay,BUSINESS BAY,building,building,346,,,businessbay,already has a building: nothing to add
PN2728,2728,Parkside Views,register_extract_2026-06-15,Hadaeq Sheikh Mohammed Bin Rashid,Dubai Hills Estate,Hadaeq Sheikh Mohammed Bin Rashid,building,building,631,,,dubaihills,already has a building: nothing to add
PN2729,2729,CORAL REEF,register_extract_2026-06-15,Madinat Dubai Almelaheyah,Dubai Maritime City,DUBAI MARITIME CITY,building,building,321,,,dubaimaritimecity,already has a building: nothing to add
PN2731,2731,Rise Residences,register_extract_2026-06-15,Al Barsha South Fourth,Jumeirah Village Circle,JUMEIRAH VILLAGE CIRCLE,building,building,681,,,jumeirahvillagecircle,already has a building: nothing to add
PN2736,2736,Sabah Square,register_extract_2026-06-15,Jabal Ali Industrial Second,Down Town Jabal Ali,,building,building,518,,,jabalaliindustrialsecond,already has a building: nothing to add
PN2737,2737,Riviera Chalet,register_extract_2026-06-15,Al Barsha South Fourth,Jumeirah Village Circle,JUMEIRAH VILLAGE CIRCLE,building,building,681,,,jumeirahvillagecircle,already has a building: nothing to add
PN2738,2738,ROVE HOME RESIDENCES by IRTH,register_extract_2026-06-15,Burj Khalifa,DownTown Dubai,BURJ KHALIFA,building,building,345,,,burjkhalifa,already has a building: nothing to add
PN2739,2739,MARQUIS ELEGANCE,register_extract_2026-06-15,Arjan,Arjan,ARJAN,building,building,673,,,arjan,already has a building: nothing to add
PN2740,2740,Serene Gardens by Prescott,register_extract_2026-06-15,Jabal Ali First,Discovery Gardens,Jabal Ali First,building,building,591,,,jabalalifirst,already has a building: nothing to add
PN2741,2741,Parkside Hills,register_extract_2026-06-15,Hadaeq Sheikh Mohammed Bin Rashid,Dubai Hills Estate,Hadaeq Sheikh Mohammed Bin Rashid,building,building,631,,,dubaihills,already has a building: nothing to add
PN2742,2742,AZIZI RIVIERA 65,register_extract_2026-06-15,Al Merkadh,Meydan One Community,MEYDAN ONE,building,building,347,,,(outside the 42 districts),already has a building: nothing to add
PN2743,2743,Clearpoint,register_extract_2026-06-15,Madinat Dubai Almelaheyah,Mina Rashid,Madinat Dubai Almelaheyah,building,building,321,,,dubaimaritimecity,already has a building: nothing to add
PN2745,2745,The First Collection at Dubai Sports City,register_extract_2026-06-15,Al Hebiah Fourth,Dubai Sports City,DUBAI SPORTS CITY,building,building,682,,,dubaisportscity,already has a building: nothing to add
PN2746,2746,Golf Vista Heights,register_extract_2026-06-15,Al Hebiah Fourth,Dubai Sports City,DUBAI SPORTS CITY,building,building,682,,,dubaisportscity,already has a building: nothing to add
PN2747,2747,Maya Residences 5,register_extract_2026-06-15,Al Barsha South Fifth,Jumeirah Village Triangle,JUMEIRAH VILLAGE TRIANGLE,building,building,684,,,jumeirahvillagetriangle,already has a building: nothing to add
PN2748,2748,Nadine Residences,register_extract_2026-06-15,Jabal Ali First,Al Furjan,AL FURJAN,building,building,591,,,jabalalifirst,already has a building: nothing to add
PN2749,2749,Nadine Residences 2,register_extract_2026-06-15,Jabal Ali First,Al Furjan,AL FURJAN,building,building,591,,,jabalalifirst,already has a building: nothing to add
PN2750,2750,Samana Portofino,register_extract_2026-06-15,Me'Aisem First,International Media Production Zone,DUBAI PRODUCTION CITY,building,building,685,,,dubaiproductioncity,already has a building: nothing to add
PN2751,2751,HAVEN LIVING,register_extract_2026-06-15,Palm Deira,Palm Deira,Palm Deira,building,building,101,,,palmdeira,already has a building: nothing to add
PN2752,2752,Olivia Residences,register_extract_2026-06-15,Dubai Investment Park First,Dubai Investment Park First,DUBAI INVESTMENT PARK FIRST,building,building,598,,,dubaiinvestmentparkfirst,already has a building: nothing to add
PN2755,2755,Oceanz 1 By Danube,register_extract_2026-06-15,Madinat Dubai Almelaheyah,Dubai Maritime City,DUBAI MARITIME CITY,building,building,321,,,dubaimaritimecity,already has a building: nothing to add
PN2756,2756,Oceanz 2 By Danube,register_extract_2026-06-15,Madinat Dubai Almelaheyah,Dubai Maritime City,DUBAI MARITIME CITY,building,building,321,,,dubaimaritimecity,already has a building: nothing to add
PN2757,2757,Sapphire 32 by Dar Alkarama,register_extract_2026-06-15,Al Barsha South Fourth,Jumeirah Village Circle,JUMEIRAH VILLAGE CIRCLE,building,building,681,,,jumeirahvillagecircle,already has a building: nothing to add
PN2760,2760,NAS3,register_extract_2026-06-15,Arjan,Arjan,ARJAN,building,building,673,,,arjan,already has a building: nothing to add
PN2762,2762,Sobha Seahaven Tower B & C,register_extract_2026-06-15,Marsa Dubai,Dubai Harbour,Marsa Dubai,building,building,392,,,dubaimarina,already has a building: nothing to add
PN2763,2763,H Three By Aurora,register_extract_2026-06-15,Al Barsha South Fourth,Jumeirah Village Circle,JUMEIRAH VILLAGE CIRCLE,building,building,681,,,jumeirahvillagecircle,already has a building: nothing to add
PN2764,2764,PARKWOOD RESIDENCES,register_extract_2026-06-15,Al Barsha South Fourth,Jumeirah Village Circle,JUMEIRAH VILLAGE CIRCLE,building,building,681,,,jumeirahvillagecircle,already has a building: nothing to add
PN2765,2765,Binghatti Tulip,register_extract_2026-06-15,Al Barsha South Fourth,Jumeirah Village Circle,JUMEIRAH VILLAGE CIRCLE,building,building,681,,,jumeirahvillagecircle,already has a building: nothing to add
PN2768,2768,A 99,register_extract_2026-06-15,Wadi Al Safa 5,Dubai Land Residence Complex,DUBAI LAND RESIDENCE COMPLEX,building,building,648,,,wadialsafa5,already has a building: nothing to add
PN2769,2769,Club Drive,register_extract_2026-06-15,Hadaeq Sheikh Mohammed Bin Rashid,Dubai Hills Estate,Hadaeq Sheikh Mohammed Bin Rashid,building,building,631,,,dubaihills,already has a building: nothing to add
PN2770,2770,Luxur Tower By Imtiaz,register_extract_2026-06-15,Al Barsha South Fourth,Jumeirah Village Circle,JUMEIRAH VILLAGE CIRCLE,building,building,681,,,jumeirahvillagecircle,already has a building: nothing to add
PN2772,2772,THE HAVEN GARDEN,register_extract_2026-06-15,Al Barsha South Fourth,Jumeirah Village Circle,JUMEIRAH VILLAGE CIRCLE,building,building,681,,,jumeirahvillagecircle,already has a building: nothing to add
PN2774,2774,Santorini Residences by Loutraki,register_extract_2026-06-15,Al Barsha South Fifth,Jumeirah Village Triangle,JUMEIRAH VILLAGE TRIANGLE,building,building,684,,,jumeirahvillagetriangle,already has a building: nothing to add
PN2775,2775,Park Lane,register_extract_2026-06-15,Hadaeq Sheikh Mohammed Bin Rashid,Dubai Hills Estate,,building,building,631,,,dubaihills,already has a building: nothing to add
PN2776,2776,VENTO TOWER,register_extract_2026-06-15,Business Bay,Business Bay,BUSINESS BAY,building,building,346,,,businessbay,already has a building: nothing to add
PN2777,2777,Pearl House II By Imtiaz,register_extract_2026-06-15,Al Barsha South Fourth,Jumeirah Village Circle,JUMEIRAH VILLAGE CIRCLE,building,building,681,,,jumeirahvillagecircle,already has a building: nothing to add
PN2778,2778,Empire Estates,register_extract_2026-06-15,Arjan,Arjan,ARJAN,building,building,673,,,arjan,already has a building: nothing to add
PN2780,2780,DAMAC HILLS - GOLF GREENS 2,register_extract_2026-06-15,Al Hebiah Third,DAMAC HILLS,DAMAC HILLS,building,building,676,,,damachills,already has a building: nothing to add
PN2781,2781,Nautica One,register_extract_2026-06-15,Madinat Dubai Almelaheyah,Dubai Maritime City,DUBAI MARITIME CITY,building,building,321,,,dubaimaritimecity,already has a building: nothing to add
PN2782,2782,VOLTA TOWER,register_extract_2026-06-15,Burj Khalifa,,BURJ KHALIFA,building,building,345,,,burjkhalifa,already has a building: nothing to add
PN2783,2783,Nautica Two,register_extract_2026-06-15,Madinat Dubai Almelaheyah,Dubai Maritime City,DUBAI MARITIME CITY,building,building,321,,,dubaimaritimecity,already has a building: nothing to add
PN2785,2785,AARK RESIDENCES,register_extract_2026-06-15,Wadi Al Safa 5,Dubai Land Residence Complex,DUBAI LAND RESIDENCE COMPLEX,building,building,648,,,wadialsafa5,already has a building: nothing to add
PN2786,2786,Symphony,register_extract_2026-06-15,Al Yelayiss 2,TOWN SQUARE,,building,building,922,,,alyelayiss2,already has a building: nothing to add
PN2789,2789,RED SQUARE,register_extract_2026-06-15,Al Barsha South Fifth,Jumeirah Village Triangle,JUMEIRAH VILLAGE TRIANGLE,building,building,684,,,jumeirahvillagetriangle,already has a building: nothing to add
PN2790,2790,ELLINGTON HOUSE IV,register_extract_2026-06-15,Hadaeq Sheikh Mohammed Bin Rashid,Dubai Hills Estate,DUBAI HILLS,building,building,631,,,dubaihills,already has a building: nothing to add
PN2791,2791,LUMINA VISTA RESIDENCES,register_extract_2026-06-15,Al Barsha South Fourth,Jumeirah Village Circle,JUMEIRAH VILLAGE CIRCLE,building,building,681,,,jumeirahvillagecircle,already has a building: nothing to add
PN2792,2792,Royal Regency Suites,register_extract_2026-06-15,Business Bay,Business Bay,BUSINESS BAY,building,building,346,,,businessbay,already has a building: nothing to add
PN2796,2796,Central Park Plaza,register_extract_2026-06-15,Al Wasl,City Walk,Al Wasl,building,building,343,,,alwasl,already has a building: nothing to add
PN2797,2797,Aeternitas Tower,register_extract_2026-06-15,Marsa Dubai,Dubai Marina,DUBAI MARINA,building,building,392,,,dubaimarina,already has a building: nothing to add
PN2805,2805,Emerald Vision Tower,register_extract_2026-06-15,Al Barsha South Fifth,Jumeirah Village Triangle,JUMEIRAH VILLAGE TRIANGLE,building,building,684,,,jumeirahvillagetriangle,already has a building: nothing to add
PN2806,2806,Hilton Residences Dubai Jumeirah Lakes Towers,register_extract_2026-06-15,Al Thanyah Fifth,Jumeirah Islands,JUMEIRAH LAKES TOWERS,building,building,393,,,"althanyahfifth,jltnorth,jltsouth",already has a building: nothing to add
PN2808,2808,Hillside Residences 1,register_extract_2026-06-15,Jabal Ali First,Wasl Gate,Jabal Ali First,building,building,591,,,jabalalifirst,already has a building: nothing to add
PN2809,2809,Hillside Residences 2,register_extract_2026-06-15,Jabal Ali First,Wasl Gate,Jabal Ali First,building,building,591,,,jabalalifirst,already has a building: nothing to add
PN2810,2810,Hillside Residences 3,register_extract_2026-06-15,Jabal Ali First,Wasl Gate,Jabal Ali First,building,building,591,,,jabalalifirst,already has a building: nothing to add
PN2811,2811,Beach Residences Dubai Islands,register_extract_2026-06-15,Palm Deira,Palm Deira,Palm Deira,building,building,101,,,palmdeira,already has a building: nothing to add
PN2812,2812,Cubix Residences,register_extract_2026-06-15,Al Barsha South Fourth,Jumeirah Village Circle,JUMEIRAH VILLAGE CIRCLE,building,building,681,,,jumeirahvillagecircle,already has a building: nothing to add
PN2813,2813,Bayline,register_extract_2026-06-15,Madinat Dubai Almelaheyah,Mina Rashid,Madinat Dubai Almelaheyah,building,building,321,,,dubaimaritimecity,already has a building: nothing to add
PN2814,2814,ARBOR VIEW,register_extract_2026-06-15,Arjan,Arjan,ARJAN,building,building,673,,,arjan,already has a building: nothing to add
PN2815,2815,THE QUAYSIDE,register_extract_2026-06-15,Business Bay,Business Bay,BUSINESS BAY,building,building,346,,,businessbay,already has a building: nothing to add
PN2817,2817,AZIZI RIVIERA 61,register_extract_2026-06-15,Al Merkadh,Meydan One Community,MEYDAN ONE,building,building,347,,,(outside the 42 districts),already has a building: nothing to add
PN2818,2818,PG ONE AT AL FURJAN,register_extract_2026-06-15,Jabal Ali First,Al Furjan,AL FURJAN,building,building,591,,,jabalalifirst,already has a building: nothing to add
PN2823,2823,Exotica by Al Marina,register_extract_2026-06-15,Al Barsha South Fourth,Jumeirah Village Circle,JUMEIRAH VILLAGE CIRCLE,building,building,681,,,jumeirahvillagecircle,already has a building: nothing to add
PN2824,2824,Violet Tower,register_extract_2026-06-15,Al Barsha South Fourth,Jumeirah Village Circle,JUMEIRAH VILLAGE CIRCLE,building,building,681,,,jumeirahvillagecircle,already has a building: nothing to add
PN2825,2825,Binghatti Lavender,register_extract_2026-06-15,Al Barsha South Fourth,Jumeirah Village Circle,JUMEIRAH VILLAGE CIRCLE,building,building,681,,,jumeirahvillagecircle,already has a building: nothing to add
PN2831,2831,48 PARKSIDE,register_extract_2026-06-15,Arjan,Arjan,ARJAN,building,building,673,,,arjan,already has a building: nothing to add
PN2832,2832,THE CRESTMARK,register_extract_2026-06-15,Business Bay,Business Bay,BUSINESS BAY,building,building,346,,,businessbay,already has a building: nothing to add
PN2835,2835,Samana Barari Views,register_extract_2026-06-15,Wadi Al Safa 3,Majan,MAJAN,building,building,645,,,majan,already has a building: nothing to add
PN2837,2837,10 OXFORD by IMAN,register_extract_2026-06-15,Al Barsha South Fourth,Jumeirah Village Circle,JUMEIRAH VILLAGE CIRCLE,building,building,681,,,jumeirahvillagecircle,already has a building: nothing to add
PN2839,2839,EQUITI GATES,register_extract_2026-06-15,Jabal Ali Industrial Second,Down Town Jabal Ali,DOWN TOWN JABAL ALI,building,building,518,,,jabalaliindustrialsecond,already has a building: nothing to add
PN2841,2841,Samana Barari Views 2,register_extract_2026-06-15,Wadi Al Safa 3,Majan,MAJAN,building,building,645,,,majan,already has a building: nothing to add
PN2842,2842,DEANSGATE by ADE,register_extract_2026-06-15,Wadi Al Safa 3,Majan,MAJAN,building,building,645,,,majan,already has a building: nothing to add
PN2845,2845,Sportz By Danube,register_extract_2026-06-15,Al Hebiah Fourth,Dubai Sports City,DUBAI SPORTS CITY,building,building,682,,,dubaisportscity,already has a building: nothing to add
PN2847,2847,AG 9INE,register_extract_2026-06-15,Wadi Al Safa 5,Dubai Land Residence Complex,DUBAI LAND RESIDENCE COMPLEX,building,building,648,,,wadialsafa5,already has a building: nothing to add
PN2848,2848,ALBERO BY ORO24,register_extract_2026-06-15,Wadi Al Safa 2,Liwan1,,building,building,643,,,liwan1,already has a building: nothing to add
PN2849,2849,Divine Residencia,register_extract_2026-06-15,Al Hebiah Second,Dubai Studio City,DUBAI STUDIO CITY,building,building,675,,,dubaistudiocity,already has a building: nothing to add
PN2851,2851,Saba 4,register_extract_2026-06-15,Al Thanyah Fifth,Jumeirah Lakes Towers,JUMEIRAH LAKES TOWERS,building,building,393,,,"althanyahfifth,jltnorth,jltsouth",already has a building: nothing to add
PN2852,2852,CELIA HEIGHTS,register_extract_2026-06-15,Wadi Al Safa 3,Majan,MAJAN,building,building,645,,,majan,already has a building: nothing to add
PN2853,2853,AURA ELEGANCE,register_extract_2026-06-15,Nadd Hessa,Silicon Oasis,SILICON OASIS,building,building,626,,,siliconoasis,already has a building: nothing to add
PN2855,2855,Vincitore Aqua Dimore,register_extract_2026-06-15,Al Barshaa South Second,Dubai Science Park,DUBAI SCIENCE PARK,building,building,672,,,dubaisciencepark,already has a building: nothing to add
PN2856,2856,Mallside Residence,register_extract_2026-06-15,Hadaeq Sheikh Mohammed Bin Rashid,Dubai Hills Estate,Hadaeq Sheikh Mohammed Bin Rashid,building,building,631,,,dubaihills,already has a building: nothing to add
PN2860,2860,Hyde Walk Residence by Imtiaz,register_extract_2026-06-15,Al Satwa,Jumeirah Garden City,Al Satwa,building,building,334,,,alsatwa,already has a building: nothing to add
PN2861,2861,The central downtown,register_extract_2026-06-15,Arjan,Arjan,ARJAN,building,building,673,,,arjan,already has a building: nothing to add
PN2862,2862,Binghatti Azure,register_extract_2026-06-15,Al Barsha South Fourth,Jumeirah Village Circle,JUMEIRAH VILLAGE CIRCLE,building,building,681,,,jumeirahvillagecircle,already has a building: nothing to add
PN2863,2863,EQUITI HOME,register_extract_2026-06-15,Jabal Ali First,Al Furjan,AL FURJAN,building,building,591,,,jabalalifirst,already has a building: nothing to add
PN2864,2864,Aveline Residences by Citi Developers,register_extract_2026-06-15,Al Barsha South Fourth,Jumeirah Village Circle,JUMEIRAH VILLAGE CIRCLE,building,building,681,,,jumeirahvillagecircle,already has a building: nothing to add
PN2866,2866,Cavendish Square,register_extract_2026-06-15,Al Barsha South Fifth,Jumeirah Village Triangle,JUMEIRAH VILLAGE TRIANGLE,building,building,684,,,jumeirahvillagetriangle,already has a building: nothing to add
PN2867,2867,Oceanz 3 By Danube,register_extract_2026-06-15,Madinat Dubai Almelaheyah,Dubai Maritime City,DUBAI MARITIME CITY,building,building,321,,,dubaimaritimecity,already has a building: nothing to add
PN2868,2868,Boutique 23,register_extract_2026-06-15,Al Jadaf,Jaddaf Waterfront,JADDAF WATERFRONT,building,building,326,,,samaaljadaf,already has a building: nothing to add
PN2869,2869,Confident Lancaster,register_extract_2026-06-15,Wadi Al Safa 2,Liwan1,LIWAN,building,building,643,,,liwan1,already has a building: nothing to add
PN2870,2870,Roma Residences by JRP,register_extract_2026-06-15,Al Barsha South Fourth,Jumeirah Village Circle,JUMEIRAH VILLAGE CIRCLE,building,building,681,,,jumeirahvillagecircle,already has a building: nothing to add
PN2871,2871,LAYA COURTYARD,register_extract_2026-06-15,Al Hebiah Second,Dubai Studio City,DUBAI STUDIO CITY,building,building,675,,,dubaistudiocity,already has a building: nothing to add
PN2872,2872,Serene Gardens 2 by Prescott,register_extract_2026-06-15,Jabal Ali First,Discovery Gardens,Jabal Ali First,building,building,591,,,jabalalifirst,already has a building: nothing to add
PN2876,2876,Regent Residences Dubai Sankari Place,register_extract_2026-06-15,Business Bay,Business Bay,,building,building,346,,,businessbay,already has a building: nothing to add
PN2880,2880,Marquis Insignia,register_extract_2026-06-15,Arjan,Arjan,ARJAN,building,building,673,,,arjan,already has a building: nothing to add
PN2881,2881,Electra,register_extract_2026-06-15,Al Barsha South Fourth,Jumeirah Village Circle,JUMEIRAH VILLAGE CIRCLE,building,building,681,,,jumeirahvillagecircle,already has a building: nothing to add
PN2882,2882,Aeon,register_extract_2026-06-15,Al Khairan First,Dubai Creek Harbour,DUBAI CREEK HARBOUR,building,building,415,,,alkhairanfirst,already has a building: nothing to add
PN2883,2883,California 2 by SD,register_extract_2026-06-15,Jabal Ali First,Discovery Gardens,,building,building,591,,,jabalalifirst,already has a building: nothing to add
PN2884,2884,Palace Residences Dubai Hills Estate,register_extract_2026-06-15,Hadaeq Sheikh Mohammed Bin Rashid,Dubai Hills Estate,DUBAI HILLS,building,building,631,,,dubaihills,already has a building: nothing to add
PN2885,2885,Vela Viento by Omniyat,register_extract_2026-06-15,Business Bay,Business Bay,BUSINESS BAY,building,building,346,,,businessbay,already has a building: nothing to add
PN2886,2886,Euphoric Residences,register_extract_2026-06-15,Burj Khalifa,DownTown Dubai,BURJ KHALIFA,building,building,345,,,burjkhalifa,already has a building: nothing to add
PN2887,2887,Opulent Residences,register_extract_2026-06-15,Burj Khalifa,DownTown Dubai,BURJ KHALIFA,building,building,345,,,burjkhalifa,already has a building: nothing to add
PN2888,2888,Lucky Oasis Residence,register_extract_2026-06-15,Al Barsha South Fourth,Jumeirah Village Circle,JUMEIRAH VILLAGE CIRCLE,building,building,681,,,jumeirahvillagecircle,already has a building: nothing to add
PN2889,2889,Armani Beach Residences At Palm Jumeirah,register_extract_2026-06-15,Palm Jumeirah,Palm Jumeirah,PALM JUMEIRAH,building,building,381,,,palmjumeirah,already has a building: nothing to add
PN2890,2890,HELVETIA RESIDENCES,register_extract_2026-06-15,Al Barsha South Fourth,Jumeirah Village Circle,JUMEIRAH VILLAGE CIRCLE,building,building,681,,,jumeirahvillagecircle,already has a building: nothing to add
PN2891,2891,Joya Mimosa Residences,register_extract_2026-06-15,Al Hebiah Fourth,Dubai Sports City,,building,building,682,,,dubaisportscity,already has a building: nothing to add
PN2892,2892,"The Residences, Al Habtoor Grand",register_extract_2026-06-15,Marsa Dubai,,Marsa Dubai,building,building,392,,,dubaimarina,already has a building: nothing to add
PN2893,2893,FH Residency,register_extract_2026-06-15,Al Barsha South Fifth,Jumeirah Village Triangle,JUMEIRAH VILLAGE TRIANGLE,building,building,684,,,jumeirahvillagetriangle,already has a building: nothing to add
PN2895,2895,Samana Resorts,register_extract_2026-06-15,Me'Aisem First,International Media Production Zone,DUBAI PRODUCTION CITY,building,building,685,,,dubaiproductioncity,already has a building: nothing to add
PN2896,2896,Samana Park Meadows,register_extract_2026-06-15,Wadi Al Safa 5,Dubai Land Residence Complex,DUBAI LAND RESIDENCE COMPLEX,building,building,648,,,wadialsafa5,already has a building: nothing to add
PN2897,2897,Samana IBIZA,register_extract_2026-06-15,Wadi Al Safa 5,Dubai Land Residence Complex,DUBAI LAND RESIDENCE COMPLEX,building,building,648,,,wadialsafa5,already has a building: nothing to add
PN2898,2898,Samana Avenue,register_extract_2026-06-15,Wadi Al Safa 5,Dubai Land Residence Complex,DUBAI LAND RESIDENCE COMPLEX,building,building,648,,,wadialsafa5,already has a building: nothing to add
PN2900,2900,Trussardi Residences,register_extract_2026-06-15,Jabal Ali First,Al Furjan,AL FURJAN,building,building,591,,,jabalalifirst,already has a building: nothing to add
PN2904,2904,THE CORNER,register_extract_2026-06-15,Wadi Al Safa 5,Dubai Land Residence Complex,DUBAI LAND RESIDENCE COMPLEX,building,building,648,,,wadialsafa5,already has a building: nothing to add
PN2907,2907,1WOOD RESIDENCE,register_extract_2026-06-15,Al Barsha South Fourth,Jumeirah Village Circle,JUMEIRAH VILLAGE CIRCLE,building,building,681,,,jumeirahvillagecircle,already has a building: nothing to add
PN2909,2909,Samana IVY Gardens 2,register_extract_2026-06-15,Wadi Al Safa 5,Dubai Land Residence Complex,DUBAI LAND RESIDENCE COMPLEX,building,building,648,,,wadialsafa5,already has a building: nothing to add
PN2910,2910,BLISS HOMES,register_extract_2026-06-15,Wadi Al Safa 5,Dubai Land Residence Complex,DUBAI LAND RESIDENCE COMPLEX,building,building,648,,,wadialsafa5,already has a building: nothing to add
PN2911,2911,ROSALIA RESIDENCES,register_extract_2026-06-15,Jabal Ali First,Al Furjan,AL FURJAN,building,building,591,,,jabalalifirst,already has a building: nothing to add
PN2912,2912,AZIZI RIVIERA 67,register_extract_2026-06-15,Al Merkadh,Meydan One Community,MEYDAN ONE,building,building,347,,,(outside the 42 districts),already has a building: nothing to add
PN2914,2914,Binghatti Galaxy,register_extract_2026-06-15,Al Barsha South Fourth,Jumeirah Village Circle,JUMEIRAH VILLAGE CIRCLE,building,building,681,,,jumeirahvillagecircle,already has a building: nothing to add
PN2916,2916,Celeste by Westar,register_extract_2026-06-15,Al Barsha South Fourth,Jumeirah Village Circle,,building,building,681,,,jumeirahvillagecircle,already has a building: nothing to add
PN2920,2920,Hammock Park,register_extract_2026-06-15,Jabal Ali First,Wasl Gate,Jabal Ali First,building,building,591,,,jabalalifirst,already has a building: nothing to add
PN2923,2923,Sonate Residences by Condor,register_extract_2026-06-15,Al Barsha South Fifth,Jumeirah Village Triangle,JUMEIRAH VILLAGE TRIANGLE,building,building,684,,,jumeirahvillagetriangle,already has a building: nothing to add
PN2924,2924,Keturah Reserve,register_extract_2026-06-15,Hadaeq Sheikh Mohammed Bin Rashid,HADAEQ SHEIKH MOHAMMED BIN RASHID - DISRICT 7,Hadaeq Sheikh Mohammed Bin Rashid,building,building,631,,,dubaihills,already has a building: nothing to add
PN2925,2925,DAMAC LAGOONS - LAGOON VIEWS 1,register_extract_2026-06-15,Al Hebiah Fifth,,Al Hebiah Fifth,building,building,683,,,alhebiahfifth,already has a building: nothing to add
PN2926,2926,DAMAC LAGOONS - LAGOON VIEWS 2,register_extract_2026-06-15,Al Hebiah Fifth,,Al Hebiah Fifth,building,building,683,,,alhebiahfifth,already has a building: nothing to add
PN2927,2927,Bayz 101 By Danube,register_extract_2026-06-15,Business Bay,,BUSINESS BAY,building,building,346,,,businessbay,already has a building: nothing to add
PN2928,2928,SOLARA TOWER DUBAI,register_extract_2026-06-15,Burj Khalifa,DownTown Dubai,BURJ KHALIFA,building,building,345,,,burjkhalifa,already has a building: nothing to add
PN2929,2929,ONE RIVER POINT,register_extract_2026-06-15,Business Bay,Business Bay,BUSINESS BAY,building,building,346,,,businessbay,already has a building: nothing to add
PN2930,2930,Edgewater Residences,register_extract_2026-06-15,Palm Deira,Palm Deira,PALM DEIRA,building,building,101,,,palmdeira,already has a building: nothing to add
PN2932,2932,Platinum by vision,register_extract_2026-06-15,Wadi Al Safa 2,Liwan1,LIWAN,building,building,643,,,liwan1,already has a building: nothing to add
PN2933,2933,Trinity By Karma,register_extract_2026-06-15,Arjan,Arjan,ARJAN,building,building,673,,,arjan,already has a building: nothing to add
PN2934,2934,Karma,register_extract_2026-06-15,Wadi Al Safa 2,Liwan1,LIWAN,building,building,643,,,liwan1,already has a building: nothing to add
PN2938,2938,GARDENS 2,register_extract_2026-06-15,Arjan,Arjan,ARJAN,building,building,673,,,arjan,already has a building: nothing to add
PN2939,2939,Aba Lux Living,register_extract_2026-06-15,Marsa Dubai,Dubai Marina,DUBAI MARINA,building,building,392,,,dubaimarina,already has a building: nothing to add
PN2940,2940,PARK LANE BY HEILBRONN,register_extract_2026-06-15,Al Barsha South Fourth,Jumeirah Village Circle,,building,building,681,,,jumeirahvillagecircle,already has a building: nothing to add
PN2941,2941,Oria,register_extract_2026-06-15,Al Khairan First,Dubai Creek Harbour,Al Khairan First,building,building,415,,,alkhairanfirst,already has a building: nothing to add
PN2942,2942,DAMAC LAGOONS - LAGOON VIEWS 3,register_extract_2026-06-15,Al Hebiah Fifth,,,building,building,683,,,alhebiahfifth,already has a building: nothing to add
PN2943,2943,DAMAC LAGOONS - LAGOON VIEWS 4,register_extract_2026-06-15,Al Hebiah Fifth,,Al Hebiah Fifth,building,building,683,,,alhebiahfifth,already has a building: nothing to add
PN2944,2944,DAMAC LAGOONS - LAGOON VIEWS 5,register_extract_2026-06-15,Al Hebiah Fifth,,Al Hebiah Fifth,building,building,683,,,alhebiahfifth,already has a building: nothing to add
PN2945,2945,DAMAC LAGOONS - LAGOON VIEWS 6,register_extract_2026-06-15,Al Hebiah Fifth,,,building,building,683,,,alhebiahfifth,already has a building: nothing to add
PN2946,2946,DAMAC LAGOONS - LAGOON VIEWS 7,register_extract_2026-06-15,Al Hebiah Fifth,,Al Hebiah Fifth,building,building,683,,,alhebiahfifth,already has a building: nothing to add
PN2947,2947,DAMAC LAGOONS - LAGOON VIEWS 8,register_extract_2026-06-15,Al Hebiah Fifth,,Al Hebiah Fifth,building,building,683,,,alhebiahfifth,already has a building: nothing to add
PN2950,2950,Enaya Residences,register_extract_2026-06-15,Al Barsha South Fifth,Jumeirah Village Triangle,JUMEIRAH VILLAGE TRIANGLE,building,building,684,,,jumeirahvillagetriangle,already has a building: nothing to add
PN2951,2951,The Stella Residences,register_extract_2026-06-15,Jabal Ali First,Al Furjan,AL FURJAN,building,building,591,,,jabalalifirst,already has a building: nothing to add
PN2952,2952,The Spark by Esnaad,register_extract_2026-06-15,Wadi Al Safa 3,Mohammed Bin Rashid AL Maktoum District 11,Wadi Al Safa 3,building,building,645,,,majan,already has a building: nothing to add
PN2953,2953,The Orchard Place - Tower C,register_extract_2026-06-15,Al Barsha South Fourth,Jumeirah Village Circle,JUMEIRAH VILLAGE CIRCLE,building,building,681,,,jumeirahvillagecircle,already has a building: nothing to add
PN2958,2958,Binghatti Phantom,register_extract_2026-06-15,Al Barsha South Fourth,Jumeirah Village Circle,JUMEIRAH VILLAGE CIRCLE,building,building,681,,,jumeirahvillagecircle,already has a building: nothing to add
PN2959,2959,Enqlave By Aqasa,register_extract_2026-06-15,Jabal Ali First,Discovery Gardens,Jabal Ali First,building,building,591,,,jabalalifirst,already has a building: nothing to add
PN2961,2961,Binghatti Royale,register_extract_2026-06-15,Al Barsha South Fourth,Jumeirah Village Circle,JUMEIRAH VILLAGE CIRCLE,building,building,681,,,jumeirahvillagecircle,already has a building: nothing to add
PN2962,2962,Kaya,register_extract_2026-06-15,Al Yelayiss 2,TOWN SQUARE,Al Yelayiss 2,building,building,922,,,alyelayiss2,already has a building: nothing to add
PN2965,2965,ELEVE BY DEYAAR,register_extract_2026-06-15,Jabal Ali Industrial Second,Down Town Jabal Ali,DOWN TOWN JABAL ALI,building,building,518,,,jabalaliindustrialsecond,already has a building: nothing to add
PN2966,2966,Rove Home Marasi Drive,register_extract_2026-06-15,Business Bay,Business Bay,BUSINESS BAY,building,building,346,,,businessbay,already has a building: nothing to add
PN2969,2969,ONE PARK CENTRAL BY IMAN,register_extract_2026-06-15,Al Barsha South Fourth,Jumeirah Village Circle,JUMEIRAH VILLAGE CIRCLE,building,building,681,,,jumeirahvillagecircle,already has a building: nothing to add
PN2970,2970,City Walk Northline 1,register_extract_2026-06-15,Al Wasl,City Walk,Al Wasl,building,building,343,,,alwasl,already has a building: nothing to add
PN2971,2971,Barari Parkview by Al Mawared,register_extract_2026-06-15,Wadi Al Safa 3,Majan,MAJAN,building,building,645,,,majan,already has a building: nothing to add
PN2972,2972,City Walk Northline 2,register_extract_2026-06-15,Al Wasl,City Walk,Al Wasl,building,building,343,,,alwasl,already has a building: nothing to add
PN2975,2975,Ocean Point,register_extract_2026-06-15,Madinat Dubai Almelaheyah,Mina Rashid,Madinat Dubai Almelaheyah,building,building,321,,,dubaimaritimecity,already has a building: nothing to add
PN2977,2977,Ozone 1 Residence,register_extract_2026-06-15,Al Barsha South Fourth,Jumeirah Village Circle,JUMEIRAH VILLAGE CIRCLE,building,building,681,,,jumeirahvillagecircle,already has a building: nothing to add
PN2978,2978,All Seasons Residence,register_extract_2026-06-15,Al Hebiah Fourth,Dubai Sports City,DUBAI SPORTS CITY,building,building,682,,,dubaisportscity,already has a building: nothing to add
PN2979,2979,Sky Vista by Peace Homes,register_extract_2026-06-15,Al Barsha South Fourth,Jumeirah Village Circle,JUMEIRAH VILLAGE CIRCLE,building,building,681,,,jumeirahvillagecircle,already has a building: nothing to add
PN2981,2981,HATIMI RESIDENCES BY FAKHRUDDIN,register_extract_2026-06-15,Palm Deira,Palm Deira,Palm Deira,building,building,101,,,palmdeira,already has a building: nothing to add
PN2983,2983,TAT RESIDENCE,register_extract_2026-06-15,Burj Khalifa,DownTown Dubai,,building,building,345,,,burjkhalifa,already has a building: nothing to add
PN2984,2984,Avelon Boulevard,register_extract_2026-06-15,Arjan,Arjan,ARJAN,building,building,673,,,arjan,already has a building: nothing to add
PN2986,2986,Elaya,register_extract_2026-06-15,Al Yelayiss 2,TOWN SQUARE,Al Yelayiss 2,building,building,922,,,alyelayiss2,already has a building: nothing to add
PN2987,2987,The Alba Residences by Omniyat,register_extract_2026-06-15,Palm Jumeirah,Palm Jumeirah,PALM JUMEIRAH,building,building,381,,,palmjumeirah,already has a building: nothing to add
PN2988,2988,SYMBOLIC AURA,register_extract_2026-06-15,Jabal Ali First,Al Furjan,AL FURJAN,building,building,591,,,jabalalifirst,already has a building: nothing to add
PN2989,2989,Gharbi I Residences,register_extract_2026-06-15,Arjan,Arjan,ARJAN,building,building,673,,,arjan,already has a building: nothing to add
PN2990,2990,MERCER HOUSE,register_extract_2026-06-15,Al Thanyah Fifth,DMCC-EZ1,Al Thanyah Fifth,building,building,393,,,"althanyahfifth,jltnorth,jltsouth",already has a building: nothing to add
PN2993,2993,ROSEMONT RESIDENCES,register_extract_2026-06-15,Al Barsha South Fifth,Jumeirah Village Triangle,JUMEIRAH VILLAGE TRIANGLE,building,building,684,,,jumeirahvillagetriangle,already has a building: nothing to add
PN2995,2995,DAMAC HILLS (2) - ELO,register_extract_2026-06-15,Madinat Hind 4,DAMAC HILLS 2,Madinat Hind 4,building,building,914,,,madinathind4,already has a building: nothing to add
PN2996,2996,ART BAY WEST,register_extract_2026-06-15,Al Jadaf,Jaddaf Waterfront,JADDAF WATERFRONT,building,building,326,,,samaaljadaf,already has a building: nothing to add
PN2997,2997,Starlight Park,register_extract_2026-06-15,Wadi Al Safa 3,Mohammed Bin Rashid AL Maktoum District 11,Wadi Al Safa 3,building,building,645,,,majan,already has a building: nothing to add
PN2999,2999,WADI 645,register_extract_2026-06-15,Wadi Al Safa 3,Majan,MAJAN,building,building,645,,,majan,already has a building: nothing to add
PN3001,3001,DAMAC CITY 2,register_extract_2026-06-15,Al Wasl,Dubai Water Canal,Al Wasl,building,building,343,,,alwasl,already has a building: nothing to add
PN3005,3005,Primero Residences by Main Realty,register_extract_2026-06-15,Jabal Ali First,Al Furjan,,building,building,591,,,jabalalifirst,already has a building: nothing to add
PN3007,3007,Weybridge Gardens 2,register_extract_2026-06-15,Wadi Al Safa 5,Dubai Land Residence Complex,DUBAI LAND RESIDENCE COMPLEX,building,building,648,,,wadialsafa5,already has a building: nothing to add
PN3008,3008,Sky Livings by Peace Homes,register_extract_2026-06-15,Al Barsha South Fourth,Jumeirah Village Circle,JUMEIRAH VILLAGE CIRCLE,building,building,681,,,jumeirahvillagecircle,already has a building: nothing to add
PN3009,3009,Binghatti Phoenix,register_extract_2026-06-15,Al Barsha South Fourth,Jumeirah Village Circle,JUMEIRAH VILLAGE CIRCLE,building,building,681,,,jumeirahvillagecircle,already has a building: nothing to add
PN3010,3010,Ocean Star,register_extract_2026-06-15,Madinat Dubai Almelaheyah,Mina Rashid,Madinat Dubai Almelaheyah,building,building,321,,,dubaimaritimecity,already has a building: nothing to add
PN3011,3011,Edgewater Residences 2,register_extract_2026-06-15,Palm Deira,Palm Deira,PALM DEIRA,building,building,101,,,palmdeira,already has a building: nothing to add
PN3012,3012,AZIZI RIVIERA 69,register_extract_2026-06-15,Al Merkadh,Meydan One Community,MEYDAN ONE,building,building,347,,,(outside the 42 districts),already has a building: nothing to add
PN3016,3016,Cilia,register_extract_2026-06-15,Wadi Al Safa 4,,Wadi Al Safa 4,building,building,646,,,wadialsafa4,already has a building: nothing to add
PN3017,3017,Diamondz By Danube,register_extract_2026-06-15,Al Thanyah Fifth,Jumeirah Lakes Towers,JUMEIRAH LAKES TOWERS,building,building,393,,,"althanyahfifth,jltnorth,jltsouth",already has a building: nothing to add
PN3020,3020,AZIZI JEWEL,register_extract_2026-06-15,Jabal Ali First,Al Furjan,AL FURJAN,building,building,591,,,jabalalifirst,already has a building: nothing to add
PN3022,3022,Vitalia by Pinnacle,register_extract_2026-06-15,Palm Jumeirah,Palm Jumeirah,PALM JUMEIRAH,building,building,381,,,palmjumeirah,already has a building: nothing to add
PN3024,3024,Dusk by Binghatti,register_extract_2026-06-15,Al Barsha South Fourth,Jumeirah Village Circle,JUMEIRAH VILLAGE CIRCLE,building,building,681,,,jumeirahvillagecircle,already has a building: nothing to add
PN3027,3027,Belle Reve By Zimaya,register_extract_2026-06-15,Al Barsha South Fourth,Jumeirah Village Circle,JUMEIRAH VILLAGE CIRCLE,building,building,681,,,jumeirahvillagecircle,already has a building: nothing to add
PN3028,3028,Floarea Vista,register_extract_2026-06-15,Jabal Ali First,Discovery Gardens,Jabal Ali First,building,building,591,,,jabalalifirst,already has a building: nothing to add
PN3029,3029,BEVERLY GARDENS BY AA AND HMB REAL ESTATE DEVELOPMENT,register_extract_2026-06-15,Jabal Ali First,Discovery Gardens,Jabal Ali First,building,building,591,,,jabalalifirst,already has a building: nothing to add
PN3030,3030,Century,register_extract_2026-06-15,Business Bay,Business Bay,BUSINESS BAY,building,building,346,,,businessbay,already has a building: nothing to add
PN3033,3033,VALO,register_extract_2026-06-15,Al Khairan First,Dubai Creek Harbour,Al Khairan First,building,building,415,,,alkhairanfirst,already has a building: nothing to add
PN3034,3034,Riva Residence,register_extract_2026-06-15,Madinat Dubai Almelaheyah,Dubai Maritime City,DUBAI MARITIME CITY,building,building,321,,,dubaimaritimecity,already has a building: nothing to add
PN3036,3036,WAREF residences by sido development,register_extract_2026-06-15,Al Barsha South Fourth,Jumeirah Village Circle,JUMEIRAH VILLAGE CIRCLE,building,building,681,,,jumeirahvillagecircle,already has a building: nothing to add
PN3039,3039,ALTIA ONE,register_extract_2026-06-15,Nadd Hessa,Silicon Oasis,SILICON OASIS,building,building,626,,,siliconoasis,already has a building: nothing to add
PN3041,3041,Urban Life,register_extract_2026-06-15,Business Bay,Business Bay,BUSINESS BAY,building,building,346,,,businessbay,already has a building: nothing to add
PN3042,3042,Iluka Residences,register_extract_2026-06-15,Palm Deira,Palm Deira,Palm Deira,building,building,101,,,palmdeira,already has a building: nothing to add
PN3045,3045,PARK BOULEVARD BY METEORA,register_extract_2026-06-15,Al Barsha South Fourth,Jumeirah Village Circle,JUMEIRAH VILLAGE CIRCLE,building,building,681,,,jumeirahvillagecircle,already has a building: nothing to add
PN3046,3046,The Grandala,register_extract_2026-06-15,Al Satwa,Jumeirah Garden City,Al Satwa,building,building,334,,,alsatwa,already has a building: nothing to add
PN3048,3048,THE FIFTH TOWER,register_extract_2026-06-15,Al Barsha South Fourth,Jumeirah Village Circle,JUMEIRAH VILLAGE CIRCLE,building,building,681,,,jumeirahvillagecircle,already has a building: nothing to add
PN3049,3049,Lana on the Park,register_extract_2026-06-15,Al Yelayiss 2,TOWN SQUARE,Al Yelayiss 2,building,building,922,,,alyelayiss2,already has a building: nothing to add
PN3050,3050,Haya on the Park,register_extract_2026-06-15,Al Yelayiss 2,TOWN SQUARE,Al Yelayiss 2,building,building,922,,,alyelayiss2,already has a building: nothing to add
PN3052,3052,ONDA BY KASCO,register_extract_2026-06-15,Business Bay,Business Bay,BUSINESS BAY,building,building,346,,,businessbay,already has a building: nothing to add
PN3053,3053,Binghatti Hills,register_extract_2026-06-15,Al Barshaa South Second,Dubai Science Park,DUBAI SCIENCE PARK,building,building,672,,,dubaisciencepark,already has a building: nothing to add
PN3054,3054,Pearls by Vision,register_extract_2026-06-15,Nadd Hessa,Silicon Oasis,SILICON OASIS,building,building,626,,,siliconoasis,already has a building: nothing to add
PN3056,3056,ME DO RE 2,register_extract_2026-06-15,Al Thanyah Fifth,Jumeirah Islands,JUMEIRAH LAKES TOWERS,building,building,393,,,"althanyahfifth,jltnorth,jltsouth",already has a building: nothing to add
PN3057,3057,Skyhills II by HRE,register_extract_2026-06-15,Al Barsha South Fourth,Jumeirah Village Circle,JUMEIRAH VILLAGE CIRCLE,building,building,681,,,jumeirahvillagecircle,already has a building: nothing to add
PN3058,3058,Skyhills III by HRE,register_extract_2026-06-15,Al Barsha South Fourth,Jumeirah Village Circle,JUMEIRAH VILLAGE CIRCLE,building,building,681,,,jumeirahvillagecircle,already has a building: nothing to add
PN3059,3059,ALBA TOWER,register_extract_2026-06-15,Al Satwa,Jumeirah Garden City,Al Satwa,building,building,334,,,alsatwa,already has a building: nothing to add
PN3060,3060,butterfly,register_extract_2026-06-15,Arjan,Arjan,ARJAN,building,building,673,,,arjan,already has a building: nothing to add
PN3062,3062,Sea Coral By Next Realty,register_extract_2026-06-15,Palm Deira,Palm Deira,Palm Deira,building,building,101,,,palmdeira,already has a building: nothing to add
PN3064,3064,The Roof Residence,register_extract_2026-06-15,Nad Al Shiba First,Nad Al Sheba Gardens,NAD AL SHEBA GARDENS,building,building,618,,,"goldensymphony,meydanone,sobhaheartland",already has a building: nothing to add
PN3065,3065,Palatium Residences,register_extract_2026-06-15,Al Barsha South Fourth,Jumeirah Village Circle,JUMEIRAH VILLAGE CIRCLE,building,building,681,,,jumeirahvillagecircle,already has a building: nothing to add
PN3066,3066,Binghatti Apex,register_extract_2026-06-15,Al Barsha South Fourth,Jumeirah Village Circle,JUMEIRAH VILLAGE CIRCLE,building,building,681,,,jumeirahvillagecircle,already has a building: nothing to add
PN3068,3068,Valores Residences,register_extract_2026-06-15,Jabal Ali First,Al Furjan,AL FURJAN,building,building,591,,,jabalalifirst,already has a building: nothing to add
PN3069,3069,Pristine By Zoya,register_extract_2026-06-15,Jabal Ali First,Al Furjan,AL FURJAN,building,building,591,,,jabalalifirst,already has a building: nothing to add
PN3070,3070,Sobha Orbis,register_extract_2026-06-15,Al Hebiah First,Motor City,MOTOR CITY,building,building,674,,,motorcity,already has a building: nothing to add
PN3072,3072,Livel Residenza,register_extract_2026-06-15,Al Barsha South Fourth,Jumeirah Village Circle,JUMEIRAH VILLAGE CIRCLE,building,building,681,,,jumeirahvillagecircle,already has a building: nothing to add
PN3074,3074,Jade Tower,register_extract_2026-06-15,Wadi Al Safa 3,Majan,MAJAN,building,building,645,,,majan,already has a building: nothing to add
PN3075,3075,Trillium Heights,register_extract_2026-06-15,Al Satwa,Jumeirah Garden City,Al Satwa,building,building,334,,,alsatwa,already has a building: nothing to add
PN3076,3076,Serra,register_extract_2026-06-15,Wadi Al Safa 4,,Wadi Al Safa 4,building,building,646,,,wadialsafa4,already has a building: nothing to add
PN3078,3078,Sereno Residences,register_extract_2026-06-15,Al Barsha South Fourth,Jumeirah Village Circle,JUMEIRAH VILLAGE CIRCLE,building,building,681,,,jumeirahvillagecircle,already has a building: nothing to add
PN3080,3080,Azura Residences,register_extract_2026-06-15,Palm Deira,Palm Deira,PALM DEIRA,building,building,101,,,palmdeira,already has a building: nothing to add
PN3081,3081,HILLMONT RESIDENCES BY ELLINGTON,register_extract_2026-06-15,Al Barsha South Fourth,Jumeirah Village Circle,JUMEIRAH VILLAGE CIRCLE,building,building,681,,,jumeirahvillagecircle,already has a building: nothing to add
PN3084,3084,161 Jumeirah Lane,register_extract_2026-06-15,Al Satwa,Jumeirah Garden City,Al Satwa,building,building,334,,,alsatwa,already has a building: nothing to add
PN3086,3086,Fairway Residences By Prescott,register_extract_2026-06-15,Al Hebiah Fourth,Dubai Sports City,DUBAI SPORTS CITY,building,building,682,,,dubaisportscity,already has a building: nothing to add
PN3087,3087,Samana Lake Views 2,register_extract_2026-06-15,Me'Aisem First,International Media Production Zone,DUBAI PRODUCTION CITY,building,building,685,,,dubaiproductioncity,already has a building: nothing to add
PN3092,3092,DAMAC HILLS (2) - EVERGREENS,register_extract_2026-06-15,Madinat Hind 4,DAMAC HILLS 2,Madinat Hind 4,building,building,914,,,madinathind4,already has a building: nothing to add
PN3093,3093,Cresswell Residences,register_extract_2026-06-15,Madinat Al Mataar,Dubai South Residential District,DUBAI SOUTH,building,building,521,,,madinatalmataar,already has a building: nothing to add
PN3094,3094,THE VYNE RESIDENCES,register_extract_2026-06-15,Al Barsha South Fifth,Jumeirah Village Triangle,JUMEIRAH VILLAGE TRIANGLE,building,building,684,,,jumeirahvillagetriangle,already has a building: nothing to add
PN3096,3096,MAK I'Sola Bella,register_extract_2026-06-15,Al Barsha South Fourth,Jumeirah Village Circle,JUMEIRAH VILLAGE CIRCLE,building,building,681,,,jumeirahvillagecircle,already has a building: nothing to add
PN3101,3101,Haven Bay Residences,register_extract_2026-06-15,Palm Deira,Palm Deira,Palm Deira,building,building,101,,,palmdeira,already has a building: nothing to add
PN3102,3102,Lincoln Star Residence,register_extract_2026-06-15,Madinat Al Mataar,Dubai South Residential District,DUBAI SOUTH,building,building,521,,,madinatalmataar,already has a building: nothing to add
PN3103,3103,Aptos Residenza,register_extract_2026-06-15,Al Barsha South Fourth,Jumeirah Village Circle,JUMEIRAH VILLAGE CIRCLE,building,building,681,,,jumeirahvillagecircle,already has a building: nothing to add
PN3104,3104,ARLO,register_extract_2026-06-15,Al Khairan First,Dubai Creek Harbour,DUBAI CREEK HARBOUR,building,building,415,,,alkhairanfirst,already has a building: nothing to add
PN3105,3105,Volna By Kasco,register_extract_2026-06-15,Al Jadaf,Jaddaf Waterfront,JADDAF WATERFRONT,building,building,326,,,samaaljadaf,already has a building: nothing to add
PN3106,3106,Muraba Veil,register_extract_2026-06-15,Al Wasl,Dubai Water Canal,DUBAI WATER CANAL,building,building,343,,,alwasl,already has a building: nothing to add
PN3107,3107,One by Binghatti,register_extract_2026-06-15,Business Bay,Business Bay,,building,building,346,,,businessbay,already has a building: nothing to add
PN3109,3109,ZaZEN Ivy,register_extract_2026-06-15,Jabal Ali First,Al Furjan,AL FURJAN,building,building,591,,,jabalalifirst,already has a building: nothing to add
PN3110,3110,The Pier,register_extract_2026-06-15,Madinat Dubai Almelaheyah,Dubai Maritime City,DUBAI MARITIME CITY,building,building,321,,,dubaimaritimecity,already has a building: nothing to add
PN3112,3112,Takaya,register_extract_2026-06-15,Al Hebiah First,Motor City,MOTOR CITY,building,building,674,,,motorcity,already has a building: nothing to add
PN3113,3113,Blossom 76 by Tranquil,register_extract_2026-06-15,Al Barsha South Fourth,Jumeirah Village Circle,JUMEIRAH VILLAGE CIRCLE,building,building,681,,,jumeirahvillagecircle,already has a building: nothing to add
PN3115,3115,Saria,register_extract_2026-06-15,Madinat Dubai Almelaheyah,Dubai Maritime City,DUBAI MARITIME CITY,building,building,321,,,dubaimaritimecity,already has a building: nothing to add
PN3116,3116,DAMAC LAGOONS - LAGOON VIEWS 9,register_extract_2026-06-15,Al Hebiah Fifth,,Al Hebiah Fifth,building,building,683,,,alhebiahfifth,already has a building: nothing to add
PN3117,3117,Trafford Residence,register_extract_2026-06-15,Madinat Al Mataar,Dubai South Residential District,DUBAI SOUTH,building,building,521,,,madinatalmataar,already has a building: nothing to add
PN3118,3118,DAMAC LAGOONS - LAGOON VIEWS 10,register_extract_2026-06-15,Al Hebiah Fifth,,Al Hebiah Fifth,building,building,683,,,alhebiahfifth,already has a building: nothing to add
PN3119,3119,Seaside by Prestige One,register_extract_2026-06-15,Palm Deira,Palm Deira,Palm Deira,building,building,101,,,palmdeira,already has a building: nothing to add
PN3120,3120,La Boutique,register_extract_2026-06-15,Al Jadaf,Jaddaf Waterfront,JADDAF WATERFRONT,building,building,326,,,samaaljadaf,already has a building: nothing to add
PN3122,3122,DAMAC HILLS (2) - ELO 2 & ELO 3,register_extract_2026-06-15,Madinat Hind 4,DAMAC HILLS 2,Madinat Hind 4,building,building,914,,,madinathind4,already has a building: nothing to add
PN3125,3125,Bayz 102 By Danube,register_extract_2026-06-15,Business Bay,,BUSINESS BAY,building,building,346,,,businessbay,already has a building: nothing to add
PN3129,3129,AZHA DOWNTOWN RESIDENCES,register_extract_2026-06-15,Burj Khalifa,DownTown Dubai,BURJ KHALIFA,building,building,345,,,burjkhalifa,already has a building: nothing to add
PN3130,3130,The Harmony,register_extract_2026-06-15,Madinat Al Mataar,Dubai South Residential District,DUBAI SOUTH,building,building,521,,,madinatalmataar,already has a building: nothing to add
PN3131,3131,GOLF RESIDENCES BY PRESTIGE ONE,register_extract_2026-06-15,Al Hebiah Fourth,Dubai Sports City,,building,building,682,,,dubaisportscity,already has a building: nothing to add
PN3132,3132,Milos By Karma,register_extract_2026-06-15,Wadi Al Safa 5,Dubai Land Residence Complex,DUBAI LAND RESIDENCE COMPLEX,building,building,648,,,wadialsafa5,already has a building: nothing to add
PN3135,3135,Havelock Heights,register_extract_2026-06-15,Al Barsha South Fourth,Jumeirah Village Circle,JUMEIRAH VILLAGE CIRCLE,building,building,681,,,jumeirahvillagecircle,already has a building: nothing to add
PN3138,3138,South Garden A,register_extract_2026-06-15,Jabal Ali First,Wasl Gate,Jabal Ali First,building,building,591,,,jabalalifirst,already has a building: nothing to add
PN3139,3139,Parkland,register_extract_2026-06-15,Hadaeq Sheikh Mohammed Bin Rashid,Dubai Hills Estate,Hadaeq Sheikh Mohammed Bin Rashid,building,building,631,,,dubaihills,already has a building: nothing to add
PN3140,3140,South Garden B,register_extract_2026-06-15,Jabal Ali First,Wasl Gate,Jabal Ali First,building,building,591,,,jabalalifirst,already has a building: nothing to add
PN3141,3141,South Garden C,register_extract_2026-06-15,Jabal Ali First,Wasl Gate,Jabal Ali First,building,building,591,,,jabalalifirst,already has a building: nothing to add
PN3142,3142,VAL BY KASCO,register_extract_2026-06-15,Al Jadaf,Jaddaf Waterfront,JADDAF WATERFRONT,building,building,326,,,samaaljadaf,already has a building: nothing to add
PN3146,3146,Peace Lagoons by Peace Homes,register_extract_2026-06-15,Wadi Al Safa 5,Dubai Land Residence Complex,DUBAI LAND RESIDENCE COMPLEX,building,building,648,,,wadialsafa5,already has a building: nothing to add
PN3149,3149,Ocean Tower,register_extract_2026-06-15,Palm Deira,Palm Deira,Palm Deira,building,building,101,,,palmdeira,already has a building: nothing to add
PN3150,3150,One Residence,register_extract_2026-06-15,Burj Khalifa,DownTown Dubai,BURJ KHALIFA,building,building,345,,,burjkhalifa,already has a building: nothing to add
PN3152,3152,Verve City Walk,register_extract_2026-06-15,Al Wasl,City Walk,Al Wasl,building,building,343,,,alwasl,already has a building: nothing to add
PN3154,3154,Vincitore Aqua Flora,register_extract_2026-06-15,Al Barshaa South Second,Dubai Science Park,DUBAI SCIENCE PARK,building,building,672,,,dubaisciencepark,already has a building: nothing to add
PN3155,3155,Time 3,register_extract_2026-06-15,Wadi Al Safa 5,Dubai Land Residence Complex,DUBAI LAND RESIDENCE COMPLEX,building,building,648,,,wadialsafa5,already has a building: nothing to add
PN3162,3162,BEACH WALK RESIDENCES 1,register_extract_2026-06-15,Palm Deira,Palm Deira,PALM DEIRA,building,building,101,,,palmdeira,already has a building: nothing to add
PN3163,3163,One Beverly,register_extract_2026-06-15,Arjan,Arjan,ARJAN,building,building,673,,,arjan,already has a building: nothing to add
PN3164,3164,Weybridge Gardens 3,register_extract_2026-06-15,Wadi Al Safa 5,Dubai Land Residence Complex,DUBAI LAND RESIDENCE COMPLEX,building,building,648,,,wadialsafa5,already has a building: nothing to add
PN3165,3165,Binghatti Aurora,register_extract_2026-06-15,Al Barsha South Fourth,Jumeirah Village Circle,JUMEIRAH VILLAGE CIRCLE,building,building,681,,,jumeirahvillagecircle,already has a building: nothing to add
PN3167,3167,Ocean Pearl By SD,register_extract_2026-06-15,Palm Deira,Palm Deira,Palm Deira,building,building,101,,,palmdeira,already has a building: nothing to add
PN3172,3172,Marina Views,register_extract_2026-06-15,Madinat Dubai Almelaheyah,Mina Rashid,Madinat Dubai Almelaheyah,building,building,321,,,dubaimaritimecity,already has a building: nothing to add
PN3173,3173,Ocean Cove,register_extract_2026-06-15,Madinat Dubai Almelaheyah,Mina Rashid,Madinat Dubai Almelaheyah,building,building,321,,,dubaimaritimecity,already has a building: nothing to add
PN3176,3176,Banyan Tree Residences Aurelia Dubai,register_extract_2026-06-15,Burj Khalifa,DownTown Dubai,,building,building,345,,,burjkhalifa,already has a building: nothing to add
PN3177,3177,Edgewater Residences 3,register_extract_2026-06-15,Palm Deira,Palm Deira,PALM DEIRA,building,building,101,,,palmdeira,already has a building: nothing to add
PN3178,3178,DAMAC LAGOONS - LAGOON VIEWS 11,register_extract_2026-06-15,Al Hebiah Fifth,,Al Hebiah Fifth,building,building,683,,,alhebiahfifth,already has a building: nothing to add
PN3179,3179,ONE SKY PARK BY IMAN,register_extract_2026-06-15,Al Barsha South Fourth,Jumeirah Village Circle,JUMEIRAH VILLAGE CIRCLE,building,building,681,,,jumeirahvillagecircle,already has a building: nothing to add
PN3181,3181,Empire Livings,register_extract_2026-06-15,Al Barshaa South Second,Dubai Science Park,DUBAI SCIENCE PARK,building,building,672,,,dubaisciencepark,already has a building: nothing to add
PN3182,3182,Mass Residence,register_extract_2026-06-15,Al Barsha South Fourth,Jumeirah Village Circle,JUMEIRAH VILLAGE CIRCLE,building,building,681,,,jumeirahvillagecircle,already has a building: nothing to add
PN3183,3183,Luminar Tower 1,register_extract_2026-06-15,Al Barsha South Fifth,Jumeirah Village Triangle,JUMEIRAH VILLAGE TRIANGLE,building,building,684,,,jumeirahvillagetriangle,already has a building: nothing to add
PN3184,3184,Altus,register_extract_2026-06-15,Al Khairan First,Dubai Creek Harbour,Al Khairan First,building,building,415,,,alkhairanfirst,already has a building: nothing to add
PN3186,3186,THE AUTOGRAPH-S SERIES,register_extract_2026-06-15,Al Barsha South Fourth,Jumeirah Village Circle,JUMEIRAH VILLAGE CIRCLE,building,building,681,,,jumeirahvillagecircle,already has a building: nothing to add
PN3187,3187,THE AUTOGRAPH-I SERIES,register_extract_2026-06-15,Al Barsha South Fourth,Jumeirah Village Circle,JUMEIRAH VILLAGE CIRCLE,building,building,681,,,jumeirahvillagecircle,already has a building: nothing to add
PN3188,3188,Verdes by Haven 1,register_extract_2026-06-15,Wadi Al Safa 5,,,building,building,648,,,wadialsafa5,already has a building: nothing to add
PN3189,3189,Verdes by Haven 2,register_extract_2026-06-15,Wadi Al Safa 5,,,building,building,648,,,wadialsafa5,already has a building: nothing to add
PN3190,3190,Alfal Residences,register_extract_2026-06-15,Al Barsha South Fourth,Jumeirah Village Circle,JUMEIRAH VILLAGE CIRCLE,building,building,681,,,jumeirahvillagecircle,already has a building: nothing to add
PN3191,3191,Evora Residences,register_extract_2026-06-15,Jabal Ali First,Al Furjan,AL FURJAN,building,building,591,,,jabalalifirst,already has a building: nothing to add
PN3192,3192,Binghatti Ghost,register_extract_2026-06-15,Al Jadaf,Dubai Health Care City Phase 2,Al Jadaf,building,building,326,,,samaaljadaf,already has a building: nothing to add
PN3193,3193,MAG 777,register_extract_2026-06-15,Al Hebiah Fourth,Dubai Sports City,DUBAI SPORTS CITY,building,building,682,,,dubaisportscity,already has a building: nothing to add
PN3196,3196,Pearl House III by Imtiaz,register_extract_2026-06-15,Al Barsha South Fourth,Jumeirah Village Circle,JUMEIRAH VILLAGE CIRCLE,building,building,681,,,jumeirahvillagecircle,already has a building: nothing to add
PN3197,3197,Club Place,register_extract_2026-06-15,Hadaeq Sheikh Mohammed Bin Rashid,Dubai Hills Estate,Hadaeq Sheikh Mohammed Bin Rashid,building,building,631,,,dubaihills,already has a building: nothing to add
PN3202,3202,Franck muller Vanguard,register_extract_2026-06-15,Marsa Dubai,TECOM Site D,TECOM SITE D,building,building,392,,,dubaimarina,already has a building: nothing to add
PN3203,3203,AZIZI NEILA,register_extract_2026-06-15,Jabal Ali First,Al Furjan,AL FURJAN,building,building,591,,,jabalalifirst,already has a building: nothing to add
PN3204,3204,DAMAC LAGOONS - LAGOON VIEWS 13,register_extract_2026-06-15,Al Hebiah Fifth,,Al Hebiah Fifth,building,building,683,,,alhebiahfifth,already has a building: nothing to add
PN3205,3205,Samana Boulevard Heights,register_extract_2026-06-15,Wadi Al Safa 5,Dubai Land Residence Complex,DUBAI LAND RESIDENCE COMPLEX,building,building,648,,,wadialsafa5,already has a building: nothing to add
PN3206,3206,One.B Tower,register_extract_2026-06-15,Business Bay,,Business Bay,building,building,346,,,businessbay,already has a building: nothing to add
PN3207,3207,MAYFAIR GARDENS BY MAJID,register_extract_2026-06-15,Al Satwa,Jumeirah Garden City,Al Satwa,building,building,334,,,alsatwa,already has a building: nothing to add
PN3208,3208,Serenova,register_extract_2026-06-15,Nadd Hessa,Silicon Oasis,SILICON OASIS,building,building,626,,,siliconoasis,already has a building: nothing to add
PN3209,3209,LAZORD BY LAPIS,register_extract_2026-06-15,Wadi Al Safa 3,Majan,MAJAN,building,building,645,,,majan,already has a building: nothing to add
PN3210,3210,Legado By Prescott,register_extract_2026-06-15,Al Barsha South Fourth,Jumeirah Village Circle,JUMEIRAH VILLAGE CIRCLE,building,building,681,,,jumeirahvillagecircle,already has a building: nothing to add
PN3211,3211,Hillcrest,register_extract_2026-06-15,Al Yelayiss 2,TOWN SQUARE,Al Yelayiss 2,building,building,922,,,alyelayiss2,already has a building: nothing to add
PN3212,3212,MONTAGE,register_extract_2026-06-15,Al Jadaf,Jaddaf Waterfront,JADDAF WATERFRONT,building,building,326,,,samaaljadaf,already has a building: nothing to add
PN3213,3213,HAVELOCK RESIDENCES,register_extract_2026-06-15,Jabal Ali First,Discovery Gardens,Jabal Ali First,building,building,591,,,jabalalifirst,already has a building: nothing to add
PN3214,3214,DAMAC LAGOONS - LAGOON VIEWS 12,register_extract_2026-06-15,Al Hebiah Fifth,,Al Hebiah Fifth,building,building,683,,,alhebiahfifth,already has a building: nothing to add
PN3215,3215,Golf Point,register_extract_2026-06-15,Madinat Al Mataar,Dubai World Central,EMAAR SOUTH,building,building,521,,,madinatalmataar,already has a building: nothing to add
PN3216,3216,Arisha Terraces,register_extract_2026-06-15,Al Hebiah Second,Dubai Studio City,DUBAI STUDIO CITY,building,building,675,,,dubaistudiocity,already has a building: nothing to add
PN3217,3217,Imperial Residence,register_extract_2026-06-15,Me'Aisem First,International Media Production Zone,,building,building,685,,,dubaiproductioncity,already has a building: nothing to add
PN3219,3219,REEF 1000,register_extract_2026-06-15,Wadi Al Safa 5,Dubai Land Residence Complex,DUBAI LAND RESIDENCE COMPLEX,building,building,648,,,wadialsafa5,already has a building: nothing to add
PN3220,3220,Enara By Omniyat,register_extract_2026-06-15,Business Bay,Business Bay,BUSINESS BAY,building,building,346,,,businessbay,already has a building: nothing to add
PN3223,3223,Natuzzi Harmony Residences by Peace Homes,register_extract_2026-06-15,Palm Deira,Palm Deira,Palm Deira,building,building,101,,,palmdeira,already has a building: nothing to add
PN3224,3224,Beach Walk Residences 2,register_extract_2026-06-15,Palm Deira,Palm Deira,Palm Deira,building,building,101,,,palmdeira,already has a building: nothing to add
PN3225,3225,SAAS Hills,register_extract_2026-06-15,Al Barshaa South Second,Dubai Science Park,DUBAI SCIENCE PARK,building,building,672,,,dubaisciencepark,already has a building: nothing to add
PN3226,3226,DAMAC LAGOONS - VALENCIA,register_extract_2026-06-15,Al Hebiah Fifth,,Al Hebiah Fifth,building,building,683,,,alhebiahfifth,already has a building: nothing to add
PN3227,3227,Lodge Residences by Riviera Azure,register_extract_2026-06-15,Al Barsha South Fourth,Jumeirah Village Circle,,building,building,681,,,jumeirahvillagecircle,already has a building: nothing to add
PN3229,3229,Address Residences l Dubai Creek Harbour,register_extract_2026-06-15,Al Khairan First,Dubai Creek Harbour,Al Khairan First,building,building,415,,,alkhairanfirst,already has a building: nothing to add
PN3230,3230,Urban Park Residences,register_extract_2026-06-15,Al Hebiah Fourth,Dubai Sports City,DUBAI SPORTS CITY,building,building,682,,,dubaisportscity,already has a building: nothing to add
PN3232,3232,GREYGATE RESIDENCES by ADE,register_extract_2026-06-15,Al Barsha South Fourth,Jumeirah Village Circle,JUMEIRAH VILLAGE CIRCLE,building,building,681,,,jumeirahvillagecircle,already has a building: nothing to add
PN3233,3233,Views VII by Golden Woods,register_extract_2026-06-15,Madinat Al Mataar,Dubai South Residential District,DUBAI SOUTH,building,building,521,,,madinatalmataar,already has a building: nothing to add
PN3234,3234,VOI Residence by HVM Living,register_extract_2026-06-15,Madinat Al Mataar,Dubai South Residential District,DUBAI SOUTH,building,building,521,,,madinatalmataar,already has a building: nothing to add
PN3235,3235,BRAND CENTRO,register_extract_2026-06-15,Al Satwa,Jumeirah Garden City,,building,building,334,,,alsatwa,already has a building: nothing to add
PN3237,3237,Golf Hillside,register_extract_2026-06-15,Hadaeq Sheikh Mohammed Bin Rashid,Dubai Hills Estate,Hadaeq Sheikh Mohammed Bin Rashid,building,building,631,,,dubaihills,already has a building: nothing to add
PN3238,3238,Ocean Pearl 2 By SD,register_extract_2026-06-15,Palm Deira,Palm Deira,Palm Deira,building,building,101,,,palmdeira,already has a building: nothing to add
PN3241,3241,AURA ELITE,register_extract_2026-06-15,Nadd Hessa,Silicon Oasis,SILICON OASIS,building,building,626,,,siliconoasis,already has a building: nothing to add
PN3243,3243,STAMN ONE,register_extract_2026-06-15,Al Satwa,Jumeirah Garden City,Al Satwa,building,building,334,,,alsatwa,already has a building: nothing to add
PN3244,3244,AMETHYST BY SIROYA,register_extract_2026-06-15,Wadi Al Safa 3,Majan,MAJAN,building,building,645,,,majan,already has a building: nothing to add
PN3245,3245,Golf Grove by Regent,register_extract_2026-06-15,Me'Aisem First,International Media Production Zone,,building,building,685,,,dubaiproductioncity,already has a building: nothing to add
PN3246,3246,PELaGOS By IGO,register_extract_2026-06-15,Marsa Dubai,Dubai Marina,DUBAI MARINA,building,building,392,,,dubaimarina,already has a building: nothing to add
PN3249,3249,ENSO JADE,register_extract_2026-06-15,Al Satwa,Jumeirah Garden City,Al Satwa,building,building,334,,,alsatwa,already has a building: nothing to add
PN3250,3250,ENSO AMBER,register_extract_2026-06-15,Al Satwa,Jumeirah Garden City,Al Satwa,building,building,334,,,alsatwa,already has a building: nothing to add
PN3251,3251,Bayview Boulevard,register_extract_2026-06-15,Palm Deira,Palm Deira,PALM DEIRA,building,building,101,,,palmdeira,already has a building: nothing to add
PN3252,3252,Zephyra Residences,register_extract_2026-06-15,Palm Deira,Palm Deira,Palm Deira,building,building,101,,,palmdeira,already has a building: nothing to add
PN3256,3256,Binghatti Pinnacle,register_extract_2026-06-15,Al Jadaf,Dubai Health Care City Phase 2,DUBAI HEALTHCARE CITY - PHASE 2,building,building,326,,,samaaljadaf,already has a building: nothing to add
PN3258,3258,GHARBI II RESIDENCES,register_extract_2026-06-15,Al Barsha South Fourth,Jumeirah Village Circle,JUMEIRAH VILLAGE CIRCLE,building,building,681,,,jumeirahvillagecircle,already has a building: nothing to add
PN3259,3259,Oasiz 1 by Danube,register_extract_2026-06-15,Nadd Hessa,Silicon Oasis,SILICON OASIS,building,building,626,,,siliconoasis,already has a building: nothing to add
PN3260,3260,Oasiz 2 by Danube,register_extract_2026-06-15,Nadd Hessa,Silicon Oasis,SILICON OASIS,building,building,626,,,siliconoasis,already has a building: nothing to add
PN3262,3262,AG AUM RESIDENCE,register_extract_2026-06-15,Wadi Al Safa 5,Dubai Land Residence Complex,DUBAI LAND RESIDENCE COMPLEX,building,building,648,,,wadialsafa5,already has a building: nothing to add
PN3263,3263,Ashton Park Residences The Second,register_extract_2026-06-15,Al Barsha South Fourth,Jumeirah Village Circle,JUMEIRAH VILLAGE CIRCLE,building,building,681,,,jumeirahvillagecircle,already has a building: nothing to add
PN3264,3264,Binghatti Ivory,register_extract_2026-06-15,Al Jadaf,Dubai Health Care City Phase 2,DUBAI HEALTHCARE CITY - PHASE 2,building,building,326,,,samaaljadaf,already has a building: nothing to add
PN3265,3265,SEA LEGEND ONE BY MVS REAL ESTATE,register_extract_2026-06-15,Palm Deira,Palm Deira,PALM DEIRA,building,building,101,,,palmdeira,already has a building: nothing to add
PN3270,3270,THE EIGHTY THREE,register_extract_2026-06-15,Madinat Al Mataar,Dubai South Residential District,DUBAI SOUTH,building,building,521,,,madinatalmataar,already has a building: nothing to add
PN3271,3271,Ocean Views,register_extract_2026-06-15,Madinat Dubai Almelaheyah,Mina Rashid,,building,building,321,,,dubaimaritimecity,already has a building: nothing to add
PN3274,3274,EVERGRIN HOUSE,register_extract_2026-06-15,Al Satwa,Jumeirah Garden City,Al Satwa,building,building,334,,,alsatwa,already has a building: nothing to add
PN3276,3276,Bonds Avenue Residences,register_extract_2026-06-15,Palm Deira,Palm Deira,Palm Deira,building,building,101,,,palmdeira,already has a building: nothing to add
PN3278,3278,Terra Tower,register_extract_2026-06-15,Wadi Al Safa 5,Dubai Land Residence Complex,DUBAI LAND RESIDENCE COMPLEX,building,building,648,,,wadialsafa5,already has a building: nothing to add
PN3279,3279,The Cube Quarter Residences,register_extract_2026-06-15,Wadi Al Safa 3,Mohammed Bin Rashid AL Maktoum District 11,Wadi Al Safa 3,building,building,645,,,majan,already has a building: nothing to add
PN3281,3281,MAISON ELYSEE III BY PANTHEON,register_extract_2026-06-15,Al Barsha South Fourth,Jumeirah Village Circle,JUMEIRAH VILLAGE CIRCLE,building,building,681,,,jumeirahvillagecircle,already has a building: nothing to add
PN3282,3282,The Collection by NASER,register_extract_2026-06-15,Wadi Al Safa 3,Mohammed Bin Rashid AL Maktoum District 11,Wadi Al Safa 3,building,building,645,,,majan,already has a building: nothing to add
PN3284,3284,ESTRELLA BY NEXUS,register_extract_2026-06-15,Wadi Al Safa 3,Majan,MAJAN,building,building,645,,,majan,already has a building: nothing to add
PN3285,3285,BEACH WALK RESIDENCES 3 BY IMTIAZ,register_extract_2026-06-15,Palm Deira,Palm Deira,PALM DEIRA,building,building,101,,,palmdeira,already has a building: nothing to add
PN3287,3287,DGM Vision,register_extract_2026-06-15,Al Satwa,Jumeirah Garden City,Al Satwa,building,building,334,,,alsatwa,already has a building: nothing to add
PN3290,3290,Q GARDENS ALIYA,register_extract_2026-06-15,Al Barsha South Fourth,Jumeirah Village Circle,JUMEIRAH VILLAGE CIRCLE,building,building,681,,,jumeirahvillagecircle,already has a building: nothing to add
PN3291,3291,PARK LANE 2 BY HEILBRONN,register_extract_2026-06-15,Al Barsha South Fourth,Jumeirah Village Circle,JUMEIRAH VILLAGE CIRCLE,building,building,681,,,jumeirahvillagecircle,already has a building: nothing to add
PN3292,3292,Manam Prime,register_extract_2026-06-15,Madinat Al Mataar,Dubai South Residential District,DUBAI SOUTH,building,building,521,,,madinatalmataar,already has a building: nothing to add
PN3293,3293,"Bay Grove Residences, Dubai Islands",register_extract_2026-06-15,Palm Deira,Palm Deira,Palm Deira,building,building,101,,,palmdeira,already has a building: nothing to add
PN3294,3294,Viera Residences,register_extract_2026-06-15,Me'Aisem First,International Media Production Zone,DUBAI PRODUCTION CITY,building,building,685,,,dubaiproductioncity,already has a building: nothing to add
PN3295,3295,Signature Lifestyle Residences,register_extract_2026-06-15,Al Thanyah Fifth,DMCC-EZ1,JUMEIRAH LAKES TOWERS,building,building,393,,,"althanyahfifth,jltnorth,jltsouth",already has a building: nothing to add
PN3298,3298,Luminar Tower 2,register_extract_2026-06-15,Al Barsha South Fifth,Jumeirah Village Triangle,JUMEIRAH VILLAGE TRIANGLE,building,building,684,,,jumeirahvillagetriangle,already has a building: nothing to add
PN3300,3300,Avenue Residence 7 By Nabni,register_extract_2026-06-15,Jabal Ali First,Al Furjan,AL FURJAN,building,building,591,,,jabalalifirst,already has a building: nothing to add
PN3304,3304,Pier Point 1,register_extract_2026-06-15,Madinat Dubai Almelaheyah,Mina Rashid,Madinat Dubai Almelaheyah,building,building,321,,,dubaimaritimecity,already has a building: nothing to add
PN3305,3305,Pier Point 2,register_extract_2026-06-15,Madinat Dubai Almelaheyah,Mina Rashid,,building,building,321,,,dubaimaritimecity,already has a building: nothing to add
PN3306,3306,Porto View,register_extract_2026-06-15,Madinat Dubai Almelaheyah,Mina Rashid,Madinat Dubai Almelaheyah,building,building,321,,,dubaimaritimecity,already has a building: nothing to add
PN3307,3307,GHAFF LAND RESIDENCE,register_extract_2026-06-15,Al Hebiah Second,Dubai Studio City,DUBAI STUDIO CITY,building,building,675,,,dubaistudiocity,already has a building: nothing to add
PN3308,3308,Expo City Sidr Residences,register_extract_2026-06-15,Madinat Al Mataar,Dubai World Central,Madinat Al Mataar,building,building,521,,,madinatalmataar,already has a building: nothing to add
PN3309,3309,Vida Residences Club Point,register_extract_2026-06-15,Hadaeq Sheikh Mohammed Bin Rashid,Dubai Hills Estate,Hadaeq Sheikh Mohammed Bin Rashid,building,building,631,,,dubaihills,already has a building: nothing to add
PN3310,3310,105 Residences by Kamdar,register_extract_2026-06-15,Al Barsha South Fourth,Jumeirah Village Circle,JUMEIRAH VILLAGE CIRCLE,building,building,681,,,jumeirahvillagecircle,already has a building: nothing to add
PN3312,3312,Berkshire Park,register_extract_2026-06-15,Al Yelayiss 2,TOWN SQUARE,Al Yelayiss 2,building,building,922,,,alyelayiss2,already has a building: nothing to add
PN3314,3314,Binghatti Grove,register_extract_2026-06-15,Al Barsha South Fourth,Jumeirah Village Circle,JUMEIRAH VILLAGE CIRCLE,building,building,681,,,jumeirahvillagecircle,already has a building: nothing to add
PN3315,3315,The Haven II,register_extract_2026-06-15,Wadi Al Safa 3,Majan,MAJAN,building,building,645,,,majan,already has a building: nothing to add
PN3317,3317,W Residences at Dubai Harbour,register_extract_2026-06-15,Marsa Dubai,Dubai Harbour,Marsa Dubai,building,building,392,,,dubaimarina,already has a building: nothing to add
PN3320,3320,311 Boulevard by Bam Eskan,register_extract_2026-06-15,Al Barsha South Fourth,Jumeirah Village Circle,JUMEIRAH VILLAGE CIRCLE,building,building,681,,,jumeirahvillagecircle,already has a building: nothing to add
PN3321,3321,Binghatti Hillviews,register_extract_2026-06-15,Al Barshaa South Second,Dubai Science Park,DUBAI SCIENCE PARK,building,building,672,,,dubaisciencepark,already has a building: nothing to add
PN3322,3322,CORAL ISLE RESIDENCES,register_extract_2026-06-15,Palm Deira,Palm Deira,Palm Deira,building,building,101,,,palmdeira,already has a building: nothing to add
PN3324,3324,11 Hills Park,register_extract_2026-06-15,Al Barshaa South Second,Dubai Science Park,DUBAI SCIENCE PARK,building,building,672,,,dubaisciencepark,already has a building: nothing to add
PN3326,3326,Parkside Boulevard,register_extract_2026-06-15,Arjan,Arjan,ARJAN,building,building,673,,,arjan,already has a building: nothing to add
PN3327,3327,Aura Central,register_extract_2026-06-15,Arjan,Arjan,ARJAN,building,building,673,,,arjan,already has a building: nothing to add
PN3328,3328,Marina Cove,register_extract_2026-06-15,Marsa Dubai,Dubai Marina,DUBAI MARINA,building,building,392,,,dubaimarina,already has a building: nothing to add
PN3330,3330,FOREST CITY TOWER,register_extract_2026-06-15,Wadi Al Safa 3,Majan,MAJAN,building,building,645,,,majan,already has a building: nothing to add
PN3334,3334,Sobha Solis,register_extract_2026-06-15,Al Hebiah First,Motor City,MOTOR CITY,building,building,674,,,motorcity,already has a building: nothing to add
PN3335,3335,AZIZI ZAIN,register_extract_2026-06-15,Jabal Ali First,Al Furjan,AL FURJAN,building,building,591,,,jabalalifirst,already has a building: nothing to add
PN3336,3336,Lacina,register_extract_2026-06-15,Wadi Al Safa 4,,Wadi Al Safa 4,building,building,646,,,wadialsafa4,already has a building: nothing to add
PN3338,3338,OLIVO PARK RESIDENCES BY EVERA,register_extract_2026-06-15,Al Barsha South Fourth,Jumeirah Village Circle,JUMEIRAH VILLAGE CIRCLE,building,building,681,,,jumeirahvillagecircle,already has a building: nothing to add
PN3339,3339,Verano By Prescott,register_extract_2026-06-15,Al Hebiah Second,Dubai Studio City,DUBAI STUDIO CITY,building,building,675,,,dubaistudiocity,already has a building: nothing to add
PN3341,3341,Binghatti Elite,register_extract_2026-06-15,Me'Aisem First,International Media Production Zone,DUBAI PRODUCTION CITY,building,building,685,,,dubaiproductioncity,already has a building: nothing to add
PN3343,3343,ELM AT PARK FIVE,register_extract_2026-06-15,Me'Aisem First,International Media Production Zone,DUBAI PRODUCTION CITY,building,building,685,,,dubaiproductioncity,already has a building: nothing to add
PN3344,3344,EMBER AT PARK FIVE,register_extract_2026-06-15,Me'Aisem First,International Media Production Zone,DUBAI PRODUCTION CITY,building,building,685,,,dubaiproductioncity,already has a building: nothing to add
PN3346,3346,MADA'IN,register_extract_2026-06-15,Marsa Dubai,Dubai Marina,,building,building,392,,,dubaimarina,already has a building: nothing to add
PN3348,3348,TREPPAN TOWER,register_extract_2026-06-15,Al Barsha South Fifth,Jumeirah Village Triangle,JUMEIRAH VILLAGE TRIANGLE,building,building,684,,,jumeirahvillagetriangle,already has a building: nothing to add
PN3349,3349,Binghatti Skyrise,register_extract_2026-06-15,Business Bay,Business Bay,BUSINESS BAY,building,building,346,,,businessbay,already has a building: nothing to add
PN3350,3350,CONDOR GOLF LINKS 18,register_extract_2026-06-15,Al Hebiah Fourth,Dubai Sports City,DUBAI SPORTS CITY,building,building,682,,,dubaisportscity,already has a building: nothing to add
PN3351,3351,Mackerel Tower,register_extract_2026-06-15,Palm Deira,Palm Deira,Palm Deira,building,building,101,,,palmdeira,already has a building: nothing to add
PN3356,3356,The Orchard Place- Towers D&E,register_extract_2026-06-15,Al Barsha South Fourth,Jumeirah Village Circle,JUMEIRAH VILLAGE CIRCLE,building,building,681,,,jumeirahvillagecircle,already has a building: nothing to add
PN3358,3358,Laguna Residence,register_extract_2026-06-15,Wadi Al Safa 4,City Of Arabia,CITY OF ARABIA,building,building,646,,,wadialsafa4,already has a building: nothing to add
PN3359,3359,77 Boulevard By Bam,register_extract_2026-06-15,Al Barsha South Fourth,Jumeirah Village Circle,,building,building,681,,,jumeirahvillagecircle,already has a building: nothing to add
PN3360,3360,Flamingo Lux Residence,register_extract_2026-06-15,Nad Al Shiba First,Meydan Racecourse Community,MEYDAN AVENUE,building,building,618,,,"goldensymphony,meydanone,sobhaheartland",already has a building: nothing to add
PN3362,3362,The Community - Sports Arena,register_extract_2026-06-15,Al Hebiah Fourth,Dubai Sports City,DUBAI SPORTS CITY,building,building,682,,,dubaisportscity,already has a building: nothing to add
PN3364,3364,Lexington,register_extract_2026-06-15,Al Yelayiss 2,TOWN SQUARE,Al Yelayiss 2,building,building,922,,,alyelayiss2,already has a building: nothing to add
PN3365,3365,The Baltimore,register_extract_2026-06-15,Al Yelayiss 2,TOWN SQUARE,Al Yelayiss 2,building,building,922,,,alyelayiss2,already has a building: nothing to add
PN3366,3366,ONE PARK SQUARE BY IMAN,register_extract_2026-06-15,Al Barsha South Fourth,Jumeirah Village Circle,JUMEIRAH VILLAGE CIRCLE,building,building,681,,,jumeirahvillagecircle,already has a building: nothing to add
PN3367,3367,Beach Walk Grand By Imtiaz,register_extract_2026-06-15,Palm Deira,Palm Deira,PALM DEIRA,building,building,101,,,palmdeira,already has a building: nothing to add
PN3368,3368,Opulence Residences by Sido Development,register_extract_2026-06-15,Wadi Al Safa 3,Mohammed Bin Rashid AL Maktoum District 11,,building,building,645,,,majan,already has a building: nothing to add
PN3370,3370,The First Collection at Dubai Studio City,register_extract_2026-06-15,Al Hebiah Second,Dubai Studio City,DUBAI STUDIO CITY,building,building,675,,,dubaistudiocity,already has a building: nothing to add
PN3372,3372,DAMAC RIVERSIDE VIEWS - MARINE 1,register_extract_2026-06-15,Dubai Investment Park Second,,Dubai Investment Park Second,building,building,597,,,dubaiinvestmentparksecond,already has a building: nothing to add
PN3373,3373,DAMAC RIVERSIDE VIEWS - MARINE 2,register_extract_2026-06-15,Dubai Investment Park Second,,Dubai Investment Park Second,building,building,597,,,dubaiinvestmentparksecond,already has a building: nothing to add
PN3374,3374,DAMAC RIVERSIDE VIEWS - MARINE 3,register_extract_2026-06-15,Dubai Investment Park Second,,Dubai Investment Park Second,building,building,597,,,dubaiinvestmentparksecond,already has a building: nothing to add
PN3375,3375,DAMAC RIVERSIDE VIEWS - MARINE 4,register_extract_2026-06-15,Dubai Investment Park Second,,Dubai Investment Park Second,building,building,597,,,dubaiinvestmentparksecond,already has a building: nothing to add
PN3377,3377,Beachfront Gates 1,register_extract_2026-06-15,Madinat Al Mataar,Dubai South Residential District,,building,building,521,,,madinatalmataar,already has a building: nothing to add
PN3379,3379,Beachfront Gates 2,register_extract_2026-06-15,Madinat Al Mataar,Dubai South Residential District,Madinat Al Mataar,building,building,521,,,madinatalmataar,already has a building: nothing to add
PN3380,3380,VIVID TOWER,register_extract_2026-06-15,Al Barsha South Fifth,,JUMEIRAH VILLAGE TRIANGLE,building,building,684,,,jumeirahvillagetriangle,already has a building: nothing to add
PN3381,3381,Terra Heights,register_extract_2026-06-15,Madinat Al Mataar,Dubai World Central,DUBAI SOUTH,building,building,521,,,madinatalmataar,already has a building: nothing to add
PN3382,3382,Eden House The Park,register_extract_2026-06-15,Al Wasl,Dubai Water Canal,Al Wasl,building,building,343,,,alwasl,already has a building: nothing to add
PN3383,3383,Peace Lagoons II by Peace Homes,register_extract_2026-06-15,Wadi Al Safa 5,Dubai Land Residence Complex,DUBAI LAND RESIDENCE COMPLEX,building,building,648,,,wadialsafa5,already has a building: nothing to add
PN3384,3384,WHITECLIFFS RESIDENCES,register_extract_2026-06-15,Palm Deira,Palm Deira,PALM DEIRA,building,building,101,,,palmdeira,already has a building: nothing to add
PN3385,3385,Golf Edge,register_extract_2026-06-15,Madinat Al Mataar,Dubai World Central,Madinat Al Mataar,building,building,521,,,madinatalmataar,already has a building: nothing to add
PN3386,3386,Marina Place 1,register_extract_2026-06-15,Madinat Dubai Almelaheyah,Mina Rashid,Madinat Dubai Almelaheyah,building,building,321,,,dubaimaritimecity,already has a building: nothing to add
PN3387,3387,Marina Place 2,register_extract_2026-06-15,Madinat Dubai Almelaheyah,Mina Rashid,Madinat Dubai Almelaheyah,building,building,321,,,dubaimaritimecity,already has a building: nothing to add
PN3391,3391,LIV MARITIME,register_extract_2026-06-15,Madinat Dubai Almelaheyah,Dubai Maritime City,DUBAI MARITIME CITY,building,building,321,,,dubaimaritimecity,already has a building: nothing to add
PN3393,3393,ROVE HOME DUBAI MARINA,register_extract_2026-06-15,Marsa Dubai,Dubai Marina,DUBAI MARINA,building,building,392,,,dubaimarina,already has a building: nothing to add
PN3394,3394,COTIER HOUSE 1 BY IMTIAZ,register_extract_2026-06-15,Palm Deira,Palm Deira,Palm Deira,building,building,101,,,palmdeira,already has a building: nothing to add
PN3397,3397,Binghatti Twilight,register_extract_2026-06-15,Al Jadaf,Jaddaf Waterfront,JADDAF WATERFRONT,building,building,326,,,samaaljadaf,already has a building: nothing to add
PN3400,3400,999 Residences by Reef Luxury Development,register_extract_2026-06-15,Jabal Ali First,Al Furjan,AL FURJAN,building,building,591,,,jabalalifirst,already has a building: nothing to add
PN3401,3401,Capital Horizon Terraces,register_extract_2026-06-15,Palm Deira,Palm Deira,Palm Deira,building,building,101,,,palmdeira,already has a building: nothing to add
PN3402,3402,Almaan 101,register_extract_2026-06-15,Al Barsha South Fourth,Jumeirah Village Circle,JUMEIRAH VILLAGE CIRCLE,building,building,681,,,jumeirahvillagecircle,already has a building: nothing to add
PN3403,3403,INTERSTELLAR TOWER,register_extract_2026-06-15,Al Barsha South Fifth,Jumeirah Village Triangle,JUMEIRAH VILLAGE TRIANGLE,building,building,684,,,jumeirahvillagetriangle,already has a building: nothing to add
PN3404,3404,Allegro Residences,register_extract_2026-06-15,Palm Deira,Palm Deira,Palm Deira,building,building,101,,,palmdeira,already has a building: nothing to add
PN3407,3407,Capital One,register_extract_2026-06-15,Al Hebiah First,Motor City,,building,building,674,,,motorcity,already has a building: nothing to add
PN3408,3408,SERENIA DISTRICT - WEST,register_extract_2026-06-15,Al Thanyah Fifth,Jumeirah Islands,JUMEIRAH HEIGHTS,building,building,393,,,"althanyahfifth,jltnorth,jltsouth",already has a building: nothing to add
PN3410,3410,Esme' Beach Residences,register_extract_2026-06-15,Palm Deira,Palm Deira,PALM DEIRA,building,building,101,,,palmdeira,already has a building: nothing to add
PN3411,3411,Hillsedge,register_extract_2026-06-15,Hadaeq Sheikh Mohammed Bin Rashid,Dubai Hills Estate,Hadaeq Sheikh Mohammed Bin Rashid,building,building,631,,,dubaihills,already has a building: nothing to add
PN3412,3412,La Cle by Maaia Developers,register_extract_2026-06-15,Jabal Ali First,Al Furjan,AL FURJAN,building,building,591,,,jabalalifirst,already has a building: nothing to add
PN3414,3414,VEGA,register_extract_2026-06-15,Al Hebiah Fourth,Dubai Sports City,DUBAI SPORTS CITY,building,building,682,,,dubaisportscity,already has a building: nothing to add
PN3415,3415,Bay Grove Residences C - Dubai Islands,register_extract_2026-06-15,Palm Deira,Palm Deira,Palm Deira,building,building,101,,,palmdeira,already has a building: nothing to add
PN3421,3421,Bond Enclave,register_extract_2026-06-15,Arjan,Arjan,ARJAN,building,building,673,,,arjan,already has a building: nothing to add
PN3422,3422,Samana Barari Lagoons,register_extract_2026-06-15,Wadi Al Safa 3,Majan,MAJAN,building,building,645,,,majan,already has a building: nothing to add
PN3424,3424,Oasis Loft,register_extract_2026-06-15,Nadd Hessa,Silicon Oasis,SILICON OASIS,building,building,626,,,siliconoasis,already has a building: nothing to add
PN3425,3425,Orise,register_extract_2026-06-15,Madinat Dubai Almelaheyah,Dubai Maritime City,Madinat Dubai Almelaheyah,building,building,321,,,dubaimaritimecity,already has a building: nothing to add
PN3427,3427,Golf Dale,register_extract_2026-06-15,Madinat Al Mataar,Dubai World Central,Madinat Al Mataar,building,building,521,,,madinatalmataar,already has a building: nothing to add
PN3428,3428,THE BOULEVARD BY PRESTIGE ONE,register_extract_2026-06-15,Wadi Al Safa 5,Dubai Land Residence Complex,DUBAI LAND RESIDENCE COMPLEX,building,building,648,,,wadialsafa5,already has a building: nothing to add
PN3429,3429,GOLF TERRACES,register_extract_2026-06-15,Me'Aisem First,International Media Production Zone,DUBAI PRODUCTION CITY,building,building,685,,,dubaiproductioncity,already has a building: nothing to add
PN3432,3432,Celia gardens,register_extract_2026-06-15,Nad Al Shiba First,Nad Al Sheba Gardens,NAD AL SHEBA GARDENS,building,building,618,,,"goldensymphony,meydanone,sobhaheartland",already has a building: nothing to add
PN3433,3433,Rijas Suites,register_extract_2026-06-15,Wadi Al Safa 3,Majan,MAJAN,building,building,645,,,majan,already has a building: nothing to add
PN3434,3434,Orvessa Residences by Michel Adam,register_extract_2026-06-15,Jabal Ali First,Al Furjan,AL FURJAN,building,building,591,,,jabalalifirst,already has a building: nothing to add
PN3439,3439,THE BRISTOL Emaar Beachfront,register_extract_2026-06-15,Marsa Dubai,Dubai Harbour,Marsa Dubai,building,building,392,,,dubaimarina,already has a building: nothing to add
PN3440,3440,Flora Isle,register_extract_2026-06-15,Palm Deira,Palm Deira,PALM DEIRA,building,building,101,,,palmdeira,already has a building: nothing to add
PN3442,3442,Binghatti Haven,register_extract_2026-06-15,Al Hebiah Fourth,Dubai Sports City,DUBAI SPORTS CITY,building,building,682,,,dubaisportscity,already has a building: nothing to add
PN3443,3443,Luminar Tower 3,register_extract_2026-06-15,Al Barsha South Fifth,Jumeirah Village Triangle,JUMEIRAH VILLAGE TRIANGLE,building,building,684,,,jumeirahvillagetriangle,already has a building: nothing to add
PN3447,3447,Rena,register_extract_2026-06-15,Palm Deira,Palm Deira,PALM DEIRA,building,building,101,,,palmdeira,already has a building: nothing to add
PN3449,3449,Vivanti Residences by Meteora,register_extract_2026-06-15,Al Barsha South Fourth,Jumeirah Village Circle,JUMEIRAH VILLAGE CIRCLE,building,building,681,,,jumeirahvillagecircle,already has a building: nothing to add
PN3450,3450,Odessa,register_extract_2026-06-15,Al Yelayiss 2,TOWN SQUARE,Al Yelayiss 2,building,building,922,,,alyelayiss2,already has a building: nothing to add
PN3451,3451,Ellison,register_extract_2026-06-15,Al Yelayiss 2,TOWN SQUARE,Al Yelayiss 2,building,building,922,,,alyelayiss2,already has a building: nothing to add
PN3452,3452,Wellington Ocean by ANK Motiwala Developments,register_extract_2026-06-15,Palm Deira,Palm Deira,Palm Deira,building,building,101,,,palmdeira,already has a building: nothing to add
PN3457,3457,Woodland Terraces,register_extract_2026-06-15,Wadi Al Safa 3,Mohammed Bin Rashid AL Maktoum District 11,Wadi Al Safa 3,building,building,645,,,majan,already has a building: nothing to add
PN3458,3458,GUZEL TOWERS,register_extract_2026-06-15,Al Barsha South Fifth,Jumeirah Village Triangle,JUMEIRAH VILLAGE TRIANGLE,building,building,684,,,jumeirahvillagetriangle,already has a building: nothing to add
PN3460,3460,Sunset Bay One By Imtiaz,register_extract_2026-06-15,Palm Deira,Palm Deira,Palm Deira,building,building,101,,,palmdeira,already has a building: nothing to add
PN3468,3468,Lilian Residences,register_extract_2026-06-15,Madinat Al Mataar,Dubai South Residential District,DUBAI SOUTH,building,building,521,,,madinatalmataar,already has a building: nothing to add
PN3469,3469,OMORIA HOTEL RESIDENCES,register_extract_2026-06-15,Palm Deira,Palm Deira,PALM DEIRA,building,building,101,,,palmdeira,already has a building: nothing to add
PN3472,3472,Bellavion by Sunrise,register_extract_2026-06-15,Jabal Ali First,Wasl Gate,Jabal Ali First,building,building,591,,,jabalalifirst,already has a building: nothing to add
PN3477,3477,Azurline Residences by MAAS Developers,register_extract_2026-06-15,Al Barsha South Fourth,Jumeirah Village Circle,JUMEIRAH VILLAGE CIRCLE,building,building,681,,,jumeirahvillagecircle,already has a building: nothing to add
PN3480,3480,Skyhills Astra by HRE,register_extract_2026-06-15,Al Barshaa South Second,Dubai Science Park,DUBAI SCIENCE PARK,building,building,672,,,dubaisciencepark,already has a building: nothing to add
PN3482,3482,Azha Millennium Residences,register_extract_2026-06-15,Al Barsha South Fifth,Jumeirah Village Triangle,JUMEIRAH VILLAGE TRIANGLE,building,building,684,,,jumeirahvillagetriangle,already has a building: nothing to add
PN3483,3483,Cove Edition Residence 4 By Imtiaz,register_extract_2026-06-15,Wadi Al Safa 5,Dubai Land Residence Complex,DUBAI LAND RESIDENCE COMPLEX,building,building,648,,,wadialsafa5,already has a building: nothing to add
PN3485,3485,Sunbliss Residences by Purvanchal Real Estate Developers,register_extract_2026-06-15,Jabal Ali First,Al Furjan,AL FURJAN,building,building,591,,,jabalalifirst,already has a building: nothing to add
PN3487,3487,ADDRESS GRAND DOWNTOWN,register_extract_2026-06-15,Burj Khalifa,,,building,building,345,,,burjkhalifa,already has a building: nothing to add
PN3488,3488,Parkwood,register_extract_2026-06-15,Hadaeq Sheikh Mohammed Bin Rashid,Dubai Hills Estate,Hadaeq Sheikh Mohammed Bin Rashid,building,building,631,,,dubaihills,already has a building: nothing to add
PN3489,3489,Villa Del Divos Residences,register_extract_2026-06-15,Palm Deira,Palm Deira,PALM DEIRA,building,building,101,,,palmdeira,already has a building: nothing to add
PN3493,3493,High Best Tower,register_extract_2026-06-15,Wadi Al Safa 3,Mohammed Bin Rashid AL Maktoum District 11,Wadi Al Safa 3,building,building,645,,,majan,already has a building: nothing to add
PN3494,3494,Floarea  Grande,register_extract_2026-06-15,Arjan,Arjan,ARJAN,building,building,673,,,arjan,already has a building: nothing to add
PN3496,3496,NEEM AT PARK FIVE,register_extract_2026-06-15,Me'Aisem First,International Media Production Zone,DUBAI PRODUCTION CITY,building,building,685,,,dubaiproductioncity,already has a building: nothing to add
PN3503,3503,DISTRIKT,register_extract_2026-06-15,Wadi Al Safa 4,,Wadi Al Safa 4,building,building,646,,,wadialsafa4,already has a building: nothing to add
PN3504,3504,Binghatti Skyhall,register_extract_2026-06-15,Business Bay,Business Bay,BUSINESS BAY,building,building,346,,,businessbay,already has a building: nothing to add
PN3506,3506,Rose Gardens 1,register_extract_2026-06-15,Al Satwa,Jumeirah Garden City,Al Satwa,building,building,334,,,alsatwa,already has a building: nothing to add
PN3508,3508,RAFFI BY AZIZI,register_extract_2026-06-15,Jabal Ali First,Al Furjan,AL FURJAN,building,building,591,,,jabalalifirst,already has a building: nothing to add
PN3509,3509,Almaara Residences,register_extract_2026-06-15,Jabal Ali First,Al Furjan,AL FURJAN,building,building,591,,,jabalalifirst,already has a building: nothing to add
PN3510,3510,Arian By Azizi,register_extract_2026-06-15,Jabal Ali Industrial Second,Down Town Jabal Ali,DOWN TOWN JABAL ALI,building,building,518,,,jabalaliindustrialsecond,already has a building: nothing to add
PN3511,3511,Celeste Heights by Zimaya Properties,register_extract_2026-06-15,Jabal Ali First,Al Furjan,AL FURJAN,building,building,591,,,jabalalifirst,already has a building: nothing to add
PN3513,3513,Sola Residences,register_extract_2026-06-15,Jabal Ali First,Wasl Gate,Jabal Ali First,building,building,591,,,jabalalifirst,already has a building: nothing to add
PN3515,3515,Westar Altair,register_extract_2026-06-15,Madinat Al Mataar,Dubai South Residential District,DUBAI SOUTH,building,building,521,,,madinatalmataar,already has a building: nothing to add
PN3516,3516,Amaya Residences,register_extract_2026-06-15,Jabal Ali First,Al Furjan,,building,building,591,,,jabalalifirst,already has a building: nothing to add
PN3519,3519,Olaia Residences,register_extract_2026-06-15,Palm Jumeirah,Palm Jumeirah,Palm Jumeirah,building,building,381,,,palmjumeirah,already has a building: nothing to add
PN3521,3521,West 5 Residences,register_extract_2026-06-15,Al Satwa,Jumeirah Garden City,Al Satwa,building,building,334,,,alsatwa,already has a building: nothing to add
PN3522,3522,Casa Aura Residence,register_extract_2026-06-15,Madinat Al Mataar,Dubai South Residential District,DUBAI SOUTH,building,building,521,,,madinatalmataar,already has a building: nothing to add
PN3523,3523,Expo City Al Waha Residences 01,register_extract_2026-06-15,Madinat Al Mataar,Dubai World Central,Madinat Al Mataar,building,building,521,,,madinatalmataar,already has a building: nothing to add
PN3524,3524,CAPRIA EAST,register_extract_2026-06-15,Wadi Al Safa 4,,Wadi Al Safa 4,building,building,646,,,wadialsafa4,already has a building: nothing to add
PN3525,3525,CAPRIA WEST,register_extract_2026-06-15,Wadi Al Safa 4,,Wadi Al Safa 4,building,building,646,,,wadialsafa4,already has a building: nothing to add
PN3527,3527,Celeste,register_extract_2026-06-15,Al Jadaf,Jaddaf Waterfront,,building,building,326,,,samaaljadaf,already has a building: nothing to add
PN3528,3528,15 CASCADE,register_extract_2026-06-15,Al Hebiah First,Motor City,MOTOR CITY,building,building,674,,,motorcity,already has a building: nothing to add
PN3529,3529,Azizi Ruby,register_extract_2026-06-15,Al Barsha South Fourth,Jumeirah Village Circle,JUMEIRAH VILLAGE CIRCLE,building,building,681,,,jumeirahvillagecircle,already has a building: nothing to add
PN3530,3530,City Walk Crestlane 2,register_extract_2026-06-15,Al Wasl,City Walk,Al Wasl,building,building,343,,,alwasl,already has a building: nothing to add
PN3531,3531,City Walk Crestlane 3,register_extract_2026-06-15,Al Wasl,City Walk,Al Wasl,building,building,343,,,alwasl,already has a building: nothing to add
PN3533,3533,Binghatti Ruby,register_extract_2026-06-15,Al Barsha South Fourth,Jumeirah Village Circle,JUMEIRAH VILLAGE CIRCLE,building,building,681,,,jumeirahvillagecircle,already has a building: nothing to add
PN3534,3534,Vida Residences Hillside,register_extract_2026-06-15,Hadaeq Sheikh Mohammed Bin Rashid,Dubai Hills Estate,Hadaeq Sheikh Mohammed Bin Rashid,building,building,631,,,dubaihills,already has a building: nothing to add
PN3537,3537,TULIP OASIS 10,register_extract_2026-06-15,Wadi Al Safa 3,Majan,MAJAN,building,building,645,,,majan,already has a building: nothing to add
PN3538,3538,TULIP OASIS 11,register_extract_2026-06-15,Wadi Al Safa 3,Majan,MAJAN,building,building,645,,,majan,already has a building: nothing to add
PN3541,3541,Bhuvi Residence,register_extract_2026-06-15,Madinat Al Mataar,Dubai South Residential District,Madinat Al Mataar,building,building,521,,,madinatalmataar,already has a building: nothing to add
PN3544,3544,Coastal Haven by Prestige Harbour Real Estate Development,register_extract_2026-06-15,Palm Deira,Palm Deira,PALM DEIRA,building,building,101,,,palmdeira,already has a building: nothing to add
PN3545,3545,BLISS TOWER,register_extract_2026-06-15,Wadi Al Safa 5,Dubai Land Residence Complex,DUBAI LAND RESIDENCE COMPLEX,building,building,648,,,wadialsafa5,already has a building: nothing to add
PN3546,3546,Arista One,register_extract_2026-06-15,Al Satwa,Jumeirah Garden City,Al Satwa,building,building,334,,,alsatwa,already has a building: nothing to add
PN3547,3547,Woodland Crest,register_extract_2026-06-15,Nad Al Shiba First,Meydan Racecourse Community,Nad Al Shiba First,building,building,618,,,"goldensymphony,meydanone,sobhaheartland",already has a building: nothing to add
PN3550,3550,Lume Residences,register_extract_2026-06-15,Al Barsha South Fourth,Jumeirah Village Circle,JUMEIRAH VILLAGE CIRCLE,building,building,681,,,jumeirahvillagecircle,already has a building: nothing to add
PN3551,3551,Avenue Residence 8,register_extract_2026-06-15,Jabal Ali First,Al Furjan,AL FURJAN,building,building,591,,,jabalalifirst,already has a building: nothing to add
PN3552,3552,Binghatti Amberhall,register_extract_2026-06-15,Al Barsha South Fourth,Jumeirah Village Circle,JUMEIRAH VILLAGE CIRCLE,building,building,681,,,jumeirahvillagecircle,already has a building: nothing to add
PN3553,3553,Chelsea Gardens,register_extract_2026-06-15,Al Satwa,Jumeirah Garden City,Al Satwa,building,building,334,,,alsatwa,already has a building: nothing to add
PN3554,3554,Lumiere Heights,register_extract_2026-06-15,Al Jadaf,Jaddaf Waterfront,JADDAF WATERFRONT,building,building,326,,,samaaljadaf,already has a building: nothing to add
PN3555,3555,LEVEN RESIDENCES,register_extract_2026-06-15,Al Barsha South Fifth,Jumeirah Village Triangle,JUMEIRAH VILLAGE TRIANGLE,building,building,684,,,jumeirahvillagetriangle,already has a building: nothing to add
PN3556,3556,Trussardi Residences 2,register_extract_2026-06-15,Jabal Ali First,Discovery Gardens,Jabal Ali First,building,building,591,,,jabalalifirst,already has a building: nothing to add
PN3557,3557,THE ELYSIAN,register_extract_2026-06-15,Al Satwa,Jumeirah Garden City,Al Satwa,building,building,334,,,alsatwa,already has a building: nothing to add
PN3559,3559,Timez By Danube,register_extract_2026-06-15,Nadd Hessa,Silicon Oasis,SILICON OASIS,building,building,626,,,siliconoasis,already has a building: nothing to add
PN3561,3561,Ayamore Residence,register_extract_2026-06-15,Palm Deira,Palm Deira,Palm Deira,building,building,101,,,palmdeira,already has a building: nothing to add
PN3563,3563,WASL BY AZIZI,register_extract_2026-06-15,Palm Deira,Palm Deira,Palm Deira,building,building,101,,,palmdeira,already has a building: nothing to add
PN3564,3564,Kensington Gardens,register_extract_2026-06-15,Wadi Al Safa 5,Dubai Land Residence Complex,DUBAI LAND RESIDENCE COMPLEX,building,building,648,,,wadialsafa5,already has a building: nothing to add
PN3565,3565,ONAYA RESIDENCES By Kaya,register_extract_2026-06-15,Al Satwa,Jumeirah Garden City,,building,building,334,,,alsatwa,already has a building: nothing to add
PN3567,3567,Expo City Al Waha Residences 02,register_extract_2026-06-15,Madinat Al Mataar,Dubai World Central,Madinat Al Mataar,building,building,521,,,madinatalmataar,already has a building: nothing to add
PN3568,3568,LUXURY CANAL RESIDENCES,register_extract_2026-06-15,Palm Deira,Palm Deira,PALM DEIRA,building,building,101,,,palmdeira,already has a building: nothing to add
PN3570,3570,Sunset Bay Two By Imtiaz,register_extract_2026-06-15,Palm Deira,Palm Deira,Palm Deira,building,building,101,,,palmdeira,already has a building: nothing to add
PN3571,3571,The Willows Residences,register_extract_2026-06-15,Wadi Al Safa 3,Mohammed Bin Rashid AL Maktoum District 11,Wadi Al Safa 3,building,building,645,,,majan,already has a building: nothing to add
PN3572,3572,Celestara Residences,register_extract_2026-06-15,Al Barsha South Fourth,Jumeirah Village Circle,JUMEIRAH VILLAGE CIRCLE,building,building,681,,,jumeirahvillagecircle,already has a building: nothing to add
PN3576,3576,VERDANIA 2,register_extract_2026-06-15,Wadi Al Safa 5,Dubai Land Residence Complex,DUBAI LAND RESIDENCE COMPLEX,building,building,648,,,wadialsafa5,already has a building: nothing to add
PN3577,3577,Sensia,register_extract_2026-06-15,Madinat Dubai Almelaheyah,Dubai Maritime City,,building,building,321,,,dubaimaritimecity,already has a building: nothing to add
PN3582,3582,Bling Avenue 1,register_extract_2026-06-15,Madinat Al Mataar,Dubai South Residential District,DUBAI SOUTH,building,building,521,,,madinatalmataar,already has a building: nothing to add
PN3583,3583,Cresswell Views,register_extract_2026-06-15,Madinat Al Mataar,Dubai South Residential District,DUBAI SOUTH,building,building,521,,,madinatalmataar,already has a building: nothing to add
PN3584,3584,Nexara Tower,register_extract_2026-06-15,Al Barsha South Fourth,Jumeirah Village Circle,JUMEIRAH VILLAGE CIRCLE,building,building,681,,,jumeirahvillagecircle,already has a building: nothing to add
PN3585,3585,Binghatti Aquarise,register_extract_2026-06-15,Business Bay,Business Bay,BUSINESS BAY,building,building,346,,,businessbay,already has a building: nothing to add
PN3587,3587,Rabdan Gates,register_extract_2026-06-15,Wadi Al Safa 3,Majan,MAJAN,building,building,645,,,majan,already has a building: nothing to add
PN3588,3588,Rose Gardens 3,register_extract_2026-06-15,Arjan,Arjan,ARJAN,building,building,673,,,arjan,already has a building: nothing to add
PN3591,3591,Golden Woods Albab Views,register_extract_2026-06-15,Madinat Al Mataar,Dubai South Residential District,DUBAI SOUTH,building,building,521,,,madinatalmataar,already has a building: nothing to add
PN3592,3592,Symphony by Chaimaa,register_extract_2026-06-15,Wadi Al Safa 3,Majan,,building,building,645,,,majan,already has a building: nothing to add
PN3594,3594,THE HILLGATE,register_extract_2026-06-15,Nadd Hessa,Silicon Oasis,SILICON OASIS,building,building,626,,,siliconoasis,already has a building: nothing to add
PN3595,3595,Amazonia,register_extract_2026-06-15,Al Jadaf,Jaddaf Waterfront,JADDAF WATERFRONT,building,building,326,,,samaaljadaf,already has a building: nothing to add
PN3596,3596,STAMN YUNI,register_extract_2026-06-15,Al Satwa,Jumeirah Garden City,Al Satwa,building,building,334,,,alsatwa,already has a building: nothing to add
PN3597,3597,Mangrove 2,register_extract_2026-06-15,Wadi Al Safa 3,Majan,MAJAN,building,building,645,,,majan,already has a building: nothing to add
PN3598,3598,Monarch,register_extract_2026-06-15,Al Hebiah First,Motor City,MOTOR CITY,building,building,674,,,motorcity,already has a building: nothing to add
PN3599,3599,Vedaire Residences,register_extract_2026-06-15,Nad Al Shiba First,Meydan Racecourse Community,Nad Al Shiba First,building,building,618,,,"goldensymphony,meydanone,sobhaheartland",already has a building: nothing to add
PN3601,3601,ELEMENTAL 22,register_extract_2026-06-15,Al Satwa,Jumeirah Garden City,,building,building,334,,,alsatwa,already has a building: nothing to add
PN3603,3603,FLOAREA OASIS,register_extract_2026-06-15,Wadi Al Safa 5,Dubai Land Residence Complex,DUBAI LAND RESIDENCE COMPLEX,building,building,648,,,wadialsafa5,already has a building: nothing to add
PN3604,3604,SUNSET BAY THREE BY IMTIAZ,register_extract_2026-06-15,Palm Deira,Palm Deira,Palm Deira,building,building,101,,,palmdeira,already has a building: nothing to add
PN3608,3608,Altan,register_extract_2026-06-15,Al Khairan First,Dubai Creek Harbour,Al Khairan First,building,building,415,,,alkhairanfirst,already has a building: nothing to add
PN3609,3609,Albero,register_extract_2026-06-15,Al Khairan First,Dubai Creek Harbour,,building,building,415,,,alkhairanfirst,already has a building: nothing to add
PN3611,3611,SPARKLZ by Danube,register_extract_2026-06-15,Jabal Ali First,Al Furjan,AL FURJAN,building,building,591,,,jabalalifirst,already has a building: nothing to add
PN3613,3613,Azizi Riviera 49,register_extract_2026-06-15,Al Merkadh,Meydan One Community,MEYDAN ONE,building,building,347,,,(outside the 42 districts),already has a building: nothing to add
PN3614,3614,Azizi Riviera 50,register_extract_2026-06-15,Al Merkadh,Meydan One Community,MEYDAN ONE,building,building,347,,,(outside the 42 districts),already has a building: nothing to add
PN3615,3615,Azizi Riviera 53,register_extract_2026-06-15,Al Merkadh,Meydan One Community,MEYDAN ONE,building,building,347,,,(outside the 42 districts),already has a building: nothing to add
PN3616,3616,Azizi Riviera 55,register_extract_2026-06-15,Al Merkadh,Meydan One Community,Al Merkadh,building,building,347,,,(outside the 42 districts),already has a building: nothing to add
PN3617,3617,Azizi Riviera 56,register_extract_2026-06-15,Al Merkadh,Meydan One Community,Al Merkadh,building,building,347,,,(outside the 42 districts),already has a building: nothing to add
PN3618,3618,ِِAzizi Riviera 60,register_extract_2026-06-15,Al Merkadh,Meydan One Community,MEYDAN ONE,building,building,347,,,(outside the 42 districts),already has a building: nothing to add
PN3619,3619,Azizi Riviera 62,register_extract_2026-06-15,Al Merkadh,Meydan One Community,MEYDAN ONE,building,building,347,,,(outside the 42 districts),already has a building: nothing to add
PN3620,3620,Luzora Residences,register_extract_2026-06-15,Palm Deira,Palm Deira,Palm Deira,building,building,101,,,palmdeira,already has a building: nothing to add
PN3622,3622,Dalmore Tower,register_extract_2026-06-15,Wadi Al Safa 5,Dubai Land Residence Complex,DUBAI LAND RESIDENCE COMPLEX,building,building,648,,,wadialsafa5,already has a building: nothing to add
PN3623,3623,Olivia Gardens Residence,register_extract_2026-06-15,Al Satwa,Jumeirah Garden City,Al Satwa,building,building,334,,,alsatwa,already has a building: nothing to add
PN3624,3624,Rose Gardens 2,register_extract_2026-06-15,Al Barsha South Fourth,Jumeirah Village Circle,JUMEIRAH VILLAGE CIRCLE,building,building,681,,,jumeirahvillagecircle,already has a building: nothing to add
PN3625,3625,OST Tower 11,register_extract_2026-06-15,Wadi Al Safa 3,Majan,,building,building,645,,,majan,already has a building: nothing to add
PN3626,3626,Flora Shore by Calgary Properties,register_extract_2026-06-15,Palm Deira,Palm Deira,PALM DEIRA,building,building,101,,,palmdeira,already has a building: nothing to add
PN3627,3627,Hills View at Wasl Gate,register_extract_2026-06-15,Jabal Ali First,Wasl Gate,Jabal Ali First,building,building,591,,,jabalalifirst,already has a building: nothing to add
PN3629,3629,Roof Comfort,register_extract_2026-06-15,Wadi Al Safa 5,Dubai Land Residence Complex,DUBAI LAND RESIDENCE COMPLEX,building,building,648,,,wadialsafa5,already has a building: nothing to add
PN3630,3630,Shoaq,register_extract_2026-06-15,Palm Deira,Palm Deira,Palm Deira,building,building,101,,,palmdeira,already has a building: nothing to add
PN3631,3631,Bay Grove Residences B - Dubai Islands,register_extract_2026-06-15,Palm Deira,Palm Deira,Palm Deira,building,building,101,,,palmdeira,already has a building: nothing to add
PN3632,3632,Marquis Vista,register_extract_2026-06-15,Wadi Al Safa 5,Dubai Land Residence Complex,DUBAI LAND RESIDENCE COMPLEX,building,building,648,,,wadialsafa5,already has a building: nothing to add
PN3636,3636,VALORE,register_extract_2026-06-15,Al Barsha South Fourth,Jumeirah Village Circle,JUMEIRAH VILLAGE CIRCLE,building,building,681,,,jumeirahvillagecircle,already has a building: nothing to add
PN3637,3637,VOLANTE 2,register_extract_2026-06-15,Business Bay,Business Bay,BUSINESS BAY,building,building,346,,,businessbay,already has a building: nothing to add
PN3638,3638,Tomorrow 166,register_extract_2026-06-15,Palm Deira,Palm Deira,Palm Deira,building,building,101,,,palmdeira,already has a building: nothing to add
PN3639,3639,ESSENLIFE RESIDENCE,register_extract_2026-06-15,Al Barsha South Fifth,Jumeirah Village Triangle,JUMEIRAH VILLAGE TRIANGLE,building,building,684,,,jumeirahvillagetriangle,already has a building: nothing to add
PN3640,3640,ISOLANA RESIDENCES,register_extract_2026-06-15,Palm Deira,Palm Deira,Palm Deira,building,building,101,,,palmdeira,already has a building: nothing to add
PN3642,3642,SOL LEVANTE,register_extract_2026-06-15,Al Barsha South Fifth,Jumeirah Village Triangle,JUMEIRAH VILLAGE TRIANGLE,building,building,684,,,jumeirahvillagetriangle,already has a building: nothing to add
PN3643,3643,AZIZI MILAN 51,register_extract_2026-06-15,Wadi Al Safa 4,City Of Arabia,CITY OF ARABIA,building,building,646,,,wadialsafa4,already has a building: nothing to add
PN3644,3644,KORO ONE,register_extract_2026-06-15,Al Satwa,Jumeirah Garden City,Al Satwa,building,building,334,,,alsatwa,already has a building: nothing to add
PN3646,3646,Tetris Tower,register_extract_2026-06-15,Al Barsha South Fourth,Jumeirah Village Circle,JUMEIRAH VILLAGE CIRCLE,building,building,681,,,jumeirahvillagecircle,already has a building: nothing to add
PN3647,3647,Mi Casa By London Gate Real Estate Development,register_extract_2026-06-15,Al Barsha South Fourth,Jumeirah Village Circle,JUMEIRAH VILLAGE CIRCLE,building,building,681,,,jumeirahvillagecircle,already has a building: nothing to add
PN3649,3649,Augusta,register_extract_2026-06-15,Al Yelayiss 2,TOWN SQUARE,Al Yelayiss 2,building,building,922,,,alyelayiss2,already has a building: nothing to add
PN3650,3650,The Mural,register_extract_2026-06-15,Madinat Dubai Almelaheyah,Dubai Maritime City,Madinat Dubai Almelaheyah,building,building,321,,,dubaimaritimecity,already has a building: nothing to add
PN3651,3651,Reef 998,register_extract_2026-06-15,Wadi Al Safa 5,Dubai Land Residence Complex,DUBAI LAND RESIDENCE COMPLEX,building,building,648,,,wadialsafa5,already has a building: nothing to add
PN3653,3653,Avion Residence,register_extract_2026-06-15,Madinat Al Mataar,Dubai South Residential District,DUBAI SOUTH,building,building,521,,,madinatalmataar,already has a building: nothing to add
PN3654,3654,NAUTIS RESIDENCES,register_extract_2026-06-15,Palm Deira,Palm Deira,Palm Deira,building,building,101,,,palmdeira,already has a building: nothing to add
PN3655,3655,WAHA LIVING by AL YAKKA,register_extract_2026-06-15,Al Satwa,Jumeirah Garden City,Al Satwa,building,building,334,,,alsatwa,already has a building: nothing to add
PN3656,3656,Azizi Milan 30,register_extract_2026-06-15,Wadi Al Safa 4,City Of Arabia,CITY OF ARABIA,building,building,646,,,wadialsafa4,already has a building: nothing to add
PN3657,3657,Altair 52,register_extract_2026-06-15,Madinat Al Mataar,Dubai South Residential District,DUBAI SOUTH,building,building,521,,,madinatalmataar,already has a building: nothing to add
PN3658,3658,Myra Residences,register_extract_2026-06-15,Madinat Al Mataar,Dubai South Residential District,DUBAI SOUTH,building,building,521,,,madinatalmataar,already has a building: nothing to add
PN3659,3659,burj capital,register_extract_2026-06-15,Business Bay,Business Bay,BUSINESS BAY,building,building,346,,,businessbay,already has a building: nothing to add
PN3660,3660,DAMAC RIVERSIDE VIEWS - AZURE 1,register_extract_2026-06-15,Dubai Investment Park Second,,,building,building,597,,,dubaiinvestmentparksecond,already has a building: nothing to add
PN3661,3661,DAMAC RIVERSIDE VIEWS - AZURE 2,register_extract_2026-06-15,Dubai Investment Park Second,,Dubai Investment Park Second,building,building,597,,,dubaiinvestmentparksecond,already has a building: nothing to add
PN3662,3662,Azizi Milan 20,register_extract_2026-06-15,Wadi Al Safa 4,City Of Arabia,CITY OF ARABIA,building,building,646,,,wadialsafa4,already has a building: nothing to add
PN3663,3663,DAMAC RIVERSIDE VIEWS - CAPRI 1,register_extract_2026-06-15,Dubai Investment Park Second,,Dubai Investment Park Second,building,building,597,,,dubaiinvestmentparksecond,already has a building: nothing to add
PN3664,3664,DAMAC RIVERSIDE VIEWS - CAPRI 2,register_extract_2026-06-15,Dubai Investment Park Second,,Dubai Investment Park Second,building,building,597,,,dubaiinvestmentparksecond,already has a building: nothing to add
PN3665,3665,DAMAC RIVERSIDE VIEWS - INDIGO 1,register_extract_2026-06-15,Dubai Investment Park Second,,Dubai Investment Park Second,building,building,597,,,dubaiinvestmentparksecond,already has a building: nothing to add
PN3666,3666,DAMAC RIVERSIDE VIEWS - INDIGO 2,register_extract_2026-06-15,Dubai Investment Park Second,,Dubai Investment Park Second,building,building,597,,,dubaiinvestmentparksecond,already has a building: nothing to add
PN3667,3667,DAMAC RIVERSIDE VIEWS - ROYAL 1,register_extract_2026-06-15,Dubai Investment Park Second,,Dubai Investment Park Second,building,building,597,,,dubaiinvestmentparksecond,already has a building: nothing to add
PN3668,3668,DAMAC RIVERSIDE VIEWS - ROYAL 2,register_extract_2026-06-15,Dubai Investment Park Second,,Dubai Investment Park Second,building,building,597,,,dubaiinvestmentparksecond,already has a building: nothing to add
PN3669,3669,DAMAC RIVERSIDE VIEWS - ROYAL 3&4,register_extract_2026-06-15,Dubai Investment Park Second,,Dubai Investment Park Second,building,building,597,,,dubaiinvestmentparksecond,already has a building: nothing to add
PN3671,3671,Cotier House 2 By Imtiaz,register_extract_2026-06-15,Palm Deira,Palm Deira,Palm Deira,building,building,101,,,palmdeira,already has a building: nothing to add
PN3675,3675,Cove Boulevard By Imtiaz,register_extract_2026-06-15,Wadi Al Safa 5,Dubai Land Residence Complex,DUBAI LAND RESIDENCE COMPLEX,building,building,648,,,wadialsafa5,already has a building: nothing to add
PN3676,3676,White Opals,register_extract_2026-06-15,Wadi Al Safa 3,Mohammed Bin Rashid AL Maktoum District 11,,building,building,645,,,majan,already has a building: nothing to add
PN3677,3677,Rose Gold Residences by Zee Development,register_extract_2026-06-15,Al Barsha South Fourth,Jumeirah Village Circle,JUMEIRAH VILLAGE CIRCLE,building,building,681,,,jumeirahvillagecircle,already has a building: nothing to add
PN3678,3678,Coventry 66,register_extract_2026-06-15,Madinat Al Mataar,Dubai South Residential District,DUBAI SOUTH,building,building,521,,,madinatalmataar,already has a building: nothing to add
PN3680,3680,Soul by vision,register_extract_2026-06-15,Me'Aisem First,International Media Production Zone,DUBAI PRODUCTION CITY,building,building,685,,,dubaiproductioncity,already has a building: nothing to add
PN3681,3681,Provenza Residences,register_extract_2026-06-15,Al Barsha South Fourth,Jumeirah Village Circle,JUMEIRAH VILLAGE CIRCLE,building,building,681,,,jumeirahvillagecircle,already has a building: nothing to add
PN3683,3683,Dreamlife Residences,register_extract_2026-06-15,Palm Deira,Palm Deira,Palm Deira,building,building,101,,,palmdeira,already has a building: nothing to add
PN3685,3685,Alton,register_extract_2026-06-15,Al Yelayiss 2,TOWN SQUARE,Al Yelayiss 2,building,building,922,,,alyelayiss2,already has a building: nothing to add
PN3686,3686,Aark Terraces,register_extract_2026-06-15,Wadi Al Safa 5,Dubai Land Residence Complex,,building,building,648,,,wadialsafa5,already has a building: nothing to add
PN3687,3687,Livia Residence,register_extract_2026-06-15,Madinat Al Mataar,Dubai South Residential District,DUBAI SOUTH,building,building,521,,,madinatalmataar,already has a building: nothing to add
PN3694,3694,Azizi Milan 18,register_extract_2026-06-15,Wadi Al Safa 4,City Of Arabia,,building,building,646,,,wadialsafa4,already has a building: nothing to add
PN3695,3695,Azizi Milan 53,register_extract_2026-06-15,Wadi Al Safa 4,City Of Arabia,CITY OF ARABIA,building,building,646,,,wadialsafa4,already has a building: nothing to add
PN3696,3696,Azizi Milan 55,register_extract_2026-06-15,Wadi Al Safa 4,City Of Arabia,CITY OF ARABIA,building,building,646,,,wadialsafa4,already has a building: nothing to add
PN3702,3702,Marquis One,register_extract_2026-06-15,Arjan,Arjan,ARJAN,building,building,673,,,arjan,already has a building: nothing to add
PN3705,3705,COVE EDITION RESIDENCE 5 by Imtiaz,register_extract_2026-06-15,Wadi Al Safa 5,Dubai Land Residence Complex,DUBAI LAND RESIDENCE COMPLEX,building,building,648,,,wadialsafa5,already has a building: nothing to add
PN3707,3707,Beach Walk Residences 4 by Imtiaz,register_extract_2026-06-15,Palm Deira,Palm Deira,Palm Deira,building,building,101,,,palmdeira,already has a building: nothing to add
PN3710,3710,Silva,register_extract_2026-06-15,Al Khairan First,Dubai Creek Harbour,Al Khairan First,building,building,415,,,alkhairanfirst,already has a building: nothing to add
PN3711,3711,South Square,register_extract_2026-06-15,Madinat Al Mataar,Dubai World Central,Madinat Al Mataar,building,building,521,,,madinatalmataar,already has a building: nothing to add
PN3713,3713,Sobha Central Phase I,register_extract_2026-06-15,Jabal Ali First,DMCC-EZ2,DMCC-EZ2,building,building,591,,,jabalalifirst,already has a building: nothing to add
PN3714,3714,SUNSET BAY FOUR BY IMTIAZ,register_extract_2026-06-15,Palm Deira,Palm Deira,Palm Deira,building,building,101,,,palmdeira,already has a building: nothing to add
PN3716,3716,MAISON MARGIELA RESIDENCES,register_extract_2026-06-15,Palm Jumeirah,Palm Jumeirah,,building,building,381,,,palmjumeirah,already has a building: nothing to add
PN3717,3717,Floarea Skies,register_extract_2026-06-15,Al Barsha South Fourth,Jumeirah Village Circle,JUMEIRAH VILLAGE CIRCLE,building,building,681,,,jumeirahvillagecircle,already has a building: nothing to add
PN3718,3718,TREPPAN SERENIQUE RESIDENCES,register_extract_2026-06-15,Palm Deira,Palm Deira,PALM DEIRA,building,building,101,,,palmdeira,already has a building: nothing to add
PN3719,3719,CHELSEA RESIDENCES BY DAMAC,register_extract_2026-06-15,Madinat Dubai Almelaheyah,Dubai Maritime City,DUBAI MARITIME CITY,building,building,321,,,dubaimaritimecity,already has a building: nothing to add
PN3721,3721,Sea View Residence By Sama Mayas,register_extract_2026-06-15,Palm Deira,Palm Deira,Palm Deira,building,building,101,,,palmdeira,already has a building: nothing to add
PN3722,3722,Binghatti Moonlight,register_extract_2026-06-15,Al Jadaf,Jaddaf Waterfront,JADDAF WATERFRONT,building,building,326,,,samaaljadaf,already has a building: nothing to add
PN3723,3723,Ashley Hills,register_extract_2026-06-15,Arjan,Arjan,ARJAN,building,building,673,,,arjan,already has a building: nothing to add
PN3724,3724,BEACH WALK GRAND 2 BY IMTIAZ,register_extract_2026-06-15,Palm Deira,Palm Deira,PALM DEIRA,building,building,101,,,palmdeira,already has a building: nothing to add
PN3725,3725,Binghatti Skyblade,register_extract_2026-06-15,Burj Khalifa,DownTown Dubai,BURJ KHALIFA,building,building,345,,,burjkhalifa,already has a building: nothing to add
PN3726,3726,OASIS RESIDENCES,register_extract_2026-06-15,Madinat Al Mataar,Dubai South Residential District,DUBAI SOUTH,building,building,521,,,madinatalmataar,already has a building: nothing to add
PN3727,3727,FOREST CITY TOWER 2,register_extract_2026-06-15,Wadi Al Safa 5,Dubai Land Residence Complex,DUBAI LAND RESIDENCE COMPLEX,building,building,648,,,wadialsafa5,already has a building: nothing to add
PN3729,3729,Gate Eleven Residences,register_extract_2026-06-15,Wadi Al Safa 3,Mohammed Bin Rashid AL Maktoum District 11,Wadi Al Safa 3,building,building,645,,,majan,already has a building: nothing to add
PN3731,3731,Waada - Cascada 1,register_extract_2026-06-15,Madinat Al Mataar,Dubai World Central,Madinat Al Mataar,building,building,521,,,madinatalmataar,already has a building: nothing to add
PN3732,3732,Waada - Cascada 2,register_extract_2026-06-15,Madinat Al Mataar,Dubai World Central,Madinat Al Mataar,building,building,521,,,madinatalmataar,already has a building: nothing to add
PN3734,3734,AURESTA TOWER,register_extract_2026-06-15,Al Barsha South Fourth,Jumeirah Village Circle,JUMEIRAH VILLAGE CIRCLE,building,building,681,,,jumeirahvillagecircle,already has a building: nothing to add
PN3735,3735,Azizi Milan 9,register_extract_2026-06-15,Wadi Al Safa 4,,Wadi Al Safa 4,building,building,646,,,wadialsafa4,already has a building: nothing to add
PN3736,3736,VOXA RESIDENCES,register_extract_2026-06-15,Al Barsha South Fifth,Jumeirah Village Triangle,JUMEIRAH VILLAGE TRIANGLE,building,building,684,,,jumeirahvillagetriangle,already has a building: nothing to add
PN3737,3737,Azizi riviera 58,register_extract_2026-06-15,Al Merkadh,Meydan One Community,MEYDAN ONE,building,building,347,,,(outside the 42 districts),already has a building: nothing to add
PN3738,3738,Azizi Riviera 66,register_extract_2026-06-15,Al Merkadh,Meydan One Community,MEYDAN ONE,building,building,347,,,(outside the 42 districts),already has a building: nothing to add
PN3739,3739,Azizi Riviera 54,register_extract_2026-06-15,Al Merkadh,Meydan One Community,MEYDAN ONE,building,building,347,,,(outside the 42 districts),already has a building: nothing to add
PN3741,3741,Azizi Venice 15,register_extract_2026-06-15,Madinat Al Mataar,Dubai World Central,Madinat Al Mataar,building,building,521,,,madinatalmataar,already has a building: nothing to add
PN3743,3743,CHELSEA RESIDENCES 2 BY DAMAC,register_extract_2026-06-15,Madinat Dubai Almelaheyah,Dubai Maritime City,DUBAI MARITIME CITY,building,building,321,,,dubaimaritimecity,already has a building: nothing to add
PN3744,3744,Montiva,register_extract_2026-06-15,Al Khairan First,Dubai Creek Harbour,Al Khairan First,building,building,415,,,alkhairanfirst,already has a building: nothing to add
PN3749,3749,Olbia,register_extract_2026-06-15,Al Yelayiss 2,TOWN SQUARE,Al Yelayiss 2,building,building,922,,,alyelayiss2,already has a building: nothing to add
PN3751,3751,Villa del Gavi Residences,register_extract_2026-06-15,Palm Deira,Palm Deira,PALM DEIRA,building,building,101,,,palmdeira,already has a building: nothing to add
PN3753,3753,Sukoon by Nuri,register_extract_2026-06-15,Nad Al Shiba First,Meydan Racecourse Community,Nad Al Shiba First,building,building,618,,,"goldensymphony,meydanone,sobhaheartland",already has a building: nothing to add
PN3755,3755,Symbolic Zen Residences,register_extract_2026-06-15,Jabal Ali First,Al Furjan,AL FURJAN,building,building,591,,,jabalalifirst,already has a building: nothing to add
PN3756,3756,Agua Residences by Citi Developers - Tower 2,register_extract_2026-06-15,Palm Deira,Palm Deira,,building,building,101,,,palmdeira,already has a building: nothing to add
PN3757,3757,Taiyo Residences,register_extract_2026-06-15,Jabal Ali First,Wasl Gate,Jabal Ali First,building,building,591,,,jabalalifirst,already has a building: nothing to add
PN3758,3758,Lumena by Omniyat,register_extract_2026-06-15,Business Bay,Business Bay,BUSINESS BAY,building,building,346,,,businessbay,already has a building: nothing to add
PN3759,3759,Divine Al Barari,register_extract_2026-06-15,Wadi Al Safa 3,Majan,MAJAN,building,building,645,,,majan,already has a building: nothing to add
PN3760,3760,South Garden D,register_extract_2026-06-15,Jabal Ali First,Wasl Gate,Jabal Ali First,building,building,591,,,jabalalifirst,already has a building: nothing to add
PN3761,3761,South Garden E,register_extract_2026-06-15,Jabal Ali First,Wasl Gate,Jabal Ali First,building,building,591,,,jabalalifirst,already has a building: nothing to add
PN3762,3762,"Residences Du Port, Dubai Marina, Autograph Collection Residences",register_extract_2026-06-15,Marsa Dubai,Dubai Marina,DUBAI MARINA,building,building,392,,,dubaimarina,already has a building: nothing to add
PN3763,3763,J-Haus Residences,register_extract_2026-06-15,Al Barsha South Fourth,Jumeirah Village Circle,JUMEIRAH VILLAGE CIRCLE,building,building,681,,,jumeirahvillagecircle,already has a building: nothing to add
PN3765,3765,Iridian Park 2,register_extract_2026-06-15,Al Barsha South Fourth,Jumeirah Village Circle,JUMEIRAH VILLAGE CIRCLE,building,building,681,,,jumeirahvillagecircle,already has a building: nothing to add
PN3767,3767,Beverly Grande,register_extract_2026-06-15,Al Hebiah First,Motor City,MOTOR CITY,building,building,674,,,motorcity,already has a building: nothing to add
PN3768,3768,AURELIA RESIDENCE,register_extract_2026-06-15,Al Hebiah Fourth,Dubai Sports City,DUBAI SPORTS CITY,building,building,682,,,dubaisportscity,already has a building: nothing to add
PN3769,3769,Veda by AUM One Real Estate Development,register_extract_2026-06-15,Al Barsha South Fourth,Jumeirah Village Circle,JUMEIRAH VILLAGE CIRCLE,building,building,681,,,jumeirahvillagecircle,already has a building: nothing to add
PN3770,3770,Royal Yacht Club Residence,register_extract_2026-06-15,Palm Deira,Palm Deira,Palm Deira,building,building,101,,,palmdeira,already has a building: nothing to add
PN3772,3772,The LX,register_extract_2026-06-15,Arjan,Arjan,ARJAN,building,building,673,,,arjan,already has a building: nothing to add
PN3773,3773,MARWA VIEWS,register_extract_2026-06-15,Al Barsha South Fifth,Jumeirah Village Triangle,,building,building,684,,,jumeirahvillagetriangle,already has a building: nothing to add
PN3775,3775,Antalya By Karma,register_extract_2026-06-15,Al Hebiah Fourth,Dubai Sports City,DUBAI SPORTS CITY,building,building,682,,,dubaisportscity,already has a building: nothing to add
PN3776,3776,Solanki One,register_extract_2026-06-15,Wadi Al Safa 5,Dubai Land Residence Complex,DUBAI LAND RESIDENCE COMPLEX,building,building,648,,,wadialsafa5,already has a building: nothing to add
PN3777,3777,Downtown Residences,register_extract_2026-06-15,Business Bay,,Business Bay,building,building,346,,,businessbay,already has a building: nothing to add
PN3778,3778,California Residences,register_extract_2026-06-15,Wadi Al Safa 4,,Wadi Al Safa 4,building,building,646,,,wadialsafa4,already has a building: nothing to add
PN3780,3780,MBL Signature,register_extract_2026-06-15,Al Thanyah Fifth,Jumeirah Islands,JUMEIRAH LAKES TOWERS,building,building,393,,,"althanyahfifth,jltnorth,jltsouth",already has a building: nothing to add
PN3781,3781,THE ARCHIVE BY IMTIAZ,register_extract_2026-06-15,Wadi Al Safa 5,Dubai Land Residence Complex,,building,building,648,,,wadialsafa5,already has a building: nothing to add
PN3782,3782,Maison Cannelle Residences by Casa Moderna,register_extract_2026-06-15,Jabal Ali First,Al Furjan,,building,building,591,,,jabalalifirst,already has a building: nothing to add
PN3784,3784,WYNWOOD RESIDENCES BY IMTIAZ,register_extract_2026-06-15,Palm Deira,Palm Deira,Palm Deira,building,building,101,,,palmdeira,already has a building: nothing to add
PN3785,3785,Bay Grove Residences D - Dubai Islands,register_extract_2026-06-15,Palm Deira,Palm Deira,Palm Deira,building,building,101,,,palmdeira,already has a building: nothing to add
PN3789,3789,Capital One,register_extract_2026-06-15,Al Barsha South Fourth,Jumeirah Village Circle,,building,building,681,,,jumeirahvillagecircle,already has a building: nothing to add
PN3790,3790,Avana Residences by DECA Real Estate Development,register_extract_2026-06-15,Al Barsha South Fourth,Jumeirah Village Circle,JUMEIRAH VILLAGE CIRCLE,building,building,681,,,jumeirahvillagecircle,already has a building: nothing to add
PN3791,3791,Samana Parkville,register_extract_2026-06-15,Wadi Al Safa 5,Dubai Land Residence Complex,DUBAI LAND RESIDENCE COMPLEX,building,building,648,,,wadialsafa5,already has a building: nothing to add
PN3793,3793,OCTA ISLE Interiors by MISSONI,register_extract_2026-06-15,Palm Deira,Palm Deira,PALM DEIRA,building,building,101,,,palmdeira,already has a building: nothing to add
PN3794,3794,Azizi Riviera 64,register_extract_2026-06-15,Al Merkadh,Meydan One Community,MEYDAN ONE,building,building,347,,,(outside the 42 districts),already has a building: nothing to add
PN3795,3795,Azizi Riviera 68,register_extract_2026-06-15,Al Merkadh,Meydan One Community,MEYDAN ONE,building,building,347,,,(outside the 42 districts),already has a building: nothing to add
PN3797,3797,Samana Imperial Garden,register_extract_2026-06-15,Arjan,Arjan,ARJAN,building,building,673,,,arjan,already has a building: nothing to add
PN3799,3799,Arka Enclave Residences,register_extract_2026-06-15,Palm Deira,Palm Deira,Palm Deira,building,building,101,,,palmdeira,already has a building: nothing to add
PN3801,3801,City Walk Crestlane 1,register_extract_2026-06-15,Al Wasl,City Walk,Al Wasl,building,building,343,,,alwasl,already has a building: nothing to add
PN3804,3804,DO Residences,register_extract_2026-06-15,Palm Deira,Palm Deira,Palm Deira,building,building,101,,,palmdeira,already has a building: nothing to add
PN3807,3807,Forum 2,register_extract_2026-06-15,Wadi Al Safa 3,Majan,MAJAN,building,building,645,,,majan,already has a building: nothing to add
PN3808,3808,Silena Residences,register_extract_2026-06-15,Palm Deira,Palm Deira,PALM DEIRA,building,building,101,,,palmdeira,already has a building: nothing to add
PN3811,3811,SUNSET BAY FIVE by Imtiaz,register_extract_2026-06-15,Palm Deira,Palm Deira,Palm Deira,building,building,101,,,palmdeira,already has a building: nothing to add
PN3812,3812,Samana Business Park,register_extract_2026-06-15,Wadi Al Safa 3,Majan,MAJAN,building,building,645,,,majan,already has a building: nothing to add
PN3815,3815,Arib Collection,register_extract_2026-06-15,Wadi Al Safa 5,Dubai Land Residence Complex,DUBAI LAND RESIDENCE COMPLEX,building,building,648,,,wadialsafa5,already has a building: nothing to add
PN3816,3816,Velos Residence,register_extract_2026-06-15,Al Hebiah First,Motor City,MOTOR CITY,building,building,674,,,motorcity,already has a building: nothing to add
PN3817,3817,Azizi Milan 28,register_extract_2026-06-15,Wadi Al Safa 4,City Of Arabia,CITY OF ARABIA,building,building,646,,,wadialsafa4,already has a building: nothing to add
PN3818,3818,AUM 99 Residences,register_extract_2026-06-15,Wadi Al Safa 5,Dubai Land Residence Complex,DUBAI LAND RESIDENCE COMPLEX,building,building,648,,,wadialsafa5,already has a building: nothing to add
PN3819,3819,Binghatti Circle,register_extract_2026-06-15,Al Barsha South Fourth,Jumeirah Village Circle,JUMEIRAH VILLAGE CIRCLE,building,building,681,,,jumeirahvillagecircle,already has a building: nothing to add
PN3821,3821,Greenfield Living,register_extract_2026-06-15,Madinat Al Mataar,Dubai South Residential District,DUBAI SOUTH,building,building,521,,,madinatalmataar,already has a building: nothing to add
PN3824,3824,Gate Royale Residences,register_extract_2026-06-15,Jabal Ali First,Al Furjan,AL FURJAN,building,building,591,,,jabalalifirst,already has a building: nothing to add
PN3826,3826,Kingdom Gate,register_extract_2026-06-15,Jabal Ali First,Al Furjan,AL FURJAN,building,building,591,,,jabalalifirst,already has a building: nothing to add
PN3828,3828,AVENEW888 - MODO,register_extract_2026-06-15,Madinat Al Mataar,Dubai South Residential District,Madinat Al Mataar,building,building,521,,,madinatalmataar,already has a building: nothing to add
PN3829,3829,Samana Barari Avenue,register_extract_2026-06-15,Wadi Al Safa 3,Majan,MAJAN,building,building,645,,,majan,already has a building: nothing to add
PN3830,3830,Flow Residences,register_extract_2026-06-15,Palm Deira,Palm Deira,Palm Deira,building,building,101,,,palmdeira,already has a building: nothing to add
PN3831,3831,Manam Pearl,register_extract_2026-06-15,Jabal Ali First,Al Furjan,AL FURJAN,building,building,591,,,jabalalifirst,already has a building: nothing to add
PN3833,3833,THE BOROUGH,register_extract_2026-06-15,Al Barsha South Fourth,Jumeirah Village Circle,JUMEIRAH VILLAGE CIRCLE,building,building,681,,,jumeirahvillagecircle,already has a building: nothing to add
PN3834,3834,Rosehill,register_extract_2026-06-15,Hadaeq Sheikh Mohammed Bin Rashid,Dubai Hills Estate,Hadaeq Sheikh Mohammed Bin Rashid,building,building,631,,,dubaihills,already has a building: nothing to add
PN3835,3835,SIERRA BY IMAN,register_extract_2026-06-15,Al Hebiah First,Motor City,MOTOR CITY,building,building,674,,,motorcity,already has a building: nothing to add
PN3837,3837,997 Residences by Reef Luxury Development,register_extract_2026-06-15,Palm Deira,Palm Deira,Palm Deira,building,building,101,,,palmdeira,already has a building: nothing to add
PN3838,3838,ASPIRZ By Danube,register_extract_2026-06-15,Al Hebiah Fourth,Dubai Sports City,DUBAI SPORTS CITY,building,building,682,,,dubaisportscity,already has a building: nothing to add
PN3839,3839,Camden,register_extract_2026-06-15,Al Yelayiss 2,TOWN SQUARE,Al Yelayiss 2,building,building,922,,,alyelayiss2,already has a building: nothing to add
PN3842,3842,ALTA VIEW SKYHOMES,register_extract_2026-06-15,Al Barsha South Fourth,Jumeirah Village Circle,JUMEIRAH VILLAGE CIRCLE,building,building,681,,,jumeirahvillagecircle,already has a building: nothing to add
PN3844,3844,Azizi Amir,register_extract_2026-06-15,Jabal Ali First,Al Furjan,AL FURJAN,building,building,591,,,jabalalifirst,already has a building: nothing to add
PN3847,3847,Berkeley Square by Prestige One,register_extract_2026-06-15,Al Barsha South Fourth,Jumeirah Village Circle,JUMEIRAH VILLAGE CIRCLE,building,building,681,,,jumeirahvillagecircle,already has a building: nothing to add
PN3848,3848,Flora Bay,register_extract_2026-06-15,Palm Deira,Palm Deira,,building,building,101,,,palmdeira,already has a building: nothing to add
PN3849,3849,ARTHOUSE RESIDENCES TOWER A by AVIAAN,register_extract_2026-06-15,Nad Al Shiba First,Meydan Racecourse Community,Nad Al Shiba First,building,building,618,,,"goldensymphony,meydanone,sobhaheartland",already has a building: nothing to add
PN3850,3850,Trevino,register_extract_2026-06-15,Al Barsha South Fourth,Jumeirah Village Circle,JUMEIRAH VILLAGE CIRCLE,building,building,681,,,jumeirahvillagecircle,already has a building: nothing to add
PN3851,3851,Unique One,register_extract_2026-06-15,Madinat Al Mataar,Dubai South Residential District,,building,building,521,,,madinatalmataar,already has a building: nothing to add
PN3852,3852,ELTIERA HEIGHTS,register_extract_2026-06-15,Al Thanyah Fifth,Jumeirah Islands,JUMEIRAH HEIGHTS,building,building,393,,,"althanyahfifth,jltnorth,jltsouth",already has a building: nothing to add
PN3853,3853,Sartoria,register_extract_2026-06-15,Al Hebiah Fourth,Dubai Sports City,DUBAI SPORTS CITY,building,building,682,,,dubaisportscity,already has a building: nothing to add
PN3855,3855,Samana Sky Views,register_extract_2026-06-15,Me'Aisem First,International Media Production Zone,DUBAI PRODUCTION CITY,building,building,685,,,dubaiproductioncity,already has a building: nothing to add
PN3856,3856,VERDANIA 3,register_extract_2026-06-15,Wadi Al Safa 5,Dubai Land Residence Complex,,building,building,648,,,wadialsafa5,already has a building: nothing to add
PN3858,3858,Vestoria Bay,register_extract_2026-06-15,Palm Deira,Palm Deira,Palm Deira,building,building,101,,,palmdeira,already has a building: nothing to add
PN3864,3864,GFS Coventry Gardens II,register_extract_2026-06-15,Wadi Al Safa 5,Dubai Land Residence Complex,DUBAI LAND RESIDENCE COMPLEX,building,building,648,,,wadialsafa5,already has a building: nothing to add
PN3867,3867,Blue Marina Residence by Shakirov Developments,register_extract_2026-06-15,Palm Deira,Palm Deira,Palm Deira,building,building,101,,,palmdeira,already has a building: nothing to add
PN3868,3868,SUNSET BAY GRAND BY IMTIAZ,register_extract_2026-06-15,Palm Deira,Palm Deira,Palm Deira,building,building,101,,,palmdeira,already has a building: nothing to add
PN3869,3869,Talea,register_extract_2026-06-15,Madinat Dubai Almelaheyah,Dubai Maritime City,Madinat Dubai Almelaheyah,building,building,321,,,dubaimaritimecity,already has a building: nothing to add
PN3870,3870,Nova Tower,register_extract_2026-06-15,Al Barshaa South Second,Dubai Science Park,DUBAI SCIENCE PARK,building,building,672,,,dubaisciencepark,already has a building: nothing to add
PN3871,3871,Samana Barari Heights,register_extract_2026-06-15,Wadi Al Safa 3,Majan,MAJAN,building,building,645,,,majan,already has a building: nothing to add
PN3872,3872,Agua Residences by Citi Developers - Tower 1,register_extract_2026-06-15,Palm Deira,Palm Deira,,building,building,101,,,palmdeira,already has a building: nothing to add
PN3873,3873,Al Ghaf 2,register_extract_2026-06-15,Jabal Ali First,Al Furjan,,building,building,591,,,jabalalifirst,already has a building: nothing to add
PN3874,3874,Arya Residences by Citi Developers,register_extract_2026-06-15,Palm Deira,Palm Deira,PALM DEIRA,building,building,101,,,palmdeira,already has a building: nothing to add
PN3876,3876,The Haven III,register_extract_2026-06-15,Wadi Al Safa 3,Majan,MAJAN,building,building,645,,,majan,already has a building: nothing to add
PN3878,3878,Ocean Crest by SD,register_extract_2026-06-15,Palm Deira,Palm Deira,Palm Deira,building,building,101,,,palmdeira,already has a building: nothing to add
PN3879,3879,Marea,register_extract_2026-06-15,Palm Deira,Palm Deira,PALM DEIRA,building,building,101,,,palmdeira,already has a building: nothing to add
PN3881,3881,Ocean Bay by Samana Developers,register_extract_2026-06-15,Palm Deira,Palm Deira,Palm Deira,building,building,101,,,palmdeira,already has a building: nothing to add
PN3885,3885,Nuvana by Wadan,register_extract_2026-06-15,Palm Deira,Palm Deira,Palm Deira,building,building,101,,,palmdeira,already has a building: nothing to add
PN3886,3886,Passo By Beyond,register_extract_2026-06-15,Palm Jumeirah,Palm Jumeirah,PALM JUMEIRAH,building,building,381,,,palmjumeirah,already has a building: nothing to add
PN3887,3887,Firoza,register_extract_2026-06-15,Palm Deira,Palm Deira,Palm Deira,building,building,101,,,palmdeira,already has a building: nothing to add
PN3888,3888,The Collective,register_extract_2026-06-15,Madinat Al Mataar,Dubai South Residential District,Madinat Al Mataar,building,building,521,,,madinatalmataar,already has a building: nothing to add
PN3890,3890,Eywa The Way Of Water,register_extract_2026-06-15,Business Bay,Business Bay,BUSINESS BAY,building,building,346,,,businessbay,already has a building: nothing to add
PN4001,4001,Veona by Gutti,register_extract_2026-06-15,Wadi Al Safa 5,Dubai Land Residence Complex,DUBAI LAND RESIDENCE COMPLEX,building,building,648,,,wadialsafa5,already has a building: nothing to add
PN4002,4002,Baystar by VIDA,register_extract_2026-06-15,Madinat Dubai Almelaheyah,Mina Rashid,Madinat Dubai Almelaheyah,building,building,321,,,dubaimaritimecity,already has a building: nothing to add
PN4003,4003,IL VENTO,register_extract_2026-06-15,Madinat Dubai Almelaheyah,Dubai Maritime City,Madinat Dubai Almelaheyah,building,building,321,,,dubaimaritimecity,already has a building: nothing to add
PN4004,4004,Rivo,register_extract_2026-06-15,Wadi Al Safa 5,Dubai Land Residence Complex,DUBAI LAND RESIDENCE COMPLEX,building,building,648,,,wadialsafa5,already has a building: nothing to add
PN4006,4006,Binghatti Flare 01,register_extract_2026-06-15,Al Barsha South Fifth,Jumeirah Village Triangle,JUMEIRAH VILLAGE TRIANGLE,building,building,684,,,jumeirahvillagetriangle,already has a building: nothing to add
PN4007,4007,Expo Valley Views,register_extract_2026-06-15,Madinat Al Mataar,Dubai World Central,Madinat Al Mataar,building,building,521,,,madinatalmataar,already has a building: nothing to add
PN4008,4008,Binghatti Flare 02,register_extract_2026-06-15,Al Barsha South Fifth,Jumeirah Village Triangle,JUMEIRAH VILLAGE TRIANGLE,building,building,684,,,jumeirahvillagetriangle,already has a building: nothing to add
PN4009,4009,Beverly Park,register_extract_2026-06-15,Wadi Al Safa 5,Dubai Land Residence Complex,DUBAI LAND RESIDENCE COMPLEX,building,building,648,,,wadialsafa5,already has a building: nothing to add
PN4010,4010,Meriden Beach by Green Horizon,register_extract_2026-06-15,Palm Deira,Palm Deira,Palm Deira,building,building,101,,,palmdeira,already has a building: nothing to add
PN4011,4011,VILLA DEL BRUNELLO RESIDENCES,register_extract_2026-06-15,Palm Deira,Palm Deira,PALM DEIRA,building,building,101,,,palmdeira,already has a building: nothing to add
PN4013,4013,Stax,register_extract_2026-06-15,Al Barsha South Fourth,Jumeirah Village Circle,JUMEIRAH VILLAGE CIRCLE,building,building,681,,,jumeirahvillagecircle,already has a building: nothing to add
PN4014,4014,Aquora by Casa Vista Development,register_extract_2026-06-15,Palm Deira,Palm Deira,Palm Deira,building,building,101,,,palmdeira,already has a building: nothing to add
PN4015,4015,Palace Residences Hillside A,register_extract_2026-06-15,Hadaeq Sheikh Mohammed Bin Rashid,Dubai Hills Estate,Hadaeq Sheikh Mohammed Bin Rashid,building,building,631,,,dubaihills,already has a building: nothing to add
PN4017,4017,Franck Muller Yachting,register_extract_2026-06-15,Madinat Dubai Almelaheyah,Dubai Maritime City,DUBAI MARITIME CITY,building,building,321,,,dubaimaritimecity,already has a building: nothing to add
PN4018,4018,ELARIS Rise,register_extract_2026-06-15,Al Barsha South Fifth,Jumeirah Village Triangle,JUMEIRAH VILLAGE TRIANGLE,building,building,684,,,jumeirahvillagetriangle,already has a building: nothing to add
PN4019,4019,ELARIS Sky,register_extract_2026-06-15,Al Barsha South Fifth,Jumeirah Village Triangle,JUMEIRAH VILLAGE TRIANGLE,building,building,684,,,jumeirahvillagetriangle,already has a building: nothing to add
PN4020,4020,THE SERENE,register_extract_2026-06-15,Madinat Al Mataar,Dubai South Residential District,,building,building,521,,,madinatalmataar,already has a building: nothing to add
PN4023,4023,BELLE VIE BY ZIMAYA,register_extract_2026-06-15,Nadd Hessa,Silicon Oasis,SILICON OASIS,building,building,626,,,siliconoasis,already has a building: nothing to add
PN4024,4024,Azizi Abraham,register_extract_2026-06-15,Jabal Ali Industrial Second,Down Town Jabal Ali,DOWN TOWN JABAL ALI,building,building,518,,,jabalaliindustrialsecond,already has a building: nothing to add
PN4026,4026,Wellington Ocean Walk,register_extract_2026-06-15,Palm Deira,Palm Deira,Palm Deira,building,building,101,,,palmdeira,already has a building: nothing to add
PN4027,4027,Lincoln Star Residence II,register_extract_2026-06-15,Madinat Al Mataar,Dubai South Residential District,DUBAI SOUTH,building,building,521,,,madinatalmataar,already has a building: nothing to add
PN4031,4031,SERA 1,register_extract_2026-06-15,Madinat Dubai Almelaheyah,Mina Rashid,Madinat Dubai Almelaheyah,building,building,321,,,dubaimaritimecity,already has a building: nothing to add
PN4032,4032,SERA 2,register_extract_2026-06-15,Madinat Dubai Almelaheyah,Mina Rashid,Madinat Dubai Almelaheyah,building,building,321,,,dubaimaritimecity,already has a building: nothing to add
PN4035,4035,WINDSOR HOUSE,register_extract_2026-06-15,Madinat Al Mataar,Dubai South Residential District,Madinat Al Mataar,building,building,521,,,madinatalmataar,already has a building: nothing to add
PN4040,4040,Astra Residences,register_extract_2026-06-15,Madinat Al Mataar,Dubai South Residential District,DUBAI SOUTH,building,building,521,,,madinatalmataar,already has a building: nothing to add
PN4043,4043,Fendi Residences The Palm,register_extract_2026-06-15,Palm Jumeirah,Palm Jumeirah,,building,building,381,,,palmjumeirah,already has a building: nothing to add
PN4044,4044,Rise by Athlon 1,register_extract_2026-06-15,Wadi Al Safa 5,,,building,building,648,,,wadialsafa5,already has a building: nothing to add
PN4045,4045,Rise by Athlon 2,register_extract_2026-06-15,Wadi Al Safa 5,,,building,building,648,,,wadialsafa5,already has a building: nothing to add
PN4046,4046,Rise by Athlon 3,register_extract_2026-06-15,Wadi Al Safa 5,,,building,building,648,,,wadialsafa5,already has a building: nothing to add
PN4047,4047,Rise by Athlon 4,register_extract_2026-06-15,Wadi Al Safa 5,,,building,building,648,,,wadialsafa5,already has a building: nothing to add
PN4050,4050,Kanyon By Beyond,register_extract_2026-06-15,Madinat Dubai Almelaheyah,Dubai Maritime City,Madinat Dubai Almelaheyah,building,building,321,,,dubaimaritimecity,already has a building: nothing to add
PN4051,4051,IVY AT PARK FIVE,register_extract_2026-06-15,Me'Aisem First,International Media Production Zone,DUBAI PRODUCTION CITY,building,building,685,,,dubaiproductioncity,already has a building: nothing to add
PN4052,4052,ALDER AT PARK FIVE,register_extract_2026-06-15,Me'Aisem First,International Media Production Zone,DUBAI PRODUCTION CITY,building,building,685,,,dubaiproductioncity,already has a building: nothing to add
PN4054,4054,Orchid Residence 1,register_extract_2026-06-15,Madinat Al Mataar,Dubai South Residential District,,building,building,521,,,madinatalmataar,already has a building: nothing to add
PN4056,4056,Azure Park Residences,register_extract_2026-06-15,Al Barshaa South Second,Dubai Science Park,,building,building,672,,,dubaisciencepark,already has a building: nothing to add
PN4058,4058,Saray prime residence,register_extract_2026-06-15,Wadi Al Safa 5,Dubai Land Residence Complex,DUBAI LAND RESIDENCE COMPLEX,building,building,648,,,wadialsafa5,already has a building: nothing to add
PN4059,4059,La Crystal,register_extract_2026-06-15,Palm Deira,Palm Deira,,building,building,101,,,palmdeira,already has a building: nothing to add
PN4060,4060,CG Living,register_extract_2026-06-15,Palm Deira,Palm Deira,PALM DEIRA,building,building,101,,,palmdeira,already has a building: nothing to add
PN4061,4061,Floarea Breeze,register_extract_2026-06-15,Palm Deira,Palm Deira,Palm Deira,building,building,101,,,palmdeira,already has a building: nothing to add
PN4062,4062,Reef 996,register_extract_2026-06-15,Me'Aisem First,International Media Production Zone,DUBAI PRODUCTION CITY,building,building,685,,,dubaiproductioncity,already has a building: nothing to add
PN4064,4064,DAMAC DISTRICT,register_extract_2026-06-15,Al Hebiah Third,DAMAC HILLS,DAMAC HILLS,building,building,676,,,damachills,already has a building: nothing to add
PN4065,4065,ELLE RESIDENCES,register_extract_2026-06-15,Palm Deira,Palm Deira,Palm Deira,building,building,101,,,palmdeira,already has a building: nothing to add
PN4066,4066,Avida Residences,register_extract_2026-06-15,Palm Deira,Palm Deira,Palm Deira,building,building,101,,,palmdeira,already has a building: nothing to add
PN4071,4071,Wedyan,register_extract_2026-06-15,Business Bay,Business Bay,,building,building,346,,,businessbay,already has a building: nothing to add
PN4072,4072,HOUSE OF WELL,register_extract_2026-06-15,Palm Deira,Palm Deira,Palm Deira,building,building,101,,,palmdeira,already has a building: nothing to add
PN4073,4073,Bond Living,register_extract_2026-06-15,Wadi Al Safa 5,Dubai Land Residence Complex,DUBAI LAND RESIDENCE COMPLEX,building,building,648,,,wadialsafa5,already has a building: nothing to add
PN4075,4075,Garnet by Siroya,register_extract_2026-06-15,Madinat Al Mataar,Dubai South Residential District,,building,building,521,,,madinatalmataar,already has a building: nothing to add
PN4076,4076,Azizi Wares,register_extract_2026-06-15,Jabal Ali Industrial Second,Down Town Jabal Ali,Jabal Ali Industrial Second,building,building,518,,,jabalaliindustrialsecond,already has a building: nothing to add
PN4077,4077,Allegro Park by Mill Hill Riviera Development,register_extract_2026-06-15,Palm Deira,Palm Deira,Palm Deira,building,building,101,,,palmdeira,already has a building: nothing to add
PN4079,4079,Azizi Milan Heights,register_extract_2026-06-15,Wadi Al Safa 4,City Of Arabia,CITY OF ARABIA,building,building,646,,,wadialsafa4,already has a building: nothing to add
PN4080,4080,Vayla Residences,register_extract_2026-06-15,Palm Deira,Palm Deira,Palm Deira,building,building,101,,,palmdeira,already has a building: nothing to add
PN4081,4081,Breez by Danube,register_extract_2026-06-15,Madinat Dubai Almelaheyah,Dubai Maritime City,DUBAI MARITIME CITY,building,building,321,,,dubaimaritimecity,already has a building: nothing to add
PN4082,4082,RYAH LIVING by ALYAKKA,register_extract_2026-06-15,Al Hebiah Second,Dubai Studio City,DUBAI STUDIO CITY,building,building,675,,,dubaistudiocity,already has a building: nothing to add
PN4083,4083,VIBE,register_extract_2026-06-15,Al Satwa,Jumeirah Garden City,Al Satwa,building,building,334,,,alsatwa,already has a building: nothing to add
PN4084,4084,Soulever' By Beyond,register_extract_2026-06-15,Madinat Dubai Almelaheyah,Dubai Maritime City,Madinat Dubai Almelaheyah,building,building,321,,,dubaimaritimecity,already has a building: nothing to add
PN4085,4085,Waada - Altura 2,register_extract_2026-06-15,Madinat Al Mataar,Dubai World Central,Madinat Al Mataar,building,building,521,,,madinatalmataar,already has a building: nothing to add
PN4086,4086,LATERAL ONE,register_extract_2026-06-15,Wadi Al Safa 5,Dubai Land Residence Complex,DUBAI LAND RESIDENCE COMPLEX,building,building,648,,,wadialsafa5,already has a building: nothing to add
PN4087,4087,ARMAS,register_extract_2026-06-15,Madinat Al Mataar,Dubai South Residential District,,building,building,521,,,madinatalmataar,already has a building: nothing to add
PN4088,4088,ELMORA,register_extract_2026-06-15,Al Satwa,Jumeirah Garden City,Al Satwa,building,building,334,,,alsatwa,already has a building: nothing to add
PN4090,4090,Lumena Alta by Omniyat,register_extract_2026-06-15,Business Bay,Business Bay,BUSINESS BAY,building,building,346,,,businessbay,already has a building: nothing to add
PN4092,4092,LEGACY HEIGHTS,register_extract_2026-06-15,Madinat Al Mataar,Dubai South Residential District,,building,building,521,,,madinatalmataar,already has a building: nothing to add
PN4093,4093,241 Waterside,register_extract_2026-06-15,Palm Deira,Palm Deira,Palm Deira,building,building,101,,,palmdeira,already has a building: nothing to add
PN4094,4094,42 East Residences,register_extract_2026-06-15,Palm Deira,Palm Deira,,building,building,101,,,palmdeira,already has a building: nothing to add
PN4095,4095,Purvanchal Triana Residences,register_extract_2026-06-15,Al Satwa,Jumeirah Garden City,Al Satwa,building,building,334,,,alsatwa,already has a building: nothing to add
PN4096,4096,Azizi David,register_extract_2026-06-15,Al Jadaf,Sama Al Jadaf,SAMA AL JADAF,building,building,326,,,samaaljadaf,already has a building: nothing to add
PN4100,4100,Wadi Hills by HRE,register_extract_2026-06-15,Wadi Al Safa 5,Dubai Land Residence Complex,DUBAI LAND RESIDENCE COMPLEX,building,building,648,,,wadialsafa5,already has a building: nothing to add
PN4102,4102,Binghatti Vintage,register_extract_2026-06-15,Wadi Al Safa 3,Majan,MAJAN,building,building,645,,,majan,already has a building: nothing to add
PN4104,4104,Binghatti Titania,register_extract_2026-06-15,Wadi Al Safa 3,Majan,MAJAN,building,building,645,,,majan,already has a building: nothing to add
PN4105,4105,Binghatti Hillcrest,register_extract_2026-06-15,Arjan,Arjan,ARJAN,building,building,673,,,arjan,already has a building: nothing to add
PN4106,4106,Celesto Tower,register_extract_2026-06-15,Wadi Al Safa 5,Dubai Land Residence Complex,DUBAI LAND RESIDENCE COMPLEX,building,building,648,,,wadialsafa5,already has a building: nothing to add
PN4109,4109,Seraph by Wadan,register_extract_2026-06-15,Wadi Al Safa 5,Dubai Land Residence Complex,DUBAI LAND RESIDENCE COMPLEX,building,building,648,,,wadialsafa5,already has a building: nothing to add
PN4110,4110,Samana Business Park 2,register_extract_2026-06-15,Wadi Al Safa 3,Majan,MAJAN,building,building,645,,,majan,already has a building: nothing to add
PN4115,4115,Aurea,register_extract_2026-06-15,Madinat Dubai Almelaheyah,Mina Rashid,Madinat Dubai Almelaheyah,building,building,321,,,dubaimaritimecity,already has a building: nothing to add
PN4116,4116,ELTIERA VIEWS,register_extract_2026-06-15,Al Thanyah Fifth,Jumeirah Islands,Al Thanyah Fifth,building,building,393,,,"althanyahfifth,jltnorth,jltsouth",already has a building: nothing to add
PN4117,4117,Golf Hills,register_extract_2026-06-15,Madinat Al Mataar,Dubai World Central,Madinat Al Mataar,building,building,521,,,madinatalmataar,already has a building: nothing to add
PN4118,4118,Crystal Tower,register_extract_2026-06-15,Al Warsan First,WARSAN FIRST DEVELOPMENT,,building,building,621,,,(outside the 42 districts),already has a building: nothing to add
PN4119,4119,Golf Hills 2,register_extract_2026-06-15,Madinat Al Mataar,Dubai World Central,Madinat Al Mataar,building,building,521,,,madinatalmataar,already has a building: nothing to add
PN4120,4120,Sky Gate Tower,register_extract_2026-06-15,Al Barsha South Fifth,Jumeirah Village Triangle,JUMEIRAH VILLAGE TRIANGLE,building,building,684,,,jumeirahvillagetriangle,already has a building: nothing to add
PN4124,4124,VERDE BY VISION,register_extract_2026-06-15,Al Hebiah Fourth,Dubai Sports City,,building,building,682,,,dubaisportscity,already has a building: nothing to add
PN4125,4125,Sky Line By Peace Homes,register_extract_2026-06-15,Wadi Al Safa 5,Dubai Land Residence Complex,DUBAI LAND RESIDENCE COMPLEX,building,building,648,,,wadialsafa5,already has a building: nothing to add
PN4127,4127,Island Living by Condor,register_extract_2026-06-15,Palm Deira,Palm Deira,,building,building,101,,,palmdeira,already has a building: nothing to add
PN4129,4129,PEARL HOUSE IV BY IMTIAZ,register_extract_2026-06-15,Al Barsha South Fourth,Jumeirah Village Circle,JUMEIRAH VILLAGE CIRCLE,building,building,681,,,jumeirahvillagecircle,already has a building: nothing to add
PN4130,4130,W1,register_extract_2026-06-15,Jabal Ali First,Al Furjan,,building,building,591,,,jabalalifirst,already has a building: nothing to add
PN4131,4131,Derby Heights,register_extract_2026-06-15,Wadi Al Safa 3,Mohammed Bin Rashid AL Maktoum District 11,Wadi Al Safa 3,building,building,645,,,majan,already has a building: nothing to add
PN4132,4132,Primrose 1,register_extract_2026-06-15,Wadi Al Safa 5,Dubai Land Residence Complex,,building,building,648,,,wadialsafa5,already has a building: nothing to add
PN4134,4134,The Residences at the Dubai Beach Edition,register_delta_2026-09-01,Marsa Dubai,,Marsa Dubai,building,building,392,,,dubaimarina,already has a building: nothing to add
PN4137,4137,Sobha SkyParks,register_delta_2026-09-01,Business Bay,,BUSINESS BAY,building,building,346,,,businessbay,already has a building: nothing to add
PN4141,4141,Azizi Lina,register_delta_2026-09-01,Jabal Ali Industrial Second,,DOWN TOWN JABAL ALI,building,building,518,,,jabalaliindustrialsecond,already has a building: nothing to add
PN4142,4142,DIVINE ELEMENTS,register_delta_2026-09-01,Madinat Al Mataar,,DUBAI SOUTH,building,building,521,,,madinatalmataar,already has a building: nothing to add
PN4145,4145,J188,register_delta_2026-09-01,Al Jadaf,,SAMA AL JADAF,building,building,326,,,samaaljadaf,already has a building: nothing to add
PN4146,4146,PEACE AVENUE BY PEACE HOMES,register_delta_2026-09-01,Jabal Ali Industrial Second,,DOWN TOWN JABAL ALI,building,building,518,,,jabalaliindustrialsecond,already has a building: nothing to add
PN4147,4147,SKY HARMONY BY PEACE HOMES,register_delta_2026-09-01,Al Barsha South Fourth,,JUMEIRAH VILLAGE CIRCLE,building,building,681,,,jumeirahvillagecircle,already has a building: nothing to add
PN4149,4149,ROSEWELL,register_delta_2026-09-01,Al Yelayiss 2,,Al Yelayiss 2,building,building,922,,,alyelayiss2,already has a building: nothing to add
PN4150,4150,Evelyn on the Park,register_delta_2026-09-01,Al Yelayiss 2,,Al Yelayiss 2,building,building,922,,,alyelayiss2,already has a building: nothing to add
PN4153,4153,KHK 31,sales_register_only,Wadi Al Safa 5,Dubai Land Residence Complex,,building,building,648,,,wadialsafa5,already has a building: nothing to add
PN4157,4157,Helvetia Marine,register_delta_2026-09-01,Palm Deira,,Palm Deira,building,building,101,,,palmdeira,already has a building: nothing to add
PN4160,4160,Terra Gardens,register_delta_2026-09-01,Madinat Al Mataar,,Madinat Al Mataar,building,building,521,,,madinatalmataar,already has a building: nothing to add
PN4163,4163,Waada - Altura 1,register_delta_2026-09-01,Madinat Al Mataar,,Madinat Al Mataar,building,building,521,,,madinatalmataar,already has a building: nothing to add
PN4164,4164,Barari Palace,sales_register_only,Wadi Al Safa 3,Majan,,building,building,645,,,majan,already has a building: nothing to add
PN4168,4168,VIVIDA Residences,register_delta_2026-09-01,Madinat Al Mataar,,DUBAI SOUTH,building,building,521,,,madinatalmataar,already has a building: nothing to add
PN4174,4174,Le Blanc Residence by Imtiaz,register_delta_2026-09-01,Wadi Al Safa 5,,DUBAI LAND RESIDENCE COMPLEX,building,building,648,,,wadialsafa5,already has a building: nothing to add
PN4175,4175,Vista by Vision,register_delta_2026-09-01,Me'Aisem First,,,building,building,685,,,dubaiproductioncity,already has a building: nothing to add
PN4179,4179,Sunteck MAS,register_delta_2026-09-01,Burj Khalifa,,,building,building,345,,,burjkhalifa,already has a building: nothing to add
PN4183,4183,31 Above By Beyond,register_delta_2026-09-01,Madinat Dubai Almelaheyah,,Madinat Dubai Almelaheyah,building,building,321,,,dubaimaritimecity,already has a building: nothing to add
PN4184,4184,Boulevard Park 1,register_delta_2026-09-01,Jabal Ali First,,Jabal Ali First,building,building,591,,,jabalalifirst,already has a building: nothing to add
PN4190,4190,Prestige One Residences,register_delta_2026-09-01,Madinat Dubai Almelaheyah,,DUBAI MARITIME CITY,building,building,321,,,dubaimaritimecity,already has a building: nothing to add
PN4193,4193,IMTIAZ SYMPHONY TOWER,sales_register_only,Bukadra,,,building,building,611,,,bukadra,already has a building: nothing to add
PN4195,4195,LIA,register_delta_2026-09-01,Palm Deira,,PALM DEIRA,building,building,101,,,palmdeira,already has a building: nothing to add
PN4196,4196,SUNVALE,register_delta_2026-09-01,Jabal Ali First,,AL FURJAN,building,building,591,,,jabalalifirst,already has a building: nothing to add
PN4198,4198,Creek Bay,register_delta_2026-09-01,Al Khairan First,,Al Khairan First,building,building,415,,,alkhairanfirst,already has a building: nothing to add
PN4199,4199,Fior 2,register_delta_2026-09-01,Madinat Dubai Almelaheyah,,,building,building,321,,,dubaimaritimecity,already has a building: nothing to add
PN4200,4200,Grove Ridge,register_delta_2026-09-01,Madinat Al Mataar,,Madinat Al Mataar,building,building,521,,,madinatalmataar,already has a building: nothing to add
PN4201,4201,Vista Ridge,register_delta_2026-09-01,Madinat Al Mataar,,Madinat Al Mataar,building,building,521,,,madinatalmataar,already has a building: nothing to add
PN4202,4202,Soel,register_delta_2026-09-01,Al Barshaa South Third,,,building,building,673,,,arjan,already has a building: nothing to add
PN4210,4210,Hado By Beyond,register_delta_2026-09-01,Palm Deira,,Palm Deira,building,building,101,,,palmdeira,already has a building: nothing to add
PN4211,4211,Boulevard Park 2,register_delta_2026-09-01,Jabal Ali First,,Jabal Ali First,building,building,591,,,jabalalifirst,already has a building: nothing to add
PN4212,4212,ELARIS AXIS,register_delta_2026-09-01,Al Barsha South Fifth,,,building,building,684,,,jumeirahvillagetriangle,already has a building: nothing to add
PN4213,4213,PORTSIDE SQUARE,register_delta_2026-09-01,Madinat Dubai Almelaheyah,,,building,building,321,,,dubaimaritimecity,already has a building: nothing to add
PN4218,4218,Lincoln Star Residence III,register_delta_2026-09-01,Madinat Al Mataar,,,building,building,521,,,madinatalmataar,already has a building: nothing to add
PN4221,4221,BARARIGATE by ADE,register_delta_2026-09-01,Wadi Al Safa 3,,MAJAN,building,building,645,,,majan,already has a building: nothing to add
PN4224,4224,THE TIDES BY AMIS,register_delta_2026-09-01,Palm Deira,,Palm Deira,building,building,101,,,palmdeira,already has a building: nothing to add
PN4225,4225,Creek Haven,register_delta_2026-09-01,Al Khairan First,,Al Khairan First,building,building,415,,,alkhairanfirst,already has a building: nothing to add
PN4227,4227,Avarra by Palace,register_delta_2026-09-01,Business Bay,,BUSINESS BAY,building,building,346,,,businessbay,already has a building: nothing to add
PN4230,4230,Azizi Noura,register_delta_2026-09-01,Jabal Ali Industrial Second,,Jabal Ali Industrial Second,building,building,518,,,jabalaliindustrialsecond,already has a building: nothing to add
PN4232,4232,Azizi Gabriel,register_delta_2026-09-01,Jabal Ali Industrial Second,,Jabal Ali Industrial Second,building,building,518,,,jabalaliindustrialsecond,already has a building: nothing to add
PN4233,4233,Azizi Leily,register_delta_2026-09-01,Al Jadaf,,SAMA AL JADAF,building,building,326,,,samaaljadaf,already has a building: nothing to add
PN4235,4235,Art House Hills by Adaan and Tuscany,register_delta_2026-09-01,Al Barshaa South Third,,ARJAN,building,building,673,,,arjan,already has a building: nothing to add
PN4246,4246,EMPIRE GARDENS,register_delta_2026-09-01,Wadi Al Safa 5,,DUBAI LAND RESIDENCE COMPLEX,building,building,648,,,wadialsafa5,already has a building: nothing to add
PN4248,4248,OMYA RESIDENCES,register_delta_2026-09-01,Jabal Ali First,VOXA RESIDENCES,Jabal Ali First,building,building,591,,,jabalalifirst,already has a building: nothing to add
PN4250,4250,09 Life Residences,sales_register_only,Wadi Al Safa 5,Dubai Land Residence Complex,,building,building,648,,,wadialsafa5,already has a building: nothing to add
PN4251,4251,Villa dell Arte,register_delta_2026-09-01,Palm Deira,,Palm Deira,building,building,101,,,palmdeira,already has a building: nothing to add
PN4252,4252,NOORE,sales_register_only,Wadi Al Safa 3,Mohammed Bin Rashid AL Maktoum District 11,,building,building,645,,,majan,already has a building: nothing to add
PN4254,4254,Avion 100,register_delta_2026-09-01,Madinat Al Mataar,,,building,building,521,,,madinatalmataar,already has a building: nothing to add
PN4258,4258,THE CAPE,register_delta_2026-09-01,Wadi Al Safa 3,,AL BARARI,building,building,645,,,majan,already has a building: nothing to add
PN4266,4266,Verdana Residence 7,sales_register_only,Dubai Investment Park First,Dubai Investment Park First,,building,building,598,,,dubaiinvestmentparkfirst,already has a building: nothing to add
PN4274,4274,City Walk Crestlane 5,register_delta_2026-09-01,Al Wasl,,Al Wasl,building,building,343,,,alwasl,already has a building: nothing to add
PN4275,4275,Art House Private Residences By Viva,register_delta_2026-09-01,Wadi Al Safa 3,,Wadi Al Safa 3,building,building,645,,,majan,already has a building: nothing to add
PN4276,4276,LIORA,register_delta_2026-09-01,Palm Deira,,Palm Deira,building,building,101,,,palmdeira,already has a building: nothing to add
PN4280,4280,Palace Residences Hillside B,register_delta_2026-09-01,Hadaeq Sheikh Mohammed Bin Rashid,,Hadaeq Sheikh Mohammed Bin Rashid,building,building,631,,,dubaihills,already has a building: nothing to add
PN4281,4281,SERENIA DISTRICT - EAST,register_delta_2026-09-01,Al Thanyah Fifth,,Al Thanyah Fifth,building,building,393,,,"althanyahfifth,jltnorth,jltsouth",already has a building: nothing to add
PN4282,4282,SKYON,register_delta_2026-09-01,Madinat Al Mataar,,,building,building,521,,,madinatalmataar,already has a building: nothing to add
PN4285,4285,Reef 995,register_delta_2026-09-01,Wadi Al Safa 5,,,building,building,648,,,wadialsafa5,already has a building: nothing to add
PN4286,4286,City Walk Crestlane 4,register_delta_2026-09-01,Al Wasl,,Al Wasl,building,building,343,,,alwasl,already has a building: nothing to add
PN4287,4287,Fior 1,register_delta_2026-09-01,Madinat Dubai Almelaheyah,,Madinat Dubai Almelaheyah,building,building,321,,,dubaimaritimecity,already has a building: nothing to add
PN4289,4289,Verdana 7,sales_register_only,Dubai Investment Park First,Dubai Investment Park First,,building,building,598,,,dubaiinvestmentparkfirst,already has a building: nothing to add
PN4290,4290,Nuve By Zoya,register_delta_2026-09-01,Wadi Al Safa 5,,DUBAI LAND RESIDENCE COMPLEX,building,building,648,,,wadialsafa5,already has a building: nothing to add
PN4293,4293,AVENEW888-LOOM,register_delta_2026-09-01,Madinat Al Mataar,,Madinat Al Mataar,building,building,521,,,madinatalmataar,already has a building: nothing to add
PN4300,4300,WINDSOR HOUSE II,register_delta_2026-09-01,Madinat Al Mataar,,Madinat Al Mataar,building,building,521,,,madinatalmataar,already has a building: nothing to add
PN4302,4302,Barari Parks By Bahat,register_delta_2026-09-01,Wadi Al Safa 3,,MAJAN,building,building,645,,,majan,already has a building: nothing to add
PN4303,4303,Binghatti Etherea,register_delta_2026-09-01,Al Barsha South Fourth,,JUMEIRAH VILLAGE CIRCLE,building,building,681,,,jumeirahvillagecircle,already has a building: nothing to add
PN4304,4304,Golf Terrace Residences By ASAK,register_delta_2026-09-01,Me'Aisem First,,DUBAI PRODUCTION CITY,building,building,685,,,dubaiproductioncity,already has a building: nothing to add
PN4306,4306,Seacliff by Imtiaz,register_delta_2026-09-01,Palm Deira,,Palm Deira,building,building,101,,,palmdeira,already has a building: nothing to add
PN4313,4313,Nirvana Residences - I,register_delta_2026-09-01,Me'Aisem First,,DUBAI PRODUCTION CITY,building,building,685,,,dubaiproductioncity,already has a building: nothing to add
PN4314,4314,Rabdan Gardens,register_delta_2026-09-01,Al Satwa,,Al Satwa,building,building,334,,,alsatwa,already has a building: nothing to add
PN4316,4316,Casa Altia,register_delta_2026-09-01,Jabal Ali First,,,building,building,591,,,jabalalifirst,already has a building: nothing to add
PN4319,4319,Project Maybach,register_delta_2026-09-01,Nad Al Shiba First,,BUSINESS PARK,building,building,618,,,"goldensymphony,meydanone,sobhaheartland",already has a building: nothing to add
PN4321,4321,Maybach Six,register_delta_2026-09-01,Nad Al Shiba First,,BUSINESS PARK,building,building,618,,,"goldensymphony,meydanone,sobhaheartland",already has a building: nothing to add
PN4325,4325,At 85 Residences,register_delta_2026-09-01,Jabal Ali First,,,building,building,591,,,jabalalifirst,already has a building: nothing to add
PN4327,4327,Binghatti Skyterraces,register_delta_2026-09-01,Al Hebiah First,,Al Hebiah First,building,building,674,,,motorcity,already has a building: nothing to add
PN4328,4328,Sobha Central,register_delta_2026-09-01,Jabal Ali First,,Jabal Ali First,building,building,591,,,jabalalifirst,already has a building: nothing to add
PN4329,4329,Palace by the Beach,register_delta_2026-09-01,Marsa Dubai,,,building,building,392,,,dubaimarina,already has a building: nothing to add
PN4330,4330,OXFORD COVE,register_delta_2026-09-01,Al Barsha South Fourth,,JUMEIRAH VILLAGE CIRCLE,building,building,681,,,jumeirahvillagecircle,already has a building: nothing to add
PN4331,4331,Linea by Holm,register_delta_2026-09-01,Al Satwa,,Al Satwa,building,building,334,,,alsatwa,already has a building: nothing to add
PN4333,4333,The Key,register_delta_2026-09-01,Al Satwa,,,building,building,334,,,alsatwa,already has a building: nothing to add
PN4334,4334,Axilla,register_delta_2026-09-01,Al Satwa,,,building,building,334,,,alsatwa,already has a building: nothing to add
PN4335,4335,The Hudson,register_delta_2026-09-01,Al Barsha South Fourth,,JUMEIRAH VILLAGE CIRCLE,building,building,681,,,jumeirahvillagecircle,already has a building: nothing to add
PN4336,4336,ENRE RESIDENCE BY IMTIAZ,register_delta_2026-09-01,Madinat Al Mataar,,DUBAI SOUTH,building,building,521,,,madinatalmataar,already has a building: nothing to add
PN4337,4337,OAKMONT,register_delta_2026-09-01,Al Yelayiss 2,,Al Yelayiss 2,building,building,922,,,alyelayiss2,already has a building: nothing to add
PN4338,4338,Serenz by Danube,register_delta_2026-09-01,Al Barsha South Fourth,,JUMEIRAH VILLAGE CIRCLE,building,building,681,,,jumeirahvillagecircle,already has a building: nothing to add
PN4344,4344,Isla Residences by Chaimaa Holding,register_delta_2026-09-01,Palm Deira,,,building,building,101,,,palmdeira,already has a building: nothing to add
PN4345,4345,Treppan Living Prive,register_delta_2026-09-01,Palm Deira,,,building,building,101,,,palmdeira,already has a building: nothing to add
PN4346,4346,THE MERIVA COLLECTION,register_delta_2026-09-01,Palm Deira,,Palm Deira,building,building,101,,,palmdeira,already has a building: nothing to add
PN4349,4349,DAMAC RIVERLINK,register_delta_2026-09-01,Dubai Investment Park Second,,,building,building,597,,,dubaiinvestmentparksecond,already has a building: nothing to add
PN4351,4351,DELLA X,register_delta_2026-09-01,Palm Jumeirah,,,building,building,381,,,palmjumeirah,already has a building: nothing to add
PN4353,4353,STORIES BY MIRFA,register_delta_2026-09-01,Madinat Al Mataar,,DUBAI SOUTH,building,building,521,,,madinatalmataar,already has a building: nothing to add
PN4355,4355,FOREST CITY TOWER 3,register_delta_2026-09-01,Madinat Al Mataar,,,building,building,521,,,madinatalmataar,already has a building: nothing to add
PN4356,4356,HQA By Arista,register_delta_2026-09-01,Jabal Ali First,,AL FURJAN,building,building,591,,,jabalalifirst,already has a building: nothing to add
PN4357,4357,ZURA RESIDENCES,register_delta_2026-09-01,Madinat Al Mataar,,,building,building,521,,,madinatalmataar,already has a building: nothing to add
PN4367,4367,Terra Woods,register_delta_2026-09-01,Madinat Al Mataar,,Madinat Al Mataar,building,building,521,,,madinatalmataar,already has a building: nothing to add
PN4370,4370,Binghatti Spectre,register_delta_2026-09-01,Al Jadaf,,JADDAF WATERFRONT,building,building,326,,,samaaljadaf,already has a building: nothing to add
PN4372,4372,MARQUIS HORIZON,register_delta_2026-09-01,Madinat Al Mataar,,DUBAI SOUTH,building,building,521,,,madinatalmataar,already has a building: nothing to add
PN4376,4376,Zazen Acacia Residences,register_delta_2026-09-01,Madinat Al Mataar,,,building,building,521,,,madinatalmataar,already has a building: nothing to add
PN4377,4377,The Wilds Residences,register_delta_2026-09-01,Wadi Al Safa 3,,Wadi Al Safa 3,building,building,645,,,majan,already has a building: nothing to add
PN4381,4381,SORRENTO,register_delta_2026-09-01,Al Hebiah Fifth,,,building,building,683,,,alhebiahfifth,already has a building: nothing to add
PN4382,4382,CETARA,register_delta_2026-09-01,Al Hebiah Fifth,,,building,building,683,,,alhebiahfifth,already has a building: nothing to add
PN4384,4384,DAMAC ISLANDS - THE TROPICS 2 & 4 & 6,register_delta_2026-09-01,Al Yelayiss 1,,,building,building,921,,,alyelayiss1,already has a building: nothing to add
PN4385,4385,DAMAC ISLANDS - THE TROPICS 1 & 3 & 5,register_delta_2026-09-01,Al Yelayiss 1,,,building,building,921,,,alyelayiss1,already has a building: nothing to add
PN4387,4387,MARAVELLE FAMILY COMPLEX,register_delta_2026-09-01,Madinat Al Mataar,,,building,building,521,,,madinatalmataar,already has a building: nothing to add
PN4388,4388,Villa del Garda Residences,register_delta_2026-09-01,Palm Deira,,PALM DEIRA,building,building,101,,,palmdeira,already has a building: nothing to add
PN4390,4390,AMALI RESIDENCES,register_delta_2026-09-01,Al Wasl,,,building,building,343,,,alwasl,already has a building: nothing to add
PN4392,4392,Coventry 49,register_delta_2026-09-01,Madinat Al Mataar,,DUBAI SOUTH,building,building,521,,,madinatalmataar,already has a building: nothing to add
PN4393,4393,Binghatti Skyflame 1,register_delta_2026-09-01,Wadi Al Safa 3,,MAJAN,building,building,645,,,majan,already has a building: nothing to add
PN4399,4399,Binghatti Skyflame 2,register_delta_2026-09-01,Wadi Al Safa 3,,MAJAN,building,building,645,,,majan,already has a building: nothing to add
PN4400,4400,Nejm 1,register_delta_2026-09-01,Wadi Al Safa 3,,,building,building,645,,,majan,already has a building: nothing to add
PN4401,4401,Rabdan Square,register_delta_2026-09-01,Nad Al Shiba First,,Nad Al Shiba First,building,building,618,,,"goldensymphony,meydanone,sobhaheartland",already has a building: nothing to add
PN4402,4402,Jadaf Beach Oasis,register_delta_2026-09-01,Al Jadaf,,,building,building,326,,,samaaljadaf,already has a building: nothing to add
PN4403,4403,Azizi Rose,register_delta_2026-09-01,Jabal Ali Industrial Second,,DOWN TOWN JABAL ALI,building,building,518,,,jabalaliindustrialsecond,already has a building: nothing to add
PN4405,4405,Binghatti Square 1,register_delta_2026-09-01,Wadi Al Safa 3,,,building,building,645,,,majan,already has a building: nothing to add
PN4408,4408,Binghatti Square 2,register_delta_2026-09-01,Wadi Al Safa 3,,,building,building,645,,,majan,already has a building: nothing to add
PN4409,4409,Binghatti Square 3,register_delta_2026-09-01,Wadi Al Safa 3,,,building,building,645,,,majan,already has a building: nothing to add
PN4413,4413,Al Ghaf Janoub,register_delta_2026-09-01,Madinat Al Mataar,,,building,building,521,,,madinatalmataar,already has a building: nothing to add
PN4415,4415,Golf Fields,register_delta_2026-09-01,Madinat Al Mataar,,Madinat Al Mataar,building,building,521,,,madinatalmataar,already has a building: nothing to add
PN4416,4416,Golf Vale,register_delta_2026-09-01,Madinat Al Mataar,,Madinat Al Mataar,building,building,521,,,madinatalmataar,already has a building: nothing to add
PN4418,4418,Kaia,register_delta_2026-09-01,Palm Deira,,Palm Deira,building,building,101,,,palmdeira,already has a building: nothing to add
PN4425,4425,ARLINGTON PARK II BY MAJID,register_delta_2026-09-01,Wadi Al Safa 5,,DUBAI LAND RESIDENCE COMPLEX,building,building,648,,,wadialsafa5,already has a building: nothing to add
PN4428,4428,John Richmond Residences,register_delta_2026-09-01,Jabal Ali First,,,building,building,591,,,jabalalifirst,already has a building: nothing to add
PN4442,4442,Tresora by Wadan,register_delta_2026-09-01,Al Barsha South Fourth,,JUMEIRAH VILLAGE CIRCLE,building,building,681,,,jumeirahvillagecircle,already has a building: nothing to add
PN4447,4447,Nanma Lotus,register_delta_2026-09-01,Madinat Al Mataar,,DUBAI SOUTH,building,building,521,,,madinatalmataar,already has a building: nothing to add
PN4453,4453,Soma Residences,register_delta_2026-09-01,Palm Deira,,Palm Deira,building,building,101,,,palmdeira,already has a building: nothing to add
PN4455,4455,Sera Gardens by Vision,register_delta_2026-09-01,Me'Aisem First,,DUBAI PRODUCTION CITY,building,building,685,,,dubaiproductioncity,already has a building: nothing to add
PN4458,4458,Vista Hub by DSI Prestige One,register_delta_2026-09-01,Wadi Al Safa 3,,,building,building,645,,,majan,already has a building: nothing to add
PN4460,4460,Enchante By GRID,register_delta_2026-09-01,Al Barshaa South Third,,ARJAN,building,building,673,,,arjan,already has a building: nothing to add
PN4464,4464,AD Residences,register_delta_2026-09-01,Al Satwa,,,building,building,334,,,alsatwa,already has a building: nothing to add
PN4468,4468,DAMAC HILLS - LILAC,register_delta_2026-09-01,Al Hebiah Third,,,building,building,676,,,damachills,already has a building: nothing to add
PN4482,4482,Binghatti Wraith,register_delta_2026-09-01,Al Jadaf,,SAMA AL JADAF,building,building,326,,,samaaljadaf,already has a building: nothing to add
PN4483,4483,Binghatti Starfall,register_delta_2026-09-01,Al Jadaf,,SAMA AL JADAF,building,building,326,,,samaaljadaf,already has a building: nothing to add
PN4486,4486,Sky Level 1,register_delta_2026-09-01,Al Barsha South Fourth,,,building,building,681,,,jumeirahvillagecircle,already has a building: nothing to add
PN4487,4487,Celesto Tower 3,register_delta_2026-09-01,Wadi Al Safa 5,,DUBAI LAND RESIDENCE COMPLEX,building,building,648,,,wadialsafa5,already has a building: nothing to add
PN4489,4489,Bureau Lamar,register_delta_2026-09-01,Business Bay,,,building,building,346,,,businessbay,already has a building: nothing to add
PN4492,4492,AL EZZ TOWER BY ABU ALNAGA,register_delta_2026-09-01,Me'Aisem First,,,building,building,685,,,dubaiproductioncity,already has a building: nothing to add
PN4495,4495,SELA,register_delta_2026-09-01,Nad Al Shiba First,,,building,building,618,,,"goldensymphony,meydanone,sobhaheartland",already has a building: nothing to add
PN4512,4512,Calisi,register_delta_2026-09-01,Madinat Al Mataar,,,building,building,521,,,madinatalmataar,already has a building: nothing to add
PN4514,4514,Beverly Crown,sales_register_only,Al Barsha South Fourth,Jumeirah Village Circle,,building,building,681,,,jumeirahvillagecircle,already has a building: nothing to add
PN4516,4516,Rabdan Avenue,register_delta_2026-09-01,Nad Al Shiba First,,,building,building,618,,,"goldensymphony,meydanone,sobhaheartland",already has a building: nothing to add
PN4519,4519,WESTON,register_delta_2026-09-01,Wadi Al Safa 5,,DUBAI LAND RESIDENCE COMPLEX,building,building,648,,,wadialsafa5,already has a building: nothing to add
PN4526,4526,RAW DISTRICT 2 BY IMTIAZ,sales_register_only,Jabal Ali Industrial Second,Down Town Jabal Ali,,building,building,518,,,jabalaliindustrialsecond,already has a building: nothing to add
PN4529,4529,Arancia Yards 2 By Beyond,sales_register_only,Wadi Al Safa 4,City Of Arabia,,building,building,646,,,wadialsafa4,already has a building: nothing to add
PN4544,4544,Vision Iconic,register_delta_2026-09-01,Nad Al Shiba First,,BUSINESS PARK,building,building,618,,,"goldensymphony,meydanone,sobhaheartland",already has a building: nothing to add
PN4554,4554,HOLM CENTRAL,register_delta_2026-09-01,Al Satwa,,,building,building,334,,,alsatwa,already has a building: nothing to add
PN12,12,LA VISTA 04,register_extract_2026-06-15,Nadd Hessa,Silicon Oasis,,none,community centre,626,Nadd Hessa,register master community: register master community,siliconoasis,the middle of the project's own community; the exact plot is not in our data yet
PN14,14,LA VISTA 05,register_extract_2026-06-15,Nadd Hessa,Silicon Oasis,,none,community centre,626,Nadd Hessa,register master community: register master community,siliconoasis,the middle of the project's own community; the exact plot is not in our data yet
PN15,15,LA VISTA 07,sales_register_only,Nadd Hessa,Silicon Oasis,,none,community centre,626,Nadd Hessa,register master community: register master community,siliconoasis,the middle of the project's own community; the exact plot is not in our data yet
PN18,18,TAMANI ART ROYAL SUITES,sales_register_only,Burj Khalifa,Business Bay,,none,community centre,346,Business Bay,register master community: register master community,businessbay,the middle of the project's own community; the exact plot is not in our data yet
PN32,32,WESTERN RESIDENCE - NORTH,register_extract_2026-06-15,Wadi Al Safa 2,Falcon City,FALCON CITY OF WONDERS,community centre,community centre,643,Wadi Al Safa 2,register master community: register master community,liwan1,already a community centre on the card (district|name key); the project-number entry lets pages without a card use it too
PN39,39,SERENITY HEIGHTS,sales_register_only,Nad Al Shiba,Silicon Oasis,,none,community centre,626,Nadd Hessa,register master community: register master community,siliconoasis,the middle of the project's own community; the exact plot is not in our data yet
PN54,54,MADISON RESIDENCY,register_extract_2026-06-15,Al Thanyah First,Barsha Heights,BARSHA HEIGHTS,none,community centre,383,Al Thanyah First,sales area: register master community,(outside the 42 districts),the middle of the project's own community; the exact plot is not in our data yet
PN58,58,DEYAAR PARK,sales_register_only,Jabal Ali,Down Town Jabal Ali,,none,community centre,518,Jabal Ali Industrial Second,register master community: register master community,jabalaliindustrialsecond,the middle of the project's own community; the exact plot is not in our data yet
PN59,59,BRISTOL,sales_register_only,Burj Khalifa,Business Bay,,none,community centre,346,Business Bay,register master community: register master community,businessbay,the middle of the project's own community; the exact plot is not in our data yet
PN61,61,ECLIPSE TOWER,sales_register_only,Al Barsha South Fourth,Jumeirah Village Circle,,none,community centre,681,Al Barsha South Fourth,register master community: register master community,jumeirahvillagecircle,the middle of the project's own community; the exact plot is not in our data yet
PN64,64,THE HEIGHTS-GOLDEN,sales_register_only,Al Barsha South Fourth,Jumeirah Village Circle,,none,community centre,681,Al Barsha South Fourth,register master community: register master community,jumeirahvillagecircle,the middle of the project's own community; the exact plot is not in our data yet
PN65,65,WAVES BUSINESS TOWER,sales_register_only,Al Barsha South Fourth,Jumeirah Village Circle,,none,community centre,681,Al Barsha South Fourth,register master community: register master community,jumeirahvillagecircle,the middle of the project's own community; the exact plot is not in our data yet
PN67,67,ROTATING RESIDENCE,sales_register_only,Al Barsha South Fourth,Jumeirah Village Circle,,none,community centre,681,Al Barsha South Fourth,register master community: register master community,jumeirahvillagecircle,the middle of the project's own community; the exact plot is not in our data yet
PN69,69,HIGH RISE BOULEVARD2,sales_register_only,Al Barsha South Fourth,Jumeirah Village Circle,,none,community centre,681,Al Barsha South Fourth,register master community: register master community,jumeirahvillagecircle,the middle of the project's own community; the exact plot is not in our data yet
PN78,78,MAG228A,sales_register_only,Nad Al Shiba,,,none,community centre,624,Warsan Fourth,land register: the register's land records of this project (DM_ZIP_CODE 624),(outside the 42 districts),the middle of the project's own community; the exact plot is not in our data yet
PN79,79,MAG228B,sales_register_only,Nad Al Shiba,,,none,community centre,624,Warsan Fourth,land register: the register's land records of this project (DM_ZIP_CODE 624),(outside the 42 districts),the middle of the project's own community; the exact plot is not in our data yet
PN81,81,GREEN ACRES,sales_register_only,Nad Al Shiba,,,none,community centre,624,Warsan Fourth,land register: the register's land records of this project (DM_ZIP_CODE 624),(outside the 42 districts),the middle of the project's own community; the exact plot is not in our data yet
PN83,83,MATEX TOWER,sales_register_only,Burj Khalifa,Business Bay,,none,community centre,346,Business Bay,register master community: register master community,businessbay,the middle of the project's own community; the exact plot is not in our data yet
PN91,91,STAR HILL TOWERS & GALLAERY,sales_register_only,Burj Khalifa,Business Bay,,none,community centre,346,Business Bay,register master community: register master community,businessbay,the middle of the project's own community; the exact plot is not in our data yet
PN93,93,LIBERTY COURT,register_extract_2026-06-15,Zaabeel Second,,,none,community centre,337,Zaa'beel Second,register area: Dubai Municipality community name,(outside the 42 districts),the middle of the project's own community; the exact plot is not in our data yet
PN97,97,EMERALD PALACE KEMPINSKI,register_extract_2026-06-15,Palm Jumeirah,Palm Jumeirah,PALM JUMEIRAH,none,community centre,381,Nakhlat Jumeira,sales area: register master community,palmjumeirah,the middle of the project's own community; the exact plot is not in our data yet
PN100,100,ELEGANT TOWER,sales_register_only,Al Barsha South Fourth,Jumeirah Village Circle,,none,community centre,681,Al Barsha South Fourth,register master community: register master community,jumeirahvillagecircle,the middle of the project's own community; the exact plot is not in our data yet
PN103,103,MICHEAL SCHUMACHER BUSINESS AVENUE,sales_register_only,Burj Khalifa,Business Bay,,none,community centre,346,Business Bay,register master community: register master community,businessbay,the middle of the project's own community; the exact plot is not in our data yet
PN104,104,PERSHING LUXURY BEACH RESIDENCE TOWER,sales_register_only,Jabal Ali,Dubai Water Front,,none,community centre,511,Hessyan First,land register: the register's land records of this project (DM_ZIP_CODE 511),(outside the 42 districts),the middle of the project's own community; the exact plot is not in our data yet
PN105,105,SAMI Q TOWER,sales_register_only,Burj Khalifa,Business Bay,,none,community centre,346,Business Bay,register master community: register master community,businessbay,the middle of the project's own community; the exact plot is not in our data yet
PN108,108,PALAZZA ARABIA,sales_register_only,Jabal Ali First,Al Furjan,,none,community centre,591,Jabal Ali First,register master community: register master community,jabalalifirst,the middle of the project's own community; the exact plot is not in our data yet
PN122,122,THE DOMAIN,sales_register_only,Nad Al Shiba,Silicon Oasis,,none,community centre,626,Nadd Hessa,register master community: register master community,siliconoasis,the middle of the project's own community; the exact plot is not in our data yet
PN123,123,IRIS  CRYSTAL,sales_register_only,Burj Khalifa,Business Bay,,none,community centre,346,Business Bay,register master community: register master community,businessbay,the middle of the project's own community; the exact plot is not in our data yet
PN126,126,IRIS ORA,sales_register_only,Burj Khalifa,Business Bay,,none,community centre,346,Business Bay,register master community: register master community,businessbay,the middle of the project's own community; the exact plot is not in our data yet
PN132,132,RUFI TOWER (QUATTRO),sales_register_only,Al Barsha South Fourth,Jumeirah Village Circle,,none,community centre,681,Al Barsha South Fourth,register master community: register master community,jumeirahvillagecircle,the middle of the project's own community; the exact plot is not in our data yet
PN133,133,SHARM LAND TOWER,sales_register_only,Al Barsha South Fourth,Jumeirah Village Circle,,none,community centre,681,Al Barsha South Fourth,register master community: register master community,jumeirahvillagecircle,the middle of the project's own community; the exact plot is not in our data yet
PN134,134,OVAL TOWER,sales_register_only,Burj Khalifa,Business Bay,,none,community centre,346,Business Bay,register master community: register master community,businessbay,the middle of the project's own community; the exact plot is not in our data yet
PN135,135,ACACIA AVENUES,register_extract_2026-06-15,Al Safouh First,TECOM Site B,SUFOUH GARDENS,none,community centre,372,Al Safouh First,sales area: register master community,(outside the 42 districts),the middle of the project's own community; the exact plot is not in our data yet
PN137,137,HILIANA,register_extract_2026-06-15,Al Safouh First,Sufouh Gardens,SUFOUH GARDENS,none,community centre,372,Al Safouh First,sales area: register master community,(outside the 42 districts),the middle of the project's own community; the exact plot is not in our data yet
PN138,138,Varazze Tower,sales_register_only,Al Safouh First,Sufouh Gardens,,none,community centre,372,Al Safouh First,register master community: register master community,(outside the 42 districts),the middle of the project's own community; the exact plot is not in our data yet
PN153,153,DIAMOND ARCH1,sales_register_only,Al Barsha South Fourth,Jumeirah Village Circle,,none,community centre,681,Al Barsha South Fourth,register master community: register master community,jumeirahvillagecircle,the middle of the project's own community; the exact plot is not in our data yet
PN158,158,PALMAROSA,register_extract_2026-06-15,Wadi Al Safa 7,The Palmarosa,PALMAROSA,none,community centre,665,Wadi Al Safa 7,register master community: register master community,(outside the 42 districts),the middle of the project's own community; the exact plot is not in our data yet
PN162,162,INDIGO SPECTRUM1,register_extract_2026-06-15,Al Warsan First,International City Phase 1,INTERNATIONAL CITY PH 1,none,community centre,621,Warsan First,register master community: register master community,(outside the 42 districts),the middle of the project's own community; the exact plot is not in our data yet
PN163,163,INDIGO OPTIMA 1,register_extract_2026-06-15,Al Warsan First,International City Phase 1,INTERNATIONAL CITY PH 1,none,community centre,621,Warsan First,register master community: register master community,(outside the 42 districts),the middle of the project's own community; the exact plot is not in our data yet
PN166,166,WESTAR GALAXY,sales_register_only,Wadi Al Safa 3,Majan,,none,community centre,645,Wadi Al Safa 3,register master community: register master community,majan,the middle of the project's own community; the exact plot is not in our data yet
PN167,167,WESTAR REFLECTION,register_extract_2026-06-15,Al Barsha South Fourth,Jumeirah Village Circle,JUMEIRAH VILLAGE CIRCLE,none,community centre,681,Al Barsha South Fourth,sales area: register master community,jumeirahvillagecircle,the middle of the project's own community; the exact plot is not in our data yet
PN168,168,WESTAR 085,sales_register_only,Jabal Ali,,,none,community centre,521,Madinat Al Mataar,land register: the register's land records of this project (DM_ZIP_CODE 521),madinatalmataar,the middle of the project's own community; the exact plot is not in our data yet
PN170,170,S.P. RESIDENCE,register_extract_2026-06-15,Warsan Fourth,International City Phase 3,,none,community centre,624,Warsan Fourth,register master community: register master community,(outside the 42 districts),the middle of the project's own community; the exact plot is not in our data yet
PN171,171,ORANGE LAKE,register_extract_2026-06-15,Me'Aisem First,Jumeirah Golf Estates,JUMEIRAH GOLF,community centre,community centre,685,Me'aisem First,register master community: register master community,dubaiproductioncity,already a community centre on the card (district|name key); the project-number entry lets pages without a card use it too
PN173,173,APEX SUITES,sales_register_only,Al Barsha South Fifth,Jumeirah Village Triangle,,none,community centre,684,Al Barsha South Fifth,register master community: register master community,jumeirahvillagetriangle,the middle of the project's own community; the exact plot is not in our data yet
PN174,174,SIENNA  LAKES,register_extract_2026-06-15,Me'Aisem First,Jumeirah Golf Estates,JUMEIRAH GOLF,community centre,community centre,685,Me'aisem First,register master community: register master community,dubaiproductioncity,already a community centre on the card (district|name key); the project-number entry lets pages without a card use it too
PN176,176,DUBAI SPANISH TWIN VILLA,register_extract_2026-06-15,Saih Shuaib 2,,DUBAI INDUSTRIAL CITY,none,community centre,531,Saih Shuaib 2,sales area: app district,dubaiindustrialcity,the middle of the project's own community; the exact plot is not in our data yet
PN195,195,WESTERN QUARTERS,sales_register_only,Nad Al Shiba,Falcon City,,none,community centre,643,Wadi Al Safa 2,register master community: register master community,liwan1,the middle of the project's own community; the exact plot is not in our data yet
PN199,199,GARDEN HEIGHTS,sales_register_only,Al Barsha South Fourth,Jumeirah Village Circle,,none,community centre,681,Al Barsha South Fourth,register master community: register master community,jumeirahvillagecircle,the middle of the project's own community; the exact plot is not in our data yet
PN201,201,THE H.Q,sales_register_only,Al Barsha South Fourth,Jumeirah Village Circle,,none,community centre,681,Al Barsha South Fourth,register master community: register master community,jumeirahvillagecircle,the middle of the project's own community; the exact plot is not in our data yet
PN202,202,DEC BUSINESS TOWER,sales_register_only,Burj Khalifa,Business Bay,,none,community centre,346,Business Bay,register master community: register master community,businessbay,the middle of the project's own community; the exact plot is not in our data yet
PN204,204,MIRABELLA,register_extract_2026-06-15,Al Barsha South Fourth,Jumeirah Village Circle,JUMEIRAH VILLAGE CIRCLE,none,community centre,681,Al Barsha South Fourth,sales area: register master community,jumeirahvillagecircle,the middle of the project's own community; the exact plot is not in our data yet
PN214,214,AL JAWZAA,register_extract_2026-06-15,Warsan Fourth,International City Phase 3,INTERNATIONAL CITY PH 2 & 3,none,community centre,624,Warsan Fourth,register master community: register master community,(outside the 42 districts),the middle of the project's own community; the exact plot is not in our data yet
PN222,222,PODIUM,sales_register_only,Wadi Al Safa 3,Majan,,none,community centre,645,Wadi Al Safa 3,register master community: register master community,majan,the middle of the project's own community; the exact plot is not in our data yet
PN229,229,CROWEN RESIDENCE,sales_register_only,Al Barsha South Fourth,Jumeirah Village Circle,,none,community centre,681,Al Barsha South Fourth,register master community: register master community,jumeirahvillagecircle,the middle of the project's own community; the exact plot is not in our data yet
PN230,230,PRIME BUSINESS CENTER,register_extract_2026-06-15,Al Barsha South Fourth,Jumeirah Village Circle,JUMEIRAH VILLAGE CIRCLE,none,community centre,681,Al Barsha South Fourth,sales area: register master community,jumeirahvillagecircle,the middle of the project's own community; the exact plot is not in our data yet
PN231,231,PRIME RESIDENCY1,register_extract_2026-06-15,Al Warsan First,International City Phase 1,INTERNATIONAL CITY PH 1,none,community centre,621,Warsan First,register master community: register master community,(outside the 42 districts),the middle of the project's own community; the exact plot is not in our data yet
PN232,232,PRIME RESIDENCY2,register_extract_2026-06-15,Al Warsan First,International City Phase 1,INTERNATIONAL CITY PH 1,none,community centre,621,Warsan First,register master community: register master community,(outside the 42 districts),the middle of the project's own community; the exact plot is not in our data yet
PN235,235,V-GREECE ON THE WORLD,sales_register_only,World Islands,The World,,none,community centre,303,World Islands,register master community: register master community,(outside the 42 districts),the middle of the project's own community; the exact plot is not in our data yet
PN239,239,PRODIGY3,sales_register_only,Al Barsha South Fourth,Jumeirah Village Circle,,none,community centre,681,Al Barsha South Fourth,register master community: register master community,jumeirahvillagecircle,the middle of the project's own community; the exact plot is not in our data yet
PN243,243,PRODIGY5,sales_register_only,Al Barsha South Fourth,Jumeirah Village Circle,,none,community centre,681,Al Barsha South Fourth,register master community: register master community,jumeirahvillagecircle,the middle of the project's own community; the exact plot is not in our data yet
PN245,245,PRODIGY,sales_register_only,Al Barsha South Fourth,Jumeirah Village Circle,,none,community centre,681,Al Barsha South Fourth,register master community: register master community,jumeirahvillagecircle,the middle of the project's own community; the exact plot is not in our data yet
PN247,247,PRODIGY4,sales_register_only,Al Barsha South Fourth,Jumeirah Village Circle,,none,community centre,681,Al Barsha South Fourth,register master community: register master community,jumeirahvillagecircle,the middle of the project's own community; the exact plot is not in our data yet
PN250,250,AL BAHIA,register_extract_2026-06-15,Al Safouh First,Sufouh Gardens,,none,community centre,372,Al Safouh First,register master community: register master community,(outside the 42 districts),the middle of the project's own community; the exact plot is not in our data yet
PN255,255,HARBOUR RESIDENCES,register_extract_2026-06-15,Marsa Dubai,Dubai Marina,DUBAI MARINA,none,community centre,392,Marsa Dubai,sales area: register master community,dubaimarina,the middle of the project's own community; the exact plot is not in our data yet
PN261,261,BARBARO,sales_register_only,Nad Al Shiba,Majan,,none,community centre,645,Wadi Al Safa 3,register master community: register master community,majan,the middle of the project's own community; the exact plot is not in our data yet
PN262,262,SUNDANCE,sales_register_only,Wadi Al Safa 3,Majan,,none,community centre,645,Wadi Al Safa 3,register master community: register master community,majan,the middle of the project's own community; the exact plot is not in our data yet
PN263,263,CASCADE VILLE,register_extract_2026-06-15,Al Jadaf,Jaddaf Waterfront,,none,community centre,326,Al Jadaf,register master community: register master community,samaaljadaf,the middle of the project's own community; the exact plot is not in our data yet
PN265,265,THE BAY RESIDENCES,sales_register_only,Burj Khalifa,Business Bay,,none,community centre,346,Business Bay,register master community: register master community,businessbay,the middle of the project's own community; the exact plot is not in our data yet
PN278,278,RUFI GARDENS,register_extract_2026-06-15,Al Warsan First,International City Phase 1,INTERNATIONAL CITY PH 1,none,community centre,621,Warsan First,register master community: register master community,(outside the 42 districts),the middle of the project's own community; the exact plot is not in our data yet
PN287,287,NIKI LAUDA TOWER,sales_register_only,Burj Khalifa,Business Bay,,none,community centre,346,Business Bay,register master community: register master community,businessbay,the middle of the project's own community; the exact plot is not in our data yet
PN291,291,SANALI  BUSINESS HIGHTS,sales_register_only,Wadi Al Safa 3,Majan,,none,community centre,645,Wadi Al Safa 3,register master community: register master community,majan,the middle of the project's own community; the exact plot is not in our data yet
PN292,292,SANALI  BUSINESS TOWER,sales_register_only,Wadi Al Safa 3,Majan,,none,community centre,645,Wadi Al Safa 3,register master community: register master community,majan,the middle of the project's own community; the exact plot is not in our data yet
PN296,296,SYANN PALM,sales_register_only,Wadi Al Safa 3,Majan,,none,community centre,645,Wadi Al Safa 3,register master community: register master community,majan,the middle of the project's own community; the exact plot is not in our data yet
PN306,306,NORTH BAY,sales_register_only,Burj Khalifa,Business Bay,,none,community centre,346,Business Bay,register master community: register master community,businessbay,the middle of the project's own community; the exact plot is not in our data yet
PN313,313,EXECUTIVE SUITES,sales_register_only,Burj Khalifa,Business Bay,,none,community centre,346,Business Bay,register master community: register master community,businessbay,the middle of the project's own community; the exact plot is not in our data yet
PN318,318,ICON TOWER,register_extract_2026-06-15,Al Thanyah First,Barsha Heights,BARSHA HEIGHTS,none,community centre,383,Al Thanyah First,sales area: register master community,(outside the 42 districts),the middle of the project's own community; the exact plot is not in our data yet
PN326,326,PRIME BUSINESS AVENUE,sales_register_only,Jabal Ali,Down Town Jabal Ali,,none,community centre,518,Jabal Ali Industrial Second,register master community: register master community,jabalaliindustrialsecond,the middle of the project's own community; the exact plot is not in our data yet
PN327,327,ARTISTIC HEIGHTS,sales_register_only,Al Barsha South Fourth,Jumeirah Village Circle,,none,community centre,681,Al Barsha South Fourth,register master community: register master community,jumeirahvillagecircle,the middle of the project's own community; the exact plot is not in our data yet
PN328,328,ELITE SPORTS RESIDENCE,register_extract_2026-06-15,Al Hebiah Fourth,Dubai Sports City,DUBAI SPORTS CITY,none,community centre,682,Al Hebiah Fourth,sales area: register master community,dubaisportscity,the middle of the project's own community; the exact plot is not in our data yet
PN344,344,ERANTIS,register_extract_2026-06-15,Al Barsha South Fourth,Jumeirah Village Circle,JUMEIRAH VILLAGE CIRCLE,none,community centre,681,Al Barsha South Fourth,sales area: register master community,jumeirahvillagecircle,the middle of the project's own community; the exact plot is not in our data yet
PN348,348,IVORY TOWER,sales_register_only,Nad Al Shiba,International Media Production Zone,,none,community centre,685,Me'aisem First,register master community: register master community,dubaiproductioncity,the middle of the project's own community; the exact plot is not in our data yet
PN353,353,7 WEST VILLAS,register_extract_2026-06-15,Al Barsha South Fourth,Jumeirah Village Circle,JUMEIRAH VILLAGE CIRCLE,none,community centre,681,Al Barsha South Fourth,sales area: register master community,jumeirahvillagecircle,the middle of the project's own community; the exact plot is not in our data yet
PN355,355,OCEANA MOVENPICK HOTEL,register_extract_2026-06-15,Palm Jumeirah,Palm Jumeirah,,none,community centre,381,Nakhlat Jumeira,register master community: register master community,palmjumeirah,the middle of the project's own community; the exact plot is not in our data yet
PN358,358,DIAMOND SHOPPING MALL,sales_register_only,Al Ruwayyah,The Villa,,none,community centre,648,Wadi Al Safa 5,register master community: register master community,wadialsafa5,the middle of the project's own community; the exact plot is not in our data yet
PN361,361,INDIGO VILLE5,register_extract_2026-06-15,Al Barsha South Fourth,Jumeirah Village Circle,JUMEIRAH VILLAGE CIRCLE,none,community centre,681,Al Barsha South Fourth,sales area: register master community,jumeirahvillagecircle,the middle of the project's own community; the exact plot is not in our data yet
PN362,362,INDIGO VILLE6,register_extract_2026-06-15,Al Barsha South Fourth,Jumeirah Village Circle,,none,community centre,681,Al Barsha South Fourth,register master community: register master community,jumeirahvillagecircle,the middle of the project's own community; the exact plot is not in our data yet
PN368,368,AL MASA I,sales_register_only,Jabal Ali,,,none,community centre,591,Jabal Ali First,land register: the register's land records of this project (DM_ZIP_CODE 591),jabalalifirst,the middle of the project's own community; the exact plot is not in our data yet
PN370,370,AL MASA II,sales_register_only,Jabal Ali,,,none,community centre,591,Jabal Ali First,land register: the register's land records of this project (DM_ZIP_CODE 591),jabalalifirst,the middle of the project's own community; the exact plot is not in our data yet
PN371,371,YASAMINE -V,sales_register_only,Jabal Ali,,,none,community centre,591,Jabal Ali First,land register: the register's land records of this project (DM_ZIP_CODE 591),jabalalifirst,the middle of the project's own community; the exact plot is not in our data yet
PN372,372,AZIZI FEIROUZ I,sales_register_only,Jabal Ali,,,none,community centre,591,Jabal Ali First,land register: the register's land records of this project (DM_ZIP_CODE 591),jabalalifirst,the middle of the project's own community; the exact plot is not in our data yet
PN373,373,AZIZI FEIROUZ II,sales_register_only,Jabal Ali,,,none,community centre,591,Jabal Ali First,land register: the register's land records of this project (DM_ZIP_CODE 591),jabalalifirst,the middle of the project's own community; the exact plot is not in our data yet
PN374,374,AZIZI FEIROUZ III,sales_register_only,Jabal Ali,,,none,community centre,591,Jabal Ali First,land register: the register's land records of this project (DM_ZIP_CODE 591),jabalalifirst,the middle of the project's own community; the exact plot is not in our data yet
PN375,375,AZIZI SAWSAN-I,sales_register_only,Jabal Ali,,,none,community centre,591,Jabal Ali First,land register: the register's land records of this project (DM_ZIP_CODE 591),jabalalifirst,the middle of the project's own community; the exact plot is not in our data yet
PN376,376,AZIZI SAWSAN-II,sales_register_only,Jabal Ali,,,none,community centre,591,Jabal Ali First,land register: the register's land records of this project (DM_ZIP_CODE 591),jabalalifirst,the middle of the project's own community; the exact plot is not in our data yet
PN378,378,SANCTUARY  FALLS,register_extract_2026-06-15,Me'Aisem First,Jumeirah Golf Estates,JUMEIRAH GOLF,none,community centre,685,Me'aisem First,register master community: register master community,dubaiproductioncity,the middle of the project's own community; the exact plot is not in our data yet
PN379,379,ANGELICA RESIDENCE 1,sales_register_only,Al Barsha South Fourth,Jumeirah Village Circle,,none,community centre,681,Al Barsha South Fourth,register master community: register master community,jumeirahvillagecircle,the middle of the project's own community; the exact plot is not in our data yet
PN381,381,ANGELICA RESIDENCE 2,sales_register_only,Al Barsha South Fourth,Jumeirah Village Circle,,none,community centre,681,Al Barsha South Fourth,register master community: register master community,jumeirahvillagecircle,the middle of the project's own community; the exact plot is not in our data yet
PN382,382,MAGNOLIA,sales_register_only,Al Barsha South Fifth,Jumeirah Village Triangle,,none,community centre,684,Al Barsha South Fifth,register master community: register master community,jumeirahvillagetriangle,the middle of the project's own community; the exact plot is not in our data yet
PN395,395,LIME TREE VALLEY,register_extract_2026-06-15,Me'Aisem First,Jumeirah Golf Estates,JUMEIRAH GOLF,none,community centre,685,Me'aisem First,register master community: register master community,dubaiproductioncity,the middle of the project's own community; the exact plot is not in our data yet
PN401,401,LOTUS PARK,register_extract_2026-06-15,Al Barsha South Fourth,Jumeirah Village Circle,JUMEIRAH VILLAGE CIRCLE,none,community centre,681,Al Barsha South Fourth,sales area: register master community,jumeirahvillagecircle,the middle of the project's own community; the exact plot is not in our data yet
PN402,402,MULBERRY PARK,register_extract_2026-06-15,Al Barsha South Fourth,Jumeirah Village Circle,JUMEIRAH VILLAGE CIRCLE,none,community centre,681,Al Barsha South Fourth,sales area: register master community,jumeirahvillagecircle,the middle of the project's own community; the exact plot is not in our data yet
PN406,406,TULIP PARK,register_extract_2026-06-15,Al Barsha South Fourth,Jumeirah Village Circle,JUMEIRAH VILLAGE CIRCLE,none,community centre,681,Al Barsha South Fourth,sales area: register master community,jumeirahvillagecircle,the middle of the project's own community; the exact plot is not in our data yet
PN425,425,SMART HEIGHTS,register_extract_2026-06-15,Al Thanyah First,Barsha Heights,BARSHA HEIGHTS,none,community centre,383,Al Thanyah First,sales area: register master community,(outside the 42 districts),the middle of the project's own community; the exact plot is not in our data yet
PN428,428,PARK TOWERS,register_extract_2026-06-15,Zaabeel Second,,,none,community centre,337,Zaa'beel Second,register area: Dubai Municipality community name,(outside the 42 districts),the middle of the project's own community; the exact plot is not in our data yet
PN445,445,EXECUTIVE HEIGHT,register_extract_2026-06-15,Al Thanyah First,Barsha Heights,BARSHA HEIGHTS,none,community centre,383,Al Thanyah First,sales area: register master community,(outside the 42 districts),the middle of the project's own community; the exact plot is not in our data yet
PN446,446,EXECUTIVE BAY A,register_extract_2026-06-15,Business Bay,Business Bay,,none,community centre,346,Business Bay,register master community: register master community,businessbay,the middle of the project's own community; the exact plot is not in our data yet
PN450,450,VICTORY HEIGHTS,register_extract_2026-06-15,Al Hebiah Fourth,Dubai Sports City,,none,community centre,682,Al Hebiah Fourth,register master community: register master community,dubaisportscity,the middle of the project's own community; the exact plot is not in our data yet
PN451,451,THE PLAZA,sales_register_only,Al Barsha South Fourth,Jumeirah Village Circle,,none,community centre,681,Al Barsha South Fourth,register master community: register master community,jumeirahvillagecircle,the middle of the project's own community; the exact plot is not in our data yet
PN453,453,DUBAI LAGOON LOTUS,sales_register_only,Dubai Investment Park First,Dubai Investment Park First,,none,community centre,598,Dubai Investment Park First,register master community: register master community,dubaiinvestmentparkfirst,the middle of the project's own community; the exact plot is not in our data yet
PN454,454,GLOBAL POINT,sales_register_only,Warsan Fourth,International City Phase 3,,none,community centre,624,Warsan Fourth,register master community: register master community,(outside the 42 districts),the middle of the project's own community; the exact plot is not in our data yet
PN455,455,SKY SCRAPER,sales_register_only,Burj Khalifa,Business Bay,,none,community centre,346,Business Bay,register master community: register master community,businessbay,the middle of the project's own community; the exact plot is not in our data yet
PN456,456,TORONTO,sales_register_only,Nad Al Shiba,,,none,community centre,624,Warsan Fourth,land register: the register's land records of this project (DM_ZIP_CODE 624),(outside the 42 districts),the middle of the project's own community; the exact plot is not in our data yet
PN458,458,VANCOUVER,sales_register_only,Nad Al Shiba,,,none,community centre,624,Warsan Fourth,land register: the register's land records of this project (DM_ZIP_CODE 624),(outside the 42 districts),the middle of the project's own community; the exact plot is not in our data yet
PN459,459,فو دو لاك,register_extract_2026-06-15,Al Thanyah Fifth,Jumeirah Lakes Towers,,none,community centre,393,Al Thanyah Fifth,register master community: register master community,"althanyahfifth,jltnorth,jltsouth",the middle of the project's own community; the exact plot is not in our data yet
PN465,465,EATON,register_extract_2026-06-15,Warsan Fourth,International City Phase 3,INTERNATIONAL CITY PH 2 & 3,none,community centre,624,Warsan Fourth,register master community: register master community,(outside the 42 districts),the middle of the project's own community; the exact plot is not in our data yet
PN470,470,KENSINGTON,sales_register_only,Warsan Fourth,International City Phase 3,,none,community centre,624,Warsan Fourth,register master community: register master community,(outside the 42 districts),the middle of the project's own community; the exact plot is not in our data yet
PN481,481,BAY VIEW RESIDENCES,sales_register_only,Burj Khalifa,Business Bay,,none,community centre,346,Business Bay,register master community: register master community,businessbay,the middle of the project's own community; the exact plot is not in our data yet
PN489,489,LIVING LEGENDS PHASE 1,register_extract_2026-06-15,Wadi Al Safa 3,Living Legends,LIVING LEGENDS,community centre,community centre,645,Wadi Al Safa 3,sales area: register master community,majan,already a community centre on the card (district|name key); the project-number entry lets pages without a card use it too
PN491,491,THE FORUM,sales_register_only,Burj Khalifa,Business Bay,,none,community centre,346,Business Bay,register master community: register master community,businessbay,the middle of the project's own community; the exact plot is not in our data yet
PN492,492,ATRIUM GOLD TOWERS,sales_register_only,Nad Al Shiba,Silicon Oasis,,none,community centre,626,Nadd Hessa,register master community: register master community,siliconoasis,the middle of the project's own community; the exact plot is not in our data yet
PN495,495,OAKLANDS,sales_register_only,Nad Al Shiba,International City Phase 3,,none,community centre,624,Warsan Fourth,register master community: register master community,(outside the 42 districts),the middle of the project's own community; the exact plot is not in our data yet
PN509,509,LADY RATAN MANOR,register_extract_2026-06-15,Al Warsan First,International City Phase 1,INTERNATIONAL CITY PH 1,none,community centre,621,Warsan First,register master community: register master community,(outside the 42 districts),the middle of the project's own community; the exact plot is not in our data yet
PN511,511,ALFATTAN CURRENCY HOUSE,register_extract_2026-06-15,Zaabeel Second,,,none,community centre,337,Zaa'beel Second,register area: Dubai Municipality community name,(outside the 42 districts),the middle of the project's own community; the exact plot is not in our data yet
PN514,514,SAHARA MEADOWS1,register_extract_2026-06-15,Saih Shuaib 2,,DUBAI INDUSTRIAL CITY,none,community centre,531,Saih Shuaib 2,sales area: app district,dubaiindustrialcity,the middle of the project's own community; the exact plot is not in our data yet
PN517,517,MOON TOWER 2,sales_register_only,Al Jadaf,Jaddaf Waterfront,,none,community centre,326,Al Jadaf,register master community: register master community,samaaljadaf,the middle of the project's own community; the exact plot is not in our data yet
PN518,518,MOON TOWER 1,sales_register_only,Business Bay,Business Bay,,none,community centre,346,Business Bay,register master community: register master community,businessbay,the middle of the project's own community; the exact plot is not in our data yet
PN527,527,DREAM BAY,sales_register_only,Burj Khalifa,Business Bay,,none,community centre,346,Business Bay,register master community: register master community,businessbay,the middle of the project's own community; the exact plot is not in our data yet
PN552,552,ARABIAN CROWNE,sales_register_only,Nad Al Shiba,City Of Arabia,,none,community centre,646,Wadi Al Safa 4,register master community: register master community,wadialsafa4,the middle of the project's own community; the exact plot is not in our data yet
PN560,560,DUNES RESIDENCE,sales_register_only,Al Hebiah Fourth,Dubai Sports City,,none,community centre,682,Al Hebiah Fourth,register master community: register master community,dubaisportscity,the middle of the project's own community; the exact plot is not in our data yet
PN571,571,RESIDENTIAL COMPLEX,sales_register_only,Al Ruwayyah,Residential Complex,,none,community centre,648,Wadi Al Safa 5,land register: the register's land records of this project (DM_ZIP_CODE 648),wadialsafa5,the middle of the project's own community; the exact plot is not in our data yet
PN595,595,GLOBAL GREEN VIEW II,register_extract_2026-06-15,Al Warsan First,International City Phase 1,INTERNATIONAL CITY PH 1,none,community centre,621,Warsan First,register master community: register master community,(outside the 42 districts),the middle of the project's own community; the exact plot is not in our data yet
PN601,601,GLOBAL BAY VIEW,sales_register_only,Burj Khalifa,Business Bay,,none,community centre,346,Business Bay,register master community: register master community,businessbay,the middle of the project's own community; the exact plot is not in our data yet
PN604,604,SILVER STAR TOWER,sales_register_only,Burj Khalifa,Business Bay,,none,community centre,346,Business Bay,register master community: register master community,businessbay,the middle of the project's own community; the exact plot is not in our data yet
PN613,613,GLOBAL BAY VIEW II & III,sales_register_only,Burj Khalifa,Business Bay,,none,community centre,346,Business Bay,register master community: register master community,businessbay,the middle of the project's own community; the exact plot is not in our data yet
PN614,614,LATIFA TOWER,register_extract_2026-06-15,Trade Center First,,Trade Center First,none,community centre,335,Trade Center First,sales area: Dubai Municipality community name,(outside the 42 districts),the middle of the project's own community; the exact plot is not in our data yet
PN617,617,OLIVE POINT,register_extract_2026-06-15,Me'Aisem First,Jumeirah Golf Estates,JUMEIRAH GOLF,community centre,community centre,685,Me'aisem First,register master community: register master community,dubaiproductioncity,already a community centre on the card (district|name key); the project-number entry lets pages without a card use it too
PN618,618,OXBRIDGE GARDENS,sales_register_only,Al Barsha South Fourth,Jumeirah Village Circle,,none,community centre,681,Al Barsha South Fourth,register master community: register master community,jumeirahvillagecircle,the middle of the project's own community; the exact plot is not in our data yet
PN621,621,THE STERLING WEST HOUSE,register_extract_2026-06-15,Business Bay,Business Bay,BUSINESS BAY,none,community centre,346,Business Bay,sales area: register master community,businessbay,the middle of the project's own community; the exact plot is not in our data yet
PN625,625,LA BELLE VUE,register_extract_2026-06-15,Al Barsha South Fourth,Jumeirah Village Circle,,none,community centre,681,Al Barsha South Fourth,register master community: register master community,jumeirahvillagecircle,the middle of the project's own community; the exact plot is not in our data yet
PN628,628,FORTUNE SERENE,sales_register_only,Nad Al Shiba,International Media Production Zone,,none,community centre,685,Me'aisem First,register master community: register master community,dubaiproductioncity,the middle of the project's own community; the exact plot is not in our data yet
PN649,649,FRANKFURT TOWER,sales_register_only,Al Barsha South Fourth,Jumeirah Village Circle,,none,community centre,681,Al Barsha South Fourth,register master community: register master community,jumeirahvillagecircle,the middle of the project's own community; the exact plot is not in our data yet
PN656,656,ELASH,sales_register_only,Warsan Fourth,International City Phase 3,,none,community centre,624,Warsan Fourth,register master community: register master community,(outside the 42 districts),the middle of the project's own community; the exact plot is not in our data yet
PN657,657,SUNRISE BOULEVARD,register_extract_2026-06-15,Wadi Al Safa 2,Liwan1,,none,community centre,643,Wadi Al Safa 2,register master community: register master community,liwan1,the middle of the project's own community; the exact plot is not in our data yet
PN660,660,RUFI ROYAL CREST,sales_register_only,Al Barsha South Fourth,Jumeirah Village Circle,,none,community centre,681,Al Barsha South Fourth,register master community: register master community,jumeirahvillagecircle,the middle of the project's own community; the exact plot is not in our data yet
PN663,663,THE ISLAND OF IRELAND,sales_register_only,World Islands,The World,,none,community centre,303,World Islands,register master community: register master community,(outside the 42 districts),the middle of the project's own community; the exact plot is not in our data yet
PN664,664,JASMINE GARDEN,sales_register_only,World Islands,The World,,none,community centre,303,World Islands,register master community: register master community,(outside the 42 districts),the middle of the project's own community; the exact plot is not in our data yet
PN668,668,SAHARA LIVINGS,register_extract_2026-06-15,Saih Shuaib 2,,,none,community centre,531,Saih Shuaib 2,register area: Dubai Municipality community name,dubaiindustrialcity,the middle of the project's own community; the exact plot is not in our data yet
PN682,682,JUMEIRAH LAKE TOWERS,register_extract_2026-06-15,Al Thanyah Fifth,Jumeirah Lakes Towers,,none,community centre,393,Al Thanyah Fifth,register master community: register master community,"althanyahfifth,jltnorth,jltsouth",the middle of the project's own community; the exact plot is not in our data yet
PN689,689,TRINITY HEIGHTS,sales_register_only,Al Barsha South Fourth,Jumeirah Village Circle,,none,community centre,681,Al Barsha South Fourth,register master community: register master community,jumeirahvillagecircle,the middle of the project's own community; the exact plot is not in our data yet
PN690,690,TRAFALGAR CENTRAL,register_extract_2026-06-15,Al Warsan First,International City Phase 1,INTERNATIONAL CITY PH 1,none,community centre,621,Warsan First,register master community: register master community,(outside the 42 districts),the middle of the project's own community; the exact plot is not in our data yet
PN696,696,INDIGO VILLE 4,register_extract_2026-06-15,Al Barsha South Fourth,Jumeirah Village Circle,,none,community centre,681,Al Barsha South Fourth,register master community: register master community,jumeirahvillagecircle,the middle of the project's own community; the exact plot is not in our data yet
PN708,708,ROSE GAREN,sales_register_only,Al Barsha South Fourth,Jumeirah Village Circle,,none,community centre,681,Al Barsha South Fourth,register master community: register master community,jumeirahvillagecircle,the middle of the project's own community; the exact plot is not in our data yet
PN709,709,DUNES LILAC,sales_register_only,Al Barsha South Fifth,Jumeirah Village Triangle,,none,community centre,684,Al Barsha South Fifth,register master community: register master community,jumeirahvillagetriangle,the middle of the project's own community; the exact plot is not in our data yet
PN715,715,G-TOWER,sales_register_only,Nad Al Shiba,City Of Arabia,,none,community centre,646,Wadi Al Safa 4,register master community: register master community,wadialsafa4,the middle of the project's own community; the exact plot is not in our data yet
PN726,726,SIROYA GARDENS,sales_register_only,Al Barsha South Fourth,Jumeirah Village Circle,,none,community centre,681,Al Barsha South Fourth,register master community: register master community,jumeirahvillagecircle,the middle of the project's own community; the exact plot is not in our data yet
PN730,730,METROPOLIS LOFTS,sales_register_only,Al Barsha South Fourth,Jumeirah Village Circle,,none,community centre,681,Al Barsha South Fourth,register master community: register master community,jumeirahvillagecircle,the middle of the project's own community; the exact plot is not in our data yet
PN734,734,AL FERDOWS,sales_register_only,Al Barsha South Fourth,Jumeirah Village Circle,,none,community centre,681,Al Barsha South Fourth,register master community: register master community,jumeirahvillagecircle,the middle of the project's own community; the exact plot is not in our data yet
PN735,735,MAMMUT TOWER,sales_register_only,Jabal Ali Industrial Third,,,none,community centre,516,Jabal Ali Industrial Third,register area: Dubai Municipality community name,(outside the 42 districts),the middle of the project's own community; the exact plot is not in our data yet
PN767,767,CLASSIC APARTMENTS,register_extract_2026-06-15,Al Warsan First,International City Phase 1,INTERNATIONAL CITY PH 1,none,community centre,621,Warsan First,register master community: register master community,(outside the 42 districts),the middle of the project's own community; the exact plot is not in our data yet
PN770,770,MANHATTAN PARK III,sales_register_only,Al Barsha South Fourth,Jumeirah Village Circle,,none,community centre,681,Al Barsha South Fourth,register master community: register master community,jumeirahvillagecircle,the middle of the project's own community; the exact plot is not in our data yet
PN771,771,NASTARAN TOWER,register_extract_2026-06-15,Al Jadaf,Jaddaf Waterfront,,none,community centre,326,Al Jadaf,register master community: register master community,samaaljadaf,the middle of the project's own community; the exact plot is not in our data yet
PN793,793,RITZ RESIDENCE,register_extract_2026-06-15,Warsan Fourth,International City Phase 3,INTERNATIONAL CITY PH 2 & 3,none,community centre,624,Warsan Fourth,register master community: register master community,(outside the 42 districts),the middle of the project's own community; the exact plot is not in our data yet
PN795,795,PISA TOWER RESIDENCE,sales_register_only,Al Barsha South Fourth,Jumeirah Village Circle,,none,community centre,681,Al Barsha South Fourth,register master community: register master community,jumeirahvillagecircle,the middle of the project's own community; the exact plot is not in our data yet
PN804,804,GERMAN SPORTS TOWER2,sales_register_only,Al Hebiah Fourth,Dubai Sports City,,none,community centre,682,Al Hebiah Fourth,register master community: register master community,dubaisportscity,the middle of the project's own community; the exact plot is not in our data yet
PN819,819,ROYAL DELUXE VILLAS,sales_register_only,Al Barsha South Fourth,Jumeirah Village Circle,,none,community centre,681,Al Barsha South Fourth,register master community: register master community,jumeirahvillagecircle,the middle of the project's own community; the exact plot is not in our data yet
PN824,824,MESA VISTA,sales_register_only,Wadi Al Safa 3,Majan,,none,community centre,645,Wadi Al Safa 3,register master community: register master community,majan,the middle of the project's own community; the exact plot is not in our data yet
PN830,830,SONDOS ZINNIA,sales_register_only,Al Ruwayyah,Residential Complex,,none,community centre,648,Wadi Al Safa 5,land register: the register's land records of this project (DM_ZIP_CODE 648),wadialsafa5,the middle of the project's own community; the exact plot is not in our data yet
PN840,840,MANHATTAN PARK 1,sales_register_only,Al Barsha South Fourth,Jumeirah Village Circle,,none,community centre,681,Al Barsha South Fourth,register master community: register master community,jumeirahvillagecircle,the middle of the project's own community; the exact plot is not in our data yet
PN842,842,POLYGON TOWER,sales_register_only,Burj Khalifa,Business Bay,,none,community centre,346,Business Bay,register master community: register master community,businessbay,the middle of the project's own community; the exact plot is not in our data yet
PN844,844,BASSMAT AL HANA,sales_register_only,Al Barsha First,,,none,community centre,373,Al Barsha First,register area: Dubai Municipality community name,(outside the 42 districts),the middle of the project's own community; the exact plot is not in our data yet
PN856,856,INTERNATIONAL PEARL,sales_register_only,Nad Al Shiba,,,none,community centre,624,Warsan Fourth,land register: the register's land records of this project (DM_ZIP_CODE 624),(outside the 42 districts),the middle of the project's own community; the exact plot is not in our data yet
PN863,863,JAL AASHWA,sales_register_only,World Islands,The World,,none,community centre,303,World Islands,register master community: register master community,(outside the 42 districts),the middle of the project's own community; the exact plot is not in our data yet
PN866,866,JEHAAN 2,sales_register_only,Al Barsha South Fourth,Jumeirah Village Circle,,none,community centre,681,Al Barsha South Fourth,register master community: register master community,jumeirahvillagecircle,the middle of the project's own community; the exact plot is not in our data yet
PN873,873,KENSINGTON KRYSTAL,sales_register_only,Madinat Dubai Almelaheyah,Dubai Maritime City,,none,community centre,321,Madinat Dubai Al Melaheyah,register master community: register master community,dubaimaritimecity,the middle of the project's own community; the exact plot is not in our data yet
PN874,874,PANGKOR LAUT LUXURY RESIDENCE & SPA VILLAGE,sales_register_only,World Islands,The World,,none,community centre,303,World Islands,register master community: register master community,(outside the 42 districts),the middle of the project's own community; the exact plot is not in our data yet
PN884,884,PARIS RESIDENCE,sales_register_only,Nad Al Shiba,,,none,community centre,624,Warsan Fourth,land register: the register's land records of this project (DM_ZIP_CODE 624),(outside the 42 districts),the middle of the project's own community; the exact plot is not in our data yet
PN890,890,BURJ AL FARA'A,sales_register_only,Al Barsha South Fourth,Jumeirah Village Circle,,none,community centre,681,Al Barsha South Fourth,register master community: register master community,jumeirahvillagecircle,the middle of the project's own community; the exact plot is not in our data yet
PN898,898,JUMAA BUILDING,sales_register_only,Warsan Fourth,International City Phase 3,,none,community centre,624,Warsan Fourth,register master community: register master community,(outside the 42 districts),the middle of the project's own community; the exact plot is not in our data yet
PN900,900,UNIVERSAL TOWER,sales_register_only,Al Hebiah Fourth,Dubai Sports City,,none,community centre,682,Al Hebiah Fourth,register master community: register master community,dubaisportscity,the middle of the project's own community; the exact plot is not in our data yet
PN905,905,EDEN 2,sales_register_only,Al Barsha South Fourth,Jumeirah Village Circle,,none,community centre,681,Al Barsha South Fourth,register master community: register master community,jumeirahvillagecircle,the middle of the project's own community; the exact plot is not in our data yet
PN911,911,COTE D'AZUR,sales_register_only,Nad Al Shiba,Majan,,none,community centre,645,Wadi Al Safa 3,register master community: register master community,majan,the middle of the project's own community; the exact plot is not in our data yet
PN914,914,HAMPSTEAD RESIDENCES,sales_register_only,Al Barsha South Fourth,Jumeirah Village Circle,,none,community centre,681,Al Barsha South Fourth,register master community: register master community,jumeirahvillagecircle,the middle of the project's own community; the exact plot is not in our data yet
PN926,926,ALMASAH TOWER,sales_register_only,Wadi Al Safa 2,Falcon City,,none,community centre,643,Wadi Al Safa 2,register master community: register master community,liwan1,the middle of the project's own community; the exact plot is not in our data yet
PN929,929,TAIBA,sales_register_only,Nad Al Shiba,,,none,community centre,624,Warsan Fourth,land register: the register's land records of this project (DM_ZIP_CODE 624),(outside the 42 districts),the middle of the project's own community; the exact plot is not in our data yet
PN932,932,OASIS HEIGHTS,sales_register_only,Al Barsha South Fourth,Jumeirah Village Circle,,none,community centre,681,Al Barsha South Fourth,register master community: register master community,jumeirahvillagecircle,the middle of the project's own community; the exact plot is not in our data yet
PN933,933,CANAL VIEWS,sales_register_only,Al Barsha South Fourth,Jumeirah Village Circle,,none,community centre,681,Al Barsha South Fourth,register master community: register master community,jumeirahvillagecircle,the middle of the project's own community; the exact plot is not in our data yet
PN938,938,AUROR RESIDENCE 2,sales_register_only,Nad Al Shiba,,,none,community centre,624,Warsan Fourth,land register: the register's land records of this project (DM_ZIP_CODE 624),(outside the 42 districts),the middle of the project's own community; the exact plot is not in our data yet
PN940,940,PALAZZO VENEZIA,sales_register_only,Nad Al Shiba,Majan,,none,community centre,645,Wadi Al Safa 3,register master community: register master community,majan,the middle of the project's own community; the exact plot is not in our data yet
PN944,944,AL HABTOOR  ISLAND RESORT & SPA,sales_register_only,Palm Jumeirah,Palm Jumeirah,,none,community centre,381,Nakhlat Jumeira,register master community: register master community,palmjumeirah,the middle of the project's own community; the exact plot is not in our data yet
PN949,949,CHASE RESIDENCY,sales_register_only,Nad Al Shiba,,,none,community centre,624,Warsan Fourth,land register: the register's land records of this project (DM_ZIP_CODE 624),(outside the 42 districts),the middle of the project's own community; the exact plot is not in our data yet
PN955,955,SHARENA RESIDENCE 1,sales_register_only,Nad Al Shiba,Majan,,none,community centre,645,Wadi Al Safa 3,register master community: register master community,majan,the middle of the project's own community; the exact plot is not in our data yet
PN959,959,AURORA RESIDENCE 1,register_extract_2026-06-15,Warsan Fourth,International City Phase 3,,none,community centre,624,Warsan Fourth,register master community: register master community,(outside the 42 districts),the middle of the project's own community; the exact plot is not in our data yet
PN960,960,ARCADIUM BUILDING,sales_register_only,Jabal Ali,Down Town Jabal Ali,,none,community centre,518,Jabal Ali Industrial Second,register master community: register master community,jabalaliindustrialsecond,the middle of the project's own community; the exact plot is not in our data yet
PN970,970,INDIGO CAPITAL,sales_register_only,Jabal Ali,,,none,community centre,591,Jabal Ali First,land register: the register's land records of this project (DM_ZIP_CODE 591),jabalalifirst,the middle of the project's own community; the exact plot is not in our data yet
PN982,982,GERMAN SUPREME TOWER 2,register_extract_2026-06-15,Al Barsha South Fourth,Jumeirah Village Circle,,none,community centre,681,Al Barsha South Fourth,register master community: register master community,jumeirahvillagecircle,the middle of the project's own community; the exact plot is not in our data yet
PN983,983,FERRETTI LUXURY BEACH RESDIENCE TWIN TOWER,sales_register_only,Hessyan Second,Dubai Water Front,,none,community centre,512,Hessyan Second,register area: Dubai Municipality community name,(outside the 42 districts),the middle of the project's own community; the exact plot is not in our data yet
PN986,986,ROCKLAND SQUARE,sales_register_only,Al Barsha South Fourth,Jumeirah Village Circle,,none,community centre,681,Al Barsha South Fourth,register master community: register master community,jumeirahvillagecircle,the middle of the project's own community; the exact plot is not in our data yet
PN988,988,WESTAR CASA DEL SOL,sales_register_only,Nad Al Shiba,,,none,community centre,624,Warsan Fourth,land register: the register's land records of this project (DM_ZIP_CODE 624),(outside the 42 districts),the middle of the project's own community; the exact plot is not in our data yet
PN993,993,SHEFFIELD MIDTOWN,sales_register_only,Al Ruwayyah,Residential Complex,,none,community centre,648,Wadi Al Safa 5,land register: the register's land records of this project (DM_ZIP_CODE 648),wadialsafa5,the middle of the project's own community; the exact plot is not in our data yet
PN995,995,SUNSET GARDENS,register_extract_2026-06-15,Al Barsha South Fourth,Jumeirah Village Circle,JUMEIRAH VILLAGE CIRCLE,none,community centre,681,Al Barsha South Fourth,sales area: register master community,jumeirahvillagecircle,the middle of the project's own community; the exact plot is not in our data yet
PN1000,1000,Sold Without Project for Nakheel,sales_register_only,Jabal Ali First,Al Furjan,,none,community centre,591,Jabal Ali First,register master community: register master community,jabalalifirst,the middle of the project's own community; the exact plot is not in our data yet
PN1002,1002,Sold Without Project for Limitless,sales_register_only,Jabal Ali Industrial Second,Down Town Jabal Ali,,none,community centre,518,Jabal Ali Industrial Second,register master community: register master community,jabalaliindustrialsecond,the middle of the project's own community; the exact plot is not in our data yet
PN1003,1003,Sold Without Project for Dubai Aviation City Corporation,sales_register_only,Madinat Al Mataar,Dubai South Residential District,,none,community centre,521,Madinat Al Mataar,register master community: register master community,madinatalmataar,the middle of the project's own community; the exact plot is not in our data yet
PN1004,1004,Sold Without Project for Meraas Estates,sales_register_only,Nad Al Shiba First,Nad Al Sheba Gardens,,none,community centre,618,Nadd Al Shiba First,register master community: register master community,"goldensymphony,meydanone,sobhaheartland",the middle of the project's own community; the exact plot is not in our data yet
PN1007,1007,Sold Without Project for Dubai Hills Estate,sales_register_only,Hadaeq Sheikh Mohammed Bin Rashid,DUBAI HILLS - HILLS VIEW,,none,community centre,631,Hadaeq Sheikh Mohammed Bin Rashid,register area: Dubai Municipality community name,dubaihills,the middle of the project's own community; the exact plot is not in our data yet
PN1008,1008,Sold Without Project for Front Line Investment Managment,register_extract_2026-06-15,Madinat Hind 4,DAMAC HILLS 2,,none,community centre,914,Madinat Hind 4,register master community: register master community,madinathind4,the middle of the project's own community; the exact plot is not in our data yet
PN1009,1009,Sold Without Project for Union Properties,sales_register_only,Al Hebiah First,Motor City,,none,community centre,674,Al Hebiah First,register master community: register master community,motorcity,the middle of the project's own community; the exact plot is not in our data yet
PN1012,1012,The Parkway at Dubai Hills,sales_register_only,Hadaeq Sheikh Mohammed Bin Rashid,DUBAI HILLS - PARKWAYS,,none,community centre,631,Hadaeq Sheikh Mohammed Bin Rashid,register area: Dubai Municipality community name,dubaihills,the middle of the project's own community; the exact plot is not in our data yet
PN1013,1013,The Fairway at Dubai Hills,sales_register_only,Hadaeq Sheikh Mohammed Bin Rashid,DUBAI HILLS - FAIRWAYS,,none,community centre,631,Hadaeq Sheikh Mohammed Bin Rashid,register area: Dubai Municipality community name,dubaihills,the middle of the project's own community; the exact plot is not in our data yet
PN1014,1014,Emerald Hills at Dubai Hills,sales_register_only,Hadaeq Sheikh Mohammed Bin Rashid,DUBAI HILLS - EMERALD HILLS,,none,community centre,631,Hadaeq Sheikh Mohammed Bin Rashid,register area: Dubai Municipality community name,dubaihills,the middle of the project's own community; the exact plot is not in our data yet
PN1016,1016,Jumeirah Living Marsa Al Arab,register_extract_2026-06-15,Um Suqaim Third,,,none,community centre,366,Umm Suqeim Third,register area: alias ('Um Suqaim' is the register's spelling of 'Umm Suqeim'; the lands register ties its parcels labelled 'Um Suqaim Third' to community 366),(outside the 42 districts),the middle of the project's own community; the exact plot is not in our data yet
PN1018,1018,Sea Horse Villa,register_extract_2026-06-15,World Islands,The World,,none,community centre,303,World Islands,register master community: register master community,(outside the 42 districts),the middle of the project's own community; the exact plot is not in our data yet
PN1019,1019,Arabian Ranches -La Avenida I,register_extract_2026-06-15,Wadi Al Safa 6,Arabian Ranches - 1,,none,community centre,664,Wadi Al Safa 6,register master community: register master community,(outside the 42 districts),the middle of the project's own community; the exact plot is not in our data yet
PN1020,1020,Arabian Ranches - Alvorada III,register_extract_2026-06-15,Wadi Al Safa 6,Arabian Ranches - 1,ARABIAN RANCHES I,none,community centre,664,Wadi Al Safa 6,register master community: register master community,(outside the 42 districts),the middle of the project's own community; the exact plot is not in our data yet
PN1021,1021,المرابع العربية ? الفورادا 2,register_extract_2026-06-15,Wadi Al Safa 6,Arabian Ranches - 1,,none,community centre,664,Wadi Al Safa 6,register master community: register master community,(outside the 42 districts),the middle of the project's own community; the exact plot is not in our data yet
PN1031,1031,Emirates Living - Springs 1,register_extract_2026-06-15,Al Thanayah Fourth,,EMIRATE LIVING,none,community centre,394,Al Thanyah Fourth,register area: alias ('Thanayah' is the register's spelling of 'Thanyah'; the lands register ties its parcels labelled 'Al Thanayah Fourth' to community 394),(outside the 42 districts),the middle of the project's own community; the exact plot is not in our data yet
PN1032,1032,Emirates Living - Springs 2,register_extract_2026-06-15,Al Thanayah Fourth,Springs - 7,EMIRATE LIVING,none,community centre,394,Al Thanyah Fourth,register master community: register master community,(outside the 42 districts),the middle of the project's own community; the exact plot is not in our data yet
PN1033,1033,Emirates Living - Springs 3,register_extract_2026-06-15,Al Thanayah Fourth,Springs - 6,EMIRATE LIVING,none,community centre,394,Al Thanyah Fourth,register master community: register master community,(outside the 42 districts),the middle of the project's own community; the exact plot is not in our data yet
PN1034,1034,Emirates Living - Springs 4,register_extract_2026-06-15,Al Thanayah Fourth,Springs - 5,EMIRATE LIVING,none,community centre,394,Al Thanyah Fourth,register master community: register master community,(outside the 42 districts),the middle of the project's own community; the exact plot is not in our data yet
PN1035,1035,Emirates Living - Springs 5,register_extract_2026-06-15,Al Thanayah Fourth,Springs - 4,EMIRATE LIVING,none,community centre,394,Al Thanyah Fourth,register master community: register master community,(outside the 42 districts),the middle of the project's own community; the exact plot is not in our data yet
PN1036,1036,Emirates Living - Springs 6,register_extract_2026-06-15,Al Thanayah Fourth,Springs - 4,EMIRATE LIVING,none,community centre,394,Al Thanyah Fourth,register master community: register master community,(outside the 42 districts),the middle of the project's own community; the exact plot is not in our data yet
PN1039,1039,STERNON TOWER 1,sales_register_only,Al Barsha South Fourth,Jumeirah Village Circle,,none,community centre,681,Al Barsha South Fourth,register master community: register master community,jumeirahvillagecircle,the middle of the project's own community; the exact plot is not in our data yet
PN1043,1043,PORTO DUBAI,sales_register_only,Um Suqaim Second,,,none,community centre,362,Umm Suqeim Second,register area: alias ('Um Suqaim' is the register's spelling of 'Umm Suqeim'; the lands register ties its parcels labelled 'Um Suqaim Second' to community 362),(outside the 42 districts),the middle of the project's own community; the exact plot is not in our data yet
PN1044,1044,Emirates Living - Springs 7,register_extract_2026-06-15,Al Thanayah Fourth,Springs - 3,EMIRATE LIVING,none,community centre,394,Al Thanyah Fourth,register master community: register master community,(outside the 42 districts),the middle of the project's own community; the exact plot is not in our data yet
PN1045,1045,Emirates Living - Springs 8,register_extract_2026-06-15,Al Thanayah Fourth,Springs - 3,EMIRATE LIVING,none,community centre,394,Al Thanyah Fourth,register master community: register master community,(outside the 42 districts),the middle of the project's own community; the exact plot is not in our data yet
PN1046,1046,Emirates Living - Springs 9,register_extract_2026-06-15,Al Thanayah Fourth,Springs - 2,EMIRATE LIVING,none,community centre,394,Al Thanyah Fourth,register master community: register master community,(outside the 42 districts),the middle of the project's own community; the exact plot is not in our data yet
PN1047,1047,Emirates Living - Springs 10,register_extract_2026-06-15,Al Thanayah Fourth,Springs - 2,EMIRATE LIVING,none,community centre,394,Al Thanyah Fourth,register master community: register master community,(outside the 42 districts),the middle of the project's own community; the exact plot is not in our data yet
PN1050,1050,Emirates Living - Springs 11,register_extract_2026-06-15,Al Thanayah Fourth,Springs - 1,EMIRATE LIVING,none,community centre,394,Al Thanyah Fourth,register master community: register master community,(outside the 42 districts),the middle of the project's own community; the exact plot is not in our data yet
PN1051,1051,Emirates Living - Springs 12,register_extract_2026-06-15,Al Thanayah Fourth,Springs - 2,EMIRATE LIVING,none,community centre,394,Al Thanyah Fourth,register master community: register master community,(outside the 42 districts),the middle of the project's own community; the exact plot is not in our data yet
PN1052,1052,Emirates Living - Springs 14,register_extract_2026-06-15,Al Thanayah Fourth,Springs - 1,EMIRATE LIVING,none,community centre,394,Al Thanyah Fourth,register master community: register master community,(outside the 42 districts),the middle of the project's own community; the exact plot is not in our data yet
PN1053,1053,Emirates Living - Springs 15,register_extract_2026-06-15,Al Thanayah Fourth,Springs - 1,EMIRATE LIVING,none,community centre,394,Al Thanyah Fourth,register master community: register master community,(outside the 42 districts),the middle of the project's own community; the exact plot is not in our data yet
PN1054,1054,The Lakes - Deema 1,register_extract_2026-06-15,Al Thanyah Third,Lakes - Deema 1,THE LAKES,none,community centre,388,Al Thanyah Third,register master community: register master community,(outside the 42 districts),the middle of the project's own community; the exact plot is not in our data yet
PN1055,1055,The Lakes Deema 2,register_extract_2026-06-15,Al Thanyah Third,Lakes - Deema 2,THE LAKES,none,community centre,388,Al Thanyah Third,register master community: register master community,(outside the 42 districts),the middle of the project's own community; the exact plot is not in our data yet
PN1057,1057,HYDRA TOWERS,sales_register_only,Burj Khalifa,,,none,community centre,345,Burj Khalifa,register area: register master community,burjkhalifa,the middle of the project's own community; the exact plot is not in our data yet
PN1058,1058,The Lakes Deema 3,register_extract_2026-06-15,Al Thanyah Third,Lakes - Deema 3,THE LAKES,none,community centre,388,Al Thanyah Third,register master community: register master community,(outside the 42 districts),the middle of the project's own community; the exact plot is not in our data yet
PN1059,1059,AZIZI YASAMINE 4,sales_register_only,Jabal Ali,,,none,community centre,591,Jabal Ali First,land register: the register's land records of this project (DM_ZIP_CODE 591),jabalalifirst,the middle of the project's own community; the exact plot is not in our data yet
PN1060,1060,The Lakes Deema 4,register_extract_2026-06-15,Al Thanyah Third,Lakes - Deema 4,THE LAKES,none,community centre,388,Al Thanyah Third,register master community: register master community,(outside the 42 districts),the middle of the project's own community; the exact plot is not in our data yet
PN1061,1061,The Lakes Ghadeer,register_extract_2026-06-15,Al Thanyah Third,Lakes - Ghadeer,THE LAKES,community centre,community centre,388,Al Thanyah Third,register master community: register master community,(outside the 42 districts),already a community centre on the card (district|name key); the project-number entry lets pages without a card use it too
PN1062,1062,The Lakes Zulal,register_extract_2026-06-15,Al Thanyah Third,,THE LAKES,community centre,community centre,388,Al Thanyah Third,register area: Dubai Municipality community name,(outside the 42 districts),already a community centre on the card (district|name key); the project-number entry lets pages without a card use it too
PN1066,1066,GERMAN SUPREME RESIDENCE 1,sales_register_only,Wadi Al Safa 5,The Villa,,none,community centre,648,Wadi Al Safa 5,register master community: register master community,wadialsafa5,the middle of the project's own community; the exact plot is not in our data yet
PN1073,1073,MIRDIF HILLS- JANAYEN AVENUE,register_extract_2026-06-15,Mirdif,,Mirdif,none,community centre,251,Mirdif,sales area: Dubai Municipality community name,(outside the 42 districts),the middle of the project's own community; the exact plot is not in our data yet
PN1074,1074,البراري,register_extract_2026-06-15,Wadi Al Safa 3,Al Barari,,none,community centre,645,Wadi Al Safa 3,register master community: register master community,majan,the middle of the project's own community; the exact plot is not in our data yet
PN1078,1078,DUBAI DIGITAL CENTER,sales_register_only,Al Jadaf,Sama Al Jadaf,,none,community centre,326,Al Jadaf,register master community: register master community,samaaljadaf,the middle of the project's own community; the exact plot is not in our data yet
PN1080,1080,NATHALIE TOWER,sales_register_only,Palm Jabal Ali,Palm Jabal Ali,,none,community centre,501,Nakhlat Jabal Ali,register master community: register master community,(outside the 42 districts),the middle of the project's own community; the exact plot is not in our data yet
PN1088,1088,MIRABELLA 2,register_extract_2026-06-15,Al Barsha South Fourth,Jumeirah Village Circle,,none,community centre,681,Al Barsha South Fourth,register master community: register master community,jumeirahvillagecircle,the middle of the project's own community; the exact plot is not in our data yet
PN1092,1092,MIRABELLA 5,register_extract_2026-06-15,Al Barsha South Fourth,Jumeirah Village Circle,JUMEIRAH VILLAGE CIRCLE,none,community centre,681,Al Barsha South Fourth,sales area: register master community,jumeirahvillagecircle,the middle of the project's own community; the exact plot is not in our data yet
PN1094,1094,MIRABELLA 1,register_extract_2026-06-15,Al Barsha South Fourth,Jumeirah Village Circle,JUMEIRAH VILLAGE CIRCLE,none,community centre,681,Al Barsha South Fourth,sales area: register master community,jumeirahvillagecircle,the middle of the project's own community; the exact plot is not in our data yet
PN1095,1095,MIRABELLA 8,register_extract_2026-06-15,Al Barsha South Fourth,Jumeirah Village Circle,JUMEIRAH VILLAGE CIRCLE,none,community centre,681,Al Barsha South Fourth,sales area: register master community,jumeirahvillagecircle,the middle of the project's own community; the exact plot is not in our data yet
PN1101,1101,JUMEIRAH ISLANDS MANSIONS,register_extract_2026-06-15,Al Thanyah Fifth,Jumeirah Islands,JUMEIRAH ISLANDS,none,community centre,393,Al Thanyah Fifth,sales area: register master community,"althanyahfifth,jltnorth,jltsouth",the middle of the project's own community; the exact plot is not in our data yet
PN1102,1102,INTERNATIONAL CITY LAKE DISTRICT,register_extract_2026-06-15,Al Warsan First,International City Phase 1,,none,community centre,621,Warsan First,register master community: register master community,(outside the 42 districts),the middle of the project's own community; the exact plot is not in our data yet
PN1108,1108,JUMEIRAH VILLAGE VILLAS,register_extract_2026-06-15,Al Barsha South Fourth,Jumeirah Village Circle,,none,community centre,681,Al Barsha South Fourth,register master community: register master community,jumeirahvillagecircle,the middle of the project's own community; the exact plot is not in our data yet
PN1110,1110,أريانا,register_extract_2026-06-15,Marsa Dubai,Dubai Marina,,none,community centre,392,Marsa Dubai,register master community: register master community,dubaimarina,the middle of the project's own community; the exact plot is not in our data yet
PN1129,1129,BLUE MOON TOWER,sales_register_only,Palm Jabal Ali,Palm Jabal Ali,,none,community centre,501,Nakhlat Jabal Ali,register master community: register master community,(outside the 42 districts),the middle of the project's own community; the exact plot is not in our data yet
PN1133,1133,AROOJ PALACE,sales_register_only,Al Barsha South Fourth,Jumeirah Village Circle,,none,community centre,681,Al Barsha South Fourth,register master community: register master community,jumeirahvillagecircle,the middle of the project's own community; the exact plot is not in our data yet
PN1134,1134,THE CONCAVE,sales_register_only,Jabal Ali,Down Town Jabal Ali,,none,community centre,518,Jabal Ali Industrial Second,register master community: register master community,jabalaliindustrialsecond,the middle of the project's own community; the exact plot is not in our data yet
PN1137,1137,OLYMPIC PARK 6,register_extract_2026-06-15,Al Hebiah Fourth,Dubai Sports City,,none,community centre,682,Al Hebiah Fourth,register master community: register master community,dubaisportscity,the middle of the project's own community; the exact plot is not in our data yet
PN1138,1138,I - RISE TOWER,register_extract_2026-06-15,Al Thanyah First,Barsha Heights,BARSHA HEIGHTS,none,community centre,383,Al Thanyah First,sales area: register master community,(outside the 42 districts),the middle of the project's own community; the exact plot is not in our data yet
PN1146,1146,LANGHAM PLACE DOWNTOWN DUBAI BY OMNIYAT,sales_register_only,Burj Khalifa,Business Bay,,none,community centre,346,Business Bay,register master community: register master community,businessbay,the middle of the project's own community; the exact plot is not in our data yet
PN1147,1147,TWO TOWERS,register_extract_2026-06-15,Al Thanyah First,Barsha Heights,BARSHA HEIGHTS,none,community centre,383,Al Thanyah First,sales area: register master community,(outside the 42 districts),the middle of the project's own community; the exact plot is not in our data yet
PN1166,1166,DUBAI WATER FRONT BADRAH,sales_register_only,Hessyan First,Dubai Water Front,,none,community centre,511,Hessyan First,register area: Dubai Municipality community name,(outside the 42 districts),the middle of the project's own community; the exact plot is not in our data yet
PN1167,1167,DUBAI WATER FRONT VENETO,register_extract_2026-06-15,Hessyan First,Veneto,DUBAI WATER FRONT,none,community centre,511,Hessyan First,register master community: register master community,(outside the 42 districts),the middle of the project's own community; the exact plot is not in our data yet
PN1181,1181,DUBAI LAND,sales_register_only,Wadi Al Safa 5,Dubai Land Residence Complex,,none,community centre,646,Wadi Al Safa 4,land register: the register's land records of this project (DM_ZIP_CODE 646),wadialsafa4,"land records say community 646, not the 648 that the register master community 'Dubai Land Residence Complex' gives: land records win"
PN1184,1184,QPOINT LIWAN-PLOT R010,sales_register_only,Nad Al Shiba,Liwan,,none,community centre,643,Wadi Al Safa 2,land register: the register's land records of this project (DM_ZIP_CODE 643),liwan1,the middle of the project's own community; the exact plot is not in our data yet
PN1194,1194,QPOINT LIWAN-PLOT R050,register_extract_2026-06-15,Wadi Al Safa 2,Liwan1,,none,community centre,643,Wadi Al Safa 2,register master community: register master community,liwan1,the middle of the project's own community; the exact plot is not in our data yet
PN1200,1200,QPOINT LIWAN-PLOT R054,sales_register_only,Nad Al Shiba,Liwan,,none,community centre,643,Wadi Al Safa 2,land register: the register's land records of this project (DM_ZIP_CODE 643),liwan1,the middle of the project's own community; the exact plot is not in our data yet
PN1206,1206,QPOINT LIWAN-PLOT R073,register_extract_2026-06-15,Wadi Al Safa 2,Liwan1,,none,community centre,643,Wadi Al Safa 2,register master community: register master community,liwan1,the middle of the project's own community; the exact plot is not in our data yet
PN1207,1207,QPOINT LIWAN-PLOT R081,register_extract_2026-06-15,Wadi Al Safa 2,Liwan1,,none,community centre,643,Wadi Al Safa 2,register master community: register master community,liwan1,the middle of the project's own community; the exact plot is not in our data yet
PN1209,1209,QPOINT LIWAN-PLOT R082,register_extract_2026-06-15,Wadi Al Safa 2,Liwan1,,none,community centre,643,Wadi Al Safa 2,register master community: register master community,liwan1,the middle of the project's own community; the exact plot is not in our data yet
PN1211,1211,QPOINT LIWAN-PLOT R018,sales_register_only,Nad Al Shiba,Liwan,,none,community centre,643,Wadi Al Safa 2,land register: the register's land records of this project (DM_ZIP_CODE 643),liwan1,the middle of the project's own community; the exact plot is not in our data yet
PN1220,1220,QPOINT LIWAN-PLOT R085,sales_register_only,Nad Al Shiba,Liwan,,none,community centre,643,Wadi Al Safa 2,land register: the register's land records of this project (DM_ZIP_CODE 643),liwan1,the middle of the project's own community; the exact plot is not in our data yet
PN1222,1222,QPOINT LIWAN-PLOT R064,sales_register_only,Nad Al Shiba,Liwan,,none,community centre,643,Wadi Al Safa 2,land register: the register's land records of this project (DM_ZIP_CODE 643),liwan1,the middle of the project's own community; the exact plot is not in our data yet
PN1225,1225,QPOINT LIWAN- PLOT MU007,sales_register_only,Nad Al Shiba,Liwan,,none,community centre,643,Wadi Al Safa 2,land register: the register's land records of this project (DM_ZIP_CODE 643),liwan1,the middle of the project's own community; the exact plot is not in our data yet
PN1226,1226,QPOINTLIWAN-PLOT MU006,sales_register_only,Nad Al Shiba,Liwan,,none,community centre,643,Wadi Al Safa 2,land register: the register's land records of this project (DM_ZIP_CODE 643),liwan1,the middle of the project's own community; the exact plot is not in our data yet
PN1227,1227,QPOINT LIWAN-PLOT MU005,sales_register_only,Nad Al Shiba,Liwan,,none,community centre,643,Wadi Al Safa 2,land register: the register's land records of this project (DM_ZIP_CODE 643),liwan1,the middle of the project's own community; the exact plot is not in our data yet
PN1231,1231,QPOINT LIWAN-PLOT MU001,sales_register_only,Nad Al Shiba,Liwan,,none,community centre,643,Wadi Al Safa 2,land register: the register's land records of this project (DM_ZIP_CODE 643),liwan1,the middle of the project's own community; the exact plot is not in our data yet
PN1232,1232,QPOINT LIWAN-PLOT R100,register_extract_2026-06-15,Wadi Al Safa 2,Liwan1,,none,community centre,643,Wadi Al Safa 2,register master community: register master community,liwan1,the middle of the project's own community; the exact plot is not in our data yet
PN1235,1235,VICTORY BAY TOWER,sales_register_only,Burj Khalifa,Business Bay,,none,community centre,346,Business Bay,register master community: register master community,businessbay,the middle of the project's own community; the exact plot is not in our data yet
PN1236,1236,JEHAAN 3,sales_register_only,Al Barsha South Fourth,Jumeirah Village Circle,,none,community centre,681,Al Barsha South Fourth,register master community: register master community,jumeirahvillagecircle,the middle of the project's own community; the exact plot is not in our data yet
PN1237,1237,JEHAAN 4,sales_register_only,Al Barsha South Fourth,Jumeirah Village Circle,,none,community centre,681,Al Barsha South Fourth,register master community: register master community,jumeirahvillagecircle,the middle of the project's own community; the exact plot is not in our data yet
PN1238,1238,JEHAAN 6,sales_register_only,Al Barsha South Fourth,Jumeirah Village Circle,,none,community centre,681,Al Barsha South Fourth,register master community: register master community,jumeirahvillagecircle,the middle of the project's own community; the exact plot is not in our data yet
PN1239,1239,JEHAAN 11,sales_register_only,Al Barsha South Fourth,Jumeirah Village Circle,,none,community centre,681,Al Barsha South Fourth,register master community: register master community,jumeirahvillagecircle,the middle of the project's own community; the exact plot is not in our data yet
PN1240,1240,JEHAAN 9,sales_register_only,Al Barsha South Fourth,Jumeirah Village Circle,,none,community centre,681,Al Barsha South Fourth,register master community: register master community,jumeirahvillagecircle,the middle of the project's own community; the exact plot is not in our data yet
PN1241,1241,INDIGO SPECTRUM 2,register_extract_2026-06-15,Al Warsan First,International City Phase 1,INTERNATIONAL CITY PH 1,none,community centre,621,Warsan First,register master community: register master community,(outside the 42 districts),the middle of the project's own community; the exact plot is not in our data yet
PN1242,1242,WESTERN RESIDENCE - SOUTH,register_extract_2026-06-15,Wadi Al Safa 2,Falcon City,FALCON CITY OF WONDERS,none,community centre,643,Wadi Al Safa 2,register master community: register master community,liwan1,the middle of the project's own community; the exact plot is not in our data yet
PN1244,1244,RUFI PRIME VIEW,sales_register_only,Al Warsan First,International City Phase 1,,none,community centre,621,Warsan First,register master community: register master community,(outside the 42 districts),the middle of the project's own community; the exact plot is not in our data yet
PN1254,1254,HORIZON1,sales_register_only,Al Barsha South Fourth,Jumeirah Village Circle,,none,community centre,681,Al Barsha South Fourth,register master community: register master community,jumeirahvillagecircle,the middle of the project's own community; the exact plot is not in our data yet
PN1267,1267,HDS SUNSTAR 1,register_extract_2026-06-15,Al Warsan First,International City Phase 1,INTERNATIONAL CITY PH 1,none,community centre,621,Warsan First,register master community: register master community,(outside the 42 districts),the middle of the project's own community; the exact plot is not in our data yet
PN1268,1268,AXIS RESIDENCES 20,sales_register_only,Nadd Hessa,Silicon Oasis,,none,community centre,626,Nadd Hessa,register master community: register master community,siliconoasis,the middle of the project's own community; the exact plot is not in our data yet
PN1270,1270,THE ONE TOWER,register_extract_2026-06-15,Al Thanyah First,Barsha Heights,BARSHA HEIGHTS,none,community centre,383,Al Thanyah First,sales area: register master community,(outside the 42 districts),the middle of the project's own community; the exact plot is not in our data yet
PN1272,1272,METRO CENTRAL,register_extract_2026-06-15,Al Thanyah First,Barsha Heights,BARSHA HEIGHTS,none,community centre,383,Al Thanyah First,sales area: register master community,(outside the 42 districts),the middle of the project's own community; the exact plot is not in our data yet
PN1273,1273,POLO HOMES,register_extract_2026-06-15,Al Hebiah Second,Arabian Ranches - Polo Homes,ARABIAN RANCHES POLO CLUB,community centre,community centre,675,Al Hebiah Second,register master community: register master community,dubaistudiocity,already a community centre on the card (district|name key); the project-number entry lets pages without a card use it too
PN1278,1278,GOLF HOMES,register_extract_2026-06-15,Wadi Al Safa 6,Arabian Ranches - Golf Homes,ARABIAN RANCHES I,none,community centre,664,Wadi Al Safa 6,register master community: register master community,(outside the 42 districts),the middle of the project's own community; the exact plot is not in our data yet
PN1283,1283,AL FURJAN,register_extract_2026-06-15,Jabal Ali First,Al Furjan,AL FURJAN,none,community centre,591,Jabal Ali First,sales area: register master community,jabalalifirst,the middle of the project's own community; the exact plot is not in our data yet
PN1286,1286,THE PALM  JEBEL ALI FRONDS,sales_register_only,Palm Jabal Ali,Palm Jabal Ali,,none,community centre,501,Nakhlat Jabal Ali,register master community: register master community,(outside the 42 districts),the middle of the project's own community; the exact plot is not in our data yet
PN1288,1288,INTERNATIONAL CITY EMARATI,register_extract_2026-06-15,Al Warsan First,International City Phase 1,INTERNATIONAL CITY PH 1,none,community centre,621,Warsan First,register master community: register master community,(outside the 42 districts),the middle of the project's own community; the exact plot is not in our data yet
PN1293,1293,BUSINESS AVENUE BB2,register_extract_2026-06-15,Al Thanyah Fifth,Jumeirah Lakes Towers,JUMEIRAH LAKES TOWERS,none,community centre,393,Al Thanyah Fifth,sales area: register master community,"althanyahfifth,jltnorth,jltsouth",the middle of the project's own community; the exact plot is not in our data yet
PN1296,1296,THE VILLA 3,register_extract_2026-06-15,Wadi Al Safa 5,The Villa,,none,community centre,648,Wadi Al Safa 5,register master community: register master community,wadialsafa5,the middle of the project's own community; the exact plot is not in our data yet
PN1305,1305,GRAND CENTRAL,register_extract_2026-06-15,Al Thanyah First,Barsha Heights,BARSHA HEIGHTS,none,community centre,383,Al Thanyah First,sales area: register master community,(outside the 42 districts),the middle of the project's own community; the exact plot is not in our data yet
PN1307,1307,RASHA 2,sales_register_only,Al Qusais Industrial Fourth,,,none,community centre,247,Al Qusais Ind. Fourth,register area: alias ('Industrial' is the register's spelling of the Municipality's 'IND.'; the lands register ties its parcels labelled 'Al Qusais Industrial Fourth' to community 247),(outside the 42 districts),the middle of the project's own community; the exact plot is not in our data yet
PN1313,1313,bay central east tower,sales_register_only,Marsa Dubai,Dubai Marina,,none,community centre,392,Marsa Dubai,register master community: register master community,dubaimarina,the middle of the project's own community; the exact plot is not in our data yet
PN1314,1314,Palma Residence,register_extract_2026-06-15,Palm Jumeirah,Palm Jumeirah,PALM JUMEIRAH,community centre,community centre,381,Nakhlat Jumeira,sales area: register master community,palmjumeirah,already a community centre on the card (district|name key); the project-number entry lets pages without a card use it too
PN1319,1319,ALMA-2,register_extract_2026-06-15,Wadi Al Safa 6,,ARABIAN RANCHES I,none,community centre,664,Wadi Al Safa 6,register area: Dubai Municipality community name,(outside the 42 districts),the middle of the project's own community; the exact plot is not in our data yet
PN1321,1321,LIVING LEGENDS PHASE 2,register_extract_2026-06-15,Wadi Al Safa 3,Living Legends,LIVING LEGENDS,community centre,community centre,645,Wadi Al Safa 3,sales area: register master community,majan,already a community centre on the card (district|name key); the project-number entry lets pages without a card use it too
PN1322,1322,LIVING LEGENDS PHASE 3,register_extract_2026-06-15,Wadi Al Safa 3,Living Legends,LIVING LEGENDS,community centre,community centre,645,Wadi Al Safa 3,sales area: register master community,majan,already a community centre on the card (district|name key); the project-number entry lets pages without a card use it too
PN1327,1327,LA AVENIDA-2,register_extract_2026-06-15,Wadi Al Safa 6,,ARABIAN RANCHES I,none,community centre,664,Wadi Al Safa 6,register area: Dubai Municipality community name,(outside the 42 districts),the middle of the project's own community; the exact plot is not in our data yet
PN1330,1330,Arabian Ranches-Casa Community,register_extract_2026-06-15,Wadi Al Safa 7,Arabian Ranches II,ARABIAN RANCHES II,none,community centre,665,Wadi Al Safa 7,sales area: register master community,(outside the 42 districts),the middle of the project's own community; the exact plot is not in our data yet
PN1332,1332,JUMEIRAH PARK - PACKAGE 5A,register_extract_2026-06-15,Al Thanyah Fifth,Jumeirah Park,JUMEIRAH PARK,none,community centre,393,Al Thanyah Fifth,sales area: register master community,"althanyahfifth,jltnorth,jltsouth",the middle of the project's own community; the exact plot is not in our data yet
PN1334,1334,FAHAD 2,register_extract_2026-06-15,Al Thanyah First,Barsha Heights,BARSHA HEIGHTS,none,community centre,383,Al Thanyah First,sales area: register master community,(outside the 42 districts),the middle of the project's own community; the exact plot is not in our data yet
PN1335,1335,ARABIAN RANCHES - SAMARA COMMUNITY,register_extract_2026-06-15,Wadi Al Safa 7,Arabian Ranches II - SAMARA,ARABIAN RANCHES II,none,community centre,665,Wadi Al Safa 7,sales area: register master community,(outside the 42 districts),the middle of the project's own community; the exact plot is not in our data yet
PN1337,1337,MUDON,register_extract_2026-06-15,Al Hebiah Sixth,Mudon,MUDON,none,community centre,677,Al Hebiah Sixth,sales area: register master community,(outside the 42 districts),the middle of the project's own community; the exact plot is not in our data yet
PN1341,1341,MILLENNIUM ESTATES,register_extract_2026-06-15,Nad Al Shiba First,Meydan Racecourse Community,MILLENNIUM,community centre,community centre,618,Nadd Al Shiba First,register master community: register master community,"goldensymphony,meydanone,sobhaheartland",already a community centre on the card (district|name key); the project-number entry lets pages without a card use it too
PN1347,1347,DAMAC HILLS - BROOKFIELD-2,register_extract_2026-06-15,Al Hebiah Third,DAMAC HILLS,DAMAC HILLS,community centre,community centre,676,Al Hebiah Third,sales area: register master community,damachills,already a community centre on the card (district|name key); the project-number entry lets pages without a card use it too
PN1348,1348,DAMAC HILLS - WHITEFIELD,register_extract_2026-06-15,Al Hebiah Third,DAMAC HILLS,DAMAC HILLS,community centre,community centre,676,Al Hebiah Third,sales area: register master community,damachills,already a community centre on the card (district|name key); the project-number entry lets pages without a card use it too
PN1349,1349,DAMAC HILLS - BROOKFIELD-1,register_extract_2026-06-15,Al Hebiah Third,DAMAC HILLS,DAMAC HILLS,community centre,community centre,676,Al Hebiah Third,sales area: register master community,damachills,already a community centre on the card (district|name key); the project-number entry lets pages without a card use it too
PN1353,1353,DAMAC HILLS -WHITEFIELD-2,register_extract_2026-06-15,Al Hebiah Third,DAMAC HILLS,,none,community centre,676,Al Hebiah Third,register master community: register master community,damachills,the middle of the project's own community; the exact plot is not in our data yet
PN1354,1354,DAMAC HILLS - SILVER SPRINGS,register_extract_2026-06-15,Al Hebiah Third,DAMAC HILLS,DAMAC HILLS,community centre,community centre,676,Al Hebiah Third,sales area: register master community,damachills,already a community centre on the card (district|name key); the project-number entry lets pages without a card use it too
PN1355,1355,DAMAC HILLS - QUEENS MEADOW,register_extract_2026-06-15,Al Hebiah Third,DAMAC HILLS,DAMAC HILLS,community centre,community centre,676,Al Hebiah Third,sales area: register master community,damachills,already a community centre on the card (district|name key); the project-number entry lets pages without a card use it too
PN1357,1357,DAMAC HILLS - PICCADILLY GREEN,register_extract_2026-06-15,Al Hebiah Third,DAMAC HILLS,DAMAC HILLS,community centre,community centre,676,Al Hebiah Third,sales area: register master community,damachills,already a community centre on the card (district|name key); the project-number entry lets pages without a card use it too
PN1360,1360,JUMEIRAH VILLAGE CIRCLE VILLAS,register_extract_2026-06-15,Al Barsha South Fourth,Jumeirah Village Circle,,none,community centre,681,Al Barsha South Fourth,register master community: register master community,jumeirahvillagecircle,the middle of the project's own community; the exact plot is not in our data yet
PN1366,1366,"MOHAMMED BIN RASHID AL MAKTOUM CITY- DISTRICT ONE, PHASE 1",register_extract_2026-06-15,Al Merkadh,,MBR DISTRICT 1,none,community centre,347,Al Merkadh,sales area: alias ('Mbr' is the register's own abbreviation of Mohammed Bin Rashid; the long label is in the tables),(outside the 42 districts),the middle of the project's own community; the exact plot is not in our data yet
PN1367,1367,PRIME VILLAS,register_extract_2026-06-15,Al Hebiah Fourth,Dubai Sports City,DUBAI SPORTS CITY,none,community centre,682,Al Hebiah Fourth,sales area: register master community,dubaisportscity,the middle of the project's own community; the exact plot is not in our data yet
PN1368,1368,JUMEIRAH PARK 7B&C,register_extract_2026-06-15,Al Thanyah Fifth,Jumeirah Park,JUMEIRAH PARK,none,community centre,393,Al Thanyah Fifth,sales area: register master community,"althanyahfifth,jltnorth,jltsouth",the middle of the project's own community; the exact plot is not in our data yet
PN1369,1369,JUMEIRAH PARK 7A,register_extract_2026-06-15,Al Thanyah Fifth,Jumeirah Park,JUMEIRAH PARK,none,community centre,393,Al Thanyah Fifth,sales area: register master community,"althanyahfifth,jltnorth,jltsouth",the middle of the project's own community; the exact plot is not in our data yet
PN1372,1372,THE ADDRESS RESIDENCE FOUNTAIN VIEWS III,register_extract_2026-06-15,Burj Khalifa,DownTown Dubai,BURJ KHALIFA,none,community centre,345,Burj Khalifa,sales area: register master community,burjkhalifa,the middle of the project's own community; the exact plot is not in our data yet
PN1373,1373,TEEMA 1 & TEEMA 2,register_extract_2026-06-15,Al Yelayiss 4,,,none,community centre,924,Al Yalayis 4,register area: alias ('Yelayiss' is the register's spelling of 'Yalayis'; the lands register ties its parcels labelled 'Al Yelayiss 4' to community 924),(outside the 42 districts),the middle of the project's own community; the exact plot is not in our data yet
PN1374,1374,MAYSAN,register_extract_2026-06-15,Al Yelayiss 2,,,none,community centre,922,Al Yalayis 2,register area: alias ('Yelayiss' is the register's spelling of 'Yalayis'; the lands register ties its parcels labelled 'Al Yelayiss 2' to community 922),alyelayiss2,the middle of the project's own community; the exact plot is not in our data yet
PN1375,1375,SMALL PYRAMID,sales_register_only,Wadi Al Safa 2,Falcon City,,none,community centre,643,Wadi Al Safa 2,register master community: register master community,liwan1,the middle of the project's own community; the exact plot is not in our data yet
PN1377,1377,ARABIAN RANCHES - PALMA COMMUNITY,register_extract_2026-06-15,Wadi Al Safa 7,Arabian Ranches II - PALMA,ARABIAN RANCHES II,none,community centre,665,Wadi Al Safa 7,sales area: register master community,(outside the 42 districts),the middle of the project's own community; the exact plot is not in our data yet
PN1384,1384,WARSAN VILLAGE A,register_extract_2026-06-15,Al Warsan First,International City Phase 1,INTERNATIONAL CITY PH 1,none,community centre,621,Warsan First,register master community: register master community,(outside the 42 districts),the middle of the project's own community; the exact plot is not in our data yet
PN1385,1385,WARSAN VILLAGE - B & C,register_extract_2026-06-15,Al Warsan First,International City Phase 1,INTERNATIONAL CITY PH 1,none,community centre,621,Warsan First,register master community: register master community,(outside the 42 districts),the middle of the project's own community; the exact plot is not in our data yet
PN1386,1386,WARSAN VILLAGE - D,register_extract_2026-06-15,Al Warsan First,International City Phase 1,INTERNATIONAL CITY PH 1,none,community centre,621,Warsan First,register master community: register master community,(outside the 42 districts),the middle of the project's own community; the exact plot is not in our data yet
PN1387,1387,DAMAC HILLS - THE TURF,register_extract_2026-06-15,Al Hebiah Third,DAMAC HILLS,DAMAC HILLS,community centre,community centre,676,Al Hebiah Third,sales area: register master community,damachills,already a community centre on the card (district|name key); the project-number entry lets pages without a card use it too
PN1388,1388,DAMAC HILLS - THE FLORA,register_extract_2026-06-15,Al Hebiah Third,DAMAC HILLS,DAMAC HILLS,community centre,community centre,676,Al Hebiah Third,sales area: register master community,damachills,already a community centre on the card (district|name key); the project-number entry lets pages without a card use it too
PN1389,1389,DAMAC HILLS - THE FIELD,register_extract_2026-06-15,Al Hebiah Third,DAMAC HILLS,DAMAC HILLS,community centre,community centre,676,Al Hebiah Third,sales area: register master community,damachills,already a community centre on the card (district|name key); the project-number entry lets pages without a card use it too
PN1390,1390,THE SUSTAINABLE CITY,register_extract_2026-06-15,Wadi Al Safa 7,THE SUSTAINABLE CITY,SUSTAINABLE CITY,none,community centre,665,Wadi Al Safa 7,register master community: register master community,(outside the 42 districts),the middle of the project's own community; the exact plot is not in our data yet
PN1391,1391,SKY CENTRAL,register_extract_2026-06-15,Al Thanyah First,Barsha Heights,BARSHA HEIGHTS,none,community centre,383,Al Thanyah First,sales area: register master community,(outside the 42 districts),the middle of the project's own community; the exact plot is not in our data yet
PN1392,1392,ARABIAN RANCHES- ROSA COMMUNITY,register_extract_2026-06-15,Wadi Al Safa 7,Arabian Ranches II - ROSA,ARABIAN RANCHES II,none,community centre,665,Wadi Al Safa 7,sales area: register master community,(outside the 42 districts),the middle of the project's own community; the exact plot is not in our data yet
PN1395,1395,DAMAC HILLS -  RICHMOND,register_extract_2026-06-15,Al Hebiah Third,DAMAC HILLS,DAMAC HILLS,none,community centre,676,Al Hebiah Third,sales area: register master community,damachills,the middle of the project's own community; the exact plot is not in our data yet
PN1396,1396,DAMAC HILLS - ROCKWOOD,register_extract_2026-06-15,Al Hebiah Third,DAMAC HILLS,DAMAC HILLS,community centre,community centre,676,Al Hebiah Third,sales area: register master community,damachills,already a community centre on the card (district|name key); the project-number entry lets pages without a card use it too
PN1397,1397,DAMAC HILLS -  TOPANGA,register_extract_2026-06-15,Al Hebiah Third,DAMAC HILLS,DAMAC HILLS,community centre,community centre,676,Al Hebiah Third,sales area: register master community,damachills,already a community centre on the card (district|name key); the project-number entry lets pages without a card use it too
PN1398,1398,Dubai Hills - Hills View Community,register_extract_2026-06-15,Hadaeq Sheikh Mohammed Bin Rashid,Dubai Hills Estate,DUBAI HILLS,none,community centre,631,Hadaeq Sheikh Mohammed Bin Rashid,sales area: register master community,dubaihills,the middle of the project's own community; the exact plot is not in our data yet
PN1399,1399,Dubai Hills - Hills Grove Community,register_extract_2026-06-15,Hadaeq Sheikh Mohammed Bin Rashid,Dubai Hills Estate,DUBAI HILLS,none,community centre,631,Hadaeq Sheikh Mohammed Bin Rashid,sales area: register master community,dubaihills,the middle of the project's own community; the exact plot is not in our data yet
PN1400,1400,Arabian Ranches - Lila Community,register_extract_2026-06-15,Wadi Al Safa 7,Arabian Ranches II - LILA,ARABIAN RANCHES II,none,community centre,665,Wadi Al Safa 7,sales area: register master community,(outside the 42 districts),the middle of the project's own community; the exact plot is not in our data yet
PN1406,1406,ARABIAN RANCHES - RASHA COMMUNITY,register_extract_2026-06-15,Wadi Al Safa 7,Arabian Ranches II - RASHA,ARABIAN RANCHES II,none,community centre,665,Wadi Al Safa 7,sales area: register master community,(outside the 42 districts),the middle of the project's own community; the exact plot is not in our data yet
PN1407,1407,DAMAC HILLS - TRINITY,register_extract_2026-06-15,Al Hebiah Third,DAMAC HILLS,DAMAC HILLS,community centre,community centre,676,Al Hebiah Third,sales area: register master community,damachills,already a community centre on the card (district|name key); the project-number entry lets pages without a card use it too
PN1408,1408,DAMAC HILLS - LONGVIEW,register_extract_2026-06-15,Al Hebiah Third,DAMAC HILLS,DAMAC HILLS,none,community centre,676,Al Hebiah Third,sales area: register master community,damachills,the middle of the project's own community; the exact plot is not in our data yet
PN1409,1409,DAMAC HILLS - THE TRUMP ESTATES,register_extract_2026-06-15,Al Hebiah Third,DAMAC HILLS,,none,community centre,676,Al Hebiah Third,register master community: register master community,damachills,the middle of the project's own community; the exact plot is not in our data yet
PN1410,1410,DAMAC HILLS - ROCHESTER,register_extract_2026-06-15,Al Hebiah Third,DAMAC HILLS,DAMAC HILLS,community centre,community centre,676,Al Hebiah Third,sales area: register master community,damachills,already a community centre on the card (district|name key); the project-number entry lets pages without a card use it too
PN1411,1411,DAMAC HILLS- PELHAM,register_extract_2026-06-15,Al Hebiah Third,DAMAC HILLS,DAMAC HILLS,community centre,community centre,676,Al Hebiah Third,sales area: register master community,damachills,already a community centre on the card (district|name key); the project-number entry lets pages without a card use it too
PN1412,1412,DAMAC HILLS - PHOENIX,register_extract_2026-06-15,Al Hebiah Third,DAMAC HILLS,DAMAC HILLS,community centre,community centre,676,Al Hebiah Third,sales area: register master community,damachills,already a community centre on the card (district|name key); the project-number entry lets pages without a card use it too
PN1424,1424,DIAMOND VIEWS 1- VILLAS A,register_extract_2026-06-15,Al Barsha South Fourth,Jumeirah Village Circle,JUMEIRAH VILLAGE CIRCLE,none,community centre,681,Al Barsha South Fourth,sales area: register master community,jumeirahvillagecircle,the middle of the project's own community; the exact plot is not in our data yet
PN1425,1425,DIAMOND VIEWS 1- VILLAS  B,register_extract_2026-06-15,Al Barsha South Fourth,Jumeirah Village Circle,JUMEIRAH VILLAGE CIRCLE,none,community centre,681,Al Barsha South Fourth,sales area: register master community,jumeirahvillagecircle,the middle of the project's own community; the exact plot is not in our data yet
PN1428,1428,DIAMOND VIEWS 3 - VILLAS B,register_extract_2026-06-15,Al Barsha South Fourth,Jumeirah Village Circle,JUMEIRAH VILLAGE CIRCLE,none,community centre,681,Al Barsha South Fourth,sales area: register master community,jumeirahvillagecircle,the middle of the project's own community; the exact plot is not in our data yet
PN1429,1429,DIAMOND VIEWS 3 - VILLAS A,register_extract_2026-06-15,Al Barsha South Fourth,Jumeirah Village Circle,JUMEIRAH VILLAGE CIRCLE,none,community centre,681,Al Barsha South Fourth,sales area: register master community,jumeirahvillagecircle,the middle of the project's own community; the exact plot is not in our data yet
PN1431,1431,DIAMOND VIEWS 4 - VILLAS A,register_extract_2026-06-15,Al Barsha South Fourth,Jumeirah Village Circle,,none,community centre,681,Al Barsha South Fourth,register master community: register master community,jumeirahvillagecircle,the middle of the project's own community; the exact plot is not in our data yet
PN1432,1432,DIAMOND VIEWS 4 - VILLAS B,register_extract_2026-06-15,Al Barsha South Fourth,Jumeirah Village Circle,,none,community centre,681,Al Barsha South Fourth,register master community: register master community,jumeirahvillagecircle,the middle of the project's own community; the exact plot is not in our data yet
PN1435,1435,EMIRATES GARDEN II - MAGNOLIA,register_extract_2026-06-15,Al Barsha South Fourth,Jumeirah Village Circle,JUMEIRAH VILLAGE CIRCLE,none,community centre,681,Al Barsha South Fourth,sales area: register master community,jumeirahvillagecircle,the middle of the project's own community; the exact plot is not in our data yet
PN1447,1447,SIDRA TOWER,register_extract_2026-06-15,Al Safouh First,Sufouh Gardens,,none,community centre,372,Al Safouh First,register master community: register master community,(outside the 42 districts),the middle of the project's own community; the exact plot is not in our data yet
PN1452,1452,SUNRISE BOULEVARD 10,register_extract_2026-06-15,Wadi Al Safa 2,Liwan1,LIWAN,none,community centre,643,Wadi Al Safa 2,register master community: register master community,liwan1,the middle of the project's own community; the exact plot is not in our data yet
PN1453,1453,SUNRISE BOULEVARD 11,register_extract_2026-06-15,Wadi Al Safa 2,Liwan1,LIWAN,none,community centre,643,Wadi Al Safa 2,register master community: register master community,liwan1,the middle of the project's own community; the exact plot is not in our data yet
PN1454,1454,SUNRISE BOULEVARD 12,register_extract_2026-06-15,Wadi Al Safa 2,Liwan1,,none,community centre,643,Wadi Al Safa 2,register master community: register master community,liwan1,the middle of the project's own community; the exact plot is not in our data yet
PN1455,1455,SUNRISE BOULEVARD 5,register_extract_2026-06-15,Wadi Al Safa 2,Liwan1,,none,community centre,643,Wadi Al Safa 2,register master community: register master community,liwan1,the middle of the project's own community; the exact plot is not in our data yet
PN1464,1464,BURJ PARK V,sales_register_only,Burj Khalifa,DownTown Dubai,,none,community centre,345,Burj Khalifa,register master community: register master community,burjkhalifa,the middle of the project's own community; the exact plot is not in our data yet
PN1465,1465,جراند بوليفارد,register_extract_2026-06-15,Burj Khalifa,DownTown Dubai,,none,community centre,345,Burj Khalifa,register master community: register master community,burjkhalifa,the middle of the project's own community; the exact plot is not in our data yet
PN1466,1466,إم برج,register_extract_2026-06-15,Burj Khalifa,DownTown Dubai,,none,community centre,345,Burj Khalifa,register master community: register master community,burjkhalifa,the middle of the project's own community; the exact plot is not in our data yet
PN1470,1470,BERLIN CLASSIC 1,sales_register_only,Al Barshaa South Third,Arjan,,none,community centre,673,Al Barsha South Third,register master community: register master community,arjan,the middle of the project's own community; the exact plot is not in our data yet
PN1471,1471,BERLIN CLASSIC 2,sales_register_only,Al Barshaa South Third,Arjan,,none,community centre,673,Al Barsha South Third,register master community: register master community,arjan,the middle of the project's own community; the exact plot is not in our data yet
PN1473,1473,LYNNCOLN,sales_register_only,World Islands,The World,,none,community centre,303,World Islands,register master community: register master community,(outside the 42 districts),the middle of the project's own community; the exact plot is not in our data yet
PN1478,1478,ميرار,register_extract_2026-06-15,Al Barshaa South Second,Dubai Science Park,,none,community centre,672,Al Barsha South Second,register master community: register master community,dubaisciencepark,the middle of the project's own community; the exact plot is not in our data yet
PN1479,1479,WESTAR LA RESIDENCIA DEL SOL,sales_register_only,Al Barsha South Fourth,Jumeirah Village Circle,,none,community centre,681,Al Barsha South Fourth,register master community: register master community,jumeirahvillagecircle,the middle of the project's own community; the exact plot is not in our data yet
PN1480,1480,WESTAR LES CASTELETS,sales_register_only,Al Barsha South Fourth,Jumeirah Village Circle,,none,community centre,681,Al Barsha South Fourth,register master community: register master community,jumeirahvillagecircle,the middle of the project's own community; the exact plot is not in our data yet
PN1481,1481,WESTAR LES MAISONETTES,sales_register_only,Al Barsha South Fourth,Jumeirah Village Circle,,none,community centre,681,Al Barsha South Fourth,register master community: register master community,jumeirahvillagecircle,the middle of the project's own community; the exact plot is not in our data yet
PN1484,1484,ARABIAN RANCHES - YASMIN COMMUNITY,register_extract_2026-06-15,Wadi Al Safa 7,Arabian Ranches II - YASMIN,ARABIAN RANCHES II,none,community centre,665,Wadi Al Safa 7,sales area: register master community,(outside the 42 districts),the middle of the project's own community; the exact plot is not in our data yet
PN1485,1485,JUMEIRAH PARK PACKAGE 1A,register_extract_2026-06-15,Al Thanyah Fifth,Jumeirah Park,JUMEIRAH PARK,none,community centre,393,Al Thanyah Fifth,sales area: register master community,"althanyahfifth,jltnorth,jltsouth",the middle of the project's own community; the exact plot is not in our data yet
PN1486,1486,THE POLO TOWN HOUSES,register_extract_2026-06-15,Nad Al Shiba First,Meydan Racecourse Community,POLO TOWNHOUSES IGO,none,community centre,618,Nadd Al Shiba First,register master community: register master community,"goldensymphony,meydanone,sobhaheartland",the middle of the project's own community; the exact plot is not in our data yet
PN1488,1488,REEM - MIRA OASIS COMMUNITY,register_extract_2026-06-15,Al Yelayiss 1,,MIRA,community centre,community centre,921,Al Yalayis 1,register area: app district,alyelayiss1,already a community centre on the card (district|name key); the project-number entry lets pages without a card use it too
PN1490,1490,REEM - MIRA OASIS COMMUNITY PHASE 2,register_extract_2026-06-15,Al Yelayiss 1,,MIRA,community centre,community centre,921,Al Yalayis 1,register area: app district,alyelayiss1,already a community centre on the card (district|name key); the project-number entry lets pages without a card use it too
PN1491,1491,THE SUNDIALS,register_extract_2026-06-15,Me'Aisem First,Jumeirah Golf Estates,JUMEIRAH GOLF,none,community centre,685,Me'aisem First,register master community: register master community,dubaiproductioncity,the middle of the project's own community; the exact plot is not in our data yet
PN1493,1493,BLOOMINGDALE,register_extract_2026-06-15,Al Hebiah Fourth,Dubai Sports City,DUBAI SPORTS CITY,community centre,community centre,682,Al Hebiah Fourth,sales area: register master community,dubaisportscity,already a community centre on the card (district|name key); the project-number entry lets pages without a card use it too
PN1500,1500,REEM - MIRA OASIS COMMUNITY PHASE 3,register_extract_2026-06-15,Al Yelayiss 1,,MIRA,community centre,community centre,921,Al Yalayis 1,register area: app district,alyelayiss1,already a community centre on the card (district|name key); the project-number entry lets pages without a card use it too
PN1519,1519,ASEEL,register_extract_2026-06-15,Wadi Al Safa 6,,ARABIAN RANCHES I,none,community centre,664,Wadi Al Safa 6,register area: Dubai Municipality community name,(outside the 42 districts),the middle of the project's own community; the exact plot is not in our data yet
PN1521,1521,Mudon-Phase 2,register_extract_2026-06-15,Al Hebiah Sixth,Mudon,MUDON,none,community centre,677,Al Hebiah Sixth,sales area: register master community,(outside the 42 districts),the middle of the project's own community; the exact plot is not in our data yet
PN1525,1525,Villa Lantana 2,register_extract_2026-06-15,Al Barshaa South Second,Dubiotech,DUBAI SCIENCE PARK,community centre,community centre,672,Al Barsha South Second,sales area: register master community,dubaisciencepark,already a community centre on the card (district|name key); the project-number entry lets pages without a card use it too
PN1526,1526,Villa Lantana 1,register_extract_2026-06-15,Al Barshaa South Second,Dubiotech,DUBAI SCIENCE PARK,community centre,community centre,672,Al Barsha South Second,sales area: register master community,dubaisciencepark,already a community centre on the card (district|name key); the project-number entry lets pages without a card use it too
PN1527,1527,AL KHAIL HEIGHTS,register_extract_2026-06-15,Al Goze Fourth,,AL KHAIL HEIGHTS,none,community centre,359,Al Qouz Fourth,register area: alias ('Goze' is the register's spelling of 'Qouz'; the lands register ties its parcels labelled 'Al Goze Fourth' to community 359),(outside the 42 districts),the middle of the project's own community; the exact plot is not in our data yet
PN1528,1528,MONTE CARLO RESIDENCES,sales_register_only,Al Barsha South Fourth,Jumeirah Village Circle,,none,community centre,681,Al Barsha South Fourth,register master community: register master community,jumeirahvillagecircle,the middle of the project's own community; the exact plot is not in our data yet
PN1533,1533,MIRDIF TULIP,register_extract_2026-06-15,Mirdif,Uptown Mirdif,Mirdif,none,community centre,251,Mirdif,sales area: Dubai Municipality community name,(outside the 42 districts),the middle of the project's own community; the exact plot is not in our data yet
PN1534,1534,DREAMZ,register_extract_2026-06-15,Jabal Ali First,Al Furjan,AL FURJAN,community centre,community centre,591,Jabal Ali First,sales area: register master community,jabalalifirst,already a community centre on the card (district|name key); the project-number entry lets pages without a card use it too
PN1535,1535,PARK VILLA'S,register_extract_2026-06-15,Al Barsha South Fourth,Jumeirah Village Circle,JUMEIRAH VILLAGE CIRCLE,none,community centre,681,Al Barsha South Fourth,sales area: register master community,jumeirahvillagecircle,the middle of the project's own community; the exact plot is not in our data yet
PN1539,1539,ROYAL GOLF VILLAS,register_extract_2026-06-15,Me'Aisem First,Jumeirah Golf Estates,JUMEIRAH GOLF,none,community centre,685,Me'aisem First,register master community: register master community,dubaiproductioncity,the middle of the project's own community; the exact plot is not in our data yet
PN1544,1544,SOBHA HARTLAND VILLAS-PHASE 1,register_extract_2026-06-15,Al Merkadh,Meydan One Community,SOBHA HEARTLAND,community centre,community centre,347,Al Merkadh,"sales area: alias (spelling variant of 'Sobha Hartland', a register master community in the tables)",(outside the 42 districts),already a community centre on the card (district|name key); the project-number entry lets pages without a card use it too
PN1548,1548,DAMAC HILLS (2) - PRIMROSE,register_extract_2026-06-15,Madinat Hind 4,DAMAC HILLS 2,Madinat Hind 4,none,community centre,914,Madinat Hind 4,sales area: Dubai Municipality community name,madinathind4,the middle of the project's own community; the exact plot is not in our data yet
PN1549,1549,DAMAC HILLS (2) - CLARET,register_extract_2026-06-15,Madinat Hind 4,DAMAC HILLS 2,Madinat Hind 4,none,community centre,914,Madinat Hind 4,sales area: Dubai Municipality community name,madinathind4,the middle of the project's own community; the exact plot is not in our data yet
PN1550,1550,DAMAC HILLS (2) - JUNIPER,register_extract_2026-06-15,Madinat Hind 4,DAMAC HILLS 2,Madinat Hind 4,none,community centre,914,Madinat Hind 4,sales area: Dubai Municipality community name,madinathind4,the middle of the project's own community; the exact plot is not in our data yet
PN1559,1559,VICTORY HEIGHTS - PHASE 2,register_extract_2026-06-15,Al Hebiah Fourth,Dubai Sports City,DUBAI SPORTS CITY,none,community centre,682,Al Hebiah Fourth,sales area: register master community,dubaisportscity,the middle of the project's own community; the exact plot is not in our data yet
PN1562,1562,MARWA HOMES,register_extract_2026-06-15,Al Barsha South Fourth,Jumeirah Village Circle,JUMEIRAH VILLAGE CIRCLE,none,community centre,681,Al Barsha South Fourth,sales area: register master community,jumeirahvillagecircle,the middle of the project's own community; the exact plot is not in our data yet
PN1563,1563,DUBAI LAGOON ROWAN,sales_register_only,Dubai Investment Park First,Dubai Investment Park First,,none,community centre,598,Dubai Investment Park First,register master community: register master community,dubaiinvestmentparkfirst,the middle of the project's own community; the exact plot is not in our data yet
PN1568,1568,J5,register_extract_2026-06-15,Al Safouh First,Sufouh Gardens,SUFOUH GARDENS,none,community centre,372,Al Safouh First,sales area: register master community,(outside the 42 districts),the middle of the project's own community; the exact plot is not in our data yet
PN1570,1570,RUKAN,register_extract_2026-06-15,Wadi Al Safa 7,Rukan,Wadi Al Safa 7,none,community centre,665,Wadi Al Safa 7,sales area: Dubai Municipality community name,(outside the 42 districts),the middle of the project's own community; the exact plot is not in our data yet
PN1576,1576,EASTERN RESIDENCE - NORTH,sales_register_only,Wadi Al Safa 2,Falcon City,,none,community centre,643,Wadi Al Safa 2,register master community: register master community,liwan1,the middle of the project's own community; the exact plot is not in our data yet
PN1577,1577,DAMAC HILLS (2) - ASTER,register_extract_2026-06-15,Madinat Hind 4,DAMAC HILLS 2,Madinat Hind 4,none,community centre,914,Madinat Hind 4,sales area: Dubai Municipality community name,madinathind4,the middle of the project's own community; the exact plot is not in our data yet
PN1578,1578,DAMAC HILLS (2) - COURSETIA,register_extract_2026-06-15,Madinat Hind 4,DAMAC HILLS 2,Madinat Hind 4,none,community centre,914,Madinat Hind 4,sales area: Dubai Municipality community name,madinathind4,the middle of the project's own community; the exact plot is not in our data yet
PN1579,1579,EASTERN RESIDENCE - SOUTH,sales_register_only,Wadi Al Safa 2,Falcon City,,none,community centre,643,Wadi Al Safa 2,register master community: register master community,liwan1,the middle of the project's own community; the exact plot is not in our data yet
PN1583,1583,DUBAI WHARF,register_extract_2026-06-15,Al Jadaf,Jaddaf Waterfront,JADDAF WATERFRONT,none,community centre,326,Al Jadaf,sales area: register master community,samaaljadaf,the middle of the project's own community; the exact plot is not in our data yet
PN1588,1588,KEMPINSKI HOTEL BUSINESS BAY,sales_register_only,Burj Khalifa,Business Bay,,none,community centre,346,Business Bay,register master community: register master community,businessbay,the middle of the project's own community; the exact plot is not in our data yet
PN1591,1591,FIRST CENTRAL,register_extract_2026-06-15,Al Thanyah First,Barsha Heights,BARSHA HEIGHTS,none,community centre,383,Al Thanyah First,sales area: register master community,(outside the 42 districts),the middle of the project's own community; the exact plot is not in our data yet
PN1593,1593,DAMAC HILLS - CALERO,register_extract_2026-06-15,Al Hebiah Third,DAMAC HILLS,,none,community centre,676,Al Hebiah Third,register master community: register master community,damachills,the middle of the project's own community; the exact plot is not in our data yet
PN1595,1595,DAMAC HILLS (2) - ZINNIA,register_extract_2026-06-15,Madinat Hind 4,DAMAC HILLS 2,Madinat Hind 4,none,community centre,914,Madinat Hind 4,sales area: Dubai Municipality community name,madinathind4,the middle of the project's own community; the exact plot is not in our data yet
PN1598,1598,SERENA BELLA CASA,register_extract_2026-06-15,Wadi Al Safa 7,800 Villas,SERENA,none,community centre,665,Wadi Al Safa 7,register master community: register master community,(outside the 42 districts),the middle of the project's own community; the exact plot is not in our data yet
PN1599,1599,DAMAC HILLS (2) - SYCAMORE,register_extract_2026-06-15,Madinat Hind 4,DAMAC HILLS 2,Madinat Hind 4,none,community centre,914,Madinat Hind 4,sales area: Dubai Municipality community name,madinathind4,the middle of the project's own community; the exact plot is not in our data yet
PN1600,1600,DAMAC HILLS (2) - ODORA,register_extract_2026-06-15,Madinat Hind 4,DAMAC HILLS 2,Madinat Hind 4,none,community centre,914,Madinat Hind 4,sales area: Dubai Municipality community name,madinathind4,the middle of the project's own community; the exact plot is not in our data yet
PN1601,1601,GRAND VIEWS,register_extract_2026-06-15,Nad Al Shiba First,Meydan Racecourse Community,GRAND VIEWS,community centre,community centre,618,Nadd Al Shiba First,register master community: register master community,"goldensymphony,meydanone,sobhaheartland",already a community centre on the card (district|name key); the project-number entry lets pages without a card use it too
PN1602,1602,OCEAN BREEZE,register_extract_2026-06-15,Palm Jumeirah,Palm Jumeirah,,none,community centre,381,Nakhlat Jumeira,register master community: register master community,palmjumeirah,the middle of the project's own community; the exact plot is not in our data yet
PN1604,1604,AVENUE 353,register_extract_2026-06-15,Wadi Al Safa 4,City Of Arabia,,none,community centre,646,Wadi Al Safa 4,register master community: register master community,wadialsafa4,the middle of the project's own community; the exact plot is not in our data yet
PN1610,1610,PARK VILLA'S 5,sales_register_only,Al Barsha South Fourth,Jumeirah Village Circle,,none,community centre,681,Al Barsha South Fourth,register master community: register master community,jumeirahvillagecircle,the middle of the project's own community; the exact plot is not in our data yet
PN1612,1612,THE FIELDS AT D11 - MBRMC,register_extract_2026-06-15,Wadi Al Safa 3,Mohammed Bin Rashid AL Maktoum District 11,THE FIELD,community centre,community centre,645,Wadi Al Safa 3,register master community: register master community,majan,already a community centre on the card (district|name key); the project-number entry lets pages without a card use it too
PN1613,1613,CREEK HEIGHTS,register_extract_2026-06-15,Um Hurair Second,Dubai Health Care City Phase 1,,none,community centre,315,Umm Hurair Second,register master community: register master community,(outside the 42 districts),the middle of the project's own community; the exact plot is not in our data yet
PN1618,1618,THE HABITAT,register_extract_2026-06-15,Al Barsha South Fourth,Jumeirah Village Circle,JUMEIRAH VILLAGE CIRCLE,none,community centre,681,Al Barsha South Fourth,sales area: register master community,jumeirahvillagecircle,the middle of the project's own community; the exact plot is not in our data yet
PN1621,1621,DAMAC HILLS (2) - JANUSIA,register_extract_2026-06-15,Madinat Hind 4,DAMAC HILLS 2,Madinat Hind 4,none,community centre,914,Madinat Hind 4,sales area: Dubai Municipality community name,madinathind4,the middle of the project's own community; the exact plot is not in our data yet
PN1622,1622,DAMAC HILLS (2) - ACUNA,register_extract_2026-06-15,Madinat Hind 4,DAMAC HILLS 2,Madinat Hind 4,none,community centre,914,Madinat Hind 4,sales area: Dubai Municipality community name,madinathind4,the middle of the project's own community; the exact plot is not in our data yet
PN1623,1623,DAMAC HILLS (2) - TRIXIS,register_extract_2026-06-15,Madinat Hind 4,DAMAC HILLS 2,Madinat Hind 4,none,community centre,914,Madinat Hind 4,sales area: Dubai Municipality community name,madinathind4,the middle of the project's own community; the exact plot is not in our data yet
PN1624,1624,DAMAC HILLS (2) - CENTAURY,register_extract_2026-06-15,Madinat Hind 4,DAMAC HILLS 2,Madinat Hind 4,none,community centre,914,Madinat Hind 4,sales area: Dubai Municipality community name,madinathind4,the middle of the project's own community; the exact plot is not in our data yet
PN1625,1625,ARTISTIC VILLAS,register_extract_2026-06-15,Al Barsha South Fourth,Jumeirah Village Circle,,none,community centre,681,Al Barsha South Fourth,register master community: register master community,jumeirahvillagecircle,the middle of the project's own community; the exact plot is not in our data yet
PN1629,1629,ARABIAN RANCHES- AZALEA COMMUNITY,register_extract_2026-06-15,Wadi Al Safa 7,Arabian Ranches II - AZALEA,ARABIAN RANCHES II,none,community centre,665,Wadi Al Safa 7,sales area: register master community,(outside the 42 districts),the middle of the project's own community; the exact plot is not in our data yet
PN1634,1634,DRAGON VIEW,register_extract_2026-06-15,Al Warsan First,International City Phase 1,INTERNATIONAL CITY PH 1,none,community centre,621,Warsan First,register master community: register master community,(outside the 42 districts),the middle of the project's own community; the exact plot is not in our data yet
PN1638,1638,TOWN SQUARE HAYAT,register_extract_2026-06-15,Al Yelayiss 2,TOWN SQUARE,TOWN SQUARE,community centre,community centre,922,Al Yalayis 2,sales area: register master community,alyelayiss2,already a community centre on the card (district|name key); the project-number entry lets pages without a card use it too
PN1640,1640,DAMAC HILLS (2)  - SANCTNARY,register_extract_2026-06-15,Madinat Hind 4,DAMAC HILLS 2,Madinat Hind 4,none,community centre,914,Madinat Hind 4,sales area: Dubai Municipality community name,madinathind4,the middle of the project's own community; the exact plot is not in our data yet
PN1642,1642,DOWNTOWN VIEWS,register_extract_2026-06-15,Zaabeel Second,,Zaabeel Second,none,community centre,337,Zaa'beel Second,sales area: Dubai Municipality community name,(outside the 42 districts),the middle of the project's own community; the exact plot is not in our data yet
PN1647,1647,DAMAC HILLS (2) - PACIFICA,register_extract_2026-06-15,Madinat Hind 4,DAMAC HILLS 2,Madinat Hind 4,none,community centre,914,Madinat Hind 4,sales area: Dubai Municipality community name,madinathind4,the middle of the project's own community; the exact plot is not in our data yet
PN1648,1648,DAMAC HILLS (2) - AMAZONIA,register_extract_2026-06-15,Madinat Hind 4,DAMAC HILLS 2,Madinat Hind 4,none,community centre,914,Madinat Hind 4,sales area: Dubai Municipality community name,madinathind4,the middle of the project's own community; the exact plot is not in our data yet
PN1650,1650,BV RESIDENCES,register_extract_2026-06-15,Island 2,Jumeira Bay,JUMEIRA BAY,none,community centre,302,Jumeira Bay,land register: the register's land records of this project (DM_ZIP_CODE 302),(outside the 42 districts),"land records say community 302, not the 304 that the sales area 'JUMEIRA BAY' gives: land records win"
PN1654,1654,SIGNATURE VILLAS XIV,register_extract_2026-06-15,Al Barsha South Fourth,Jumeirah Village Circle,,none,community centre,681,Al Barsha South Fourth,register master community: register master community,jumeirahvillagecircle,the middle of the project's own community; the exact plot is not in our data yet
PN1659,1659,MUDON PHASE 3 _  NEIGHBOURHOOD I- ARABELLA,register_extract_2026-06-15,Al Hebiah Sixth,Mudon,MUDON,none,community centre,677,Al Hebiah Sixth,sales area: register master community,(outside the 42 districts),the middle of the project's own community; the exact plot is not in our data yet
PN1661,1661,ALFURJAN PACKAGE 6,register_extract_2026-06-15,Jabal Ali First,Al Furjan,AL FURJAN,community centre,community centre,591,Jabal Ali First,sales area: register master community,jabalalifirst,already a community centre on the card (district|name key); the project-number entry lets pages without a card use it too
PN1671,1671,THE HEART OF EUROPE,register_extract_2026-06-15,World Islands,The World,,none,community centre,303,World Islands,register master community: register master community,(outside the 42 districts),the middle of the project's own community; the exact plot is not in our data yet
PN1679,1679,DAMAC HILLS (2) - MULBERRY,register_extract_2026-06-15,Madinat Hind 4,DAMAC HILLS 2,Madinat Hind 4,none,community centre,914,Madinat Hind 4,sales area: Dubai Municipality community name,madinathind4,the middle of the project's own community; the exact plot is not in our data yet
PN1686,1686,ALFURJAN PACKAGE 4,register_extract_2026-06-15,Jabal Ali First,Al Furjan,AL FURJAN,community centre,community centre,591,Jabal Ali First,sales area: register master community,jabalalifirst,already a community centre on the card (district|name key); the project-number entry lets pages without a card use it too
PN1693,1693,J8,register_extract_2026-06-15,Al Safouh First,Sufouh Gardens,SUFOUH GARDENS,none,community centre,372,Al Safouh First,sales area: register master community,(outside the 42 districts),the middle of the project's own community; the exact plot is not in our data yet
PN1697,1697,SAHARA MEADOWS2,register_extract_2026-06-15,Saih Shuaib 2,,DUBAI INDUSTRIAL CITY,none,community centre,531,Saih Shuaib 2,sales area: app district,dubaiindustrialcity,the middle of the project's own community; the exact plot is not in our data yet
PN1702,1702,MODELUX TOWER 1,register_extract_2026-06-15,Warsan Fourth,International City Phase 3,INTERNATIONAL CITY PH 2 & 3,none,community centre,624,Warsan Fourth,register master community: register master community,(outside the 42 districts),the middle of the project's own community; the exact plot is not in our data yet
PN1704,1704,QLINE (QPOINT PHASEII) 3C-LW-R-054,register_extract_2026-06-15,Wadi Al Safa 2,Liwan1,,none,community centre,643,Wadi Al Safa 2,register master community: register master community,liwan1,the middle of the project's own community; the exact plot is not in our data yet
PN1705,1705,QLINE (QPOINT PHASEII) 3C-LW-R-064,register_extract_2026-06-15,Wadi Al Safa 2,Liwan1,,none,community centre,643,Wadi Al Safa 2,register master community: register master community,liwan1,the middle of the project's own community; the exact plot is not in our data yet
PN1709,1709,FLAME TREE RIDGE,register_extract_2026-06-15,Me'Aisem First,Jumeirah Golf Estates,JUMEIRAH GOLF,none,community centre,685,Me'aisem First,register master community: register master community,dubaiproductioncity,the middle of the project's own community; the exact plot is not in our data yet
PN1713,1713,BELGRAVIA,register_extract_2026-06-15,Al Barsha South Fourth,Jumeirah Village Circle,JUMEIRAH VILLAGE CIRCLE,none,community centre,681,Al Barsha South Fourth,sales area: register master community,jumeirahvillagecircle,the middle of the project's own community; the exact plot is not in our data yet
PN1714,1714,ARABELLA 2 - TOWNHOUSES AT MUDON,register_extract_2026-06-15,Al Hebiah Sixth,Mudon,MUDON,none,community centre,677,Al Hebiah Sixth,sales area: register master community,(outside the 42 districts),the middle of the project's own community; the exact plot is not in our data yet
PN1723,1723,REDWOOD AVENUE,register_extract_2026-06-15,Me'Aisem First,Jumeirah Golf Estates,JUMEIRAH GOLF,none,community centre,685,Me'aisem First,register master community: register master community,dubaiproductioncity,the middle of the project's own community; the exact plot is not in our data yet
PN1724,1724,NB RESIDENCES,register_extract_2026-06-15,Jumeirah First,Pearl Jumeira,PEARL JUMEIRA,none,community centre,332,Jumeira First,sales area: register master community,(outside the 42 districts),the middle of the project's own community; the exact plot is not in our data yet
PN1727,1727,SIDRA,register_extract_2026-06-15,Hadaeq Sheikh Mohammed Bin Rashid,DUBAI HILLS - SIDRA 1,DUBAI HILLS,community centre,community centre,631,Hadaeq Sheikh Mohammed Bin Rashid,sales area: register master community,dubaihills,already a community centre on the card (district|name key); the project-number entry lets pages without a card use it too
PN1735,1735,BADRA PHASE 1,register_extract_2026-06-15,Hessyan First,Badra,DUBAI WATER FRONT,none,community centre,511,Hessyan First,register master community: register master community,(outside the 42 districts),the middle of the project's own community; the exact plot is not in our data yet
PN1748,1748,Project Registration Request beta verification,sales_register_only,Al Bada,,,none,community centre,333,Al Bada',register area: Dubai Municipality community name,(outside the 42 districts),the middle of the project's own community; the exact plot is not in our data yet
PN1751,1751,FAIRWAY VISTAS,register_extract_2026-06-15,Hadaeq Sheikh Mohammed Bin Rashid,DUBAI HILLS - FAIRWAY VISTAS,DUBAI HILLS,community centre,community centre,631,Hadaeq Sheikh Mohammed Bin Rashid,sales area: register master community,dubaihills,already a community centre on the card (district|name key); the project-number entry lets pages without a card use it too
PN1759,1759,AL HELAL AL ZAHABY BUILDING,register_extract_2026-06-15,Warsan Fourth,International City Phase 3,INTERNATIONAL CITY PH 2 & 3,none,community centre,624,Warsan Fourth,register master community: register master community,(outside the 42 districts),the middle of the project's own community; the exact plot is not in our data yet
PN1767,1767,DAMAC HILLS (2) - VARDON,register_extract_2026-06-15,Madinat Hind 4,DAMAC HILLS 2,Madinat Hind 4,none,community centre,914,Madinat Hind 4,sales area: Dubai Municipality community name,madinathind4,the middle of the project's own community; the exact plot is not in our data yet
PN1768,1768,Parkway Vistas,register_extract_2026-06-15,Hadaeq Sheikh Mohammed Bin Rashid,DUBAI HILLS - PARKWAY VISTAS,DUBAI HILLS,community centre,community centre,631,Hadaeq Sheikh Mohammed Bin Rashid,sales area: register master community,dubaihills,already a community centre on the card (district|name key); the project-number entry lets pages without a card use it too
PN1770,1770,Redwood Park Phase2,register_extract_2026-06-15,Me'Aisem First,Jumeirah Golf Estates,JUMEIRAH GOLF,none,community centre,685,Me'aisem First,register master community: register master community,dubaiproductioncity,the middle of the project's own community; the exact plot is not in our data yet
PN1774,1774,AL BUROOJ RESIDENCE 1,register_extract_2026-06-15,Al Barsha South Fifth,Jumeirah Village Triangle,JUMEIRAH VILLAGE TRIANGLE,none,community centre,684,Al Barsha South Fifth,sales area: register master community,jumeirahvillagetriangle,the middle of the project's own community; the exact plot is not in our data yet
PN1775,1775,Sunbeam Homes,register_extract_2026-06-15,Saih Shuaib 2,,,none,community centre,531,Saih Shuaib 2,register area: Dubai Municipality community name,dubaiindustrialcity,the middle of the project's own community; the exact plot is not in our data yet
PN1777,1777,THE HEART OF EUROPE 1,register_extract_2026-06-15,World Islands,The World,,none,community centre,303,World Islands,register master community: register master community,(outside the 42 districts),the middle of the project's own community; the exact plot is not in our data yet
PN1780,1780,NO.23A and 23B CITYWALK RESIDENTIAL,register_extract_2026-06-15,Al Wasl,City Walk,,none,community centre,343,Al Wasl,register master community: register master community,alwasl,the middle of the project's own community; the exact plot is not in our data yet
PN1787,1787,SAFI TOWNHOUSES,register_extract_2026-06-15,Al Yelayiss 2,TOWN SQUARE,TOWN SQUARE,community centre,community centre,922,Al Yalayis 2,sales area: register master community,alyelayiss2,already a community centre on the card (district|name key); the project-number entry lets pages without a card use it too
PN1788,1788,"GREEN COMMUNITY MOTOR CITY, PHASE II - CASA FAMILIA",register_extract_2026-06-15,Al Hebiah First,Motor City,MOTOR CITY,community centre,community centre,674,Al Hebiah First,sales area: register master community,motorcity,already a community centre on the card (district|name key); the project-number entry lets pages without a card use it too
PN1791,1791,Serena Casa Dora,register_extract_2026-06-15,Wadi Al Safa 7,800 Villas,SERENA,none,community centre,665,Wadi Al Safa 7,register master community: register master community,(outside the 42 districts),the middle of the project's own community; the exact plot is not in our data yet
PN1792,1792,REEM-MIRA COMMUNITY PH 1,register_extract_2026-06-15,Al Yelayiss 1,,MIRA,community centre,community centre,921,Al Yalayis 1,register area: app district,alyelayiss1,already a community centre on the card (district|name key); the project-number entry lets pages without a card use it too
PN1793,1793,REEM-MIRA COMMUNITY PH 2,register_extract_2026-06-15,Al Yelayiss 1,,MIRA,community centre,community centre,921,Al Yalayis 1,register area: app district,alyelayiss1,already a community centre on the card (district|name key); the project-number entry lets pages without a card use it too
PN1794,1794,DAMAC HILLS (2) - ALBIZIA,register_extract_2026-06-15,Madinat Hind 4,DAMAC HILLS 2,Madinat Hind 4,none,community centre,914,Madinat Hind 4,sales area: Dubai Municipality community name,madinathind4,the middle of the project's own community; the exact plot is not in our data yet
PN1803,1803,DAMAC HILLS (2) - BASSWOOD,register_extract_2026-06-15,Madinat Hind 4,DAMAC HILLS 2,Madinat Hind 4,none,community centre,914,Madinat Hind 4,sales area: Dubai Municipality community name,madinathind4,the middle of the project's own community; the exact plot is not in our data yet
PN1815,1815,BV Mansions,register_extract_2026-06-15,Island 2,Jumeira Bay,JUMEIRA BAY,none,community centre,302,Jumeira Bay,land register: the register's land records of this project (DM_ZIP_CODE 302),(outside the 42 districts),"land records say community 302, not the 304 that the sales area 'JUMEIRA BAY' gives: land records win"
PN1817,1817,Villanova Amaranta,register_extract_2026-06-15,Wadi Al Safa 5,,VILLANOVA,community centre,community centre,648,Wadi Al Safa 5,register area: app district,wadialsafa5,already a community centre on the card (district|name key); the project-number entry lets pages without a card use it too
PN1821,1821,DAMAC HILLS (2) - MIMOSA,register_extract_2026-06-15,Madinat Hind 4,DAMAC HILLS 2,Madinat Hind 4,none,community centre,914,Madinat Hind 4,sales area: Dubai Municipality community name,madinathind4,the middle of the project's own community; the exact plot is not in our data yet
PN1823,1823,NOOR TOWNHOUSES,register_extract_2026-06-15,Al Yelayiss 2,TOWN SQUARE,TOWN SQUARE,community centre,community centre,922,Al Yalayis 2,sales area: register master community,alyelayiss2,already a community centre on the card (district|name key); the project-number entry lets pages without a card use it too
PN1824,1824,REEM-MIRA COMMUNITY PH 3,register_extract_2026-06-15,Al Yelayiss 1,,MIRA,community centre,community centre,921,Al Yalayis 1,register area: app district,alyelayiss1,already a community centre on the card (district|name key); the project-number entry lets pages without a card use it too
PN1825,1825,REEM-MIRA COMMUNITY PH 4,register_extract_2026-06-15,Al Yelayiss 1,,MIRA,community centre,community centre,921,Al Yalayis 1,register area: app district,alyelayiss1,already a community centre on the card (district|name key); the project-number entry lets pages without a card use it too
PN1832,1832,AR II - Reem Community,register_extract_2026-06-15,Wadi Al Safa 7,Arabian Ranches II - Reem Community,ARABIAN RANCHES II,none,community centre,665,Wadi Al Safa 7,sales area: register master community,(outside the 42 districts),the middle of the project's own community; the exact plot is not in our data yet
PN1834,1834,MIRDIF HILLS- NASAYEM AVENUE,register_extract_2026-06-15,Mirdif,,Mirdif,none,community centre,251,Mirdif,sales area: Dubai Municipality community name,(outside the 42 districts),the middle of the project's own community; the exact plot is not in our data yet
PN1835,1835,MIRDIF HILLS- AL MULTAQA AVENUE,register_extract_2026-06-15,Mirdif,,Mirdif,none,community centre,251,Mirdif,sales area: Dubai Municipality community name,(outside the 42 districts),the middle of the project's own community; the exact plot is not in our data yet
PN1837,1837,Sobha Hartland Estates - Townhouses,register_extract_2026-06-15,Al Merkadh,SOBHA HARTLAND,SOBHA HEARTLAND,none,community centre,347,Al Merkadh,"sales area: alias (spelling variant of 'Sobha Hartland', a register master community in the tables)",(outside the 42 districts),the middle of the project's own community; the exact plot is not in our data yet
PN1840,1840,DAMAC HILLS (2) - AMARGO,register_extract_2026-06-15,Madinat Hind 4,DAMAC HILLS 2,Madinat Hind 4,none,community centre,914,Madinat Hind 4,sales area: Dubai Municipality community name,madinathind4,the middle of the project's own community; the exact plot is not in our data yet
PN1841,1841,Sidra 2,register_extract_2026-06-15,Hadaeq Sheikh Mohammed Bin Rashid,DUBAI HILLS - SIDRA 2,DUBAI HILLS,community centre,community centre,631,Hadaeq Sheikh Mohammed Bin Rashid,sales area: register master community,dubaihills,already a community centre on the card (district|name key); the project-number entry lets pages without a card use it too
PN1842,1842,THE HEART OF EUROPE 2,register_extract_2026-06-15,World Islands,The World,THE WORLD,none,community centre,303,World Islands,sales area: register master community,(outside the 42 districts),the middle of the project's own community; the exact plot is not in our data yet
PN1849,1849,Downtown Views II,register_extract_2026-06-15,Zaabeel Second,,Zaabeel Second,none,community centre,337,Zaa'beel Second,sales area: Dubai Municipality community name,(outside the 42 districts),the middle of the project's own community; the exact plot is not in our data yet
PN1856,1856,ALandalus Townhouse,register_extract_2026-06-15,Me'Aisem First,Jumeirah Golf Estates,JUMEIRAH GOLF,community centre,community centre,685,Me'aisem First,register master community: register master community,dubaiproductioncity,already a community centre on the card (district|name key); the project-number entry lets pages without a card use it too
PN1861,1861,DAMAC HILLS (2) - VICTORIA,register_extract_2026-06-15,Madinat Hind 4,DAMAC HILLS 2,Madinat Hind 4,none,community centre,914,Madinat Hind 4,sales area: Dubai Municipality community name,madinathind4,the middle of the project's own community; the exact plot is not in our data yet
PN1865,1865,DAMAC HILLS-VENETO,register_extract_2026-06-15,Al Hebiah Third,DAMAC HILLS,DAMAC HILLS,none,community centre,676,Al Hebiah Third,sales area: register master community,damachills,the middle of the project's own community; the exact plot is not in our data yet
PN1866,1866,DAMAC HILLS (2) - AVENCIA-2,register_extract_2026-06-15,Madinat Hind 4,DAMAC HILLS 2,Madinat Hind 4,none,community centre,914,Madinat Hind 4,sales area: Dubai Municipality community name,madinathind4,the middle of the project's own community; the exact plot is not in our data yet
PN1867,1867,Al Haseen Residence,register_extract_2026-06-15,Saih Shuaib 2,,DUBAI INDUSTRIAL CITY,none,community centre,531,Saih Shuaib 2,sales area: app district,dubaiindustrialcity,the middle of the project's own community; the exact plot is not in our data yet
PN1872,1872,DAMAC HILLS - SILVER SPRINGS 2,register_extract_2026-06-15,Al Hebiah Third,DAMAC HILLS,,none,community centre,676,Al Hebiah Third,register master community: register master community,damachills,the middle of the project's own community; the exact plot is not in our data yet
PN1873,1873,Serena - Casa Viva,register_extract_2026-06-15,Wadi Al Safa 7,800 Villas,SERENA,none,community centre,665,Wadi Al Safa 7,register master community: register master community,(outside the 42 districts),the middle of the project's own community; the exact plot is not in our data yet
PN1874,1874,Mudon Views,register_extract_2026-06-15,Al Hebiah Sixth,Mudon,MUDON,none,community centre,677,Al Hebiah Sixth,sales area: register master community,(outside the 42 districts),the middle of the project's own community; the exact plot is not in our data yet
PN1877,1877,Arabella 3,register_extract_2026-06-15,Al Hebiah Sixth,Mudon,MUDON,none,community centre,677,Al Hebiah Sixth,sales area: register master community,(outside the 42 districts),the middle of the project's own community; the exact plot is not in our data yet
PN1878,1878,Dubai Wharf - Tower 1,register_extract_2026-06-15,Al Jadaf,Jaddaf Waterfront,,none,community centre,326,Al Jadaf,register master community: register master community,samaaljadaf,the middle of the project's own community; the exact plot is not in our data yet
PN1882,1882,Mudon Views - Tower 5,sales_register_only,Al Hebiah Sixth,Mudon,,none,community centre,677,Al Hebiah Sixth,register master community: register master community,(outside the 42 districts),the middle of the project's own community; the exact plot is not in our data yet
PN1887,1887,PARK HEIGHTS II,register_extract_2026-06-15,Hadaeq Sheikh Mohammed Bin Rashid,Dubai Hills Estate,DUBAI HILLS,none,community centre,631,Hadaeq Sheikh Mohammed Bin Rashid,sales area: register master community,dubaihills,the middle of the project's own community; the exact plot is not in our data yet
PN1893,1893,Haven Villas,register_extract_2026-06-15,Al Barsha South Fourth,Jumeirah Village Circle,JUMEIRAH VILLAGE CIRCLE,none,community centre,681,Al Barsha South Fourth,sales area: register master community,jumeirahvillagecircle,the middle of the project's own community; the exact plot is not in our data yet
PN1899,1899,Maple III,register_extract_2026-06-15,Hadaeq Sheikh Mohammed Bin Rashid,DUBAI HILLS - MAPLE 3,DUBAI HILLS,community centre,community centre,631,Hadaeq Sheikh Mohammed Bin Rashid,sales area: register master community,dubaihills,already a community centre on the card (district|name key); the project-number entry lets pages without a card use it too
PN1900,1900,GOLF LINKS,register_extract_2026-06-15,Madinat Al Mataar,Dubai World Central,EMAAR SOUTH,none,community centre,521,Madinat Al Mataar,register master community: register master community,madinatalmataar,the middle of the project's own community; the exact plot is not in our data yet
PN1902,1902,Eight @ Al Furjan,sales_register_only,Jabal Ali First,Al Furjan,,none,community centre,591,Jabal Ali First,register master community: register master community,jabalalifirst,the middle of the project's own community; the exact plot is not in our data yet
PN1906,1906,Qline (Qpoint phase II) R085,register_extract_2026-06-15,Wadi Al Safa 2,Liwan1,,none,community centre,643,Wadi Al Safa 2,register master community: register master community,liwan1,the middle of the project's own community; the exact plot is not in our data yet
PN1910,1910,Astoria Villas,register_extract_2026-06-15,Al Barsha South Fourth,Jumeirah Village Circle,,none,community centre,681,Al Barsha South Fourth,register master community: register master community,jumeirahvillagecircle,the middle of the project's own community; the exact plot is not in our data yet
PN1930,1930,DAMAC HILLS-PARK RESIDENCES 4,register_extract_2026-06-15,Al Hebiah Third,DAMAC HILLS,DAMAC HILLS,none,community centre,676,Al Hebiah Third,sales area: register master community,damachills,the middle of the project's own community; the exact plot is not in our data yet
PN1931,1931,Sidra 3,register_extract_2026-06-15,Hadaeq Sheikh Mohammed Bin Rashid,DUBAI HILLS - SIDRA 3,DUBAI HILLS,none,community centre,631,Hadaeq Sheikh Mohammed Bin Rashid,sales area: register master community,dubaihills,the middle of the project's own community; the exact plot is not in our data yet
PN1935,1935,IGO101,sales_register_only,Al Thanyah Fifth,DMCC Master Community,,none,community centre,393,Al Thanyah Fifth,register area: Dubai Municipality community name,"althanyahfifth,jltnorth,jltsouth",the middle of the project's own community; the exact plot is not in our data yet
PN1936,1936,NASEEM TOWNHOUSES,register_extract_2026-06-15,Al Yelayiss 2,TOWN SQUARE,Al Yelayiss 2,community centre,community centre,922,Al Yalayis 2,sales area: alias ('Yelayiss' is the register's spelling of 'Yalayis'; the lands register ties its parcels labelled 'Al Yelayiss 2' to community 922),alyelayiss2,already a community centre on the card (district|name key); the project-number entry lets pages without a card use it too
PN1938,1938,DAMAC HILLS-PARK RESIDENCES 1,register_extract_2026-06-15,Al Hebiah Third,DAMAC HILLS,Al Hebiah Third,none,community centre,676,Al Hebiah Third,sales area: Dubai Municipality community name,damachills,the middle of the project's own community; the exact plot is not in our data yet
PN1943,1943,DAMAC HILLS (2) - AQUILEGIA,register_extract_2026-06-15,Madinat Hind 4,DAMAC HILLS 2,Madinat Hind 4,none,community centre,914,Madinat Hind 4,sales area: Dubai Municipality community name,madinathind4,the middle of the project's own community; the exact plot is not in our data yet
PN1947,1947,Jumeirah Luxury,register_extract_2026-06-15,Me'Aisem First,Jumeirah Golf Estates,Me'Aisem First,community centre,community centre,685,Me'aisem First,sales area: Dubai Municipality community name,dubaiproductioncity,already a community centre on the card (district|name key); the project-number entry lets pages without a card use it too
PN1949,1949,Sobha Hartland Villas - Phase II,register_extract_2026-06-15,Al Merkadh,SOBHA HARTLAND,SOBHA HEARTLAND,none,community centre,347,Al Merkadh,"sales area: alias (spelling variant of 'Sobha Hartland', a register master community in the tables)",(outside the 42 districts),the middle of the project's own community; the exact plot is not in our data yet
PN1952,1952,انتيلا,register_extract_2026-06-15,Al Barsha South Fifth,Jumeirah Village Triangle,,none,community centre,684,Al Barsha South Fifth,register master community: register master community,jumeirahvillagetriangle,the middle of the project's own community; the exact plot is not in our data yet
PN1957,1957,Park Gate Residences,register_extract_2026-06-15,Al Kifaf,Wasl 1,Al Kifaf,none,community centre,324,Al Kifaf,sales area: Dubai Municipality community name,(outside the 42 districts),the middle of the project's own community; the exact plot is not in our data yet
PN1959,1959,AL BUROOJ RESIDENCE 5,register_extract_2026-06-15,Jabal Ali First,Al Furjan,,none,community centre,591,Jabal Ali First,register master community: register master community,jabalalifirst,the middle of the project's own community; the exact plot is not in our data yet
PN1968,1968,Park ville 07,register_extract_2026-06-15,Warsan Fourth,International City Phase 3,INTERNATIONAL CITY PH 2 & 3,none,community centre,624,Warsan Fourth,register master community: register master community,(outside the 42 districts),the middle of the project's own community; the exact plot is not in our data yet
PN1977,1977,AL HELAL AL ZAHABY  2,register_extract_2026-06-15,Warsan Fourth,International City Phase 3,INTERNATIONAL CITY PH 2 & 3,none,community centre,624,Warsan Fourth,register master community: register master community,(outside the 42 districts),the middle of the project's own community; the exact plot is not in our data yet
PN1978,1978,Haven Villas 1,register_extract_2026-06-15,Al Barsha South Fourth,Jumeirah Village Circle,JUMEIRAH VILLAGE CIRCLE,none,community centre,681,Al Barsha South Fourth,sales area: register master community,jumeirahvillagecircle,the middle of the project's own community; the exact plot is not in our data yet
PN1981,1981,SOMERSET MEWS,register_extract_2026-06-15,Al Barsha South Fourth,Jumeirah Village Circle,JUMEIRAH VILLAGE CIRCLE,none,community centre,681,Al Barsha South Fourth,sales area: register master community,jumeirahvillagecircle,the middle of the project's own community; the exact plot is not in our data yet
PN1989,1989,Easy18,register_extract_2026-06-15,Warsan Fourth,International City Phase 3,INTERNATIONAL CITY PH 2 & 3,none,community centre,624,Warsan Fourth,register master community: register master community,(outside the 42 districts),the middle of the project's own community; the exact plot is not in our data yet
PN1992,1992,Club Villas at Dubai Hills,register_extract_2026-06-15,Hadaeq Sheikh Mohammed Bin Rashid,DUBAI HILLS - CLUB VILLAS,DUBAI HILLS,community centre,community centre,631,Hadaeq Sheikh Mohammed Bin Rashid,sales area: register master community,dubaihills,already a community centre on the card (district|name key); the project-number entry lets pages without a card use it too
PN2016,2016,Golf Place,register_extract_2026-06-15,Hadaeq Sheikh Mohammed Bin Rashid,DUBAI HILLS - GOLF PLACE,DUBAI HILLS,none,community centre,631,Hadaeq Sheikh Mohammed Bin Rashid,sales area: register master community,dubaihills,the middle of the project's own community; the exact plot is not in our data yet
PN2017,2017,AMARANTA 2,register_extract_2026-06-15,Wadi Al Safa 5,,VILLANOVA,community centre,community centre,648,Wadi Al Safa 5,register area: app district,wadialsafa5,already a community centre on the card (district|name key); the project-number entry lets pages without a card use it too
PN2031,2031,AVENUE RESIDENCE Three,sales_register_only,Jabal Ali First,Al Furjan,,none,community centre,591,Jabal Ali First,register master community: register master community,jabalalifirst,the middle of the project's own community; the exact plot is not in our data yet
PN2039,2039,Marbella Village,register_extract_2026-06-15,Al Hebiah Fourth,Dubai Sports City,DUBAI SPORTS CITY,none,community centre,682,Al Hebiah Fourth,sales area: register master community,dubaisportscity,the middle of the project's own community; the exact plot is not in our data yet
PN2049,2049,Jumeirah Golf Estates - Hillside,register_extract_2026-06-15,Me'Aisem First,Jumeirah Golf Estates,JUMEIRAH GOLF,none,community centre,685,Me'aisem First,register master community: register master community,dubaiproductioncity,the middle of the project's own community; the exact plot is not in our data yet
PN2054,2054,Elysian Mansions,register_extract_2026-06-15,Al Hebiah Fourth,TILAL AL GHAF,Al Hebiah Fourth,none,community centre,682,Al Hebiah Fourth,sales area: Dubai Municipality community name,dubaisportscity,the middle of the project's own community; the exact plot is not in our data yet
PN2057,2057,Villanova Amaranta 3,register_extract_2026-06-15,Wadi Al Safa 5,,VILLANOVA,community centre,community centre,648,Wadi Al Safa 5,register area: app district,wadialsafa5,already a community centre on the card (district|name key); the project-number entry lets pages without a card use it too
PN2067,2067,SUNCITY HOMES,register_extract_2026-06-15,Warsan Fourth,International City Phase 3,INTERNATIONAL CITY PH 2 & 3,none,community centre,624,Warsan Fourth,register master community: register master community,(outside the 42 districts),the middle of the project's own community; the exact plot is not in our data yet
PN2070,2070,DAMAC HILLS (2) - AMAZONIA-EX,register_extract_2026-06-15,Madinat Hind 4,DAMAC HILLS 2,,none,community centre,914,Madinat Hind 4,register master community: register master community,madinathind4,the middle of the project's own community; the exact plot is not in our data yet
PN2071,2071,Rukan2,register_extract_2026-06-15,Wadi Al Safa 7,Rukan,RUKAN,none,community centre,665,Wadi Al Safa 7,sales area: register master community,(outside the 42 districts),the middle of the project's own community; the exact plot is not in our data yet
PN2073,2073,Lawnz Residence by Danube,register_extract_2026-06-15,Al Warsan First,International City Phase 1,INTERNATIONAL CITY PH 1,none,community centre,621,Warsan First,register master community: register master community,(outside the 42 districts),the middle of the project's own community; the exact plot is not in our data yet
PN2075,2075,GardeniaTownHomes @ wasl gate,register_extract_2026-06-15,Jabal Ali First,Wasl Gate,Jabal Ali First,community centre,community centre,591,Jabal Ali First,sales area: Dubai Municipality community name,jabalalifirst,already a community centre on the card (district|name key); the project-number entry lets pages without a card use it too
PN2077,2077,Villanova Amaranta B,register_extract_2026-06-15,Wadi Al Safa 5,,VILLANOVA,community centre,community centre,648,Wadi Al Safa 5,register area: app district,wadialsafa5,already a community centre on the card (district|name key); the project-number entry lets pages without a card use it too
PN2084,2084,SAMA TOWNHOUSES,register_extract_2026-06-15,Al Yelayiss 2,TOWN SQUARE,Al Yelayiss 2,community centre,community centre,922,Al Yalayis 2,sales area: alias ('Yelayiss' is the register's spelling of 'Yalayis'; the lands register ties its parcels labelled 'Al Yelayiss 2' to community 922),alyelayiss2,already a community centre on the card (district|name key); the project-number entry lets pages without a card use it too
PN2090,2090,Tabeer 1,register_extract_2026-06-15,Al Warsan First,International City Phase 1,INTERNATIONAL CITY PH 1,none,community centre,621,Warsan First,register master community: register master community,(outside the 42 districts),the middle of the project's own community; the exact plot is not in our data yet
PN2093,2093,Port de La Mer - La Cote,register_extract_2026-06-15,Jumeirah First,LA MER,LA MER,none,community centre,332,Jumeira First,sales area: register master community,(outside the 42 districts),the middle of the project's own community; the exact plot is not in our data yet
PN2095,2095,Q - Zone (Qpoint - Phase III) MU007,register_extract_2026-06-15,Wadi Al Safa 2,Liwan1,,none,community centre,643,Wadi Al Safa 2,register master community: register master community,liwan1,the middle of the project's own community; the exact plot is not in our data yet
PN2097,2097,Madinat Jumeirah Living,register_extract_2026-06-15,Um Suqaim Third,,JUMEIRAH LIVING,none,community centre,366,Umm Suqeim Third,register area: alias ('Um Suqaim' is the register's spelling of 'Umm Suqeim'; the lands register ties its parcels labelled 'Um Suqaim Third' to community 366),(outside the 42 districts),the middle of the project's own community; the exact plot is not in our data yet
PN2102,2102,Parkside,register_extract_2026-06-15,Madinat Al Mataar,Dubai World Central,EMAAR SOUTH,community centre,community centre,521,Madinat Al Mataar,register master community: register master community,madinatalmataar,already a community centre on the card (district|name key); the project-number entry lets pages without a card use it too
PN2104,2104,Aurion Residence,register_extract_2026-06-15,Al Barsha South Fourth,Jumeirah Village Circle,,none,community centre,681,Al Barsha South Fourth,register master community: register master community,jumeirahvillagecircle,the middle of the project's own community; the exact plot is not in our data yet
PN2105,2105,مها تاون هاوس,register_extract_2026-06-15,Wadi Al Safa 5,,,none,community centre,648,Wadi Al Safa 5,register area: app district,wadialsafa5,the middle of the project's own community; the exact plot is not in our data yet
PN2109,2109,AR II Camelia,register_extract_2026-06-15,Wadi Al Safa 7,Arabian Ranches II - Camelia,ARABIAN RANCHES II,none,community centre,665,Wadi Al Safa 7,sales area: register master community,(outside the 42 districts),the middle of the project's own community; the exact plot is not in our data yet
PN2110,2110,AR II Camelia 2,register_extract_2026-06-15,Wadi Al Safa 7,Arabian Ranches II - Dhalia,ARABIAN RANCHES II,none,community centre,665,Wadi Al Safa 7,sales area: register master community,(outside the 42 districts),the middle of the project's own community; the exact plot is not in our data yet
PN2114,2114,Villa Amalfi,register_extract_2026-06-15,Island 2,Jumeira Bay,Island 2,none,community centre,302,Jumeira Bay,land register: the register's land records of this project (DM_ZIP_CODE 302),(outside the 42 districts),"land records say community 302, not the 304 that the register master community 'Jumeira Bay' gives: land records win"
PN2116,2116,Madinat Jumeriah Living - Phase 2,register_extract_2026-06-15,Um Suqaim Third,,JUMEIRAH LIVING,none,community centre,366,Umm Suqeim Third,register area: alias ('Um Suqaim' is the register's spelling of 'Umm Suqeim'; the lands register ties its parcels labelled 'Um Suqaim Third' to community 366),(outside the 42 districts),the middle of the project's own community; the exact plot is not in our data yet
PN2130,2130,Parkside 2,register_extract_2026-06-15,Madinat Al Mataar,Dubai World Central,EMAAR SOUTH,community centre,community centre,521,Madinat Al Mataar,register master community: register master community,madinatalmataar,already a community centre on the card (district|name key); the project-number entry lets pages without a card use it too
PN2131,2131,LA RIVE,register_extract_2026-06-15,Jumeirah First,LA MER,LA MER,none,community centre,332,Jumeira First,sales area: register master community,(outside the 42 districts),the middle of the project's own community; the exact plot is not in our data yet
PN2132,2132,"Q-Zone (Qpoint - Phase III), MU005&6",register_extract_2026-06-15,Wadi Al Safa 2,Liwan1,,none,community centre,643,Wadi Al Safa 2,register master community: register master community,liwan1,the middle of the project's own community; the exact plot is not in our data yet
PN2133,2133,Golf Grove,register_extract_2026-06-15,Hadaeq Sheikh Mohammed Bin Rashid,DUBAI HILLS - GOLF GROVE,,community centre,community centre,631,Hadaeq Sheikh Mohammed Bin Rashid,register master community: register master community,dubaihills,already a community centre on the card (district|name key); the project-number entry lets pages without a card use it too
PN2136,2136,الصياح ريزيدنس,register_extract_2026-06-15,Arjan,Arjan,,none,community centre,673,Al Barsha South Third,register master community: register master community,arjan,the middle of the project's own community; the exact plot is not in our data yet
PN2138,2138,Zhoug guo jia,register_extract_2026-06-15,Al Warsan First,International City Phase 1,INTERNATIONAL CITY PH 1,none,community centre,621,Warsan First,register master community: register master community,(outside the 42 districts),the middle of the project's own community; the exact plot is not in our data yet
PN2141,2141,Majestic Vistas,register_extract_2026-06-15,Hadaeq Sheikh Mohammed Bin Rashid,DUBAI HILLS,DUBAI HILLS,none,community centre,631,Hadaeq Sheikh Mohammed Bin Rashid,sales area: register master community,dubaihills,the middle of the project's own community; the exact plot is not in our data yet
PN2142,2142,Arabian Ranches III - JOY,register_extract_2026-06-15,Wadi Al Safa 5,,ARABIAN RANCHES III,community centre,community centre,648,Wadi Al Safa 5,register area: app district,wadialsafa5,already a community centre on the card (district|name key); the project-number entry lets pages without a card use it too
PN2143,2143,DAMAC HILLS - THE TRUMP ESTATES 2,register_extract_2026-06-15,Al Hebiah Third,DAMAC HILLS,DAMAC HILLS,none,community centre,676,Al Hebiah Third,sales area: register master community,damachills,the middle of the project's own community; the exact plot is not in our data yet
PN2144,2144,Golf ville,register_extract_2026-06-15,Hadaeq Sheikh Mohammed Bin Rashid,Dubai Hills Estate,DUBAI HILLS,none,community centre,631,Hadaeq Sheikh Mohammed Bin Rashid,sales area: register master community,dubaihills,the middle of the project's own community; the exact plot is not in our data yet
PN2145,2145,Arabian Ranches III - SUN,register_extract_2026-06-15,Wadi Al Safa 5,,ARABIAN RANCHES III,community centre,community centre,648,Wadi Al Safa 5,register area: app district,wadialsafa5,already a community centre on the card (district|name key); the project-number entry lets pages without a card use it too
PN2146,2146,Asayel at Madinat Jumeirah Living,register_extract_2026-06-15,Um Suqaim Third,,JUMEIRAH LIVING,none,community centre,366,Umm Suqeim Third,register area: alias ('Um Suqaim' is the register's spelling of 'Umm Suqeim'; the lands register ties its parcels labelled 'Um Suqaim Third' to community 366),(outside the 42 districts),the middle of the project's own community; the exact plot is not in our data yet
PN2148,2148,Parkside 3,register_extract_2026-06-15,Madinat Al Mataar,Dubai World Central,EMAAR SOUTH,community centre,community centre,521,Madinat Al Mataar,register master community: register master community,madinatalmataar,already a community centre on the card (district|name key); the project-number entry lets pages without a card use it too
PN2153,2153,Port de La Mer - Le Pont,register_extract_2026-06-15,Jumeirah First,LA MER,LA MER,none,community centre,332,Jumeira First,sales area: register master community,(outside the 42 districts),the middle of the project's own community; the exact plot is not in our data yet
PN2157,2157,Greenview,register_extract_2026-06-15,Madinat Al Mataar,Dubai World Central,EMAAR SOUTH,community centre,community centre,521,Madinat Al Mataar,register master community: register master community,madinatalmataar,already a community centre on the card (district|name key); the project-number entry lets pages without a card use it too
PN2160,2160,DAMAC HILLS - THE TRUMP ESTATES 3,register_extract_2026-06-15,Al Hebiah Third,DAMAC HILLS,,none,community centre,676,Al Hebiah Third,register master community: register master community,damachills,the middle of the project's own community; the exact plot is not in our data yet
PN2161,2161,Marsa Al Arab Villas,register_extract_2026-06-15,Um Suqaim Third,,,none,community centre,366,Umm Suqeim Third,register area: alias ('Um Suqaim' is the register's spelling of 'Umm Suqeim'; the lands register ties its parcels labelled 'Um Suqaim Third' to community 366),(outside the 42 districts),the middle of the project's own community; the exact plot is not in our data yet
PN2167,2167,Sur La Mer,register_extract_2026-06-15,Jumeirah First,LA MER,LA MER,none,community centre,332,Jumeira First,sales area: register master community,(outside the 42 districts),the middle of the project's own community; the exact plot is not in our data yet
PN2169,2169,Sur La Mer 2,register_extract_2026-06-15,Jumeirah First,LA MER,LA MER,none,community centre,332,Jumeira First,sales area: register master community,(outside the 42 districts),the middle of the project's own community; the exact plot is not in our data yet
PN2171,2171,Cherrywoods,register_extract_2026-06-15,Al Yelayiss 1,,CHERRYWOODS,community centre,community centre,921,Al Yalayis 1,register area: app district,alyelayiss1,already a community centre on the card (district|name key); the project-number entry lets pages without a card use it too
PN2172,2172,Greenview 2,register_extract_2026-06-15,Madinat Al Mataar,Dubai World Central,EMAAR SOUTH,community centre,community centre,521,Madinat Al Mataar,register master community: register master community,madinatalmataar,already a community centre on the card (district|name key); the project-number entry lets pages without a card use it too
PN2176,2176,La Rosa Phase 2,register_extract_2026-06-15,Wadi Al Safa 5,,VILLANOVA,community centre,community centre,648,Wadi Al Safa 5,register area: app district,wadialsafa5,already a community centre on the card (district|name key); the project-number entry lets pages without a card use it too
PN2177,2177,Arabian Ranches lll - Ruba,register_extract_2026-06-15,Wadi Al Safa 5,,ARABIAN RANCHES III,community centre,community centre,648,Wadi Al Safa 5,register area: app district,wadialsafa5,already a community centre on the card (district|name key); the project-number entry lets pages without a card use it too
PN2181,2181,Port De La Mer - La Voile,register_extract_2026-06-15,Jumeirah First,LA MER,LA MER,none,community centre,332,Jumeira First,sales area: register master community,(outside the 42 districts),the middle of the project's own community; the exact plot is not in our data yet
PN2182,2182,Golf Place ll,register_extract_2026-06-15,Hadaeq Sheikh Mohammed Bin Rashid,DUBAI HILLS - GOLF TERRACES,DUBAI HILLS,none,community centre,631,Hadaeq Sheikh Mohammed Bin Rashid,sales area: register master community,dubaihills,the middle of the project's own community; the exact plot is not in our data yet
PN2196,2196,The Valley - Eden,register_extract_2026-06-15,Al Yufrah 1,,THE VALLEY,community centre,community centre,915,Al Yufrah 1,sales area: app district,alyufrah1,already a community centre on the card (district|name key); the project-number entry lets pages without a card use it too
PN2205,2205,Elan,register_extract_2026-06-15,Al Hebiah Fourth,TILAL AL GHAF,TILAL AL GHAF,community centre,community centre,682,Al Hebiah Fourth,sales area: register master community,dubaisportscity,already a community centre on the card (district|name key); the project-number entry lets pages without a card use it too
PN2215,2215,Olivz Residence,register_extract_2026-06-15,Al Warsan First,WARSAN FIRST DEVELOPMENT,Warsan First,none,community centre,621,Warsan First,sales area: Dubai Municipality community name,(outside the 42 districts),the middle of the project's own community; the exact plot is not in our data yet
PN2217,2217,Rukan 3,register_extract_2026-06-15,Wadi Al Safa 7,Rukan,Wadi Al Safa 7,none,community centre,665,Wadi Al Safa 7,sales area: Dubai Municipality community name,(outside the 42 districts),the middle of the project's own community; the exact plot is not in our data yet
PN2218,2218,The Nest Revolution Villa,register_extract_2026-06-15,Wadi Al Safa 3,Al Barari,,none,community centre,645,Wadi Al Safa 3,register master community: register master community,majan,the middle of the project's own community; the exact plot is not in our data yet
PN2220,2220,La Rosa 3,register_extract_2026-06-15,Wadi Al Safa 5,,VILLANOVA,community centre,community centre,648,Wadi Al Safa 5,register area: app district,wadialsafa5,already a community centre on the card (district|name key); the project-number entry lets pages without a card use it too
PN2221,2221,Harmony,register_extract_2026-06-15,Al Hebiah Fourth,TILAL AL GHAF,Al Hebiah Fourth,none,community centre,682,Al Hebiah Fourth,sales area: Dubai Municipality community name,dubaisportscity,the middle of the project's own community; the exact plot is not in our data yet
PN2222,2222,Private Residences Dubai,register_extract_2026-06-15,Jumeirah Second,Dubai Water Canal,DUBAI WATER CANAL,none,community centre,342,Jumeira Second,register area: alias ('Jumeirah' is the register's spelling of 'Jumeira'; the lands register ties its parcels labelled 'Jumeirah Second' to community 342),(outside the 42 districts),the middle of the project's own community; the exact plot is not in our data yet
PN2224,2224,ELYSEE II by PANTHEON,register_extract_2026-06-15,Al Barsha South Fourth,Jumeirah Village Circle,JUMEIRAH VILLAGE CIRCLE,none,community centre,681,Al Barsha South Fourth,sales area: register master community,jumeirahvillagecircle,the middle of the project's own community; the exact plot is not in our data yet
PN2227,2227,Sobha Hartland Villas Phase III,register_extract_2026-06-15,Al Merkadh,SOBHA HARTLAND,SOBHA HEARTLAND,none,community centre,347,Al Merkadh,"sales area: alias (spelling variant of 'Sobha Hartland', a register master community in the tables)",(outside the 42 districts),the middle of the project's own community; the exact plot is not in our data yet
PN2228,2228,DAMAC HILLS - SILVER SPRINGS 3,register_extract_2026-06-15,Al Hebiah Third,DAMAC HILLS,Al Hebiah Third,none,community centre,676,Al Hebiah Third,sales area: Dubai Municipality community name,damachills,the middle of the project's own community; the exact plot is not in our data yet
PN2236,2236,DAMAC HILLS-BEL AIR,register_extract_2026-06-15,Al Hebiah Third,DAMAC HILLS,Al Hebiah Third,none,community centre,676,Al Hebiah Third,sales area: Dubai Municipality community name,damachills,the middle of the project's own community; the exact plot is not in our data yet
PN2256,2256,"Mohammed Bin Rashid Al Maktoum City , District One Phase III  , A Villas",register_extract_2026-06-15,Al Merkadh,Mohammed Bin Rashid AL Maktoum City -District -1 Community,MBR DISTRICT 1,none,community centre,347,Al Merkadh,sales area: alias ('Mbr' is the register's own abbreviation of Mohammed Bin Rashid; the long label is in the tables),(outside the 42 districts),the middle of the project's own community; the exact plot is not in our data yet
PN2257,2257,The Estate - II,register_extract_2026-06-15,Jabal Ali First,Al Furjan,AL FURJAN,none,community centre,591,Jabal Ali First,sales area: register master community,jabalalifirst,the middle of the project's own community; the exact plot is not in our data yet
PN2259,2259,Aura,register_extract_2026-06-15,Al Hebiah Fourth,TILAL AL GHAF,,community centre,community centre,682,Al Hebiah Fourth,register master community: register master community,dubaisportscity,already a community centre on the card (district|name key); the project-number entry lets pages without a card use it too
PN2260,2260,Arabian Ranches lll - Caya,register_extract_2026-06-15,Wadi Al Safa 5,,Wadi Al Safa 5,none,community centre,648,Wadi Al Safa 5,sales area: app district,wadialsafa5,the middle of the project's own community; the exact plot is not in our data yet
PN2261,2261,Murooj Al Furjan 1,register_extract_2026-06-15,Jabal Ali First,Al Furjan,Jabal Ali First,none,community centre,591,Jabal Ali First,sales area: Dubai Municipality community name,jabalalifirst,the middle of the project's own community; the exact plot is not in our data yet
PN2262,2262,Murooj Al Furjan 2,register_extract_2026-06-15,Jabal Ali First,Al Furjan,Jabal Ali First,none,community centre,591,Jabal Ali First,sales area: Dubai Municipality community name,jabalalifirst,the middle of the project's own community; the exact plot is not in our data yet
PN2263,2263,Palm Hills,register_extract_2026-06-15,Hadaeq Sheikh Mohammed Bin Rashid,DUBAI HILLS - PALM HILLS,Hadaeq Sheikh Mohammed Bin Rashid,none,community centre,631,Hadaeq Sheikh Mohammed Bin Rashid,sales area: Dubai Municipality community name,dubaihills,the middle of the project's own community; the exact plot is not in our data yet
PN2264,2264,Port De La Mer - La Sirene,register_extract_2026-06-15,Jumeirah First,LA MER,LA MER,none,community centre,332,Jumeira First,sales area: register master community,(outside the 42 districts),the middle of the project's own community; the exact plot is not in our data yet
PN2265,2265,JASMINE LANE,register_extract_2026-06-15,Me'Aisem First,Jumeirah Golf Estates,JUMEIRAH GOLF,community centre,community centre,685,Me'aisem First,register master community: register master community,dubaiproductioncity,already a community centre on the card (district|name key); the project-number entry lets pages without a card use it too
PN2266,2266,"Mohammed Bin Rashid Al Maktoum City District One, B Villas",register_extract_2026-06-15,Al Merkadh,Mohammed Bin Rashid AL Maktoum City -District -1 Community,Al Merkadh,none,community centre,347,Al Merkadh,sales area: Dubai Municipality community name,(outside the 42 districts),the middle of the project's own community; the exact plot is not in our data yet
PN2267,2267,Mohammed Bin Rashid Al Maktoum City  District One- C Villas,register_extract_2026-06-15,Al Merkadh,Mohammed Bin Rashid AL Maktoum City -District -1 Community,Al Merkadh,none,community centre,347,Al Merkadh,sales area: Dubai Municipality community name,(outside the 42 districts),the middle of the project's own community; the exact plot is not in our data yet
PN2269,2269,Mohammed Bin Rashid Al Maktoum City District One  B Extension Villas,register_extract_2026-06-15,Al Merkadh,Mohammed Bin Rashid AL Maktoum City -District -1 Community,Al Merkadh,none,community centre,347,Al Merkadh,sales area: Dubai Municipality community name,(outside the 42 districts),the middle of the project's own community; the exact plot is not in our data yet
PN2272,2272,La Rosa 5,register_extract_2026-06-15,Wadi Al Safa 5,,VILLANOVA,community centre,community centre,648,Wadi Al Safa 5,register area: app district,wadialsafa5,already a community centre on the card (district|name key); the project-number entry lets pages without a card use it too
PN2273,2273,MUROOJ ALFURJAN WEST,register_extract_2026-06-15,Jabal Ali First,Al Furjan,Jabal Ali First,none,community centre,591,Jabal Ali First,sales area: Dubai Municipality community name,jabalalifirst,the middle of the project's own community; the exact plot is not in our data yet
PN2274,2274,The Valley-Nara,register_extract_2026-06-15,Al Yufrah 1,,THE VALLEY,community centre,community centre,915,Al Yufrah 1,sales area: app district,alyufrah1,already a community centre on the card (district|name key); the project-number entry lets pages without a card use it too
PN2279,2279,The Pulse Villas 2,register_extract_2026-06-15,Madinat Al Mataar,Dubai South Residential District,Madinat Al Mataar,none,community centre,521,Madinat Al Mataar,sales area: Dubai Municipality community name,madinatalmataar,the middle of the project's own community; the exact plot is not in our data yet
PN2282,2282,The Royal Estate Plot 2 Phase A,register_extract_2026-06-15,Dubai Investment Park First,Dubai Investment Park First,,none,community centre,598,Dubai Investment Park First,register master community: register master community,dubaiinvestmentparkfirst,the middle of the project's own community; the exact plot is not in our data yet
PN2283,2283,CAVALLI CASA TOWER,register_extract_2026-06-15,Al Safouh Second,Site A,TECOM SITE A,none,community centre,382,Al Safouh Second,register master community: register master community,(outside the 42 districts),the middle of the project's own community; the exact plot is not in our data yet
PN2285,2285,Jebel Ali Village,register_extract_2026-06-15,Jabal Ali First,Jabal Ali Village,Jabal Ali First,none,community centre,591,Jabal Ali First,sales area: Dubai Municipality community name,jabalalifirst,the middle of the project's own community; the exact plot is not in our data yet
PN2287,2287,CHORISIA 1 VILLAS,register_extract_2026-06-15,Wadi Al Safa 3,Al Barari,,community centre,community centre,645,Wadi Al Safa 3,register master community: register master community,majan,already a community centre on the card (district|name key); the project-number entry lets pages without a card use it too
PN2288,2288,MR. C RESIDENCES JUMEIRAH,register_extract_2026-06-15,Jumeirah Second,Dubai Water Canal,,none,community centre,342,Jumeira Second,register area: alias ('Jumeirah' is the register's spelling of 'Jumeira'; the lands register ties its parcels labelled 'Jumeirah Second' to community 342),(outside the 42 districts),the middle of the project's own community; the exact plot is not in our data yet
PN2289,2289,REEM TOWNHOUSES,register_extract_2026-06-15,Al Yelayiss 2,TOWN SQUARE,Al Yelayiss 2,none,community centre,922,Al Yalayis 2,sales area: alias ('Yelayiss' is the register's spelling of 'Yalayis'; the lands register ties its parcels labelled 'Al Yelayiss 2' to community 922),alyelayiss2,the middle of the project's own community; the exact plot is not in our data yet
PN2290,2290,Arabian Ranches lll - June,register_extract_2026-06-15,Wadi Al Safa 5,,Wadi Al Safa 5,community centre,community centre,648,Wadi Al Safa 5,sales area: app district,wadialsafa5,already a community centre on the card (district|name key); the project-number entry lets pages without a card use it too
PN2291,2291,La Rosa 6,register_extract_2026-06-15,Wadi Al Safa 5,,VILLANOVA,community centre,community centre,648,Wadi Al Safa 5,register area: app district,wadialsafa5,already a community centre on the card (district|name key); the project-number entry lets pages without a card use it too
PN2292,2292,Sevilla Village,register_extract_2026-06-15,Al Hebiah Fourth,Dubai Sports City,Al Hebiah Fourth,none,community centre,682,Al Hebiah Fourth,sales area: Dubai Municipality community name,dubaisportscity,the middle of the project's own community; the exact plot is not in our data yet
PN2293,2293,DAMAC HILLS (2) - VICTORIA 2,register_extract_2026-06-15,Madinat Hind 4,DAMAC HILLS 2,Madinat Hind 4,none,community centre,914,Madinat Hind 4,sales area: Dubai Municipality community name,madinathind4,the middle of the project's own community; the exact plot is not in our data yet
PN2298,2298,Elysee III by Pantheon,register_extract_2026-06-15,Al Barsha South Fourth,Jumeirah Village Circle,JUMEIRAH VILLAGE CIRCLE,none,community centre,681,Al Barsha South Fourth,sales area: register master community,jumeirahvillagecircle,the middle of the project's own community; the exact plot is not in our data yet
PN2299,2299,Port De La Mer - La Sirene 2,register_extract_2026-06-15,Jumeirah First,LA MER,LA MER,none,community centre,332,Jumeira First,sales area: register master community,(outside the 42 districts),the middle of the project's own community; the exact plot is not in our data yet
PN2303,2303,The Valley - Talia,register_extract_2026-06-15,Al Yufrah 1,,Al Yufrah 1,community centre,community centre,915,Al Yufrah 1,sales area: Dubai Municipality community name,alyufrah1,already a community centre on the card (district|name key); the project-number entry lets pages without a card use it too
PN2306,2306,The Pulse- Beachfront,register_extract_2026-06-15,Madinat Al Mataar,Dubai South Residential District,Madinat Al Mataar,community centre,community centre,521,Madinat Al Mataar,sales area: Dubai Municipality community name,madinatalmataar,already a community centre on the card (district|name key); the project-number entry lets pages without a card use it too
PN2307,2307,Golden Wood Views -1,register_extract_2026-06-15,Al Barsha South Fifth,Jumeirah Village Triangle,,none,community centre,684,Al Barsha South Fifth,register master community: register master community,jumeirahvillagetriangle,the middle of the project's own community; the exact plot is not in our data yet
PN2311,2311,Arabian Ranches lll - Elie Saab,register_extract_2026-06-15,Wadi Al Safa 5,,Wadi Al Safa 5,none,community centre,648,Wadi Al Safa 5,sales area: app district,wadialsafa5,the middle of the project's own community; the exact plot is not in our data yet
PN2314,2314,The Royal Estate Plot 2 Phase B,register_extract_2026-06-15,Dubai Investment Park First,Dubai Investment Park First,,none,community centre,598,Dubai Investment Park First,register master community: register master community,dubaiinvestmentparkfirst,the middle of the project's own community; the exact plot is not in our data yet
PN2316,2316,DAMAC LAGOONS - SANTORINI (1),register_extract_2026-06-15,Al Hebiah Fifth,DAMAC Lagoons,Al Hebiah Fifth,none,community centre,683,Al Hebiah Fifth,sales area: Dubai Municipality community name,alhebiahfifth,the middle of the project's own community; the exact plot is not in our data yet
PN2317,2317,DAMAC LAGOONS - SANTORINI (2),register_extract_2026-06-15,Al Hebiah Fifth,DAMAC Lagoons,Al Hebiah Fifth,none,community centre,683,Al Hebiah Fifth,sales area: Dubai Municipality community name,alhebiahfifth,the middle of the project's own community; the exact plot is not in our data yet
PN2319,2319,موتر سيتي هيلز المرحلة الاولى,register_extract_2026-06-15,Al Hebiah First,Motor City,,none,community centre,674,Al Hebiah First,register master community: register master community,motorcity,the middle of the project's own community; the exact plot is not in our data yet
PN2320,2320,DAMAC LAGOONS - SANTORINI (3),register_extract_2026-06-15,Al Hebiah Fifth,DAMAC Lagoons,Al Hebiah Fifth,none,community centre,683,Al Hebiah Fifth,sales area: Dubai Municipality community name,alhebiahfifth,the middle of the project's own community; the exact plot is not in our data yet
PN2322,2322,Alaya,register_extract_2026-06-15,Al Hebiah Fourth,TILAL AL GHAF,Al Hebiah Fourth,none,community centre,682,Al Hebiah Fourth,sales area: Dubai Municipality community name,dubaisportscity,the middle of the project's own community; the exact plot is not in our data yet
PN2328,2328,The Pulse Beachfront 2,register_extract_2026-06-15,Madinat Al Mataar,Dubai World Central,Madinat Al Mataar,community centre,community centre,521,Madinat Al Mataar,sales area: Dubai Municipality community name,madinatalmataar,already a community centre on the card (district|name key); the project-number entry lets pages without a card use it too
PN2329,2329,DAMAC LAGOONS - COSTA BRAVA (1),register_extract_2026-06-15,Al Hebiah Fifth,DAMAC Lagoons,Al Hebiah Fifth,none,community centre,683,Al Hebiah Fifth,sales area: Dubai Municipality community name,alhebiahfifth,the middle of the project's own community; the exact plot is not in our data yet
PN2330,2330,DAMAC LAGOONS - COSTA BRAVA (2),register_extract_2026-06-15,Al Hebiah Fifth,DAMAC Lagoons,Al Hebiah Fifth,none,community centre,683,Al Hebiah Fifth,sales area: Dubai Municipality community name,alhebiahfifth,the middle of the project's own community; the exact plot is not in our data yet
PN2331,2331,Bulgari Ocean Mansions,register_extract_2026-06-15,Island 2,Jumeira Bay,,none,community centre,302,Jumeira Bay,land register: the register's land records of this project (DM_ZIP_CODE 302),(outside the 42 districts),"land records say community 302, not the 304 that the register master community 'Jumeira Bay' gives: land records win"
PN2332,2332,PORT DE LA MER - LE SOLEIL,register_extract_2026-06-15,Jumeirah First,LA MER,Jumeirah First,none,community centre,332,Jumeira First,sales area: alias ('Jumeirah' is the register's spelling of 'Jumeira'; the lands register ties its parcels labelled 'Jumeirah First' to community 332),(outside the 42 districts),the middle of the project's own community; the exact plot is not in our data yet
PN2335,2335,DAMAC LAGOONS - NICE 1,register_extract_2026-06-15,Al Hebiah Fifth,DAMAC Lagoons,Al Hebiah Fifth,none,community centre,683,Al Hebiah Fifth,sales area: Dubai Municipality community name,alhebiahfifth,the middle of the project's own community; the exact plot is not in our data yet
PN2336,2336,DAMAC LAGOONS - NICE 2,register_extract_2026-06-15,Al Hebiah Fifth,DAMAC Lagoons,Al Hebiah Fifth,none,community centre,683,Al Hebiah Fifth,sales area: Dubai Municipality community name,alhebiahfifth,the middle of the project's own community; the exact plot is not in our data yet
PN2337,2337,Tilal AL Furjan- Phase Two,register_extract_2026-06-15,Jabal Ali First,Al Furjan,Jabal Ali First,none,community centre,591,Jabal Ali First,sales area: Dubai Municipality community name,jabalalifirst,the middle of the project's own community; the exact plot is not in our data yet
PN2338,2338,Tilal AL Furjan- Phase One,register_extract_2026-06-15,Jabal Ali First,Al Furjan,Jabal Ali First,none,community centre,591,Jabal Ali First,sales area: Dubai Municipality community name,jabalalifirst,the middle of the project's own community; the exact plot is not in our data yet
PN2346,2346,Arabian Ranches lll - Elie Saab ll,register_extract_2026-06-15,Wadi Al Safa 5,,Wadi Al Safa 5,none,community centre,648,Wadi Al Safa 5,sales area: app district,wadialsafa5,the middle of the project's own community; the exact plot is not in our data yet
PN2347,2347,Gardenia Townhomes II,register_extract_2026-06-15,Jabal Ali First,Wasl Gate,Jabal Ali First,none,community centre,591,Jabal Ali First,sales area: Dubai Municipality community name,jabalalifirst,the middle of the project's own community; the exact plot is not in our data yet
PN2348,2348,La Violeta 1,register_extract_2026-06-15,Wadi Al Safa 5,,VILLANOVA,community centre,community centre,648,Wadi Al Safa 5,register area: app district,wadialsafa5,already a community centre on the card (district|name key); the project-number entry lets pages without a card use it too
PN2351,2351,180 Degree,register_extract_2026-06-15,Wadi Al Safa 2,Liwan1,,none,community centre,643,Wadi Al Safa 2,register master community: register master community,liwan1,the middle of the project's own community; the exact plot is not in our data yet
PN2354,2354,La Violeta 2,register_extract_2026-06-15,Wadi Al Safa 5,,VILLANOVA,community centre,community centre,648,Wadi Al Safa 5,register area: app district,wadialsafa5,already a community centre on the card (district|name key); the project-number entry lets pages without a card use it too
PN2355,2355,Arabian Ranches lll - Bliss 2,register_extract_2026-06-15,Wadi Al Safa 5,,Wadi Al Safa 5,community centre,community centre,648,Wadi Al Safa 5,sales area: app district,wadialsafa5,already a community centre on the card (district|name key); the project-number entry lets pages without a card use it too
PN2356,2356,DAMAC LAGOONS - PORTOFINO,register_extract_2026-06-15,Al Hebiah Fifth,DAMAC Lagoons,Al Hebiah Fifth,none,community centre,683,Al Hebiah Fifth,sales area: Dubai Municipality community name,alhebiahfifth,the middle of the project's own community; the exact plot is not in our data yet
PN2357,2357,DAMAC HILLS (2) - AMARGO 2,register_extract_2026-06-15,Madinat Hind 4,DAMAC HILLS 2,Madinat Hind 4,none,community centre,914,Madinat Hind 4,sales area: Dubai Municipality community name,madinathind4,the middle of the project's own community; the exact plot is not in our data yet
PN2358,2358,DAMAC HILLS - GOLF GATE,register_extract_2026-06-15,Al Hebiah Third,DAMAC HILLS,DAMAC HILLS,none,community centre,676,Al Hebiah Third,sales area: register master community,damachills,the middle of the project's own community; the exact plot is not in our data yet
PN2367,2367,The Pulse Beachfront 3,register_extract_2026-06-15,Madinat Al Mataar,Dubai South Residential District,Madinat Al Mataar,community centre,community centre,521,Madinat Al Mataar,sales area: Dubai Municipality community name,madinatalmataar,already a community centre on the card (district|name key); the project-number entry lets pages without a card use it too
PN2368,2368,1 Residences,register_extract_2026-06-15,Al Kifaf,Wasl 1,Al Kifaf,none,community centre,324,Al Kifaf,sales area: Dubai Municipality community name,(outside the 42 districts),the middle of the project's own community; the exact plot is not in our data yet
PN2369,2369,Jadeel -Madinat Jumeirah Living,register_extract_2026-06-15,Um Suqaim Third,,Um Suqaim Third,none,community centre,366,Umm Suqeim Third,sales area: alias ('Um Suqaim' is the register's spelling of 'Umm Suqeim'; the lands register ties its parcels labelled 'Um Suqaim Third' to community 366),(outside the 42 districts),the middle of the project's own community; the exact plot is not in our data yet
PN2373,2373,Greenview 3,register_extract_2026-06-15,Madinat Al Mataar,Dubai World Central,Madinat Al Mataar,community centre,community centre,521,Madinat Al Mataar,sales area: Dubai Municipality community name,madinatalmataar,already a community centre on the card (district|name key); the project-number entry lets pages without a card use it too
PN2374,2374,DAMAC CITY,register_extract_2026-06-15,Al Wasl,Dubai Water Canal,DUBAI WATER CANAL,none,community centre,343,Al Wasl,register area: app district,alwasl,the middle of the project's own community; the exact plot is not in our data yet
PN2375,2375,Jebel Ali Village Townhouses- Phase 1,register_extract_2026-06-15,Jabal Ali First,Jabal Ali Village,Jabal Ali First,none,community centre,591,Jabal Ali First,sales area: Dubai Municipality community name,jabalalifirst,the middle of the project's own community; the exact plot is not in our data yet
PN2384,2384,Jebel Ali Village Townhouses - Phase 2,register_extract_2026-06-15,Jabal Ali First,Jabal Ali Village,Jabal Ali First,none,community centre,591,Jabal Ali First,sales area: Dubai Municipality community name,jabalalifirst,the middle of the project's own community; the exact plot is not in our data yet
PN2387,2387,Jebel Ali Village Townhouses - Phase 3,register_extract_2026-06-15,Jabal Ali First,Jabal Ali Village,Jabal Ali First,none,community centre,591,Jabal Ali First,sales area: Dubai Municipality community name,jabalalifirst,the middle of the project's own community; the exact plot is not in our data yet
PN2388,2388,One Za'abeel,register_extract_2026-06-15,Zaabeel First,,Zaabeel First,none,community centre,325,Zaa'beel First,sales area: Dubai Municipality community name,(outside the 42 districts),the middle of the project's own community; the exact plot is not in our data yet
PN2389,2389,DAMAC HILLS - CAVALLI ESTATES,register_extract_2026-06-15,Al Hebiah Third,DAMAC HILLS,Al Hebiah Third,none,community centre,676,Al Hebiah Third,sales area: Dubai Municipality community name,damachills,the middle of the project's own community; the exact plot is not in our data yet
PN2390,2390,Nad Al Sheba Gardens Phase 2,register_extract_2026-06-15,Nad Al Shiba First,Nad Al Sheba Gardens,Nad Al Shiba First,community centre,community centre,618,Nadd Al Shiba First,sales area: alias ('Nad' is the register's spelling of 'Nadd'; the lands register ties its parcels labelled 'Nad Al Shiba First' to community 618),"goldensymphony,meydanone,sobhaheartland",already a community centre on the card (district|name key); the project-number entry lets pages without a card use it too
PN2394,2394,Verdana (Phase 1),register_extract_2026-06-15,Dubai Investment Park First,Dubai Investment Park First,Dubai Investment Park First,none,community centre,598,Dubai Investment Park First,sales area: register master community,dubaiinvestmentparkfirst,the middle of the project's own community; the exact plot is not in our data yet
PN2396,2396,DAMAC LAGOONS - VENICE (1),register_extract_2026-06-15,Al Hebiah Fifth,DAMAC Lagoons,Al Hebiah Fifth,none,community centre,683,Al Hebiah Fifth,sales area: Dubai Municipality community name,alhebiahfifth,the middle of the project's own community; the exact plot is not in our data yet
PN2399,2399,Mudon Al Ranim 1,register_extract_2026-06-15,Al Hebiah Sixth,Mudon,Al Hebiah Sixth,none,community centre,677,Al Hebiah Sixth,sales area: Dubai Municipality community name,(outside the 42 districts),the middle of the project's own community; the exact plot is not in our data yet
PN2400,2400,DAMAC LAGOONS - MALTA (1),register_extract_2026-06-15,Al Hebiah Fifth,,Al Hebiah Fifth,none,community centre,683,Al Hebiah Fifth,sales area: Dubai Municipality community name,alhebiahfifth,the middle of the project's own community; the exact plot is not in our data yet
PN2401,2401,DAMAC LAGOONS - MALTA (2),register_extract_2026-06-15,Al Hebiah Fifth,,Al Hebiah Fifth,none,community centre,683,Al Hebiah Fifth,sales area: Dubai Municipality community name,alhebiahfifth,the middle of the project's own community; the exact plot is not in our data yet
PN2405,2405,SHAMS TOWNHOUSES,register_extract_2026-06-15,Al Yelayiss 2,TOWN SQUARE,Al Yelayiss 2,community centre,community centre,922,Al Yalayis 2,sales area: alias ('Yelayiss' is the register's spelling of 'Yalayis'; the lands register ties its parcels labelled 'Al Yelayiss 2' to community 922),alyelayiss2,already a community centre on the card (district|name key); the project-number entry lets pages without a card use it too
PN2407,2407,Al Jazi - Madinat Jumeriah Living,register_extract_2026-06-15,Um Suqaim Third,,Um Suqaim Third,none,community centre,366,Umm Suqeim Third,sales area: alias ('Um Suqaim' is the register's spelling of 'Umm Suqeim'; the lands register ties its parcels labelled 'Um Suqaim Third' to community 366),(outside the 42 districts),the middle of the project's own community; the exact plot is not in our data yet
PN2408,2408,THE S TOWER,register_extract_2026-06-15,Al Safouh Second,Site A,TECOM SITE A,none,community centre,382,Al Safouh Second,register master community: register master community,(outside the 42 districts),the middle of the project's own community; the exact plot is not in our data yet
PN2413,2413,Verdana(Phase 2),register_extract_2026-06-15,Dubai Investment Park First,Dubai Investment Park First,Dubai Investment Park First,none,community centre,598,Dubai Investment Park First,sales area: register master community,dubaiinvestmentparkfirst,the middle of the project's own community; the exact plot is not in our data yet
PN2419,2419,Mudon Al Ranim 2,register_extract_2026-06-15,Al Hebiah Sixth,Mudon,Al Hebiah Sixth,none,community centre,677,Al Hebiah Sixth,sales area: Dubai Municipality community name,(outside the 42 districts),the middle of the project's own community; the exact plot is not in our data yet
PN2423,2423,Address Hillcrest,register_extract_2026-06-15,Hadaeq Sheikh Mohammed Bin Rashid,DUBAI HILLS,Hadaeq Sheikh Mohammed Bin Rashid,none,community centre,631,Hadaeq Sheikh Mohammed Bin Rashid,sales area: Dubai Municipality community name,dubaihills,the middle of the project's own community; the exact plot is not in our data yet
PN2433,2433,SAMANA MIAMI,register_extract_2026-06-15,Al Barsha South Fourth,Jumeirah Village Circle,JUMEIRAH VILLAGE CIRCLE,none,community centre,681,Al Barsha South Fourth,sales area: register master community,jumeirahvillagecircle,the middle of the project's own community; the exact plot is not in our data yet
PN2438,2438,The Autograph,register_extract_2026-06-15,Al Barsha South Fourth,Jumeirah Village Circle,JUMEIRAH VILLAGE CIRCLE,none,community centre,681,Al Barsha South Fourth,sales area: register master community,jumeirahvillagecircle,the middle of the project's own community; the exact plot is not in our data yet
PN2444,2444,Mudon Al Ranim 3,register_extract_2026-06-15,Al Hebiah Sixth,Mudon,Al Hebiah Sixth,none,community centre,677,Al Hebiah Sixth,sales area: Dubai Municipality community name,(outside the 42 districts),the middle of the project's own community; the exact plot is not in our data yet
PN2445,2445,CHORISIA 2 VILLAS,register_extract_2026-06-15,Wadi Al Safa 3,,Wadi Al Safa 3,community centre,community centre,645,Wadi Al Safa 3,sales area: Dubai Municipality community name,majan,already a community centre on the card (district|name key); the project-number entry lets pages without a card use it too
PN2452,2452,South Bay 1,register_extract_2026-06-15,Madinat Al Mataar,Dubai South Residential District,Madinat Al Mataar,community centre,community centre,521,Madinat Al Mataar,sales area: Dubai Municipality community name,madinatalmataar,already a community centre on the card (district|name key); the project-number entry lets pages without a card use it too
PN2453,2453,MAYA townhouses,register_extract_2026-06-15,Wadi Al Safa 3,Living Legends,LIVING LEGENDS,none,community centre,645,Wadi Al Safa 3,sales area: register master community,majan,the middle of the project's own community; the exact plot is not in our data yet
PN2456,2456,DAMAC HILLS - GEMS ESTATES 1,register_extract_2026-06-15,Al Hebiah Third,DAMAC HILLS,Al Hebiah Third,none,community centre,676,Al Hebiah Third,sales area: Dubai Municipality community name,damachills,the middle of the project's own community; the exact plot is not in our data yet
PN2457,2457,DAMAC HILLS - GEMS ESTATES 2,register_extract_2026-06-15,Al Hebiah Third,DAMAC HILLS,,none,community centre,676,Al Hebiah Third,register master community: register master community,damachills,the middle of the project's own community; the exact plot is not in our data yet
PN2462,2462,LA PERLA HOMES 10,register_extract_2026-06-15,Al Barsha South Fourth,Jumeirah Village Circle,JUMEIRAH VILLAGE CIRCLE,none,community centre,681,Al Barsha South Fourth,sales area: register master community,jumeirahvillagecircle,the middle of the project's own community; the exact plot is not in our data yet
PN2463,2463,LA PERLA HOMES 12,register_extract_2026-06-15,Al Barsha South Fourth,Jumeirah Village Circle,,none,community centre,681,Al Barsha South Fourth,register master community: register master community,jumeirahvillagecircle,the middle of the project's own community; the exact plot is not in our data yet
PN2465,2465,Opalz By Danube,register_extract_2026-06-15,Al Barshaa South Second,Dubai Science Park,DUBAI SCIENCE PARK,none,community centre,672,Al Barsha South Second,sales area: register master community,dubaisciencepark,the middle of the project's own community; the exact plot is not in our data yet
PN2468,2468,AL HELAL AL ZAHABY 3,register_extract_2026-06-15,Warsan Fourth,International City Phase 3,INTERNATIONAL CITY PH 2 & 3,none,community centre,624,Warsan Fourth,register master community: register master community,(outside the 42 districts),the middle of the project's own community; the exact plot is not in our data yet
PN2471,2471,Lamaa,register_extract_2026-06-15,Um Suqaim Third,,Um Suqaim Third,none,community centre,366,Umm Suqeim Third,sales area: alias ('Um Suqaim' is the register's spelling of 'Umm Suqeim'; the lands register ties its parcels labelled 'Um Suqaim Third' to community 366),(outside the 42 districts),the middle of the project's own community; the exact plot is not in our data yet
PN2477,2477,Luxury Family Residence III,register_extract_2026-06-15,Business Bay,Business Bay,BUSINESS BAY,none,community centre,346,Business Bay,sales area: register master community,businessbay,the middle of the project's own community; the exact plot is not in our data yet
PN2479,2479,The Valley - Farm Gardens,register_extract_2026-06-15,Al Yufrah 1,,Al Yufrah 1,none,community centre,915,Al Yufrah 1,sales area: Dubai Municipality community name,alyufrah1,the middle of the project's own community; the exact plot is not in our data yet
PN2484,2484,Nad Al Sheba Gardens Phase 3,register_extract_2026-06-15,Nad Al Shiba First,Nad Al Sheba Gardens,Nad Al Shiba First,community centre,community centre,618,Nadd Al Shiba First,sales area: alias ('Nad' is the register's spelling of 'Nadd'; the lands register ties its parcels labelled 'Nad Al Shiba First' to community 618),"goldensymphony,meydanone,sobhaheartland",already a community centre on the card (district|name key); the project-number entry lets pages without a card use it too
PN2486,2486,DAMAC LAGOONS - IBIZA,register_extract_2026-06-15,Al Hebiah Fifth,,Al Hebiah Fifth,none,community centre,683,Al Hebiah Fifth,sales area: Dubai Municipality community name,alhebiahfifth,the middle of the project's own community; the exact plot is not in our data yet
PN2487,2487,DAMAC LAGOONS - MYKONOS,register_extract_2026-06-15,Al Hebiah Fifth,,Al Hebiah Fifth,none,community centre,683,Al Hebiah Fifth,sales area: Dubai Municipality community name,alhebiahfifth,the middle of the project's own community; the exact plot is not in our data yet
PN2488,2488,DAMAC LAGOONS - MONTE CARLO,register_extract_2026-06-15,Al Hebiah Fifth,,Al Hebiah Fifth,none,community centre,683,Al Hebiah Fifth,sales area: Dubai Municipality community name,alhebiahfifth,the middle of the project's own community; the exact plot is not in our data yet
PN2489,2489,DAMAC LAGOONS - MARBELLA,register_extract_2026-06-15,Al Hebiah Fifth,,Al Hebiah Fifth,none,community centre,683,Al Hebiah Fifth,sales area: Dubai Municipality community name,alhebiahfifth,the middle of the project's own community; the exact plot is not in our data yet
PN2490,2490,MAHA TOWNHOUSES,register_extract_2026-06-15,Al Yelayiss 2,TOWN SQUARE,Al Yelayiss 2,community centre,community centre,922,Al Yalayis 2,sales area: alias ('Yelayiss' is the register's spelling of 'Yalayis'; the lands register ties its parcels labelled 'Al Yelayiss 2' to community 922),alyelayiss2,already a community centre on the card (district|name key); the project-number entry lets pages without a card use it too
PN2495,2495,Petalz By Danube,register_extract_2026-06-15,Al Warsan First,WARSAN FIRST DEVELOPMENT,Warsan First,none,community centre,621,Warsan First,sales area: Dubai Municipality community name,(outside the 42 districts),the middle of the project's own community; the exact plot is not in our data yet
PN2496,2496,EQUITI APARTMENTS,register_extract_2026-06-15,Warsan Fourth,International City Phase 3,INTERNATIONAL CITY PH 2 & 3,none,community centre,624,Warsan Fourth,register master community: register master community,(outside the 42 districts),the middle of the project's own community; the exact plot is not in our data yet
PN2498,2498,LANAI Island,register_extract_2026-06-15,Al Hebiah Fourth,TILAL AL GHAF,,none,community centre,682,Al Hebiah Fourth,register master community: register master community,dubaisportscity,the middle of the project's own community; the exact plot is not in our data yet
PN2503,2503,"Mohammed Bin Rashid Al Maktoum City, District 11- Opal Gardens",register_extract_2026-06-15,Wadi Al Safa 3,Mohammed Bin Rashid AL Maktoum District 11,Wadi Al Safa 3,community centre,community centre,645,Wadi Al Safa 3,sales area: Dubai Municipality community name,majan,already a community centre on the card (district|name key); the project-number entry lets pages without a card use it too
PN2507,2507,Bulgari Lighthouse Dubai,register_extract_2026-06-15,Island 2,Jumeira Bay,Island 2,none,community centre,302,Jumeira Bay,land register: the register's land records of this project (DM_ZIP_CODE 302),(outside the 42 districts),"land records say community 302, not the 304 that the register master community 'Jumeira Bay' gives: land records win"
PN2509,2509,399 Hills Park A,register_extract_2026-06-15,Hadaeq Sheikh Mohammed Bin Rashid,Dubai Hills Estate,,none,community centre,631,Hadaeq Sheikh Mohammed Bin Rashid,register master community: register master community,dubaihills,the middle of the project's own community; the exact plot is not in our data yet
PN2510,2510,399 Hills Park B,register_extract_2026-06-15,Hadaeq Sheikh Mohammed Bin Rashid,Dubai Hills Estate,DUBAI HILLS,none,community centre,631,Hadaeq Sheikh Mohammed Bin Rashid,sales area: register master community,dubaihills,the middle of the project's own community; the exact plot is not in our data yet
PN2511,2511,The Valley - Elora,register_extract_2026-06-15,Al Yufrah 1,,Al Yufrah 1,community centre,community centre,915,Al Yufrah 1,sales area: Dubai Municipality community name,alyufrah1,already a community centre on the card (district|name key); the project-number entry lets pages without a card use it too
PN2514,2514,Rukan Residence,register_extract_2026-06-15,Wadi Al Safa 7,Rukan,Wadi Al Safa 7,none,community centre,665,Wadi Al Safa 7,sales area: Dubai Municipality community name,(outside the 42 districts),the middle of the project's own community; the exact plot is not in our data yet
PN2519,2519,Fairway Villas,register_extract_2026-06-15,Madinat Al Mataar,Dubai World Central,Madinat Al Mataar,none,community centre,521,Madinat Al Mataar,sales area: Dubai Municipality community name,madinatalmataar,the middle of the project's own community; the exact plot is not in our data yet
PN2534,2534,Arabian Ranches lll - Anya,register_extract_2026-06-15,Wadi Al Safa 5,,Wadi Al Safa 5,community centre,community centre,648,Wadi Al Safa 5,sales area: app district,wadialsafa5,already a community centre on the card (district|name key); the project-number entry lets pages without a card use it too
PN2542,2542,Signature Mansions,register_extract_2026-06-15,Me'Aisem First,Jumeirah Golf Estates,JUMEIRAH GOLF,none,community centre,685,Me'aisem First,register master community: register master community,dubaiproductioncity,the middle of the project's own community; the exact plot is not in our data yet
PN2543,2543,DAMAC HILLS (2) - FARMHOUSES,register_extract_2026-06-15,Madinat Hind 4,DAMAC HILLS 2,,none,community centre,914,Madinat Hind 4,register master community: register master community,madinathind4,the middle of the project's own community; the exact plot is not in our data yet
PN2548,2548,DAMAC HILLS (2) - CAMELIA,register_extract_2026-06-15,Madinat Hind 4,DAMAC HILLS 2,Madinat Hind 4,none,community centre,914,Madinat Hind 4,sales area: Dubai Municipality community name,madinathind4,the middle of the project's own community; the exact plot is not in our data yet
PN2549,2549,Mudon Al Ranim 4,register_extract_2026-06-15,Al Hebiah Sixth,Mudon,Al Hebiah Sixth,none,community centre,677,Al Hebiah Sixth,sales area: Dubai Municipality community name,(outside the 42 districts),the middle of the project's own community; the exact plot is not in our data yet
PN2553,2553,Bianca,register_extract_2026-06-15,Wadi Al Safa 2,,Wadi Al Safa 2,community centre,community centre,643,Wadi Al Safa 2,sales area: Dubai Municipality community name,liwan1,already a community centre on the card (district|name key); the project-number entry lets pages without a card use it too
PN2569,2569,فندق ميسك,register_extract_2026-06-15,Palm Jumeirah,Palm Jumeirah,,none,community centre,381,Nakhlat Jumeira,register master community: register master community,palmjumeirah,the middle of the project's own community; the exact plot is not in our data yet
PN2576,2576,Park Views Residences B,register_extract_2026-06-15,Al Kifaf,Wasl 1,Al Kifaf,none,community centre,324,Al Kifaf,sales area: Dubai Municipality community name,(outside the 42 districts),the middle of the project's own community; the exact plot is not in our data yet
PN2577,2577,MAG 22,register_extract_2026-06-15,Nad Al Shiba First,Nad Al Sheba Gardens,NAD AL SHEBA GARDENS,none,community centre,618,Nadd Al Shiba First,sales area: register master community,"goldensymphony,meydanone,sobhaheartland",the middle of the project's own community; the exact plot is not in our data yet
PN2580,2580,EOME,register_extract_2026-06-15,Palm Jumeirah,Palm Jumeirah,PALM JUMEIRAH,none,community centre,381,Nakhlat Jumeira,sales area: register master community,palmjumeirah,the middle of the project's own community; the exact plot is not in our data yet
PN2582,2582,Jomana,register_extract_2026-06-15,Um Suqaim Third,,Um Suqaim Third,none,community centre,366,Umm Suqeim Third,sales area: alias ('Um Suqaim' is the register's spelling of 'Umm Suqeim'; the lands register ties its parcels labelled 'Um Suqaim Third' to community 366),(outside the 42 districts),the middle of the project's own community; the exact plot is not in our data yet
PN2584,2584,South Bay 2,register_extract_2026-06-15,Madinat Al Mataar,Dubai South Residential District,Madinat Al Mataar,community centre,community centre,521,Madinat Al Mataar,sales area: Dubai Municipality community name,madinatalmataar,already a community centre on the card (district|name key); the project-number entry lets pages without a card use it too
PN2586,2586,.,register_extract_2026-06-15,World Islands,The World,,none,community centre,303,World Islands,register master community: register master community,(outside the 42 districts),the middle of the project's own community; the exact plot is not in our data yet
PN2588,2588,ZAYA ZUHA ISLAND,register_extract_2026-06-15,World Islands,The World,THE WORLD,none,community centre,303,World Islands,sales area: register master community,(outside the 42 districts),the middle of the project's own community; the exact plot is not in our data yet
PN2590,2590,Palm Jebel Ali - Frond P,register_extract_2026-06-15,Palm Jabal Ali,Palm Jabal Ali,Palm Jabal Ali,none,community centre,501,Nakhlat Jabal Ali,sales area: register master community,(outside the 42 districts),the middle of the project's own community; the exact plot is not in our data yet
PN2592,2592,Palm Jebel Ali - Frond O,register_extract_2026-06-15,Palm Jabal Ali,Palm Jabal Ali,Palm Jabal Ali,none,community centre,501,Nakhlat Jabal Ali,sales area: register master community,(outside the 42 districts),the middle of the project's own community; the exact plot is not in our data yet
PN2593,2593,Palm Jebel Ali - Frond N,register_extract_2026-06-15,Palm Jabal Ali,Palm Jabal Ali,Palm Jabal Ali,none,community centre,501,Nakhlat Jabal Ali,sales area: register master community,(outside the 42 districts),the middle of the project's own community; the exact plot is not in our data yet
PN2594,2594,Palm Jebel Ali - Frond M,register_extract_2026-06-15,Palm Jabal Ali,Palm Jabal Ali,Palm Jabal Ali,none,community centre,501,Nakhlat Jabal Ali,sales area: register master community,(outside the 42 districts),the middle of the project's own community; the exact plot is not in our data yet
PN2595,2595,Palm Jebel Ali - Frond L,register_extract_2026-06-15,Palm Jabal Ali,Palm Jabal Ali,Palm Jabal Ali,none,community centre,501,Nakhlat Jabal Ali,sales area: register master community,(outside the 42 districts),the middle of the project's own community; the exact plot is not in our data yet
PN2596,2596,Palm Jebel Ali - Frond K,register_extract_2026-06-15,Palm Jabal Ali,Palm Jabal Ali,Palm Jabal Ali,none,community centre,501,Nakhlat Jabal Ali,sales area: register master community,(outside the 42 districts),the middle of the project's own community; the exact plot is not in our data yet
PN2597,2597,Palm Jebel Ali - Frond J,register_extract_2026-06-15,Palm Jabal Ali,Palm Jabal Ali,,none,community centre,501,Nakhlat Jabal Ali,register master community: register master community,(outside the 42 districts),the middle of the project's own community; the exact plot is not in our data yet
PN2598,2598,Palm Jebel Ali - Frond I,register_extract_2026-06-15,Palm Jabal Ali,Palm Jabal Ali,,none,community centre,501,Nakhlat Jabal Ali,register master community: register master community,(outside the 42 districts),the middle of the project's own community; the exact plot is not in our data yet
PN2601,2601,جوري هيلز المرحلة الثانية,register_extract_2026-06-15,Me'Aisem First,Jumeirah Golf Estates,,none,community centre,685,Me'aisem First,register master community: register master community,dubaiproductioncity,the middle of the project's own community; the exact plot is not in our data yet
PN2602,2602,CANAL HEIGHTS,register_extract_2026-06-15,Business Bay,Business Bay,BUSINESS BAY,none,community centre,346,Business Bay,sales area: register master community,businessbay,the middle of the project's own community; the exact plot is not in our data yet
PN2604,2604,Fairway Villas 2,register_extract_2026-06-15,Madinat Al Mataar,Dubai World Central,Madinat Al Mataar,none,community centre,521,Madinat Al Mataar,sales area: Dubai Municipality community name,madinatalmataar,the middle of the project's own community; the exact plot is not in our data yet
PN2607,2607,DESIGN QUARTER,register_extract_2026-06-15,Zaabeel Second,Business Park,DUBAI DESIGN DISTRICT,none,community centre,337,Zaa'beel Second,register master community: register master community,(outside the 42 districts),the middle of the project's own community; the exact plot is not in our data yet
PN2609,2609,Arabian Ranches lll - Anya 2,register_extract_2026-06-15,Wadi Al Safa 5,,Wadi Al Safa 5,community centre,community centre,648,Wadi Al Safa 5,sales area: app district,wadialsafa5,already a community centre on the card (district|name key); the project-number entry lets pages without a card use it too
PN2619,2619,Biltmore Sufouh,register_extract_2026-06-15,Al Safouh First,Sufouh Gardens,SUFOUH GARDENS,none,community centre,372,Al Safouh First,sales area: register master community,(outside the 42 districts),the middle of the project's own community; the exact plot is not in our data yet
PN2623,2623,Expo City Valley,register_extract_2026-06-15,Madinat Al Mataar,Dubai World Central,Madinat Al Mataar,community centre,community centre,521,Madinat Al Mataar,sales area: Dubai Municipality community name,madinatalmataar,already a community centre on the card (district|name key); the project-number entry lets pages without a card use it too
PN2625,2625,CANAL CROWN,register_extract_2026-06-15,Business Bay,Business Bay,BUSINESS BAY,none,community centre,346,Business Bay,sales area: register master community,businessbay,the middle of the project's own community; the exact plot is not in our data yet
PN2628,2628,Estella 2,register_extract_2026-06-15,Al Hebiah Fourth,Dubai Sports City,,none,community centre,682,Al Hebiah Fourth,register master community: register master community,dubaisportscity,the middle of the project's own community; the exact plot is not in our data yet
PN2630,2630,Park Views Residences A,register_extract_2026-06-15,Al Kifaf,Wasl 1,Al Kifaf,none,community centre,324,Al Kifaf,sales area: Dubai Municipality community name,(outside the 42 districts),the middle of the project's own community; the exact plot is not in our data yet
PN2631,2631,Arabian Ranches lll - May,register_extract_2026-06-15,Wadi Al Safa 5,,Wadi Al Safa 5,community centre,community centre,648,Wadi Al Safa 5,sales area: app district,wadialsafa5,already a community centre on the card (district|name key); the project-number entry lets pages without a card use it too
PN2638,2638,Mudon Al Ranim 5,register_extract_2026-06-15,Al Hebiah Sixth,Mudon,Al Hebiah Sixth,none,community centre,677,Al Hebiah Sixth,sales area: Dubai Municipality community name,(outside the 42 districts),the middle of the project's own community; the exact plot is not in our data yet
PN2645,2645,Westwood Grande II By Imtiaz,register_extract_2026-06-15,Al Barsha South Fourth,Jumeirah Village Circle,JUMEIRAH VILLAGE CIRCLE,none,community centre,681,Al Barsha South Fourth,sales area: register master community,jumeirahvillagecircle,the middle of the project's own community; the exact plot is not in our data yet
PN2648,2648,Mudon Al Ranim 6,register_extract_2026-06-15,Al Hebiah Sixth,Mudon,Al Hebiah Sixth,none,community centre,677,Al Hebiah Sixth,sales area: Dubai Municipality community name,(outside the 42 districts),the middle of the project's own community; the exact plot is not in our data yet
PN2649,2649,اس دبليو اس للتطوير ش ذ م م,register_extract_2026-06-15,Al Barsha South Fourth,Jumeirah Village Circle,,none,community centre,681,Al Barsha South Fourth,register master community: register master community,jumeirahvillagecircle,the middle of the project's own community; the exact plot is not in our data yet
PN2653,2653,VELA by OMNIYAT,register_extract_2026-06-15,Business Bay,Business Bay,BUSINESS BAY,none,community centre,346,Business Bay,sales area: register master community,businessbay,the middle of the project's own community; the exact plot is not in our data yet
PN2680,2680,Sensoria at Five Luxe,register_extract_2026-06-15,Marsa Dubai,,Marsa Dubai,none,community centre,392,Marsa Dubai,sales area: Dubai Municipality community name,dubaimarina,the middle of the project's own community; the exact plot is not in our data yet
PN2682,2682,Le Parc Homes II,register_extract_2026-06-15,Al Barsha South Fourth,Jumeirah Village Circle,JUMEIRAH VILLAGE CIRCLE,none,community centre,681,Al Barsha South Fourth,sales area: register master community,jumeirahvillagecircle,the middle of the project's own community; the exact plot is not in our data yet
PN2689,2689,DAMAC LAGOONS - MOROCCO 1,register_extract_2026-06-15,Al Hebiah Fifth,DAMAC Lagoons,Al Hebiah Fifth,none,community centre,683,Al Hebiah Fifth,sales area: Dubai Municipality community name,alhebiahfifth,the middle of the project's own community; the exact plot is not in our data yet
PN2690,2690,DAMAC LAGOONS - MOROCCO 2,register_extract_2026-06-15,Al Hebiah Fifth,DAMAC Lagoons,Al Hebiah Fifth,none,community centre,683,Al Hebiah Fifth,sales area: Dubai Municipality community name,alhebiahfifth,the middle of the project's own community; the exact plot is not in our data yet
PN2694,2694,California Village,register_extract_2026-06-15,Wadi Al Safa 4,,Wadi Al Safa 4,community centre,community centre,646,Wadi Al Safa 4,sales area: app district,wadialsafa4,already a community centre on the card (district|name key); the project-number entry lets pages without a card use it too
PN2696,2696,Mohammed Bin Rashid Al Maktoum City District One West - Phase 1,register_extract_2026-06-15,Ghadeer Al tair,,Ghadeer Al tair,none,community centre,355,Ghadeer Al Tair,sales area: Dubai Municipality community name,(outside the 42 districts),the middle of the project's own community; the exact plot is not in our data yet
PN2699,2699,Mudon Al Ranim 7,register_extract_2026-06-15,Al Hebiah Sixth,Mudon,Al Hebiah Sixth,none,community centre,677,Al Hebiah Sixth,sales area: Dubai Municipality community name,(outside the 42 districts),the middle of the project's own community; the exact plot is not in our data yet
PN2701,2701,Mudon Al Ranim 8,register_extract_2026-06-15,Al Hebiah Sixth,Mudon,Al Hebiah Sixth,none,community centre,677,Al Hebiah Sixth,sales area: Dubai Municipality community name,(outside the 42 districts),the middle of the project's own community; the exact plot is not in our data yet
PN2704,2704,The Valley - Rivana,register_extract_2026-06-15,Al Yufrah 1,,Al Yufrah 1,community centre,community centre,915,Al Yufrah 1,sales area: Dubai Municipality community name,alyufrah1,already a community centre on the card (district|name key); the project-number entry lets pages without a card use it too
PN2709,2709,برجيل ريزيدنيس,register_extract_2026-06-15,Al Barsha South Fourth,Jumeirah Village Circle,,none,community centre,681,Al Barsha South Fourth,register master community: register master community,jumeirahvillagecircle,the middle of the project's own community; the exact plot is not in our data yet
PN2711,2711,South Bay 3 Premium,register_extract_2026-06-15,Madinat Al Mataar,Dubai South Residential District,Madinat Al Mataar,community centre,community centre,521,Madinat Al Mataar,sales area: Dubai Municipality community name,madinatalmataar,already a community centre on the card (district|name key); the project-number entry lets pages without a card use it too
PN2712,2712,Pearl House I by Imtiaz,register_extract_2026-06-15,Al Barsha South Fourth,Jumeirah Village Circle,JUMEIRAH VILLAGE CIRCLE,none,community centre,681,Al Barsha South Fourth,sales area: register master community,jumeirahvillagecircle,the middle of the project's own community; the exact plot is not in our data yet
PN2713,2713,روضة بلازا,register_extract_2026-06-15,Al Thanyah First,Barsha Heights,,none,community centre,383,Al Thanyah First,register master community: register master community,(outside the 42 districts),the middle of the project's own community; the exact plot is not in our data yet
PN2716,2716,THE WATERSIDE VILLAS BY ELLINGTON,register_extract_2026-06-15,Wadi Al Safa 3,Mohammed Bin Rashid AL Maktoum District 11,Wadi Al Safa 3,none,community centre,645,Wadi Al Safa 3,sales area: Dubai Municipality community name,majan,the middle of the project's own community; the exact plot is not in our data yet
PN2718,2718,Serenity Mansions,register_extract_2026-06-15,Al Hebiah Fourth,TILAL AL GHAF,Al Hebiah Fourth,none,community centre,682,Al Hebiah Fourth,sales area: Dubai Municipality community name,dubaisportscity,the middle of the project's own community; the exact plot is not in our data yet
PN2720,2720,Verdana 2,register_extract_2026-06-15,Dubai Investment Park First,Dubai Investment Park First,Dubai Investment Park First,none,community centre,598,Dubai Investment Park First,sales area: register master community,dubaiinvestmentparkfirst,the middle of the project's own community; the exact plot is not in our data yet
PN2730,2730,DAMAC HILLS (2) - VERONA,register_extract_2026-06-15,Madinat Hind 4,DAMAC HILLS 2,Madinat Hind 4,none,community centre,914,Madinat Hind 4,sales area: Dubai Municipality community name,madinathind4,the middle of the project's own community; the exact plot is not in our data yet
PN2732,2732,The Oasis - Palmiera,register_extract_2026-06-15,Me'Aisem Second,,Me'Aisem Second,none,community centre,686,Me'aisem Second,sales area: Dubai Municipality community name,(outside the 42 districts),the middle of the project's own community; the exact plot is not in our data yet
PN2734,2734,DAMAC HILLS (2) - VIOLET,register_extract_2026-06-15,Madinat Hind 4,DAMAC HILLS 2,Madinat Hind 4,none,community centre,914,Madinat Hind 4,sales area: Dubai Municipality community name,madinathind4,the middle of the project's own community; the exact plot is not in our data yet
PN2735,2735,DAMAC HILLS (2) - NATURA,register_extract_2026-06-15,Madinat Hind 4,DAMAC HILLS 2,Madinat Hind 4,none,community centre,914,Madinat Hind 4,sales area: Dubai Municipality community name,madinathind4,the middle of the project's own community; the exact plot is not in our data yet
PN2754,2754,ELARA,register_extract_2026-06-15,Um Suqaim Third,,Um Suqaim Third,none,community centre,366,Umm Suqeim Third,sales area: alias ('Um Suqaim' is the register's spelling of 'Umm Suqeim'; the lands register ties its parcels labelled 'Um Suqaim Third' to community 366),(outside the 42 districts),the middle of the project's own community; the exact plot is not in our data yet
PN2758,2758,MYKA SUITES,register_extract_2026-06-15,Me'Aisem First,International Media Production Zone,,none,community centre,685,Me'aisem First,register master community: register master community,dubaiproductioncity,the middle of the project's own community; the exact plot is not in our data yet
PN2759,2759,THE MELGRANO,register_extract_2026-06-15,Jumeirah Second,Dubai Water Canal,,none,community centre,342,Jumeira Second,register area: alias ('Jumeirah' is the register's spelling of 'Jumeira'; the lands register ties its parcels labelled 'Jumeirah Second' to community 342),(outside the 42 districts),the middle of the project's own community; the exact plot is not in our data yet
PN2766,2766,البراري اكسورا فيلاز,register_extract_2026-06-15,Wadi Al Safa 3,,,none,community centre,645,Wadi Al Safa 3,register area: Dubai Municipality community name,majan,the middle of the project's own community; the exact plot is not in our data yet
PN2767,2767,THE RINGS,register_extract_2026-06-15,Jumeirah Second,Dubai Water Canal,Jumeirah Second,none,community centre,342,Jumeira Second,sales area: alias ('Jumeirah' is the register's spelling of 'Jumeira'; the lands register ties its parcels labelled 'Jumeirah Second' to community 342),(outside the 42 districts),the middle of the project's own community; the exact plot is not in our data yet
PN2771,2771,The Valley - Nima,register_extract_2026-06-15,Al Yufrah 1,,Al Yufrah 1,community centre,community centre,915,Al Yufrah 1,sales area: Dubai Municipality community name,alyufrah1,already a community centre on the card (district|name key); the project-number entry lets pages without a card use it too
PN2784,2784,Reportage Village 1,register_extract_2026-06-15,Wadi Al Safa 7,,Wadi Al Safa 7,none,community centre,665,Wadi Al Safa 7,sales area: Dubai Municipality community name,(outside the 42 districts),the middle of the project's own community; the exact plot is not in our data yet
PN2787,2787,Weybridge Gardens,register_extract_2026-06-15,Wadi Al Safa 5,Dubai Land Residence Complex,DUBAI LAND RESIDENCE COMPLEX,none,community centre,648,Wadi Al Safa 5,sales area: register master community,wadialsafa5,the middle of the project's own community; the exact plot is not in our data yet
PN2793,2793,Sobha Estates,register_extract_2026-06-15,Bukadra,,Bukadra,none,community centre,611,Bu Kadra,sales area: Dubai Municipality community name,bukadra,the middle of the project's own community; the exact plot is not in our data yet
PN2794,2794,Manhattan 1 by SD,register_extract_2026-06-15,Al Barsha South Fourth,Jumeirah Village Circle,JUMEIRAH VILLAGE CIRCLE,none,community centre,681,Al Barsha South Fourth,sales area: register master community,jumeirahvillagecircle,the middle of the project's own community; the exact plot is not in our data yet
PN2801,2801,DAMAC CASA,register_extract_2026-06-15,Al Safouh Second,Site A,TECOM SITE A,none,community centre,382,Al Safouh Second,register master community: register master community,(outside the 42 districts),the middle of the project's own community; the exact plot is not in our data yet
PN2802,2802,Manhattan 2 by SD,register_extract_2026-06-15,Al Barsha South Fourth,Jumeirah Village Circle,JUMEIRAH VILLAGE CIRCLE,none,community centre,681,Al Barsha South Fourth,sales area: register master community,jumeirahvillagecircle,the middle of the project's own community; the exact plot is not in our data yet
PN2803,2803,The Valley - Alana,register_extract_2026-06-15,Al Yufrah 1,,Al Yufrah 1,community centre,community centre,915,Al Yufrah 1,sales area: Dubai Municipality community name,alyufrah1,already a community centre on the card (district|name key); the project-number entry lets pages without a card use it too
PN2819,2819,LEA,register_extract_2026-06-15,Me'Aisem First,Jumeirah Golf Estates,,none,community centre,685,Me'aisem First,register master community: register master community,dubaiproductioncity,the middle of the project's own community; the exact plot is not in our data yet
PN2826,2826,Sobha Reserve,register_extract_2026-06-15,Wadi Al Safa 2,,Wadi Al Safa 2,none,community centre,643,Wadi Al Safa 2,sales area: Dubai Municipality community name,liwan1,the middle of the project's own community; the exact plot is not in our data yet
PN2828,2828,فيكتوري ريزيدينسس,register_extract_2026-06-15,Al Hebiah Fourth,Dubai Sports City,,none,community centre,682,Al Hebiah Fourth,register master community: register master community,dubaisportscity,the middle of the project's own community; the exact plot is not in our data yet
PN2833,2833,Ashton Park Residences,register_extract_2026-06-15,Al Barsha South Fourth,Jumeirah Village Circle,JUMEIRAH VILLAGE CIRCLE,none,community centre,681,Al Barsha South Fourth,sales area: register master community,jumeirahvillagecircle,the middle of the project's own community; the exact plot is not in our data yet
PN2834,2834,MOONSA Residences,register_extract_2026-06-15,Warsan Fourth,International City Phase 3,INTERNATIONAL CITY PH 2 & 3,none,community centre,624,Warsan Fourth,register master community: register master community,(outside the 42 districts),the middle of the project's own community; the exact plot is not in our data yet
PN2836,2836,Eden House The Canal,register_extract_2026-06-15,Jumeirah Second,Dubai Water Canal,DUBAI WATER CANAL,none,community centre,342,Jumeira Second,register area: alias ('Jumeirah' is the register's spelling of 'Jumeira'; the lands register ties its parcels labelled 'Jumeirah Second' to community 342),(outside the 42 districts),the middle of the project's own community; the exact plot is not in our data yet
PN2844,2844,South Bay 4 Premium,register_extract_2026-06-15,Madinat Al Mataar,Dubai South Residential District,Madinat Al Mataar,community centre,community centre,521,Madinat Al Mataar,sales area: Dubai Municipality community name,madinatalmataar,already a community centre on the card (district|name key); the project-number entry lets pages without a card use it too
PN2846,2846,Park Gate,register_extract_2026-06-15,Hadaeq Sheikh Mohammed Bin Rashid,DUBAI HILLS,Hadaeq Sheikh Mohammed Bin Rashid,none,community centre,631,Hadaeq Sheikh Mohammed Bin Rashid,sales area: Dubai Municipality community name,dubaihills,the middle of the project's own community; the exact plot is not in our data yet
PN2857,2857,DAMAC HILLS (2) - PARK GREENS 3,register_extract_2026-06-15,Madinat Hind 4,DAMAC HILLS 2,Madinat Hind 4,none,community centre,914,Madinat Hind 4,sales area: Dubai Municipality community name,madinathind4,the middle of the project's own community; the exact plot is not in our data yet
PN2858,2858,AMARA,register_extract_2026-06-15,Al Hebiah Fourth,TILAL AL GHAF,Al Hebiah Fourth,community centre,community centre,682,Al Hebiah Fourth,sales area: Dubai Municipality community name,dubaisportscity,already a community centre on the card (district|name key); the project-number entry lets pages without a card use it too
PN2859,2859,DAMAC HILLS (2) - PARK GREENS 1,register_extract_2026-06-15,Madinat Hind 4,DAMAC HILLS 2,Madinat Hind 4,none,community centre,914,Madinat Hind 4,sales area: Dubai Municipality community name,madinathind4,the middle of the project's own community; the exact plot is not in our data yet
PN2865,2865,ICONIC,register_extract_2026-06-15,Al Safouh Second,Site A,TECOM SITE A,none,community centre,382,Al Safouh Second,register master community: register master community,(outside the 42 districts),the middle of the project's own community; the exact plot is not in our data yet
PN2873,2873,Haven By Aldar 1,register_extract_2026-06-15,Wadi Al Safa 5,,,none,community centre,648,Wadi Al Safa 5,register area: app district,wadialsafa5,the middle of the project's own community; the exact plot is not in our data yet
PN2874,2874,Haven By Aldar 2,register_extract_2026-06-15,Wadi Al Safa 5,,,none,community centre,648,Wadi Al Safa 5,register area: app district,wadialsafa5,the middle of the project's own community; the exact plot is not in our data yet
PN2875,2875,Haven By Aldar 3,register_extract_2026-06-15,Wadi Al Safa 5,,,community centre,community centre,648,Wadi Al Safa 5,register area: app district,wadialsafa5,already a community centre on the card (district|name key); the project-number entry lets pages without a card use it too
PN2878,2878,Casa Serene,register_extract_2026-06-15,Al Merkadh,SOBHA HARTLAND,,none,community centre,347,Al Merkadh,register master community: register master community,(outside the 42 districts),the middle of the project's own community; the exact plot is not in our data yet
PN2879,2879,HZ RESIDENCES 4,register_extract_2026-06-15,Warsan Fourth,International City Phase 3,INTERNATIONAL CITY PH 2 & 3,none,community centre,624,Warsan Fourth,register master community: register master community,(outside the 42 districts),the middle of the project's own community; the exact plot is not in our data yet
PN2899,2899,Bay Villas - Dubai Islands,register_extract_2026-06-15,Palm Deira,Palm Deira,Palm Deira,none,community centre,101,Nakhlat Deira,sales area: register master community,palmdeira,the middle of the project's own community; the exact plot is not in our data yet
PN2901,2901,"Marbella Resort Hotel, a Vignette Collection world Islands Dubai",register_extract_2026-06-15,World Islands,The World,THE WORLD,none,community centre,303,World Islands,sales area: register master community,(outside the 42 districts),the middle of the project's own community; the exact plot is not in our data yet
PN2902,2902,Maison Elysee II,register_extract_2026-06-15,Al Barsha South Fourth,Jumeirah Village Circle,JUMEIRAH VILLAGE CIRCLE,none,community centre,681,Al Barsha South Fourth,sales area: register master community,jumeirahvillagecircle,the middle of the project's own community; the exact plot is not in our data yet
PN2903,2903,أديسون هاوس 2,register_extract_2026-06-15,Wadi Al Safa 5,Dubai Land Residence Complex,,none,community centre,648,Wadi Al Safa 5,register master community: register master community,wadialsafa5,the middle of the project's own community; the exact plot is not in our data yet
PN2905,2905,Maison Elysee I,register_extract_2026-06-15,Al Barsha South Fourth,Jumeirah Village Circle,JUMEIRAH VILLAGE CIRCLE,none,community centre,681,Al Barsha South Fourth,sales area: register master community,jumeirahvillagecircle,the middle of the project's own community; the exact plot is not in our data yet
PN2906,2906,لصتيليؤنتلي,register_extract_2026-06-15,Nad Al Shiba First,Nad Al Sheba Gardens,,none,community centre,618,Nadd Al Shiba First,register master community: register master community,"goldensymphony,meydanone,sobhaheartland",the middle of the project's own community; the exact plot is not in our data yet
PN2908,2908,فيكتوري ريزيدينس-المرحلة الأولى,register_extract_2026-06-15,Al Hebiah Fourth,Dubai Sports City,,none,community centre,682,Al Hebiah Fourth,register master community: register master community,dubaisportscity,the middle of the project's own community; the exact plot is not in our data yet
PN2915,2915,Nad AL Sheba Gardens Phase 4,register_extract_2026-06-15,Nad Al Shiba First,Nad Al Sheba Gardens,Nad Al Shiba First,community centre,community centre,618,Nadd Al Shiba First,sales area: alias ('Nad' is the register's spelling of 'Nadd'; the lands register ties its parcels labelled 'Nad Al Shiba First' to community 618),"goldensymphony,meydanone,sobhaheartland",already a community centre on the card (district|name key); the project-number entry lets pages without a card use it too
PN2931,2931,Soho The Berkeley,register_extract_2026-06-15,Hadaeq Sheikh Mohammed Bin Rashid,Dubai Hills Estate,,none,community centre,631,Hadaeq Sheikh Mohammed Bin Rashid,register master community: register master community,dubaihills,the middle of the project's own community; the exact plot is not in our data yet
PN2935,2935,Sunrise Living at Jumeirah Park,register_extract_2026-06-15,Al Thanyah Fifth,Jumeirah Park,JUMEIRAH PARK,none,community centre,393,Al Thanyah Fifth,sales area: register master community,"althanyahfifth,jltnorth,jltsouth",the middle of the project's own community; the exact plot is not in our data yet
PN2937,2937,l باركوود فيلاز,register_extract_2026-06-15,Al Barsha South Fourth,Jumeirah Village Circle,,none,community centre,681,Al Barsha South Fourth,register master community: register master community,jumeirahvillagecircle,the middle of the project's own community; the exact plot is not in our data yet
PN2949,2949,The Valley - Farm Gardens 2,register_extract_2026-06-15,Al Yufrah 1,,Al Yufrah 1,none,community centre,915,Al Yufrah 1,sales area: Dubai Municipality community name,alyufrah1,the middle of the project's own community; the exact plot is not in our data yet
PN2954,2954,The Palm Crown,register_extract_2026-06-15,Palm Jumeirah,Palm Jumeirah,Palm Jumeirah,none,community centre,381,Nakhlat Jumeira,sales area: register master community,palmjumeirah,the middle of the project's own community; the exact plot is not in our data yet
PN2957,2957,Address Residences Zabeel,register_extract_2026-06-15,Zaabeel First,,Zaabeel First,none,community centre,325,Zaa'beel First,sales area: Dubai Municipality community name,(outside the 42 districts),the middle of the project's own community; the exact plot is not in our data yet
PN2960,2960,THE MAIDEN RESIDENCE,register_extract_2026-06-15,Warsan Fourth,International City Phase 3,INTERNATIONAL CITY PH 2 & 3,none,community centre,624,Warsan Fourth,register master community: register master community,(outside the 42 districts),the middle of the project's own community; the exact plot is not in our data yet
PN2963,2963,Fairway Villas 3,register_extract_2026-06-15,Madinat Al Mataar,Dubai World Central,Madinat Al Mataar,community centre,community centre,521,Madinat Al Mataar,sales area: Dubai Municipality community name,madinatalmataar,already a community centre on the card (district|name key); the project-number entry lets pages without a card use it too
PN2964,2964,Ayana Gardens,register_extract_2026-06-15,Nad Al Shiba First,Meydan Racecourse Community,,none,community centre,618,Nadd Al Shiba First,register master community: register master community,"goldensymphony,meydanone,sobhaheartland",the middle of the project's own community; the exact plot is not in our data yet
PN2976,2976,Verdana Residence 2,register_extract_2026-06-15,Dubai Investment Park First,Dubai Investment Park First,Dubai Investment Park First,none,community centre,598,Dubai Investment Park First,sales area: register master community,dubaiinvestmentparkfirst,the middle of the project's own community; the exact plot is not in our data yet
PN2980,2980,Nineteen Riviera Lagoon,register_extract_2026-06-15,Wadi Al Safa 3,Mohammed Bin Rashid AL Maktoum District 11,,none,community centre,645,Wadi Al Safa 3,register master community: register master community,majan,the middle of the project's own community; the exact plot is not in our data yet
PN2985,2985,South Bay 5 Premium,register_extract_2026-06-15,Madinat Al Mataar,Dubai South Residential District,Madinat Al Mataar,community centre,community centre,521,Madinat Al Mataar,sales area: Dubai Municipality community name,madinatalmataar,already a community centre on the card (district|name key); the project-number entry lets pages without a card use it too
PN2992,2992,The Valley - Lillia,register_extract_2026-06-15,Al Yufrah 1,,Al Yufrah 1,community centre,community centre,915,Al Yufrah 1,sales area: Dubai Municipality community name,alyufrah1,already a community centre on the card (district|name key); the project-number entry lets pages without a card use it too
PN3002,3002,DAMAC HILLS (2) - PARK GREENS 2,register_extract_2026-06-15,Madinat Hind 4,DAMAC HILLS 2,Madinat Hind 4,none,community centre,914,Madinat Hind 4,sales area: Dubai Municipality community name,madinathind4,the middle of the project's own community; the exact plot is not in our data yet
PN3006,3006,Six Senses Residences Dubai Marina,register_extract_2026-06-15,Marsa Dubai,Dubai Marina,DUBAI MARINA,none,community centre,392,Marsa Dubai,sales area: register master community,dubaimarina,the middle of the project's own community; the exact plot is not in our data yet
PN3013,3013,Iliyaa 5,register_extract_2026-06-15,Wadi Al Safa 3,Majan,,none,community centre,645,Wadi Al Safa 3,register master community: register master community,majan,the middle of the project's own community; the exact plot is not in our data yet
PN3014,3014,SUNSET GROVE HOMES,register_extract_2026-06-15,Al Barsha South Fourth,Jumeirah Village Circle,,none,community centre,681,Al Barsha South Fourth,register master community: register master community,jumeirahvillagecircle,the middle of the project's own community; the exact plot is not in our data yet
PN3019,3019,The Acres,register_extract_2026-06-15,Wadi Al Safa 7,,Wadi Al Safa 7,none,community centre,665,Wadi Al Safa 7,sales area: Dubai Municipality community name,(outside the 42 districts),the middle of the project's own community; the exact plot is not in our data yet
PN3021,3021,Riwa,register_extract_2026-06-15,Um Suqaim Third,,Um Suqaim Third,none,community centre,366,Umm Suqeim Third,sales area: alias ('Um Suqaim' is the register's spelling of 'Umm Suqeim'; the lands register ties its parcels labelled 'Um Suqaim Third' to community 366),(outside the 42 districts),the middle of the project's own community; the exact plot is not in our data yet
PN3025,3025,The Oasis - Mirage,register_extract_2026-06-15,Me'Aisem Second,,Me'Aisem Second,none,community centre,686,Me'aisem Second,sales area: Dubai Municipality community name,(outside the 42 districts),the middle of the project's own community; the exact plot is not in our data yet
PN3031,3031,The Oasis - Palmiera 2,register_extract_2026-06-15,Me'Aisem Second,,Me'Aisem Second,none,community centre,686,Me'aisem Second,sales area: Dubai Municipality community name,(outside the 42 districts),the middle of the project's own community; the exact plot is not in our data yet
PN3032,3032,Greenway,register_extract_2026-06-15,Madinat Al Mataar,Dubai World Central,Madinat Al Mataar,community centre,community centre,521,Madinat Al Mataar,sales area: Dubai Municipality community name,madinatalmataar,already a community centre on the card (district|name key); the project-number entry lets pages without a card use it too
PN3035,3035,DAMAC HILLS - AUTOGRAPH COLLECTION,register_extract_2026-06-15,Al Hebiah Third,DAMAC HILLS,Al Hebiah Third,none,community centre,676,Al Hebiah Third,sales area: Dubai Municipality community name,damachills,the middle of the project's own community; the exact plot is not in our data yet
PN3038,3038,AMALI ISLAND,register_extract_2026-06-15,World Islands,The World,THE WORLD,none,community centre,303,World Islands,sales area: register master community,(outside the 42 districts),the middle of the project's own community; the exact plot is not in our data yet
PN3044,3044,إكسبو سيتي فالي 2,register_extract_2026-06-15,Madinat Al Mataar,Dubai World Central,,none,community centre,521,Madinat Al Mataar,register master community: register master community,madinatalmataar,the middle of the project's own community; the exact plot is not in our data yet
PN3051,3051,South Bay 6 Premium,register_extract_2026-06-15,Madinat Al Mataar,Dubai South Residential District,Madinat Al Mataar,community centre,community centre,521,Madinat Al Mataar,sales area: Dubai Municipality community name,madinatalmataar,already a community centre on the card (district|name key); the project-number entry lets pages without a card use it too
PN3071,3071,Samana Lake Views,register_extract_2026-06-15,Me'Aisem First,International Media Production Zone,DUBAI PRODUCTION CITY,none,community centre,685,Me'aisem First,sales area: app district,dubaiproductioncity,the middle of the project's own community; the exact plot is not in our data yet
PN3077,3077,Nad Al Sheba Gardens Phase 5,register_extract_2026-06-15,Nad Al Shiba First,Nad Al Sheba Gardens,Nad Al Shiba First,community centre,community centre,618,Nadd Al Shiba First,sales area: alias ('Nad' is the register's spelling of 'Nadd'; the lands register ties its parcels labelled 'Nad Al Shiba First' to community 618),"goldensymphony,meydanone,sobhaheartland",already a community centre on the card (district|name key); the project-number entry lets pages without a card use it too
PN3085,3085,Nad Al Sheba Gardens Phase 6,register_extract_2026-06-15,Nad Al Shiba First,Nad Al Sheba Gardens,Nad Al Shiba First,community centre,community centre,618,Nadd Al Shiba First,sales area: alias ('Nad' is the register's spelling of 'Nadd'; the lands register ties its parcels labelled 'Nad Al Shiba First' to community 618),"goldensymphony,meydanone,sobhaheartland",already a community centre on the card (district|name key); the project-number entry lets pages without a card use it too
PN3089,3089,4B Living,register_extract_2026-06-15,Warsan Fourth,International City Phase 3,INTERNATIONAL CITY PH 2 & 3,none,community centre,624,Warsan Fourth,register master community: register master community,(outside the 42 districts),the middle of the project's own community; the exact plot is not in our data yet
PN3091,3091,Amana Jewels,register_extract_2026-06-15,Wadi Al Safa 2,Liwan2,,none,community centre,643,Wadi Al Safa 2,register master community: register master community,liwan1,the middle of the project's own community; the exact plot is not in our data yet
PN3097,3097,Linden Residences,register_extract_2026-06-15,Warsan Fourth,International City Phase 3,INTERNATIONAL CITY PH 2 & 3,none,community centre,624,Warsan Fourth,register master community: register master community,(outside the 42 districts),the middle of the project's own community; the exact plot is not in our data yet
PN3111,3111,Golf Lane,register_extract_2026-06-15,Madinat Al Mataar,Dubai World Central,Madinat Al Mataar,community centre,community centre,521,Madinat Al Mataar,sales area: Dubai Municipality community name,madinatalmataar,already a community centre on the card (district|name key); the project-number entry lets pages without a card use it too
PN3114,3114,ميزون الإنجليزية,register_extract_2026-06-15,Jabal Ali First,Al Furjan,,none,community centre,591,Jabal Ali First,register master community: register master community,jabalalifirst,the middle of the project's own community; the exact plot is not in our data yet
PN3121,3121,Greenway 2,register_extract_2026-06-15,Madinat Al Mataar,Dubai World Central,Madinat Al Mataar,community centre,community centre,521,Madinat Al Mataar,sales area: Dubai Municipality community name,madinatalmataar,already a community centre on the card (district|name key); the project-number entry lets pages without a card use it too
PN3126,3126,The Acres 3 & Estates,register_extract_2026-06-15,Wadi Al Safa 7,,Wadi Al Safa 7,none,community centre,665,Wadi Al Safa 7,sales area: Dubai Municipality community name,(outside the 42 districts),the middle of the project's own community; the exact plot is not in our data yet
PN3137,3137,Discovery Dunes,register_extract_2026-06-15,Madinat Al Mataar,Dubai World Central,Madinat Al Mataar,none,community centre,521,Madinat Al Mataar,sales area: Dubai Municipality community name,madinatalmataar,the middle of the project's own community; the exact plot is not in our data yet
PN3143,3143,ATHLON BY AL DAR 1,register_extract_2026-06-15,Wadi Al Safa 5,,,none,community centre,648,Wadi Al Safa 5,register area: app district,wadialsafa5,the middle of the project's own community; the exact plot is not in our data yet
PN3145,3145,ATHLON BY AL DAR 2,register_extract_2026-06-15,Wadi Al Safa 5,,,community centre,community centre,648,Wadi Al Safa 5,register area: app district,wadialsafa5,already a community centre on the card (district|name key); the project-number entry lets pages without a card use it too
PN3153,3153,The Valley - Velora,register_extract_2026-06-15,Al Yufrah 1,,Al Yufrah 1,community centre,community centre,915,Al Yufrah 1,sales area: Dubai Municipality community name,alyufrah1,already a community centre on the card (district|name key); the project-number entry lets pages without a card use it too
PN3157,3157,The Valley - Venera,register_extract_2026-06-15,Al Yufrah 1,,Al Yufrah 1,community centre,community centre,915,Al Yufrah 1,sales area: Dubai Municipality community name,alyufrah1,already a community centre on the card (district|name key); the project-number entry lets pages without a card use it too
PN3158,3158,The Valley - Avena,register_extract_2026-06-15,Al Yufrah 1,,Al Yufrah 1,community centre,community centre,915,Al Yufrah 1,sales area: Dubai Municipality community name,alyufrah1,already a community centre on the card (district|name key); the project-number entry lets pages without a card use it too
PN3159,3159,The Valley - Avena 2,register_extract_2026-06-15,Al Yufrah 1,,Al Yufrah 1,community centre,community centre,915,Al Yufrah 1,sales area: Dubai Municipality community name,alyufrah1,already a community centre on the card (district|name key); the project-number entry lets pages without a card use it too
PN3161,3161,The Valley - Velora 2,register_extract_2026-06-15,Al Yufrah 1,,Al Yufrah 1,community centre,community centre,915,Al Yufrah 1,sales area: Dubai Municipality community name,alyufrah1,already a community centre on the card (district|name key); the project-number entry lets pages without a card use it too
PN3166,3166,Orbit Residences By Jewel,register_extract_2026-06-15,Al Warsan First,International City Phase 1,,none,community centre,621,Warsan First,register master community: register master community,(outside the 42 districts),the middle of the project's own community; the exact plot is not in our data yet
PN3168,3168,البا تاور,register_extract_2026-06-15,Al Satwa,Jumeirah Garden City,,none,community centre,334,Al Satwa,register master community: register master community,alsatwa,the middle of the project's own community; the exact plot is not in our data yet
PN3169,3169,DAMAC RIVERSIDE - LUSH,register_extract_2026-06-15,Dubai Investment Park Second,,Dubai Investment Park Second,community centre,community centre,597,Dubai Investment Park Second,sales area: register master community,dubaiinvestmentparksecond,already a community centre on the card (district|name key); the project-number entry lets pages without a card use it too
PN3170,3170,DAMAC RIVERSIDE - IVY,register_extract_2026-06-15,Dubai Investment Park Second,,Dubai Investment Park Second,community centre,community centre,597,Dubai Investment Park Second,sales area: register master community,dubaiinvestmentparksecond,already a community centre on the card (district|name key); the project-number entry lets pages without a card use it too
PN3171,3171,DAMAC RIVERSIDE - SAGE,register_extract_2026-06-15,Dubai Investment Park Second,,Dubai Investment Park Second,community centre,community centre,597,Dubai Investment Park Second,sales area: register master community,dubaiinvestmentparksecond,already a community centre on the card (district|name key); the project-number entry lets pages without a card use it too
PN3174,3174,The Valley - Rivera,register_extract_2026-06-15,Al Yufrah 1,,Al Yufrah 1,community centre,community centre,915,Al Yufrah 1,sales area: Dubai Municipality community name,alyufrah1,already a community centre on the card (district|name key); the project-number entry lets pages without a card use it too
PN3175,3175,The Valley - Vindera,register_extract_2026-06-15,Al Yufrah 1,,Al Yufrah 1,community centre,community centre,915,Al Yufrah 1,sales area: Dubai Municipality community name,alyufrah1,already a community centre on the card (district|name key); the project-number entry lets pages without a card use it too
PN3185,3185,EQUITI TOWER,register_extract_2026-06-15,Warsan Fourth,International City Phase 3,INTERNATIONAL CITY PH 2 & 3,none,community centre,624,Warsan Fourth,register master community: register master community,(outside the 42 districts),the middle of the project's own community; the exact plot is not in our data yet
PN3199,3199,DAMAC HILLS (2) - VIOLET 2,register_extract_2026-06-15,Madinat Hind 4,DAMAC HILLS 2,Madinat Hind 4,none,community centre,914,Madinat Hind 4,sales area: Dubai Municipality community name,madinathind4,the middle of the project's own community; the exact plot is not in our data yet
PN3200,3200,Mohammed Bin Rashid Al Maktoum City -District One West - Phase 2,register_extract_2026-06-15,Ghadeer Al tair,,Ghadeer Al tair,none,community centre,355,Ghadeer Al Tair,sales area: Dubai Municipality community name,(outside the 42 districts),the middle of the project's own community; the exact plot is not in our data yet
PN3201,3201,?ي ريزيدنس 2,register_extract_2026-06-15,Al Barsha South Fourth,Jumeirah Village Circle,,none,community centre,681,Al Barsha South Fourth,register master community: register master community,jumeirahvillagecircle,the middle of the project's own community; the exact plot is not in our data yet
PN3221,3221,The Oasis - Palmiera 3,register_extract_2026-06-15,Me'Aisem Second,,Me'Aisem Second,none,community centre,686,Me'aisem Second,sales area: Dubai Municipality community name,(outside the 42 districts),the middle of the project's own community; the exact plot is not in our data yet
PN3222,3222,DAMAC HILLS (2) - VIOLET 3,register_extract_2026-06-15,Madinat Hind 4,DAMAC HILLS 2,Madinat Hind 4,none,community centre,914,Madinat Hind 4,sales area: Dubai Municipality community name,madinathind4,the middle of the project's own community; the exact plot is not in our data yet
PN3231,3231,مساكن فيف,register_extract_2026-06-15,Al Warsan First,WARSAN FIRST DEVELOPMENT,,none,community centre,621,Warsan First,register master community: register master community,(outside the 42 districts),the middle of the project's own community; the exact plot is not in our data yet
PN3236,3236,Silver Park Residency,register_extract_2026-06-15,Warsan Fourth,International City Phase 3,INTERNATIONAL CITY PH 2 & 3,none,community centre,624,Warsan Fourth,register master community: register master community,(outside the 42 districts),the middle of the project's own community; the exact plot is not in our data yet
PN3247,3247,سويس اوتيل ووترفرونت ريزيدنسز,register_extract_2026-06-15,Palm Deira,Palm Deira,,none,community centre,101,Nakhlat Deira,register master community: register master community,palmdeira,the middle of the project's own community; the exact plot is not in our data yet
PN3257,3257,BURJ AZIZI,register_extract_2026-06-15,Trade Center First,,Trade Center First,none,community centre,335,Trade Center First,sales area: Dubai Municipality community name,(outside the 42 districts),the middle of the project's own community; the exact plot is not in our data yet
PN3266,3266,The Oasis - Lavita,register_extract_2026-06-15,Me'Aisem Second,,Me'Aisem Second,none,community centre,686,Me'aisem Second,sales area: Dubai Municipality community name,(outside the 42 districts),the middle of the project's own community; the exact plot is not in our data yet
PN3267,3267,امانة حدائق,register_extract_2026-06-15,Wadi Al Safa 2,Liwan2,,none,community centre,643,Wadi Al Safa 2,register master community: register master community,liwan1,the middle of the project's own community; the exact plot is not in our data yet
PN3268,3268,DAMAC SUN CITY,register_extract_2026-06-15,Al Yelayiss 1,,Al Yelayiss 1,none,community centre,921,Al Yalayis 1,sales area: app district,alyelayiss1,the middle of the project's own community; the exact plot is not in our data yet
PN3269,3269,Eden House Dubai Hills,register_extract_2026-06-15,Hadaeq Sheikh Mohammed Bin Rashid,Dubai Hills Estate,Hadaeq Sheikh Mohammed Bin Rashid,none,community centre,631,Hadaeq Sheikh Mohammed Bin Rashid,sales area: Dubai Municipality community name,dubaihills,the middle of the project's own community; the exact plot is not in our data yet
PN3273,3273,Sea Mirror Residences,register_extract_2026-06-15,Jumeirah Second,Dubai Water Canal,,none,community centre,342,Jumeira Second,register area: alias ('Jumeirah' is the register's spelling of 'Jumeira'; the lands register ties its parcels labelled 'Jumeirah Second' to community 342),(outside the 42 districts),the middle of the project's own community; the exact plot is not in our data yet
PN3275,3275,Lumina,register_extract_2026-06-15,Um Hurair Second,Dubai Health Care City Phase 1,DUBAI HEALTHCARE CITY - PHASE 1,none,community centre,315,Umm Hurair Second,sales area: register master community,(outside the 42 districts),the middle of the project's own community; the exact plot is not in our data yet
PN3277,3277,SPORTS VIEW RESIDENCE BY AL HELAL AL ZAHABY,register_extract_2026-06-15,Warsan Fourth,International City Phase 3,INTERNATIONAL CITY PH 2 & 3,none,community centre,624,Warsan Fourth,register master community: register master community,(outside the 42 districts),the middle of the project's own community; the exact plot is not in our data yet
PN3280,3280,Moonsa Residences 2,register_extract_2026-06-15,Warsan Fourth,International City Phase 3,INTERNATIONAL CITY PH 2 & 3,none,community centre,624,Warsan Fourth,register master community: register master community,(outside the 42 districts),the middle of the project's own community; the exact plot is not in our data yet
PN3283,3283,Greenridge,register_extract_2026-06-15,Madinat Al Mataar,Dubai World Central,Madinat Al Mataar,community centre,community centre,521,Madinat Al Mataar,sales area: Dubai Municipality community name,madinatalmataar,already a community centre on the card (district|name key); the project-number entry lets pages without a card use it too
PN3288,3288,DAMAC HILLS (2) - VIOLET 4,register_extract_2026-06-15,Madinat Hind 4,DAMAC HILLS 2,Madinat Hind 4,none,community centre,914,Madinat Hind 4,sales area: Dubai Municipality community name,madinathind4,the middle of the project's own community; the exact plot is not in our data yet
PN3296,3296,واتر فيو فيلاس من الكسندر بروبرتيس,register_extract_2026-06-15,Al Thanyah Fifth,Jumeirah Park,,none,community centre,393,Al Thanyah Fifth,register master community: register master community,"althanyahfifth,jltnorth,jltsouth",the middle of the project's own community; the exact plot is not in our data yet
PN3299,3299,Cresswell Homes,register_extract_2026-06-15,Madinat Al Mataar,Dubai South Residential District,,none,community centre,521,Madinat Al Mataar,register master community: register master community,madinatalmataar,the middle of the project's own community; the exact plot is not in our data yet
PN3301,3301,MAYFLOWER RESIDENCES,register_extract_2026-06-15,Warsan Fourth,International City Phase 3,INTERNATIONAL CITY PH 2 & 3,none,community centre,624,Warsan Fourth,register master community: register master community,(outside the 42 districts),the middle of the project's own community; the exact plot is not in our data yet
PN3302,3302,Verdana 3,register_extract_2026-06-15,Dubai Investment Park First,Dubai Investment Park First,DUBAI INVESTMENT PARK FIRST,none,community centre,598,Dubai Investment Park First,sales area: register master community,dubaiinvestmentparkfirst,the middle of the project's own community; the exact plot is not in our data yet
PN3303,3303,Verdana Residence 3,register_extract_2026-06-15,Dubai Investment Park First,Dubai Investment Park First,Dubai Investment Park First,none,community centre,598,Dubai Investment Park First,sales area: register master community,dubaiinvestmentparkfirst,the middle of the project's own community; the exact plot is not in our data yet
PN3311,3311,Eden Hills,register_extract_2026-06-15,Hadaeq Sheikh Mohammed Bin Rashid,,Hadaeq Sheikh Mohammed Bin Rashid,none,community centre,631,Hadaeq Sheikh Mohammed Bin Rashid,sales area: Dubai Municipality community name,dubaihills,the middle of the project's own community; the exact plot is not in our data yet
PN3316,3316,Greenville,register_extract_2026-06-15,Madinat Al Mataar,Dubai World Central,Madinat Al Mataar,none,community centre,521,Madinat Al Mataar,sales area: Dubai Municipality community name,madinatalmataar,the middle of the project's own community; the exact plot is not in our data yet
PN3319,3319,Greenville 2,register_extract_2026-06-15,Madinat Al Mataar,Dubai World Central,Madinat Al Mataar,community centre,community centre,521,Madinat Al Mataar,sales area: Dubai Municipality community name,madinatalmataar,already a community centre on the card (district|name key); the project-number entry lets pages without a card use it too
PN3323,3323,The Chedi Private Residences,register_extract_2026-06-15,Al Thanyah First,Barsha Heights,,none,community centre,383,Al Thanyah First,register master community: register master community,(outside the 42 districts),the middle of the project's own community; the exact plot is not in our data yet
PN3325,3325,Bearys Wafira,register_extract_2026-06-15,Um Hurair Second,Dubai Health Care City Phase 1,,none,community centre,315,Umm Hurair Second,register master community: register master community,(outside the 42 districts),the middle of the project's own community; the exact plot is not in our data yet
PN3331,3331,Palm Jebel Ali - Frond A,register_extract_2026-06-15,Palm Jabal Ali,Palm Jabal Ali,Palm Jabal Ali,none,community centre,501,Nakhlat Jabal Ali,sales area: register master community,(outside the 42 districts),the middle of the project's own community; the exact plot is not in our data yet
PN3332,3332,THE ONE by Prestige One,register_extract_2026-06-15,Al Thanyah First,Barsha Heights,,none,community centre,383,Al Thanyah First,register master community: register master community,(outside the 42 districts),the middle of the project's own community; the exact plot is not in our data yet
PN3333,3333,جرين سيل ريزيدنسز,register_extract_2026-06-15,Al Barsha South Fourth,Jumeirah Village Circle,,none,community centre,681,Al Barsha South Fourth,register master community: register master community,jumeirahvillagecircle,the middle of the project's own community; the exact plot is not in our data yet
PN3337,3337,Avenue Park Towers,register_extract_2026-06-15,Al Kifaf,Wasl 1,Al Kifaf,none,community centre,324,Al Kifaf,sales area: Dubai Municipality community name,(outside the 42 districts),the middle of the project's own community; the exact plot is not in our data yet
PN3340,3340,Verdana Residence 4,register_extract_2026-06-15,Dubai Investment Park First,Dubai Investment Park First,Dubai Investment Park First,none,community centre,598,Dubai Investment Park First,sales area: register master community,dubaiinvestmentparkfirst,the middle of the project's own community; the exact plot is not in our data yet
PN3345,3345,ايكو هارموني تاور,register_extract_2026-06-15,Al Barsha South Fourth,Jumeirah Village Circle,,none,community centre,681,Al Barsha South Fourth,register master community: register master community,jumeirahvillagecircle,the middle of the project's own community; the exact plot is not in our data yet
PN3347,3347,Palm Jebel Ali - Frond B,register_extract_2026-06-15,Palm Jabal Ali,Palm Jabal Ali,Palm Jabal Ali,none,community centre,501,Nakhlat Jabal Ali,sales area: register master community,(outside the 42 districts),the middle of the project's own community; the exact plot is not in our data yet
PN3352,3352,Palm Jebel Ali - Frond E,register_extract_2026-06-15,Palm Jabal Ali,Palm Jabal Ali,Palm Jabal Ali,none,community centre,501,Nakhlat Jabal Ali,sales area: register master community,(outside the 42 districts),the middle of the project's own community; the exact plot is not in our data yet
PN3353,3353,Palm Jebel Ali - Frond C,register_extract_2026-06-15,Palm Jabal Ali,Palm Jabal Ali,Palm Jabal Ali,none,community centre,501,Nakhlat Jabal Ali,sales area: register master community,(outside the 42 districts),the middle of the project's own community; the exact plot is not in our data yet
PN3354,3354,Palm Jebel Ali - Frond F,register_extract_2026-06-15,Palm Jabal Ali,Palm Jabal Ali,Palm Jabal Ali,none,community centre,501,Nakhlat Jabal Ali,sales area: register master community,(outside the 42 districts),the middle of the project's own community; the exact plot is not in our data yet
PN3355,3355,Glorious Central Residences,register_extract_2026-06-15,Warsan Fourth,International City Phase 3,INTERNATIONAL CITY PH 2 & 3,none,community centre,624,Warsan Fourth,register master community: register master community,(outside the 42 districts),the middle of the project's own community; the exact plot is not in our data yet
PN3369,3369,ايكو فيوجن تاور,register_extract_2026-06-15,Al Barsha South Fourth,Jumeirah Village Circle,,none,community centre,681,Al Barsha South Fourth,register master community: register master community,jumeirahvillagecircle,the middle of the project's own community; the exact plot is not in our data yet
PN3388,3388,DAMAC ISLANDS - MALDIVES 1,register_extract_2026-06-15,Al Yelayiss 1,,Al Yelayiss 1,none,community centre,921,Al Yalayis 1,sales area: app district,alyelayiss1,the middle of the project's own community; the exact plot is not in our data yet
PN3389,3389,Mirdif Hills - Asayel Avenue,register_extract_2026-06-15,Mirdif,,Mirdif,none,community centre,251,Mirdif,sales area: Dubai Municipality community name,(outside the 42 districts),the middle of the project's own community; the exact plot is not in our data yet
PN3392,3392,VELOR,register_extract_2026-06-15,Business Bay,Business Bay,,none,community centre,346,Business Bay,register master community: register master community,businessbay,the middle of the project's own community; the exact plot is not in our data yet
PN3395,3395,Palm Jebel Ali - Frond D,register_extract_2026-06-15,Palm Jabal Ali,Palm Jabal Ali,Palm Jabal Ali,none,community centre,501,Nakhlat Jabal Ali,sales area: register master community,(outside the 42 districts),the middle of the project's own community; the exact plot is not in our data yet
PN3396,3396,Peninsula Dubai Residences - Tower 1,register_extract_2026-06-15,Jumeirah Second,,Jumeirah Second,none,community centre,342,Jumeira Second,sales area: alias ('Jumeirah' is the register's spelling of 'Jumeira'; the lands register ties its parcels labelled 'Jumeirah Second' to community 342),(outside the 42 districts),the middle of the project's own community; the exact plot is not in our data yet
PN3398,3398,امان دبي,register_extract_2026-06-15,Jumeirah Second,,,none,community centre,342,Jumeira Second,register area: alias ('Jumeirah' is the register's spelling of 'Jumeira'; the lands register ties its parcels labelled 'Jumeirah Second' to community 342),(outside the 42 districts),the middle of the project's own community; the exact plot is not in our data yet
PN3399,3399,MAS Barsha Residency,register_extract_2026-06-15,Al Barsha First,,Al Barsha First,none,community centre,373,Al Barsha First,sales area: Dubai Municipality community name,(outside the 42 districts),the middle of the project's own community; the exact plot is not in our data yet
PN3406,3406,The Valley - Elea,register_extract_2026-06-15,Al Yufrah 1,,Al Yufrah 1,none,community centre,915,Al Yufrah 1,sales area: Dubai Municipality community name,alyufrah1,the middle of the project's own community; the exact plot is not in our data yet
PN3409,3409,ME DO RE Business,register_extract_2026-06-15,Al Thanyah Fifth,Jumeirah Islands,JUMEIRAH LAKES TOWERS,none,community centre,393,Al Thanyah Fifth,sales area: register master community,"althanyahfifth,jltnorth,jltsouth",the middle of the project's own community; the exact plot is not in our data yet
PN3413,3413,نيو بليس,register_extract_2026-06-15,Wadi Al Safa 5,Dubai Land Residence Complex,,none,community centre,648,Wadi Al Safa 5,register master community: register master community,wadialsafa5,the middle of the project's own community; the exact plot is not in our data yet
PN3416,3416,MEWS MANSIONS,register_extract_2026-06-15,Nad Al Shiba First,Meydan Racecourse Community,MEDYAN RACE COURSE VILLAS,none,community centre,618,Nadd Al Shiba First,register master community: register master community,"goldensymphony,meydanone,sobhaheartland",the middle of the project's own community; the exact plot is not in our data yet
PN3417,3417,API- Barsha Residential Tower,register_extract_2026-06-15,Al Barsha First,,Al Barsha First,none,community centre,373,Al Barsha First,sales area: Dubai Municipality community name,(outside the 42 districts),the middle of the project's own community; the exact plot is not in our data yet
PN3420,3420,Mayfair Nexus by Seven Mayfair,register_extract_2026-06-15,Wadi Al Safa 7,Dubai Life Style City,DUBAI LIFESTYLE CITY,none,community centre,665,Wadi Al Safa 7,sales area: register master community,(outside the 42 districts),the middle of the project's own community; the exact plot is not in our data yet
PN3423,3423,Kiwi Yard Residences,register_extract_2026-06-15,Warsan Fourth,International City Phase 3,,none,community centre,624,Warsan Fourth,register master community: register master community,(outside the 42 districts),the middle of the project's own community; the exact plot is not in our data yet
PN3426,3426,Golf Acres,register_extract_2026-06-15,Madinat Al Mataar,Dubai World Central,,community centre,community centre,521,Madinat Al Mataar,register master community: register master community,madinatalmataar,already a community centre on the card (district|name key); the project-number entry lets pages without a card use it too
PN3430,3430,The Valley - Farm Grove,register_extract_2026-06-15,Al Yufrah 1,,Al Yufrah 1,community centre,community centre,915,Al Yufrah 1,sales area: Dubai Municipality community name,alyufrah1,already a community centre on the card (district|name key); the project-number entry lets pages without a card use it too
PN3431,3431,The Valley - Farm Grove 2,register_extract_2026-06-15,Al Yufrah 1,,Al Yufrah 1,community centre,community centre,915,Al Yufrah 1,sales area: Dubai Municipality community name,alyufrah1,already a community centre on the card (district|name key); the project-number entry lets pages without a card use it too
PN3436,3436,أوريا جاردنز,register_extract_2026-06-15,Arjan,Arjan,,none,community centre,673,Al Barsha South Third,register master community: register master community,arjan,the middle of the project's own community; the exact plot is not in our data yet
PN3437,3437,DAMAC ISLANDS - MALDIVES 2,register_extract_2026-06-15,Al Yelayiss 1,,Al Yelayiss 1,none,community centre,921,Al Yalayis 1,sales area: app district,alyelayiss1,the middle of the project's own community; the exact plot is not in our data yet
PN3438,3438,DAMAC ISLANDS - MALDIVES 3,register_extract_2026-06-15,Al Yelayiss 1,,Al Yelayiss 1,none,community centre,921,Al Yalayis 1,sales area: app district,alyelayiss1,the middle of the project's own community; the exact plot is not in our data yet
PN3441,3441,One By Preston,register_extract_2026-06-15,Madinat Al Mataar,Dubai South Residential District,,none,community centre,521,Madinat Al Mataar,register master community: register master community,madinatalmataar,the middle of the project's own community; the exact plot is not in our data yet
PN3445,3445,Jumeirah Asora Bay,register_extract_2026-06-15,Jumeirah First,LA MER,Jumeirah First,none,community centre,332,Jumeira First,sales area: alias ('Jumeirah' is the register's spelling of 'Jumeira'; the lands register ties its parcels labelled 'Jumeirah First' to community 332),(outside the 42 districts),the middle of the project's own community; the exact plot is not in our data yet
PN3446,3446,Nad Al Sheba Gardens Phase 7,register_extract_2026-06-15,Nad Al Shiba First,,Nad Al Shiba First,community centre,community centre,618,Nadd Al Shiba First,sales area: alias ('Nad' is the register's spelling of 'Nadd'; the lands register ties its parcels labelled 'Nad Al Shiba First' to community 618),"goldensymphony,meydanone,sobhaheartland",already a community centre on the card (district|name key); the project-number entry lets pages without a card use it too
PN3453,3453,South Park Residences By Wellington,register_extract_2026-06-15,Saih Shuaib 2,,DUBAI INDUSTRIAL CITY,none,community centre,531,Saih Shuaib 2,sales area: app district,dubaiindustrialcity,the middle of the project's own community; the exact plot is not in our data yet
PN3455,3455,La Tilia at Villanova Phase 1,register_extract_2026-06-15,Wadi Al Safa 5,,Wadi Al Safa 5,community centre,community centre,648,Wadi Al Safa 5,sales area: app district,wadialsafa5,already a community centre on the card (district|name key); the project-number entry lets pages without a card use it too
PN3456,3456,La Tilia at Villanova Phase 2,register_extract_2026-06-15,Wadi Al Safa 5,,Wadi Al Safa 5,community centre,community centre,648,Wadi Al Safa 5,sales area: app district,wadialsafa5,already a community centre on the card (district|name key); the project-number entry lets pages without a card use it too
PN3461,3461,Aman Residences Dubai,register_extract_2026-06-15,Jumeirah Second,,Jumeirah Second,none,community centre,342,Jumeira Second,sales area: alias ('Jumeirah' is the register's spelling of 'Jumeira'; the lands register ties its parcels labelled 'Jumeirah Second' to community 342),(outside the 42 districts),the middle of the project's own community; the exact plot is not in our data yet
PN3462,3462,The Valley - Elva,register_extract_2026-06-15,Al Yufrah 1,,Al Yufrah 1,community centre,community centre,915,Al Yufrah 1,sales area: Dubai Municipality community name,alyufrah1,already a community centre on the card (district|name key); the project-number entry lets pages without a card use it too
PN3463,3463,Garden Arena,register_extract_2026-06-15,Arjan,Arjan,,none,community centre,673,Al Barsha South Third,register master community: register master community,arjan,the middle of the project's own community; the exact plot is not in our data yet
PN3465,3465,Reportage Hills,register_extract_2026-06-15,Al Hebiah Fifth,,Al Hebiah Fifth,community centre,community centre,683,Al Hebiah Fifth,sales area: Dubai Municipality community name,alhebiahfifth,already a community centre on the card (district|name key); the project-number entry lets pages without a card use it too
PN3470,3470,أوموريا هوتيل بنتهاوسز,register_extract_2026-06-15,Palm Deira,Palm Deira,,none,community centre,101,Nakhlat Deira,register master community: register master community,palmdeira,the middle of the project's own community; the exact plot is not in our data yet
PN3471,3471,أوموريا ريزورت ريزيدنسز,register_extract_2026-06-15,Palm Deira,Palm Deira,,none,community centre,101,Nakhlat Deira,register master community: register master community,palmdeira,the middle of the project's own community; the exact plot is not in our data yet
PN3475,3475,DAMAC ISLANDS - BALI 1,register_extract_2026-06-15,Al Yelayiss 1,,Al Yelayiss 1,none,community centre,921,Al Yalayis 1,sales area: app district,alyelayiss1,the middle of the project's own community; the exact plot is not in our data yet
PN3476,3476,DAMAC ISLANDS - BORA BORA 4,register_extract_2026-06-15,Al Yelayiss 1,,Al Yelayiss 1,none,community centre,921,Al Yalayis 1,sales area: app district,alyelayiss1,the middle of the project's own community; the exact plot is not in our data yet
PN3481,3481,Binghatti Hillside,register_extract_2026-06-15,Al Barshaa South Second,Dubai Science Park,DUBAI SCIENCE PARK,none,community centre,672,Al Barsha South Second,sales area: register master community,dubaisciencepark,the middle of the project's own community; the exact plot is not in our data yet
PN3484,3484,Al Haseen Residence 3,register_extract_2026-06-15,Saih Shuaib 2,,DUBAI INDUSTRIAL CITY,none,community centre,531,Saih Shuaib 2,sales area: app district,dubaiindustrialcity,the middle of the project's own community; the exact plot is not in our data yet
PN3486,3486,27 East End Garden Residences By Mirha Homes Real Estate Development,register_extract_2026-06-15,Warsan Fourth,International City Phase 3,INTERNATIONAL CITY PH 2 & 3,none,community centre,624,Warsan Fourth,register master community: register master community,(outside the 42 districts),the middle of the project's own community; the exact plot is not in our data yet
PN3490,3490,DAMAC ISLANDS - BALI 2,register_extract_2026-06-15,Al Yelayiss 1,,Al Yelayiss 1,none,community centre,921,Al Yalayis 1,sales area: app district,alyelayiss1,the middle of the project's own community; the exact plot is not in our data yet
PN3497,3497,اية بي بالاس جروب,register_extract_2026-06-15,Al Satwa,Jumeirah Garden City,,none,community centre,334,Al Satwa,register master community: register master community,alsatwa,the middle of the project's own community; the exact plot is not in our data yet
PN3498,3498,DAMAC ISLANDS - BORA BORA 1,register_extract_2026-06-15,Al Yelayiss 1,,Al Yelayiss 1,none,community centre,921,Al Yalayis 1,sales area: app district,alyelayiss1,the middle of the project's own community; the exact plot is not in our data yet
PN3499,3499,DAMAC ISLANDS - BORA BORA 2,register_extract_2026-06-15,Al Yelayiss 1,,Al Yelayiss 1,none,community centre,921,Al Yalayis 1,sales area: app district,alyelayiss1,the middle of the project's own community; the exact plot is not in our data yet
PN3500,3500,DAMAC ISLANDS - BORA BORA 3,register_extract_2026-06-15,Al Yelayiss 1,,Al Yelayiss 1,none,community centre,921,Al Yalayis 1,sales area: app district,alyelayiss1,the middle of the project's own community; the exact plot is not in our data yet
PN3501,3501,DAMAC ISLANDS - MALDIVES 4,register_extract_2026-06-15,Al Yelayiss 1,,Al Yelayiss 1,none,community centre,921,Al Yalayis 1,sales area: app district,alyelayiss1,the middle of the project's own community; the exact plot is not in our data yet
PN3502,3502,DAMAC ISLANDS - MALDIVES 5,register_extract_2026-06-15,Al Yelayiss 1,,Al Yelayiss 1,none,community centre,921,Al Yalayis 1,sales area: app district,alyelayiss1,the middle of the project's own community; the exact plot is not in our data yet
PN3505,3505,DAMAC ISLANDS - FIJI 1,register_extract_2026-06-15,Al Yelayiss 1,,Al Yelayiss 1,none,community centre,921,Al Yalayis 1,sales area: app district,alyelayiss1,the middle of the project's own community; the exact plot is not in our data yet
PN3507,3507,DAMAC ISLANDS - FIJI 2,register_extract_2026-06-15,Al Yelayiss 1,,Al Yelayiss 1,none,community centre,921,Al Yalayis 1,sales area: app district,alyelayiss1,the middle of the project's own community; the exact plot is not in our data yet
PN3514,3514,Greenspoint,register_extract_2026-06-15,Madinat Al Mataar,Dubai World Central,Madinat Al Mataar,community centre,community centre,521,Madinat Al Mataar,sales area: Dubai Municipality community name,madinatalmataar,already a community centre on the card (district|name key); the project-number entry lets pages without a card use it too
PN3517,3517,Rosewood Residences Dubai,register_extract_2026-06-15,Jumeirah Second,,Jumeirah Second,none,community centre,342,Jumeira Second,sales area: alias ('Jumeirah' is the register's spelling of 'Jumeira'; the lands register ties its parcels labelled 'Jumeirah Second' to community 342),(outside the 42 districts),the middle of the project's own community; the exact plot is not in our data yet
PN3526,3526,Jumeirah Residences - Asora Bay - Ocean Mansions,register_extract_2026-06-15,Jumeirah First,LA MER,Jumeirah First,none,community centre,332,Jumeira First,sales area: alias ('Jumeirah' is the register's spelling of 'Jumeira'; the lands register ties its parcels labelled 'Jumeirah First' to community 332),(outside the 42 districts),the middle of the project's own community; the exact plot is not in our data yet
PN3532,3532,نايا 2 في ديستريكت ون,register_extract_2026-06-15,Al Merkadh,Mohammed Bin Rashid AL Maktoum City -District -1 Community,,none,community centre,347,Al Merkadh,register master community: register master community,(outside the 42 districts),the middle of the project's own community; the exact plot is not in our data yet
PN3539,3539,The Veranda Collection 2,register_extract_2026-06-15,Al Barsha South Fourth,Jumeirah Village Circle,JUMEIRAH VILLAGE CIRCLE,none,community centre,681,Al Barsha South Fourth,sales area: register master community,jumeirahvillagecircle,the middle of the project's own community; the exact plot is not in our data yet
PN3548,3548,Peninsula Dubai Residences - Tower 2,register_extract_2026-06-15,Jumeirah Second,,Jumeirah Second,none,community centre,342,Jumeira Second,sales area: alias ('Jumeirah' is the register's spelling of 'Jumeira'; the lands register ties its parcels labelled 'Jumeirah Second' to community 342),(outside the 42 districts),the middle of the project's own community; the exact plot is not in our data yet
PN3549,3549,Island Living Residences,register_extract_2026-06-15,Palm Deira,Palm Deira,,none,community centre,101,Nakhlat Deira,register master community: register master community,palmdeira,the middle of the project's own community; the exact plot is not in our data yet
PN3558,3558,Greenspoint 2,register_extract_2026-06-15,Madinat Al Mataar,Dubai World Central,Madinat Al Mataar,community centre,community centre,521,Madinat Al Mataar,sales area: Dubai Municipality community name,madinatalmataar,already a community centre on the card (district|name key); the project-number entry lets pages without a card use it too
PN3560,3560,Zyra Vista Residences,register_extract_2026-06-15,Warsan Fourth,International City Phase 3,Warsan Fourth,none,community centre,624,Warsan Fourth,sales area: Dubai Municipality community name,(outside the 42 districts),the middle of the project's own community; the exact plot is not in our data yet
PN3562,3562,Al Haseen Residence 4,register_extract_2026-06-15,Saih Shuaib 2,,DUBAI INDUSTRIAL CITY,none,community centre,531,Saih Shuaib 2,sales area: app district,dubaiindustrialcity,the middle of the project's own community; the exact plot is not in our data yet
PN3566,3566,Azizi Emerald,register_extract_2026-06-15,Um Hurair Second,Dubai Health Care City Phase 1,,none,community centre,315,Umm Hurair Second,register master community: register master community,(outside the 42 districts),the middle of the project's own community; the exact plot is not in our data yet
PN3569,3569,ماج 11,register_extract_2026-06-15,Wadi Al Safa 3,Mohammed Bin Rashid AL Maktoum District 11,,none,community centre,645,Wadi Al Safa 3,register master community: register master community,majan,the middle of the project's own community; the exact plot is not in our data yet
PN3574,3574,بوتيغا نوفيه,register_extract_2026-06-15,Wadi Al Safa 3,Majan,,none,community centre,645,Wadi Al Safa 3,register master community: register master community,majan,the middle of the project's own community; the exact plot is not in our data yet
PN3575,3575,KYOMI RESIDENCE,register_extract_2026-06-15,Warsan Fourth,International City Phase 3,INTERNATIONAL CITY PH 2 & 3,none,community centre,624,Warsan Fourth,register master community: register master community,(outside the 42 districts),the middle of the project's own community; the exact plot is not in our data yet
PN3578,3578,Golf Verge,register_extract_2026-06-15,Madinat Al Mataar,Dubai World Central,Madinat Al Mataar,community centre,community centre,521,Madinat Al Mataar,sales area: Dubai Municipality community name,madinatalmataar,already a community centre on the card (district|name key); the project-number entry lets pages without a card use it too
PN3579,3579,Golf Meadow,register_extract_2026-06-15,Madinat Al Mataar,Dubai World Central,Madinat Al Mataar,community centre,community centre,521,Madinat Al Mataar,sales area: Dubai Municipality community name,madinatalmataar,already a community centre on the card (district|name key); the project-number entry lets pages without a card use it too
PN3580,3580,The Oasis - Address Villas - Tierra,register_extract_2026-06-15,Me'Aisem Second,,Me'Aisem Second,none,community centre,686,Me'aisem Second,sales area: Dubai Municipality community name,(outside the 42 districts),the middle of the project's own community; the exact plot is not in our data yet
PN3581,3581,The Oasis - Palace Villas - Ostra,register_extract_2026-06-15,Me'Aisem Second,,Me'Aisem Second,none,community centre,686,Me'aisem Second,sales area: Dubai Municipality community name,(outside the 42 districts),the middle of the project's own community; the exact plot is not in our data yet
PN3586,3586,The Acres 2 & Estates 2,register_extract_2026-06-15,Wadi Al Safa 7,,Wadi Al Safa 7,none,community centre,665,Wadi Al Safa 7,sales area: Dubai Municipality community name,(outside the 42 districts),the middle of the project's own community; the exact plot is not in our data yet
PN3590,3590,08 Life Residences,register_extract_2026-06-15,Warsan Fourth,International City Phase 3,INTERNATIONAL CITY PH 2 & 3,none,community centre,624,Warsan Fourth,register master community: register master community,(outside the 42 districts),the middle of the project's own community; the exact plot is not in our data yet
PN3593,3593,D Villas,register_extract_2026-06-15,Me'Aisem First,Jumeirah Golf Estates,Me'Aisem First,none,community centre,685,Me'aisem First,sales area: Dubai Municipality community name,dubaiproductioncity,the middle of the project's own community; the exact plot is not in our data yet
PN3600,3600,The Wilds 1,register_extract_2026-06-15,Wadi Al Safa 3,Living Legends,Wadi Al Safa 3,none,community centre,645,Wadi Al Safa 3,sales area: Dubai Municipality community name,majan,the middle of the project's own community; the exact plot is not in our data yet
PN3602,3602,Elwood Estates,register_extract_2026-06-15,Al Yufrah 1,,Al Yufrah 1,none,community centre,915,Al Yufrah 1,sales area: Dubai Municipality community name,alyufrah1,the middle of the project's own community; the exact plot is not in our data yet
PN3605,3605,Tomorrow Commercial Tower,register_extract_2026-06-15,Al Warsan First,International City Phase 1,INTERNATIONAL CITY PH 1,none,community centre,621,Warsan First,register master community: register master community,(outside the 42 districts),the middle of the project's own community; the exact plot is not in our data yet
PN3606,3606,The Wilds 2,register_extract_2026-06-15,Wadi Al Safa 3,Living Legends,Wadi Al Safa 3,none,community centre,645,Wadi Al Safa 3,sales area: Dubai Municipality community name,majan,the middle of the project's own community; the exact plot is not in our data yet
PN3607,3607,The Wilds 3,register_extract_2026-06-15,Wadi Al Safa 3,,Wadi Al Safa 3,none,community centre,645,Wadi Al Safa 3,sales area: Dubai Municipality community name,majan,the middle of the project's own community; the exact plot is not in our data yet
PN3621,3621,Cubital Heights 2,register_extract_2026-06-15,Jabal Ali First,Al Furjan,,none,community centre,591,Jabal Ali First,register master community: register master community,jabalalifirst,the middle of the project's own community; the exact plot is not in our data yet
PN3633,3633,نبني سكاي رويال ريزيدينسيس,register_extract_2026-06-15,Business Bay,Business Bay,,none,community centre,346,Business Bay,register master community: register master community,businessbay,the middle of the project's own community; the exact plot is not in our data yet
PN3634,3634,The Winslow,register_extract_2026-06-15,Bukadra,,,none,community centre,611,Bu Kadra,register area: Dubai Municipality community name,bukadra,the middle of the project's own community; the exact plot is not in our data yet
PN3635,3635,Elevia Residences,register_extract_2026-06-15,Warsan Fourth,International City Phase 3,INTERNATIONAL CITY PH 2 & 3,none,community centre,624,Warsan Fourth,register master community: register master community,(outside the 42 districts),the middle of the project's own community; the exact plot is not in our data yet
PN3641,3641,Park Gate 2,register_extract_2026-06-15,Hadaeq Sheikh Mohammed Bin Rashid,DUBAI HILLS,,none,community centre,631,Hadaeq Sheikh Mohammed Bin Rashid,register master community: register master community,dubaihills,the middle of the project's own community; the exact plot is not in our data yet
PN3645,3645,Lusin Residences by Ermax Development,register_extract_2026-06-15,Al Warsan First,International City Phase 1,INTERNATIONAL CITY PH 1,none,community centre,621,Warsan First,register master community: register master community,(outside the 42 districts),the middle of the project's own community; the exact plot is not in our data yet
PN3652,3652,وايت أوبالز 2,register_extract_2026-06-15,Wadi Al Safa 3,Mohammed Bin Rashid AL Maktoum District 11,,none,community centre,645,Wadi Al Safa 3,register master community: register master community,majan,the middle of the project's own community; the exact plot is not in our data yet
PN3670,3670,إديشن 77,register_extract_2026-06-15,Madinat Al Mataar,Dubai South Residential District,,none,community centre,521,Madinat Al Mataar,register master community: register master community,madinatalmataar,the middle of the project's own community; the exact plot is not in our data yet
PN3672,3672,South Park Residences 2 By Wellington,register_extract_2026-06-15,Saih Shuaib 2,,DUBAI INDUSTRIAL CITY,none,community centre,531,Saih Shuaib 2,sales area: app district,dubaiindustrialcity,the middle of the project's own community; the exact plot is not in our data yet
PN3673,3673,Vio Residences,register_extract_2026-06-15,Warsan Fourth,International City Phase 3,INTERNATIONAL CITY PH 2 & 3,none,community centre,624,Warsan Fourth,register master community: register master community,(outside the 42 districts),the middle of the project's own community; the exact plot is not in our data yet
PN3674,3674,Al Warsan Star,register_extract_2026-06-15,Al Warsan First,WARSAN FIRST DEVELOPMENT,,none,community centre,621,Warsan First,register master community: register master community,(outside the 42 districts),the middle of the project's own community; the exact plot is not in our data yet
PN3679,3679,Confident Preston,register_extract_2026-06-15,Wadi Al Safa 2,Liwan1,,none,community centre,643,Wadi Al Safa 2,register master community: register master community,liwan1,the middle of the project's own community; the exact plot is not in our data yet
PN3684,3684,REGAL CREST,register_extract_2026-06-15,Madinat Al Mataar,Dubai South Residential District,,none,community centre,521,Madinat Al Mataar,register master community: register master community,madinatalmataar,the middle of the project's own community; the exact plot is not in our data yet
PN3688,3688,Longford Residences by Devan Real Estate Development,register_extract_2026-06-15,Al Warsan First,International City Phase 1,INTERNATIONAL CITY PH 1,none,community centre,621,Warsan First,register master community: register master community,(outside the 42 districts),the middle of the project's own community; the exact plot is not in our data yet
PN3691,3691,Trump Tower,register_extract_2026-06-15,Trade Center First,,Trade Center First,none,community centre,335,Trade Center First,sales area: Dubai Municipality community name,(outside the 42 districts),the middle of the project's own community; the exact plot is not in our data yet
PN3692,3692,دي تو,register_extract_2026-06-15,Warsan Fourth,International City Phase 3,,none,community centre,624,Warsan Fourth,register master community: register master community,(outside the 42 districts),the middle of the project's own community; the exact plot is not in our data yet
PN3693,3693,DAMAC ISLANDS - BALI 3,register_extract_2026-06-15,Al Yelayiss 1,,Al Yelayiss 1,none,community centre,921,Al Yalayis 1,sales area: app district,alyelayiss1,the middle of the project's own community; the exact plot is not in our data yet
PN3697,3697,DAMAC ISLANDS - BALI 4,register_extract_2026-06-15,Al Yelayiss 1,,Al Yelayiss 1,none,community centre,921,Al Yalayis 1,sales area: app district,alyelayiss1,the middle of the project's own community; the exact plot is not in our data yet
PN3698,3698,DAMAC ISLANDS - SEYCHELLES 1,register_extract_2026-06-15,Al Yelayiss 1,,Al Yelayiss 1,none,community centre,921,Al Yalayis 1,sales area: app district,alyelayiss1,the middle of the project's own community; the exact plot is not in our data yet
PN3699,3699,Grand Polo - Chevalia Estate,register_extract_2026-06-15,Dubai Investment Park Second,,Dubai Investment Park Second,none,community centre,597,Dubai Investment Park Second,sales area: register master community,dubaiinvestmentparksecond,the middle of the project's own community; the exact plot is not in our data yet
PN3700,3700,Grand Polo - Montura,register_extract_2026-06-15,Dubai Investment Park Second,,Dubai Investment Park Second,none,community centre,597,Dubai Investment Park Second,sales area: register master community,dubaiinvestmentparksecond,the middle of the project's own community; the exact plot is not in our data yet
PN3701,3701,Grand Polo - Chevalia Fields,register_extract_2026-06-15,Dubai Investment Park Second,,Dubai Investment Park Second,none,community centre,597,Dubai Investment Park Second,sales area: register master community,dubaiinvestmentparksecond,the middle of the project's own community; the exact plot is not in our data yet
PN3703,3703,Grand Polo - Montura 3,register_extract_2026-06-15,Dubai Investment Park Second,,Dubai Investment Park Second,none,community centre,597,Dubai Investment Park Second,sales area: register master community,dubaiinvestmentparksecond,the middle of the project's own community; the exact plot is not in our data yet
PN3704,3704,Grand Polo - Montura 2,register_extract_2026-06-15,Dubai Investment Park Second,,Dubai Investment Park Second,none,community centre,597,Dubai Investment Park Second,sales area: register master community,dubaiinvestmentparksecond,the middle of the project's own community; the exact plot is not in our data yet
PN3706,3706,DAMAC HILLS - IVORY,register_extract_2026-06-15,Al Hebiah Third,DAMAC HILLS,Al Hebiah Third,none,community centre,676,Al Hebiah Third,sales area: Dubai Municipality community name,damachills,the middle of the project's own community; the exact plot is not in our data yet
PN3708,3708,Zenith Residences,register_extract_2026-06-15,Warsan Fourth,International City Phase 3,INTERNATIONAL CITY PH 2 & 3,none,community centre,624,Warsan Fourth,register master community: register master community,(outside the 42 districts),the middle of the project's own community; the exact plot is not in our data yet
PN3712,3712,AL WALEED w.s 1,register_extract_2026-06-15,Wadi Al Safa 5,Dubai Land Residence Complex,DUBAI LAND RESIDENCE COMPLEX,none,community centre,648,Wadi Al Safa 5,sales area: register master community,wadialsafa5,the middle of the project's own community; the exact plot is not in our data yet
PN3730,3730,Waada - Rayhan 1,register_extract_2026-06-15,Madinat Al Mataar,Dubai World Central,Madinat Al Mataar,community centre,community centre,521,Madinat Al Mataar,sales area: Dubai Municipality community name,madinatalmataar,already a community centre on the card (district|name key); the project-number entry lets pages without a card use it too
PN3733,3733,ايتون هاوس,register_extract_2026-06-15,Madinat Al Mataar,Dubai South Residential District,,none,community centre,521,Madinat Al Mataar,register master community: register master community,madinatalmataar,the middle of the project's own community; the exact plot is not in our data yet
PN3740,3740,عزيزي ريفيرا 57,register_extract_2026-06-15,Al Merkadh,Meydan One Community,,none,community centre,347,Al Merkadh,register master community: register master community,(outside the 42 districts),the middle of the project's own community; the exact plot is not in our data yet
PN3742,3742,كابيتال سيكس,register_extract_2026-06-15,Wadi Al Safa 3,Majan,,none,community centre,645,Wadi Al Safa 3,register master community: register master community,majan,the middle of the project's own community; the exact plot is not in our data yet
PN3745,3745,Akala Hotels and Residences,register_extract_2026-06-15,Zaabeel Second,Dubai International Financial Center,Zaabeel Second,none,community centre,337,Zaa'beel Second,sales area: Dubai Municipality community name,(outside the 42 districts),the middle of the project's own community; the exact plot is not in our data yet
PN3746,3746,Orbit Residences by Jewel 2,register_extract_2026-06-15,Warsan Fourth,International City Phase 3,,none,community centre,624,Warsan Fourth,register master community: register master community,(outside the 42 districts),the middle of the project's own community; the exact plot is not in our data yet
PN3748,3748,لكي برل ريسيدنس,register_extract_2026-06-15,Wadi Al Safa 5,Dubai Land Residence Complex,,none,community centre,648,Wadi Al Safa 5,register master community: register master community,wadialsafa5,the middle of the project's own community; the exact plot is not in our data yet
PN3750,3750,Atelis at d3,register_extract_2026-06-15,Zaabeel Second,Business Park,Zaabeel Second,none,community centre,337,Zaa'beel Second,sales area: Dubai Municipality community name,(outside the 42 districts),the middle of the project's own community; the exact plot is not in our data yet
PN3752,3752,Viani by Meteora,register_extract_2026-06-15,Wadi Al Safa 2,Liwan1,,none,community centre,643,Wadi Al Safa 2,register master community: register master community,liwan1,the middle of the project's own community; the exact plot is not in our data yet
PN3779,3779,The Mansions by MAG,register_extract_2026-06-15,Jabal Ali First,Al Furjan,,none,community centre,591,Jabal Ali First,register master community: register master community,jabalalifirst,the middle of the project's own community; the exact plot is not in our data yet
PN3783,3783,Waada- Raiha,register_extract_2026-06-15,Madinat Al Mataar,Dubai World Central,Madinat Al Mataar,community centre,community centre,521,Madinat Al Mataar,sales area: Dubai Municipality community name,madinatalmataar,already a community centre on the card (district|name key); the project-number entry lets pages without a card use it too
PN3787,3787,Chapter 01 By Newbury Developments,register_extract_2026-06-15,Warsan Fourth,International City Phase 3,INTERNATIONAL CITY PH 2 & 3,none,community centre,624,Warsan Fourth,register master community: register master community,(outside the 42 districts),the middle of the project's own community; the exact plot is not in our data yet
PN3796,3796,Samana Hills South,register_extract_2026-06-15,Saih Shuaib 2,,DUBAI INDUSTRIAL CITY,none,community centre,531,Saih Shuaib 2,sales area: app district,dubaiindustrialcity,the middle of the project's own community; the exact plot is not in our data yet
PN3800,3800,DAMAC ISLANDS - SEYCHELLES 2,register_extract_2026-06-15,Al Yelayiss 1,,Al Yelayiss 1,none,community centre,921,Al Yalayis 1,sales area: app district,alyelayiss1,the middle of the project's own community; the exact plot is not in our data yet
PN3806,3806,أكاسا بواسطة نسك,register_extract_2026-06-15,Madinat Al Mataar,Dubai South Residential District,,none,community centre,521,Madinat Al Mataar,register master community: register master community,madinatalmataar,the middle of the project's own community; the exact plot is not in our data yet
PN3813,3813,أوركيد ريزدنس,register_extract_2026-06-15,Al Barsha South Fourth,Jumeirah Village Circle,,none,community centre,681,Al Barsha South Fourth,register master community: register master community,jumeirahvillagecircle,the middle of the project's own community; the exact plot is not in our data yet
PN3820,3820,Jumeirah Residences Emirates Towers,register_extract_2026-06-15,Trade Center Second,,Trade Center Second,none,community centre,336,Trade Center Second,sales area: Dubai Municipality community name,(outside the 42 districts),the middle of the project's own community; the exact plot is not in our data yet
PN3822,3822,Grand Polo - Selvara,register_extract_2026-06-15,Dubai Investment Park Second,,Dubai Investment Park Second,none,community centre,597,Dubai Investment Park Second,sales area: register master community,dubaiinvestmentparksecond,the middle of the project's own community; the exact plot is not in our data yet
PN3823,3823,Grand Polo - Selvara 2,register_extract_2026-06-15,Dubai Investment Park Second,,Dubai Investment Park Second,none,community centre,597,Dubai Investment Park Second,sales area: register master community,dubaiinvestmentparksecond,the middle of the project's own community; the exact plot is not in our data yet
PN3825,3825,TAVORA RESIDENCES BY JHK HEIGHTS REAL ESTATE DEVELOPMENT,register_extract_2026-06-15,Warsan Fourth,International City Phase 3,INTERNATIONAL CITY PH 2 & 3,none,community centre,624,Warsan Fourth,register master community: register master community,(outside the 42 districts),the middle of the project's own community; the exact plot is not in our data yet
PN3827,3827,Sunlight Homes,register_extract_2026-06-15,Warsan Fourth,International City Phase 3,,none,community centre,624,Warsan Fourth,register master community: register master community,(outside the 42 districts),the middle of the project's own community; the exact plot is not in our data yet
PN3832,3832,Pinewood Estate Homes,register_extract_2026-06-15,Me'Aisem First,Jumeirah Golf Estates - Phase B,Me'Aisem First,none,community centre,685,Me'aisem First,sales area: Dubai Municipality community name,dubaiproductioncity,the middle of the project's own community; the exact plot is not in our data yet
PN3836,3836,SPORTS VIEW RESIDENCE 2 BY AL HELAL AL ZAHABY,register_extract_2026-06-15,Warsan Fourth,International City Phase 3,INTERNATIONAL CITY PH 2 & 3,none,community centre,624,Warsan Fourth,register master community: register master community,(outside the 42 districts),the middle of the project's own community; the exact plot is not in our data yet
PN3840,3840,?ينسيتوري ويلنيس إستيت,register_extract_2026-06-15,Wadi Al Safa 3,Majan,,none,community centre,645,Wadi Al Safa 3,register master community: register master community,majan,the middle of the project's own community; the exact plot is not in our data yet
PN3841,3841,Chapter 02,register_extract_2026-06-15,Warsan Fourth,International City Phase 3,,none,community centre,624,Warsan Fourth,register master community: register master community,(outside the 42 districts),the middle of the project's own community; the exact plot is not in our data yet
PN3843,3843,PURE TOWN,register_extract_2026-06-15,Al Barsha South Fourth,Jumeirah Village Circle,,none,community centre,681,Al Barsha South Fourth,register master community: register master community,jumeirahvillagecircle,the middle of the project's own community; the exact plot is not in our data yet
PN3845,3845,Azizi Sikander,register_extract_2026-06-15,Jabal Ali First,Al Furjan,AL FURJAN,none,community centre,591,Jabal Ali First,sales area: register master community,jabalalifirst,the middle of the project's own community; the exact plot is not in our data yet
PN3846,3846,CROWN PALACE,register_extract_2026-06-15,Madinat Al Mataar,Dubai South Residential District,,none,community centre,521,Madinat Al Mataar,register master community: register master community,madinatalmataar,the middle of the project's own community; the exact plot is not in our data yet
PN3854,3854,ربدان جاردنز,register_extract_2026-06-15,Al Satwa,Jumeirah Garden City,,none,community centre,334,Al Satwa,register master community: register master community,alsatwa,the middle of the project's own community; the exact plot is not in our data yet
PN3859,3859,Nad Al Sheba Gardens Phase 10,register_extract_2026-06-15,Nad Al Shiba First,,Nad Al Shiba First,community centre,community centre,618,Nadd Al Shiba First,sales area: alias ('Nad' is the register's spelling of 'Nadd'; the lands register ties its parcels labelled 'Nad Al Shiba First' to community 618),"goldensymphony,meydanone,sobhaheartland",already a community centre on the card (district|name key); the project-number entry lets pages without a card use it too
PN3860,3860,Nad Al Sheba Gardens Phase 8 & 9,register_extract_2026-06-15,Nad Al Shiba First,,Nad Al Shiba First,community centre,community centre,618,Nadd Al Shiba First,sales area: alias ('Nad' is the register's spelling of 'Nadd'; the lands register ties its parcels labelled 'Nad Al Shiba First' to community 618),"goldensymphony,meydanone,sobhaheartland",already a community centre on the card (district|name key); the project-number entry lets pages without a card use it too
PN3861,3861,Ventana Residences,register_extract_2026-06-15,Warsan Fourth,International City Phase 3,,none,community centre,624,Warsan Fourth,register master community: register master community,(outside the 42 districts),the middle of the project's own community; the exact plot is not in our data yet
PN3863,3863,سانا بيزنس بارك,register_extract_2026-06-15,Wadi Al Safa 3,Majan,,none,community centre,645,Wadi Al Safa 3,register master community: register master community,majan,the middle of the project's own community; the exact plot is not in our data yet
PN3865,3865,أيه بي هيلز,register_extract_2026-06-15,Saih Shuaib 1,JABEL ALI HILLS,,none,community centre,513,Saih Shuaib 1,register master community: register master community,(outside the 42 districts),the middle of the project's own community; the exact plot is not in our data yet
PN3866,3866,Grand Polo - Selvara 3,register_extract_2026-06-15,Dubai Investment Park Second,,Dubai Investment Park Second,none,community centre,597,Dubai Investment Park Second,sales area: register master community,dubaiinvestmentparksecond,the middle of the project's own community; the exact plot is not in our data yet
PN3875,3875,Grand Polo - Selvara 4,register_extract_2026-06-15,Dubai Investment Park Second,,Dubai Investment Park Second,none,community centre,597,Dubai Investment Park Second,sales area: register master community,dubaiinvestmentparksecond,the middle of the project's own community; the exact plot is not in our data yet
PN3877,3877,II ذا اس في شوبا هارتلاند,register_extract_2026-06-15,Bukadra,,,none,community centre,611,Bu Kadra,register area: Dubai Municipality community name,bukadra,the middle of the project's own community; the exact plot is not in our data yet
PN3882,3882,Elevia Residences III,register_extract_2026-06-15,Warsan Fourth,International City Phase 3,,none,community centre,624,Warsan Fourth,register master community: register master community,(outside the 42 districts),the middle of the project's own community; the exact plot is not in our data yet
PN3883,3883,Elevia Residences II,register_extract_2026-06-15,Warsan Fourth,International City Phase 3,,none,community centre,624,Warsan Fourth,register master community: register master community,(outside the 42 districts),the middle of the project's own community; the exact plot is not in our data yet
PN3884,3884,وايت اوبالس تو,register_extract_2026-06-15,Wadi Al Safa 3,Mohammed Bin Rashid AL Maktoum District 11,,none,community centre,645,Wadi Al Safa 3,register master community: register master community,majan,the middle of the project's own community; the exact plot is not in our data yet
PN3998,3998,Al Waha,sales_register_only,Wadi Al Safa 7,Arabian Ranches II,,none,community centre,665,Wadi Al Safa 7,register master community: register master community,(outside the 42 districts),the middle of the project's own community; the exact plot is not in our data yet
PN4000,4000,Emirates Hills,register_extract_2026-06-15,Al Thanayah Fourth,Emirates Hills,EMIRATE LIVING,none,community centre,394,Al Thanyah Fourth,register master community: register master community,(outside the 42 districts),the middle of the project's own community; the exact plot is not in our data yet
PN4016,4016,SOL LUXE,register_extract_2026-06-15,Trade Center First,,Trade Center First,none,community centre,335,Trade Center First,sales area: Dubai Municipality community name,(outside the 42 districts),the middle of the project's own community; the exact plot is not in our data yet
PN4021,4021,Ryze by AUM,register_extract_2026-06-15,Al Warsan First,WARSAN FIRST DEVELOPMENT,Warsan First,none,community centre,621,Warsan First,sales area: Dubai Municipality community name,(outside the 42 districts),the middle of the project's own community; the exact plot is not in our data yet
PN4022,4022,Coventry Residence,register_extract_2026-06-15,Saih Shuaib 2,,DUBAI INDUSTRIAL CITY,none,community centre,531,Saih Shuaib 2,sales area: app district,dubaiindustrialcity,the middle of the project's own community; the exact plot is not in our data yet
PN4025,4025,Samana Hills South 2,register_extract_2026-06-15,Saih Shuaib 2,,DUBAI INDUSTRIAL CITY,none,community centre,531,Saih Shuaib 2,sales area: app district,dubaiindustrialcity,the middle of the project's own community; the exact plot is not in our data yet
PN4029,4029,Ashwood Estates,register_extract_2026-06-15,Me'Aisem First,Jumeirah Golf Estates - Phase B,Me'Aisem First,none,community centre,685,Me'aisem First,sales area: Dubai Municipality community name,dubaiproductioncity,the middle of the project's own community; the exact plot is not in our data yet
PN4038,4038,Hayat 4,register_extract_2026-06-15,Madinat Al Mataar,Dubai World Central,Madinat Al Mataar,community centre,community centre,521,Madinat Al Mataar,sales area: Dubai Municipality community name,madinatalmataar,already a community centre on the card (district|name key); the project-number entry lets pages without a card use it too
PN4039,4039,ذا أوتوجراف - جي سيريس,register_extract_2026-06-15,Al Barsha South Fourth,Jumeirah Village Circle,,none,community centre,681,Al Barsha South Fourth,register master community: register master community,jumeirahvillagecircle,the middle of the project's own community; the exact plot is not in our data yet
PN4041,4041,LDWI Hotel,register_extract_2026-06-15,World Islands,The World,,none,community centre,303,World Islands,register master community: register master community,(outside the 42 districts),the middle of the project's own community; the exact plot is not in our data yet
PN4042,4042,Sobha Central Phase II,register_extract_2026-06-15,Jabal Ali First,DMCC-EZ2,DMCC-EZ2,none,community centre,591,Jabal Ali First,sales area: register master community,jabalalifirst,the middle of the project's own community; the exact plot is not in our data yet
PN4049,4049,كونفيدنت ادور,register_extract_2026-06-15,Wadi Al Safa 2,Liwan1,,none,community centre,643,Wadi Al Safa 2,register master community: register master community,liwan1,the middle of the project's own community; the exact plot is not in our data yet
PN4055,4055,Water Front Arena Residences,register_extract_2026-06-15,Palm Deira,Palm Deira,,none,community centre,101,Nakhlat Deira,register master community: register master community,palmdeira,the middle of the project's own community; the exact plot is not in our data yet
PN4063,4063,Stellar Axis by Ajmal Estate Developers,register_extract_2026-06-15,Warsan Fourth,International City Phase 3,INTERNATIONAL CITY PH 2 & 3,none,community centre,624,Warsan Fourth,register master community: register master community,(outside the 42 districts),the middle of the project's own community; the exact plot is not in our data yet
PN4067,4067,Grand Polo - Chevalia Estate 2,register_extract_2026-06-15,Dubai Investment Park Second,,Dubai Investment Park Second,none,community centre,597,Dubai Investment Park Second,sales area: register master community,dubaiinvestmentparksecond,the middle of the project's own community; the exact plot is not in our data yet
PN4070,4070,Coventry Residence 3,register_extract_2026-06-15,Saih Shuaib 2,,DUBAI INDUSTRIAL CITY,none,community centre,531,Saih Shuaib 2,sales area: app district,dubaiindustrialcity,the middle of the project's own community; the exact plot is not in our data yet
PN4074,4074,Samana Hills South 3,register_extract_2026-06-15,Saih Shuaib 2,,DUBAI INDUSTRIAL CITY,none,community centre,531,Saih Shuaib 2,sales area: app district,dubaiindustrialcity,the middle of the project's own community; the exact plot is not in our data yet
PN4089,4089,"Solaya (1,2,3)",register_extract_2026-06-15,Jumeirah First,LA MER,Jumeirah First,none,community centre,332,Jumeira First,sales area: alias ('Jumeirah' is the register's spelling of 'Jumeira'; the lands register ties its parcels labelled 'Jumeirah First' to community 332),(outside the 42 districts),the middle of the project's own community; the exact plot is not in our data yet
PN4091,4091,Palm Jebel Ali - The Beach and Coral Collection,register_extract_2026-06-15,Palm Jabal Ali,Palm Jabal Ali,Palm Jabal Ali,none,community centre,501,Nakhlat Jabal Ali,sales area: register master community,(outside the 42 districts),the middle of the project's own community; the exact plot is not in our data yet
PN4099,4099,Jasmine Residence,register_extract_2026-06-15,Al Barsha South Fifth,Jumeirah Village Triangle,,none,community centre,684,Al Barsha South Fifth,register master community: register master community,jumeirahvillagetriangle,the middle of the project's own community; the exact plot is not in our data yet
PN4101,4101,Palm Jebel Ali - The Beach and Coral Collection - Frond B,register_extract_2026-06-15,Palm Jabal Ali,Palm Jabal Ali,Palm Jabal Ali,none,community centre,501,Nakhlat Jabal Ali,sales area: register master community,(outside the 42 districts),the middle of the project's own community; the exact plot is not in our data yet
PN4103,4103,Palm Jebel Ali - The Beach and Coral Collection - Frond C,register_extract_2026-06-15,Palm Jabal Ali,Palm Jabal Ali,Palm Jabal Ali,none,community centre,501,Nakhlat Jabal Ali,sales area: register master community,(outside the 42 districts),the middle of the project's own community; the exact plot is not in our data yet
PN4107,4107,Palm Jebel Ali - The Beach and Coral Collection - Frond D,register_extract_2026-06-15,Palm Jabal Ali,Palm Jabal Ali,Palm Jabal Ali,none,community centre,501,Nakhlat Jabal Ali,sales area: register master community,(outside the 42 districts),the middle of the project's own community; the exact plot is not in our data yet
PN4108,4108,Nourelle,register_extract_2026-06-15,Um Suqaim Third,,Um Suqaim Third,none,community centre,366,Umm Suqeim Third,sales area: alias ('Um Suqaim' is the register's spelling of 'Umm Suqeim'; the lands register ties its parcels labelled 'Um Suqaim Third' to community 366),(outside the 42 districts),the middle of the project's own community; the exact plot is not in our data yet
PN4112,4112,NEST,register_extract_2026-06-15,Warsan Fourth,International City Phase 3,INTERNATIONAL CITY PH 2 & 3,none,community centre,624,Warsan Fourth,register master community: register master community,(outside the 42 districts),the middle of the project's own community; the exact plot is not in our data yet
PN4113,4113,Palm Jebel Ali - The Beach and Coral Collection - Frond E,register_extract_2026-06-15,Palm Jabal Ali,Palm Jabal Ali,Palm Jabal Ali,none,community centre,501,Nakhlat Jabal Ali,sales area: register master community,(outside the 42 districts),the middle of the project's own community; the exact plot is not in our data yet
PN4114,4114,EVERGRIN HOUSE 2,register_extract_2026-06-15,Al Satwa,Jumeirah Garden City,Al Satwa,none,community centre,334,Al Satwa,sales area: app district,alsatwa,the middle of the project's own community; the exact plot is not in our data yet
PN4121,4121,Taormina Village 2,register_extract_2026-06-15,Wadi Al Safa 3,,,none,community centre,645,Wadi Al Safa 3,register area: Dubai Municipality community name,majan,the middle of the project's own community; the exact plot is not in our data yet
PN4122,4122,"Solaya (4,6)",register_extract_2026-06-15,Jumeirah First,LA MER,LA MER,none,community centre,332,Jumeira First,sales area: register master community,(outside the 42 districts),the middle of the project's own community; the exact plot is not in our data yet
PN4123,4123,"Solaya (5,7)",register_extract_2026-06-15,Jumeirah First,LA MER,Jumeirah First,none,community centre,332,Jumeira First,sales area: alias ('Jumeirah' is the register's spelling of 'Jumeira'; the lands register ties its parcels labelled 'Jumeirah First' to community 332),(outside the 42 districts),the middle of the project's own community; the exact plot is not in our data yet
PN4128,4128,Palm Jebel Ali - The Beach and Coral Collection - Frond F,register_extract_2026-06-15,Palm Jabal Ali,Palm Jabal Ali,,none,community centre,501,Nakhlat Jabal Ali,register master community: register master community,(outside the 42 districts),the middle of the project's own community; the exact plot is not in our data yet
PN4135,4135,SOL TERRA CASA II,register_delta_2026-09-01,Al Barsha South Fourth,,,none,community centre,681,Al Barsha South Fourth,register area: Dubai Municipality community name,jumeirahvillagecircle,the middle of the project's own community; the exact plot is not in our data yet
PN4136,4136,Greencrest,sales_register_only,Hadaeq Sheikh Mohammed Bin Rashid,Dubai Hills Estate,,none,community centre,631,Hadaeq Sheikh Mohammed Bin Rashid,register master community: register master community,dubaihills,the middle of the project's own community; the exact plot is not in our data yet
PN4138,4138,Nionis Residences - Interiors by Karl Lagerfeld Maison,register_delta_2026-09-01,Palm Deira,,,none,community centre,101,Nakhlat Deira,register area: register master community,palmdeira,the middle of the project's own community; the exact plot is not in our data yet
PN4139,4139,ELLINGTON SANDS I,sales_register_only,Palm Deira,Palm Deira,,none,community centre,101,Nakhlat Deira,register master community: register master community,palmdeira,the middle of the project's own community; the exact plot is not in our data yet
PN4140,4140,ELLINGTON SANDS II,sales_register_only,Palm Deira,Palm Deira,,none,community centre,101,Nakhlat Deira,register master community: register master community,palmdeira,the middle of the project's own community; the exact plot is not in our data yet
PN4143,4143,HQ by ROVE,sales_register_only,Business Bay,Business Bay,,none,community centre,346,Business Bay,register master community: register master community,businessbay,the middle of the project's own community; the exact plot is not in our data yet
PN4148,4148,Vincitore Wellness Estate,sales_register_only,Wadi Al Safa 3,Majan,,none,community centre,645,Wadi Al Safa 3,register master community: register master community,majan,the middle of the project's own community; the exact plot is not in our data yet
PN4152,4152,HERMINA BY CASAGRAND GALLANTEE REAL ESTATE,sales_register_only,Palm Deira,Palm Deira,,none,community centre,101,Nakhlat Deira,register master community: register master community,palmdeira,the middle of the project's own community; the exact plot is not in our data yet
PN4156,4156,Palm Central Private Residences - Frond M,register_delta_2026-09-01,Palm Jabal Ali,,Palm Jabal Ali,none,community centre,501,Nakhlat Jabal Ali,sales area: register master community,(outside the 42 districts),the middle of the project's own community; the exact plot is not in our data yet
PN4158,4158,Mirdad,sales_register_only,Al Hebiah First,Motor City,,none,community centre,674,Al Hebiah First,register master community: register master community,motorcity,the middle of the project's own community; the exact plot is not in our data yet
PN4159,4159,Greenfield by Samana Developers,sales_register_only,Warsan Fourth,International City Phase 3,,none,community centre,624,Warsan Fourth,register master community: register master community,(outside the 42 districts),the middle of the project's own community; the exact plot is not in our data yet
PN4162,4162,Grand Polo - Equiterra 2,register_delta_2026-09-01,Dubai Investment Park Second,,Dubai Investment Park Second,community centre,community centre,597,Dubai Investment Park Second,sales area: register master community,dubaiinvestmentparksecond,already a community centre on the card (district|name key); the project-number entry lets pages without a card use it too
PN4165,4165,Timber Terrace,sales_register_only,Madinat Al Mataar,Dubai South Residential District,,none,community centre,521,Madinat Al Mataar,register master community: register master community,madinatalmataar,the middle of the project's own community; the exact plot is not in our data yet
PN4166,4166,Shahrukhz by Danube,register_delta_2026-09-01,Al Safouh First,,TECOM SITE A,none,community centre,372,Al Safouh First,register area: Dubai Municipality community name,(outside the 42 districts),the middle of the project's own community; the exact plot is not in our data yet
PN4167,4167,CDS Wave,sales_register_only,Palm Deira,Palm Deira,,none,community centre,101,Nakhlat Deira,register master community: register master community,palmdeira,the middle of the project's own community; the exact plot is not in our data yet
PN4170,4170,CELIA HOMES,sales_register_only,Wadi Al Safa 5,Dubai Land Residence Complex,,none,community centre,648,Wadi Al Safa 5,register master community: register master community,wadialsafa5,the middle of the project's own community; the exact plot is not in our data yet
PN4171,4171,Christian A. Rockefeller Tower,register_delta_2026-09-01,Business Bay,,,none,community centre,346,Business Bay,register area: register master community,businessbay,the middle of the project's own community; the exact plot is not in our data yet
PN4173,4173,Renascent Tower,sales_register_only,Wadi Al Safa 3,Mohammed Bin Rashid AL Maktoum District 11,,none,community centre,645,Wadi Al Safa 3,register master community: register master community,majan,the middle of the project's own community; the exact plot is not in our data yet
PN4177,4177,THE EDIT at d3,register_delta_2026-09-01,Zaabeel Second,,Zaabeel Second,none,community centre,337,Zaa'beel Second,sales area: Dubai Municipality community name,(outside the 42 districts),the middle of the project's own community; the exact plot is not in our data yet
PN4178,4178,Coventry 2,register_delta_2026-09-01,Warsan Fourth,,INTERNATIONAL CITY PH 2 & 3,none,community centre,624,Warsan Fourth,register area: Dubai Municipality community name,(outside the 42 districts),the middle of the project's own community; the exact plot is not in our data yet
PN4180,4180,Route 66,register_delta_2026-09-01,Saih Shuaib 1,,,none,community centre,513,Saih Shuaib 1,register area: Dubai Municipality community name,(outside the 42 districts),the middle of the project's own community; the exact plot is not in our data yet
PN4181,4181,Holm One,sales_register_only,Al Satwa,Jumeirah Garden City,,none,community centre,334,Al Satwa,register master community: register master community,alsatwa,the middle of the project's own community; the exact plot is not in our data yet
PN4182,4182,Aristo,sales_register_only,Madinat Al Mataar,Dubai South Residential District,,none,community centre,521,Madinat Al Mataar,register master community: register master community,madinatalmataar,the middle of the project's own community; the exact plot is not in our data yet
PN4185,4185,Grand Polo - Equiterra,register_delta_2026-09-01,Dubai Investment Park Second,,Dubai Investment Park Second,community centre,community centre,597,Dubai Investment Park Second,sales area: register master community,dubaiinvestmentparksecond,already a community centre on the card (district|name key); the project-number entry lets pages without a card use it too
PN4186,4186,Grand Polo - Equestra,register_delta_2026-09-01,Dubai Investment Park Second,,Dubai Investment Park Second,community centre,community centre,597,Dubai Investment Park Second,sales area: register master community,dubaiinvestmentparksecond,already a community centre on the card (district|name key); the project-number entry lets pages without a card use it too
PN4187,4187,MAAK RESIDENCE,sales_register_only,Madinat Al Mataar,Dubai South Residential District,,none,community centre,521,Madinat Al Mataar,register master community: register master community,madinatalmataar,the middle of the project's own community; the exact plot is not in our data yet
PN4188,4188,The Promise Villas,sales_register_only,Al Barsha South Fourth,Jumeirah Village Circle,,none,community centre,681,Al Barsha South Fourth,register master community: register master community,jumeirahvillagecircle,the middle of the project's own community; the exact plot is not in our data yet
PN4189,4189,Maravea Residences,sales_register_only,Palm Deira,Palm Deira,,none,community centre,101,Nakhlat Deira,register master community: register master community,palmdeira,the middle of the project's own community; the exact plot is not in our data yet
PN4191,4191,LIV OCEANSIDE,sales_register_only,Palm Deira,Palm Deira,,none,community centre,101,Nakhlat Deira,register master community: register master community,palmdeira,the middle of the project's own community; the exact plot is not in our data yet
PN4192,4192,TARAF 3 RESIDENCE,sales_register_only,Al Barsha South Fourth,Jumeirah Village Circle,,none,community centre,681,Al Barsha South Fourth,register master community: register master community,jumeirahvillagecircle,the middle of the project's own community; the exact plot is not in our data yet
PN4194,4194,Vue Doree,sales_register_only,Palm Deira,Palm Deira,,none,community centre,101,Nakhlat Deira,register master community: register master community,palmdeira,the middle of the project's own community; the exact plot is not in our data yet
PN4203,4203,Hearth Heights By ENAWT REAL ESTATE DEVELOPMENT,sales_register_only,Al Barsha South Fourth,Jumeirah Village Circle,,none,community centre,681,Al Barsha South Fourth,register master community: register master community,jumeirahvillagecircle,the middle of the project's own community; the exact plot is not in our data yet
PN4206,4206,BEST TOWN VILLAS,sales_register_only,Al Barsha South Fifth,Jumeirah Village Triangle,,none,community centre,684,Al Barsha South Fifth,register master community: register master community,jumeirahvillagetriangle,the middle of the project's own community; the exact plot is not in our data yet
PN4208,4208,Vertex Pointe,sales_register_only,Al Barshaa South Third,Arjan,,none,community centre,673,Al Barsha South Third,register master community: register master community,arjan,the middle of the project's own community; the exact plot is not in our data yet
PN4209,4209,The Oasis - Palmiera Collective,register_delta_2026-09-01,Me'Aisem Second,,Me'Aisem Second,none,community centre,686,Me'aisem Second,sales area: Dubai Municipality community name,(outside the 42 districts),the middle of the project's own community; the exact plot is not in our data yet
PN4215,4215,The Caden By Prescott,sales_register_only,Bukadra,,,none,community centre,611,Bu Kadra,register area: Dubai Municipality community name,bukadra,the middle of the project's own community; the exact plot is not in our data yet
PN4216,4216,SILVIANA PARK LIVING,sales_register_only,Al Barsha South Fifth,Jumeirah Village Triangle,,none,community centre,684,Al Barsha South Fifth,register master community: register master community,jumeirahvillagetriangle,the middle of the project's own community; the exact plot is not in our data yet
PN4217,4217,YIGO26,sales_register_only,Al Warsan First,International City Phase 1,,none,community centre,621,Warsan First,register master community: register master community,(outside the 42 districts),the middle of the project's own community; the exact plot is not in our data yet
PN4219,4219,The Valley - Ovelle,register_delta_2026-09-01,Al Yufrah 1,,Al Yufrah 1,none,community centre,915,Al Yufrah 1,sales area: Dubai Municipality community name,alyufrah1,the middle of the project's own community; the exact plot is not in our data yet
PN4220,4220,The Valley - Avelia,register_delta_2026-09-01,Al Yufrah 1,,Al Yufrah 1,none,community centre,915,Al Yufrah 1,sales area: Dubai Municipality community name,alyufrah1,the middle of the project's own community; the exact plot is not in our data yet
PN4222,4222,Cybele By Wadan,sales_register_only,Wadi Al Safa 5,Dubai Land Residence Complex,,none,community centre,648,Wadi Al Safa 5,register master community: register master community,wadialsafa5,the middle of the project's own community; the exact plot is not in our data yet
PN4226,4226,Inaura Hotels & Residences,sales_register_only,Burj Khalifa,DownTown Dubai,,none,community centre,345,Burj Khalifa,register master community: register master community,burjkhalifa,the middle of the project's own community; the exact plot is not in our data yet
PN4228,4228,MIORAH By Zoya,sales_register_only,Madinat Al Mataar,Dubai South Residential District,,none,community centre,521,Madinat Al Mataar,register master community: register master community,madinatalmataar,the middle of the project's own community; the exact plot is not in our data yet
PN4236,4236,ZYRA HILLS,register_delta_2026-09-01,Warsan Fourth,,INTERNATIONAL CITY PH 2 & 3,none,community centre,624,Warsan Fourth,register area: Dubai Municipality community name,(outside the 42 districts),the middle of the project's own community; the exact plot is not in our data yet
PN4237,4237,Serro The Heights,register_delta_2026-09-01,Al Yelayiss 5,,Al Yelayiss 5,none,community centre,925,Al Yalayis 5,sales area: alias ('Yelayiss' is the register's spelling of 'Yalayis'; the lands register ties its parcels labelled 'Al Yelayiss 5' to community 925),(outside the 42 districts),the middle of the project's own community; the exact plot is not in our data yet
PN4238,4238,Serro 2 The Heights,register_delta_2026-09-01,Al Yelayiss 5,,Al Yelayiss 5,none,community centre,925,Al Yalayis 5,sales area: alias ('Yelayiss' is the register's spelling of 'Yalayis'; the lands register ties its parcels labelled 'Al Yelayiss 5' to community 925),(outside the 42 districts),the middle of the project's own community; the exact plot is not in our data yet
PN4239,4239,MIA TOWER,register_delta_2026-09-01,Bukadra,,,none,community centre,611,Bu Kadra,register area: Dubai Municipality community name,bukadra,the middle of the project's own community; the exact plot is not in our data yet
PN4240,4240,Salva The Heights,register_delta_2026-09-01,Al Yelayiss 5,,Al Yelayiss 5,none,community centre,925,Al Yalayis 5,sales area: alias ('Yelayiss' is the register's spelling of 'Yalayis'; the lands register ties its parcels labelled 'Al Yelayiss 5' to community 925),(outside the 42 districts),the middle of the project's own community; the exact plot is not in our data yet
PN4242,4242,CLOVER,register_delta_2026-09-01,Wadi Al Safa 5,Wadi Hills by HRE,,none,community centre,648,Wadi Al Safa 5,register area: app district,wadialsafa5,the middle of the project's own community; the exact plot is not in our data yet
PN4243,4243,DAMAC ISLANDS 2 - BAHAMAS 1,register_delta_2026-09-01,Al Yelayiss 1,,Al Yelayiss 1,community centre,community centre,921,Al Yalayis 1,sales area: app district,alyelayiss1,already a community centre on the card (district|name key); the project-number entry lets pages without a card use it too
PN4244,4244,DAMAC ISLANDS 2 - BAHAMAS 2,register_delta_2026-09-01,Al Yelayiss 1,,Al Yelayiss 1,community centre,community centre,921,Al Yalayis 1,sales area: app district,alyelayiss1,already a community centre on the card (district|name key); the project-number entry lets pages without a card use it too
PN4245,4245,AHS TOWER,sales_register_only,Trade Center Second,,,none,community centre,336,Trade Center Second,register area: Dubai Municipality community name,(outside the 42 districts),the middle of the project's own community; the exact plot is not in our data yet
PN4247,4247,Binghatti Cullinan,sales_register_only,Al Jadaf,Sama Al Jadaf,,none,community centre,326,Al Jadaf,register master community: register master community,samaaljadaf,the middle of the project's own community; the exact plot is not in our data yet
PN4253,4253,Haus of Tenet,register_delta_2026-09-01,Business Bay,,BUSINESS BAY,none,community centre,346,Business Bay,sales area: register master community,businessbay,the middle of the project's own community; the exact plot is not in our data yet
PN4255,4255,Nad Al Sheba Gardens Phase 11,register_delta_2026-09-01,Nad Al Shiba First,,Nad Al Shiba First,community centre,community centre,618,Nadd Al Shiba First,sales area: alias ('Nad' is the register's spelling of 'Nadd'; the lands register ties its parcels labelled 'Nad Al Shiba First' to community 618),"goldensymphony,meydanone,sobhaheartland",already a community centre on the card (district|name key); the project-number entry lets pages without a card use it too
PN4256,4256,Verdana 8,sales_register_only,Dubai Investment Park First,Dubai Investment Park First,,none,community centre,598,Dubai Investment Park First,register master community: register master community,dubaiinvestmentparkfirst,the middle of the project's own community; the exact plot is not in our data yet
PN4257,4257,Verdana 10,register_delta_2026-09-01,Dubai Investment Park First,,DUBAI INVESTMENT PARK FIRST,none,community centre,598,Dubai Investment Park First,sales area: register master community,dubaiinvestmentparkfirst,the middle of the project's own community; the exact plot is not in our data yet
PN4259,4259,Artistry One Residences,register_delta_2026-09-01,Zaabeel Second,,Zaabeel Second,none,community centre,337,Zaa'beel Second,sales area: Dubai Municipality community name,(outside the 42 districts),the middle of the project's own community; the exact plot is not in our data yet
PN4261,4261,Artistry Two Residences,register_delta_2026-09-01,Zaabeel Second,,Zaabeel Second,none,community centre,337,Zaa'beel Second,sales area: Dubai Municipality community name,(outside the 42 districts),the middle of the project's own community; the exact plot is not in our data yet
PN4262,4262,DAMAC ISLANDS 2 - TAHITI 1,register_delta_2026-09-01,Al Yelayiss 1,,Al Yelayiss 1,community centre,community centre,921,Al Yalayis 1,sales area: app district,alyelayiss1,already a community centre on the card (district|name key); the project-number entry lets pages without a card use it too
PN4263,4263,DAMAC ISLANDS 2 - TAHITI 2,register_delta_2026-09-01,Al Yelayiss 1,,Al Yelayiss 1,community centre,community centre,921,Al Yalayis 1,sales area: app district,alyelayiss1,already a community centre on the card (district|name key); the project-number entry lets pages without a card use it too
PN4264,4264,Verdana Residence 5,sales_register_only,Dubai Investment Park First,Dubai Investment Park First,,none,community centre,598,Dubai Investment Park First,register master community: register master community,dubaiinvestmentparkfirst,the middle of the project's own community; the exact plot is not in our data yet
PN4265,4265,Verdana Residence 6,sales_register_only,Dubai Investment Park First,Dubai Investment Park First,,none,community centre,598,Dubai Investment Park First,register master community: register master community,dubaiinvestmentparkfirst,the middle of the project's own community; the exact plot is not in our data yet
PN4267,4267,Verdana Residence 8,sales_register_only,Dubai Investment Park First,Dubai Investment Park First,,none,community centre,598,Dubai Investment Park First,register master community: register master community,dubaiinvestmentparkfirst,the middle of the project's own community; the exact plot is not in our data yet
PN4268,4268,Verdana Residence 10,register_delta_2026-09-01,Dubai Investment Park First,,Dubai Investment Park First,none,community centre,598,Dubai Investment Park First,sales area: register master community,dubaiinvestmentparkfirst,the middle of the project's own community; the exact plot is not in our data yet
PN4269,4269,Mareva The Oasis,register_delta_2026-09-01,Me'Aisem Second,,Me'Aisem Second,none,community centre,686,Me'aisem Second,sales area: Dubai Municipality community name,(outside the 42 districts),the middle of the project's own community; the exact plot is not in our data yet
PN4270,4270,Mareva 2 The Oasis,register_delta_2026-09-01,Me'Aisem Second,,Me'Aisem Second,none,community centre,686,Me'aisem Second,sales area: Dubai Municipality community name,(outside the 42 districts),the middle of the project's own community; the exact plot is not in our data yet
PN4271,4271,VERDANIA 4,sales_register_only,Wadi Al Safa 5,Dubai Land Residence Complex,,none,community centre,648,Wadi Al Safa 5,register master community: register master community,wadialsafa5,the middle of the project's own community; the exact plot is not in our data yet
PN4272,4272,Serra Residence By Wujod,sales_register_only,Wadi Al Safa 2,Liwan2,,none,community centre,643,Wadi Al Safa 2,register master community: register master community,liwan1,the middle of the project's own community; the exact plot is not in our data yet
PN4273,4273,"AYAMI RESIDENCE, BY AYAT DEVELOPMENT",register_delta_2026-09-01,Al Warsan First,,Warsan First,none,community centre,621,Warsan First,sales area: Dubai Municipality community name,(outside the 42 districts),the middle of the project's own community; the exact plot is not in our data yet
PN4277,4277,Valoria The Oasis,register_delta_2026-09-01,Me'Aisem Second,,,none,community centre,686,Me'aisem Second,register area: Dubai Municipality community name,(outside the 42 districts),the middle of the project's own community; the exact plot is not in our data yet
PN4278,4278,Verdana 4,sales_register_only,Dubai Investment Park First,Dubai Investment Park First,,none,community centre,598,Dubai Investment Park First,register master community: register master community,dubaiinvestmentparkfirst,the middle of the project's own community; the exact plot is not in our data yet
PN4279,4279,Verdana 5,sales_register_only,Dubai Investment Park First,Dubai Investment Park First,,none,community centre,598,Dubai Investment Park First,register master community: register master community,dubaiinvestmentparkfirst,the middle of the project's own community; the exact plot is not in our data yet
PN4284,4284,Tivanno Residence,sales_register_only,Palm Deira,Palm Deira,,none,community centre,101,Nakhlat Deira,register master community: register master community,palmdeira,the middle of the project's own community; the exact plot is not in our data yet
PN4288,4288,Verdana 6,sales_register_only,Dubai Investment Park First,Dubai Investment Park First,,none,community centre,598,Dubai Investment Park First,register master community: register master community,dubaiinvestmentparkfirst,the middle of the project's own community; the exact plot is not in our data yet
PN4291,4291,DAMAC ISLANDS 2 - BERMUDA,register_delta_2026-09-01,Al Yelayiss 1,,Al Yelayiss 1,community centre,community centre,921,Al Yalayis 1,sales area: app district,alyelayiss1,already a community centre on the card (district|name key); the project-number entry lets pages without a card use it too
PN4292,4292,DAMAC ISLANDS 2 - CUBA,register_delta_2026-09-01,Al Yelayiss 1,,Al Yelayiss 1,community centre,community centre,921,Al Yalayis 1,sales area: app district,alyelayiss1,already a community centre on the card (district|name key); the project-number entry lets pages without a card use it too
PN4294,4294,DAMAC ISLANDS 2 - BARBADOS 1,register_delta_2026-09-01,Al Yelayiss 1,,Al Yelayiss 1,community centre,community centre,921,Al Yalayis 1,sales area: app district,alyelayiss1,already a community centre on the card (district|name key); the project-number entry lets pages without a card use it too
PN4295,4295,DAMAC ISLANDS 2 - BARBADOS 2,register_delta_2026-09-01,Al Yelayiss 1,,Al Yelayiss 1,community centre,community centre,921,Al Yalayis 1,sales area: app district,alyelayiss1,already a community centre on the card (district|name key); the project-number entry lets pages without a card use it too
PN4296,4296,DAMAC ISLANDS 2 - MAUI,register_delta_2026-09-01,Al Yelayiss 1,,Al Yelayiss 1,community centre,community centre,921,Al Yalayis 1,sales area: app district,alyelayiss1,already a community centre on the card (district|name key); the project-number entry lets pages without a card use it too
PN4301,4301,EATON SQUARE,sales_register_only,Bukadra,,,none,community centre,611,Bu Kadra,register area: Dubai Municipality community name,bukadra,the middle of the project's own community; the exact plot is not in our data yet
PN4307,4307,Babylon Tower,register_delta_2026-09-01,Al Thanyah First,,,none,community centre,383,Al Thanyah First,register area: Dubai Municipality community name,(outside the 42 districts),the middle of the project's own community; the exact plot is not in our data yet
PN4308,4308,MYRA ONYX,sales_register_only,Nad Al Hamar,,,none,community centre,416,Nadd Al Hamar,register area: alias ('Nad' is the register's spelling of 'Nadd'; the lands register ties its parcels labelled 'Nad Al Hamar' to community 416),(outside the 42 districts),the middle of the project's own community; the exact plot is not in our data yet
PN4310,4310,AJWAN RESIDENCES,sales_register_only,Madinat Al Mataar,Dubai South Residential District,,none,community centre,521,Madinat Al Mataar,register master community: register master community,madinatalmataar,the middle of the project's own community; the exact plot is not in our data yet
PN4315,4315,Nine Collective,register_delta_2026-09-01,Al Kifaf,,,none,community centre,324,Al Kifaf,register area: Dubai Municipality community name,(outside the 42 districts),the middle of the project's own community; the exact plot is not in our data yet
PN4318,4318,Tura Residence,register_delta_2026-09-01,Nad Al Shiba First,,,none,community centre,618,Nadd Al Shiba First,register area: alias ('Nad' is the register's spelling of 'Nadd'; the lands register ties its parcels labelled 'Nad Al Shiba First' to community 618),"goldensymphony,meydanone,sobhaheartland",the middle of the project's own community; the exact plot is not in our data yet
PN4322,4322,Park Residency,register_delta_2026-09-01,Warsan Fourth,,INTERNATIONAL CITY PH 2 & 3,none,community centre,624,Warsan Fourth,register area: Dubai Municipality community name,(outside the 42 districts),the middle of the project's own community; the exact plot is not in our data yet
PN4323,4323,Dar Al Aiham One,sales_register_only,Warsan Fourth,International City Phase 3,,none,community centre,624,Warsan Fourth,register master community: register master community,(outside the 42 districts),the middle of the project's own community; the exact plot is not in our data yet
PN4324,4324,Bottega Nove by Lalav,sales_register_only,Wadi Al Safa 3,Majan,,none,community centre,645,Wadi Al Safa 3,register master community: register master community,majan,the middle of the project's own community; the exact plot is not in our data yet
PN4326,4326,Cedarwood Estates,register_delta_2026-09-01,Me'Aisem First,,Me'Aisem First,none,community centre,685,Me'aisem First,sales area: Dubai Municipality community name,dubaiproductioncity,the middle of the project's own community; the exact plot is not in our data yet
PN4332,4332,Sanctuary by Prestige One,sales_register_only,Ras Al Khor Industrial First,,,none,community centre,612,Ras Al Khor Ind. First,register area: alias ('Industrial' is the register's spelling of the Municipality's 'IND.'; the lands register ties its parcels labelled 'Ras Al Khor Industrial First' to community 612),(outside the 42 districts),the middle of the project's own community; the exact plot is not in our data yet
PN4340,4340,ZEN LAGOONS,register_delta_2026-09-01,Bukadra,,,none,community centre,611,Bu Kadra,register area: Dubai Municipality community name,bukadra,the middle of the project's own community; the exact plot is not in our data yet
PN4341,4341,Nami Island Project,register_delta_2026-09-01,World Islands,,,none,community centre,303,World Islands,register area: Dubai Municipality community name,(outside the 42 districts),the middle of the project's own community; the exact plot is not in our data yet
PN4342,4342,The Lyceum,register_delta_2026-09-01,Al Barsha South Fifth,,,none,community centre,684,Al Barsha South Fifth,register area: Dubai Municipality community name,jumeirahvillagetriangle,the middle of the project's own community; the exact plot is not in our data yet
PN4343,4343,FLUID ONE,register_delta_2026-09-01,Palm Deira,,,none,community centre,101,Nakhlat Deira,register area: register master community,palmdeira,the middle of the project's own community; the exact plot is not in our data yet
PN4350,4350,South Lofts by Premier Choice,register_delta_2026-09-01,Saih Shuaib 2,,DUBAI INDUSTRIAL CITY,none,community centre,531,Saih Shuaib 2,sales area: app district,dubaiindustrialcity,the middle of the project's own community; the exact plot is not in our data yet
PN4352,4352,Nad Al Sheba Gardens Phase 12,register_delta_2026-09-01,Nad Al Shiba First,,,none,community centre,618,Nadd Al Shiba First,register area: alias ('Nad' is the register's spelling of 'Nadd'; the lands register ties its parcels labelled 'Nad Al Shiba First' to community 618),"goldensymphony,meydanone,sobhaheartland",the middle of the project's own community; the exact plot is not in our data yet
PN4354,4354,Arja Vista Residences,register_delta_2026-09-01,Madinat Al Mataar,,,none,community centre,521,Madinat Al Mataar,register area: Dubai Municipality community name,madinatalmataar,the middle of the project's own community; the exact plot is not in our data yet
PN4358,4358,Tulip Oasis 11 Tower 2,register_delta_2026-09-01,Wadi Al Safa 3,,,none,community centre,645,Wadi Al Safa 3,register area: Dubai Municipality community name,majan,the middle of the project's own community; the exact plot is not in our data yet
PN4359,4359,Cresswell Plaza,sales_register_only,Madinat Al Mataar,Dubai South Residential District,,none,community centre,521,Madinat Al Mataar,register master community: register master community,madinatalmataar,the middle of the project's own community; the exact plot is not in our data yet
PN4360,4360,CHAVELLE BY IMTIAZ,register_delta_2026-09-01,Bukadra,,,none,community centre,611,Bu Kadra,register area: Dubai Municipality community name,bukadra,the middle of the project's own community; the exact plot is not in our data yet
PN4363,4363,Darah Residence,register_delta_2026-09-01,Madinat Al Mataar,,,none,community centre,521,Madinat Al Mataar,register area: Dubai Municipality community name,madinatalmataar,the middle of the project's own community; the exact plot is not in our data yet
PN4365,4365,Listone Residence,register_delta_2026-09-01,Al Warsan First,,,none,community centre,621,Warsan First,register area: alias (the register writes 'Al Warsan First' for the Municipality's 'Warsan First'; the lands register ties its parcels labelled 'Al Warsan First' to community 621),(outside the 42 districts),the middle of the project's own community; the exact plot is not in our data yet
PN4366,4366,The Grove at Sobha Sanctuary,sales_register_only,Al Yufrah 1,,,none,community centre,915,Al Yufrah 1,register area: Dubai Municipality community name,alyufrah1,the middle of the project's own community; the exact plot is not in our data yet
PN4369,4369,DAMAC ISLANDS 2 - ANTIGUA 1,register_delta_2026-09-01,Al Yelayiss 1,,Al Yelayiss 1,community centre,community centre,921,Al Yalayis 1,sales area: app district,alyelayiss1,already a community centre on the card (district|name key); the project-number entry lets pages without a card use it too
PN4371,4371,Coventry Curve,register_delta_2026-09-01,Saih Shuaib 2,,DUBAI INDUSTRIAL CITY,none,community centre,531,Saih Shuaib 2,sales area: app district,dubaiindustrialcity,the middle of the project's own community; the exact plot is not in our data yet
PN4373,4373,The Valley - Alva,register_delta_2026-09-01,Al Yufrah 1,,,none,community centre,915,Al Yufrah 1,register area: Dubai Municipality community name,alyufrah1,the middle of the project's own community; the exact plot is not in our data yet
PN4374,4374,The Valley - Alva 2,register_delta_2026-09-01,Al Yufrah 1,,,none,community centre,915,Al Yufrah 1,register area: Dubai Municipality community name,alyufrah1,the middle of the project's own community; the exact plot is not in our data yet
PN4375,4375,The Valley - Alva 3,register_delta_2026-09-01,Al Yufrah 1,,,none,community centre,915,Al Yufrah 1,register area: Dubai Municipality community name,alyufrah1,the middle of the project's own community; the exact plot is not in our data yet
PN4378,4378,Babette Sapphire Residence,sales_register_only,Al Jadaf,Jaddaf Waterfront,,none,community centre,326,Al Jadaf,register master community: register master community,samaaljadaf,the middle of the project's own community; the exact plot is not in our data yet
PN4379,4379,PIAZZA ROMA,register_delta_2026-09-01,Al Hebiah Fifth,,Al Hebiah Fifth,none,community centre,683,Al Hebiah Fifth,sales area: Dubai Municipality community name,alhebiahfifth,the middle of the project's own community; the exact plot is not in our data yet
PN4380,4380,The Gyld,register_delta_2026-09-01,Al Satwa,,,none,community centre,334,Al Satwa,register area: app district,alsatwa,the middle of the project's own community; the exact plot is not in our data yet
PN4383,4383,Calla Isle,register_delta_2026-09-01,Palm Deira,,,none,community centre,101,Nakhlat Deira,register area: register master community,palmdeira,the middle of the project's own community; the exact plot is not in our data yet
PN4386,4386,IZEL BY ZOYA,sales_register_only,Wadi Al Safa 5,Dubai Land Residence Complex,,none,community centre,648,Wadi Al Safa 5,register master community: register master community,wadialsafa5,the middle of the project's own community; the exact plot is not in our data yet
PN4389,4389,Amis & GPD Presents Fleur De Jardin Villas,register_delta_2026-09-01,Wadi Al Safa 3,,,none,community centre,645,Wadi Al Safa 3,register area: Dubai Municipality community name,majan,the middle of the project's own community; the exact plot is not in our data yet
PN4391,4391,SOL TERRA CASA I,register_delta_2026-09-01,Al Barsha South Fourth,,,none,community centre,681,Al Barsha South Fourth,register area: Dubai Municipality community name,jumeirahvillagecircle,the middle of the project's own community; the exact plot is not in our data yet
PN4394,4394,Samana Business Hub,register_delta_2026-09-01,Jabal Ali Industrial Second,,DOWN TOWN JABAL ALI,none,community centre,518,Jabal Ali Industrial Second,sales area: register master community,jabalaliindustrialsecond,the middle of the project's own community; the exact plot is not in our data yet
PN4395,4395,Globna by Crystal Bay Azure,register_delta_2026-09-01,Madinat Al Mataar,,,none,community centre,521,Madinat Al Mataar,register area: Dubai Municipality community name,madinatalmataar,the middle of the project's own community; the exact plot is not in our data yet
PN4397,4397,Maserati Island by Samana,register_delta_2026-09-01,World Islands,,,none,community centre,303,World Islands,register area: Dubai Municipality community name,(outside the 42 districts),the middle of the project's own community; the exact plot is not in our data yet
PN4398,4398,Prestige Gardens by Prestige One,sales_register_only,Al Satwa,Jumeirah Garden City,,none,community centre,334,Al Satwa,register master community: register master community,alsatwa,the middle of the project's own community; the exact plot is not in our data yet
PN4404,4404,Villea East,register_delta_2026-09-01,Al Satwa,,,none,community centre,334,Al Satwa,register area: app district,alsatwa,the middle of the project's own community; the exact plot is not in our data yet
PN4406,4406,Al Aiham Homes,register_delta_2026-09-01,Warsan Fourth,,,none,community centre,624,Warsan Fourth,register area: Dubai Municipality community name,(outside the 42 districts),the middle of the project's own community; the exact plot is not in our data yet
PN4407,4407,Fay Residence,register_delta_2026-09-01,Al Jadaf,,,none,community centre,326,Al Jadaf,register area: Dubai Municipality community name,samaaljadaf,the middle of the project's own community; the exact plot is not in our data yet
PN4410,4410,One Central Dubai,register_delta_2026-09-01,Trade Center Second,,,none,community centre,336,Trade Center Second,register area: Dubai Municipality community name,(outside the 42 districts),the middle of the project's own community; the exact plot is not in our data yet
PN4412,4412,SHAPE,register_delta_2026-09-01,Al Barsha South Fourth,,,none,community centre,681,Al Barsha South Fourth,register area: Dubai Municipality community name,jumeirahvillagecircle,the middle of the project's own community; the exact plot is not in our data yet
PN4414,4414,X11,sales_register_only,Madinat Al Mataar,Dubai South Residential District,,none,community centre,521,Madinat Al Mataar,register master community: register master community,madinatalmataar,the middle of the project's own community; the exact plot is not in our data yet
PN4417,4417,THE ATELIER,register_delta_2026-09-01,Business Bay,,,none,community centre,346,Business Bay,register area: register master community,businessbay,the middle of the project's own community; the exact plot is not in our data yet
PN4420,4420,Enclave Greens by Shriya,register_delta_2026-09-01,Wadi Al Safa 3,,,none,community centre,645,Wadi Al Safa 3,register area: Dubai Municipality community name,majan,the middle of the project's own community; the exact plot is not in our data yet
PN4424,4424,Hayat 7,register_delta_2026-09-01,Madinat Al Mataar,,,none,community centre,521,Madinat Al Mataar,register area: Dubai Municipality community name,madinatalmataar,the middle of the project's own community; the exact plot is not in our data yet
PN4426,4426,Palm Central Private Residences - Frond N,register_delta_2026-09-01,Palm Jabal Ali,,Palm Jabal Ali,none,community centre,501,Nakhlat Jabal Ali,sales area: register master community,(outside the 42 districts),the middle of the project's own community; the exact plot is not in our data yet
PN4427,4427,One Mansory,register_delta_2026-09-01,Al Hebiah First,,,none,community centre,674,Al Hebiah First,register area: Dubai Municipality community name,motorcity,the middle of the project's own community; the exact plot is not in our data yet
PN4430,4430,Greenz By Danube,register_delta_2026-09-01,Al Rowaiyah First,,Al Rowaiyah First,none,community centre,812,Al Rowaiyah First,sales area: Dubai Municipality community name,(outside the 42 districts),the middle of the project's own community; the exact plot is not in our data yet
PN4431,4431,The 55,register_delta_2026-09-01,Al Barshaa South Third,,,none,community centre,673,Al Barsha South Third,register area: alias ('Barshaa' is a doubled-letter spelling of 'Barsha'; the lands register ties its parcels labelled 'Al Barshaa South Third' to community 673),arjan,the middle of the project's own community; the exact plot is not in our data yet
PN4434,4434,FALA BY KASCO,register_delta_2026-09-01,Al Jadaf,,,none,community centre,326,Al Jadaf,register area: Dubai Municipality community name,samaaljadaf,the middle of the project's own community; the exact plot is not in our data yet
PN4436,4436,MONTCLAIR,register_delta_2026-09-01,Al Yelayiss 2,,,none,community centre,922,Al Yalayis 2,register area: alias ('Yelayiss' is the register's spelling of 'Yalayis'; the lands register ties its parcels labelled 'Al Yelayiss 2' to community 922),alyelayiss2,the middle of the project's own community; the exact plot is not in our data yet
PN4437,4437,EIRA,sales_register_only,Me'Aisem First,International Media Production Zone,,none,community centre,685,Me'aisem First,register master community: register master community,dubaiproductioncity,the middle of the project's own community; the exact plot is not in our data yet
PN4438,4438,"WESTIN RESIDENCES, DUBAI CREEK GARDENS",register_delta_2026-09-01,Al Jadaf,,,none,community centre,326,Al Jadaf,register area: Dubai Municipality community name,samaaljadaf,the middle of the project's own community; the exact plot is not in our data yet
PN4439,4439,Longfor International Center,register_delta_2026-09-01,Al Warsan First,,Warsan First,none,community centre,621,Warsan First,sales area: Dubai Municipality community name,(outside the 42 districts),the middle of the project's own community; the exact plot is not in our data yet
PN4443,4443,South Lofts 2 by Premier Choice,register_delta_2026-09-01,Saih Shuaib 2,,DUBAI INDUSTRIAL CITY,none,community centre,531,Saih Shuaib 2,sales area: app district,dubaiindustrialcity,the middle of the project's own community; the exact plot is not in our data yet
PN4444,4444,Vivo Residences South By Main Realty,register_delta_2026-09-01,Saih Shuaib 2,,,none,community centre,531,Saih Shuaib 2,register area: Dubai Municipality community name,dubaiindustrialcity,the middle of the project's own community; the exact plot is not in our data yet
PN4445,4445,Bild Alve,register_delta_2026-09-01,Al Safouh First,,,none,community centre,372,Al Safouh First,register area: Dubai Municipality community name,(outside the 42 districts),the middle of the project's own community; the exact plot is not in our data yet
PN4446,4446,O1NE District - Dawn,sales_register_only,Al Hebiah First,Motor City,,none,community centre,674,Al Hebiah First,register master community: register master community,motorcity,the middle of the project's own community; the exact plot is not in our data yet
PN4450,4450,Faro The Heights,register_delta_2026-09-01,Al Yelayiss 5,,,none,community centre,925,Al Yalayis 5,register area: alias ('Yelayiss' is the register's spelling of 'Yalayis'; the lands register ties its parcels labelled 'Al Yelayiss 5' to community 925),(outside the 42 districts),the middle of the project's own community; the exact plot is not in our data yet
PN4456,4456,LUNAYA,register_delta_2026-09-01,Saih Shuaib 1,,Saih Shuaib 1,none,community centre,513,Saih Shuaib 1,sales area: Dubai Municipality community name,(outside the 42 districts),the middle of the project's own community; the exact plot is not in our data yet
PN4457,4457,Cheval Residences,sales_register_only,Palm Deira,Palm Deira,,none,community centre,101,Nakhlat Deira,register master community: register master community,palmdeira,the middle of the project's own community; the exact plot is not in our data yet
PN4459,4459,Elanora by zoya,register_delta_2026-09-01,Saih Shuaib 2,,DUBAI INDUSTRIAL CITY,none,community centre,531,Saih Shuaib 2,sales area: app district,dubaiindustrialcity,the middle of the project's own community; the exact plot is not in our data yet
PN4462,4462,Greenfield 2 by Samana Developers,register_delta_2026-09-01,Warsan Fourth,,INTERNATIONAL CITY PH 2 & 3,none,community centre,624,Warsan Fourth,register area: Dubai Municipality community name,(outside the 42 districts),the middle of the project's own community; the exact plot is not in our data yet
PN4465,4465,Coventry Centro,register_delta_2026-09-01,Saih Shuaib 2,,DUBAI INDUSTRIAL CITY,none,community centre,531,Saih Shuaib 2,sales area: app district,dubaiindustrialcity,the middle of the project's own community; the exact plot is not in our data yet
PN4466,4466,Coventry Cove,register_delta_2026-09-01,Saih Shuaib 2,,DUBAI INDUSTRIAL CITY,none,community centre,531,Saih Shuaib 2,sales area: app district,dubaiindustrialcity,the middle of the project's own community; the exact plot is not in our data yet
PN4467,4467,DISTRICT 53,register_delta_2026-09-01,Madinat Al Mataar,,,none,community centre,521,Madinat Al Mataar,register area: Dubai Municipality community name,madinatalmataar,the middle of the project's own community; the exact plot is not in our data yet
PN4471,4471,Tilal Binghatti,register_delta_2026-09-01,Al Rowaiyah First,,Al Rowaiyah First,none,community centre,812,Al Rowaiyah First,sales area: Dubai Municipality community name,(outside the 42 districts),the middle of the project's own community; the exact plot is not in our data yet
PN4472,4472,Samana South Haven,register_delta_2026-09-01,Saih Shuaib 2,,DUBAI INDUSTRIAL CITY,none,community centre,531,Saih Shuaib 2,sales area: app district,dubaiindustrialcity,the middle of the project's own community; the exact plot is not in our data yet
PN4474,4474,Verdana 9,register_delta_2026-09-01,Dubai Investment Park First,,DUBAI INVESTMENT PARK FIRST,none,community centre,598,Dubai Investment Park First,sales area: register master community,dubaiinvestmentparkfirst,the middle of the project's own community; the exact plot is not in our data yet
PN4475,4475,Verdana Residence 9,register_delta_2026-09-01,Dubai Investment Park First,,Dubai Investment Park First,none,community centre,598,Dubai Investment Park First,sales area: register master community,dubaiinvestmentparkfirst,the middle of the project's own community; the exact plot is not in our data yet
PN4476,4476,SADAAT TOWER,sales_register_only,Warsan Fourth,International City Phase 3,,none,community centre,624,Warsan Fourth,register master community: register master community,(outside the 42 districts),the middle of the project's own community; the exact plot is not in our data yet
PN4478,4478,Best City View Tower,register_delta_2026-09-01,Al Barsha South Fifth,,,none,community centre,684,Al Barsha South Fifth,register area: Dubai Municipality community name,jumeirahvillagetriangle,the middle of the project's own community; the exact plot is not in our data yet
PN4480,4480,Arancia Yards By Beyond,sales_register_only,Wadi Al Safa 4,City Of Arabia,,none,community centre,646,Wadi Al Safa 4,register master community: register master community,wadialsafa4,the middle of the project's own community; the exact plot is not in our data yet
PN4481,4481,VERDE LEVEL 1,register_delta_2026-09-01,Wadi Al Safa 5,,,none,community centre,648,Wadi Al Safa 5,register area: app district,wadialsafa5,the middle of the project's own community; the exact plot is not in our data yet
PN4484,4484,ELYRA RESIDENCES BY ENAAM,register_delta_2026-09-01,Nadd Hessa,,SILICON OASIS,none,community centre,626,Nadd Hessa,sales area: register master community,siliconoasis,the middle of the project's own community; the exact plot is not in our data yet
PN4485,4485,The Woods,sales_register_only,Al Yufrah 1,,,community centre,community centre,915,Al Yufrah 1,register area: Dubai Municipality community name,alyufrah1,already a community centre on the card (district|name key); the project-number entry lets pages without a card use it too
PN4488,4488,ARYAM TOWER BY ABU ALNAGA,sales_register_only,Jabal Ali First,Al Furjan,,none,community centre,591,Jabal Ali First,register master community: register master community,jabalalifirst,the middle of the project's own community; the exact plot is not in our data yet
PN4490,4490,SOL BEACH,register_delta_2026-09-01,Palm Jumeirah,,,none,community centre,381,Nakhlat Jumeira,register area: register master community,palmjumeirah,the middle of the project's own community; the exact plot is not in our data yet
PN4491,4491,Lawncrest By Zimaya,register_delta_2026-09-01,Me'Aisem First,,,none,community centre,685,Me'aisem First,register area: Dubai Municipality community name,dubaiproductioncity,the middle of the project's own community; the exact plot is not in our data yet
PN4493,4493,ABU ALNAGA TOWER,register_delta_2026-09-01,Al Jadaf,,,none,community centre,326,Al Jadaf,register area: Dubai Municipality community name,samaaljadaf,the middle of the project's own community; the exact plot is not in our data yet
PN4494,4494,VALERIA BY ABU ALNAGA,register_delta_2026-09-01,Al Jadaf,,SAMA AL JADAF,none,community centre,326,Al Jadaf,sales area: register master community,samaaljadaf,the middle of the project's own community; the exact plot is not in our data yet
PN4497,4497,S'VN RESIDENCES,register_delta_2026-09-01,Al Barsha South Fourth,,JUMEIRAH VILLAGE CIRCLE,none,community centre,681,Al Barsha South Fourth,sales area: register master community,jumeirahvillagecircle,the middle of the project's own community; the exact plot is not in our data yet
PN4498,4498,RAW DISTRICT BY IMTIAZ CR,sales_register_only,Jabal Ali Industrial Second,Down Town Jabal Ali,,none,community centre,518,Jabal Ali Industrial Second,register master community: register master community,jabalaliindustrialsecond,the middle of the project's own community; the exact plot is not in our data yet
PN4499,4499,EVERLY PLACE,register_delta_2026-09-01,Ras Al Khor Industrial First,,,none,community centre,612,Ras Al Khor Ind. First,register area: alias ('Industrial' is the register's spelling of the Municipality's 'IND.'; the lands register ties its parcels labelled 'Ras Al Khor Industrial First' to community 612),(outside the 42 districts),the middle of the project's own community; the exact plot is not in our data yet
PN4500,4500,RAW DISTRICT BY IMTIAZ R,sales_register_only,Jabal Ali Industrial Second,Down Town Jabal Ali,,none,community centre,518,Jabal Ali Industrial Second,register master community: register master community,jabalaliindustrialsecond,the middle of the project's own community; the exact plot is not in our data yet
PN4502,4502,Cresswell Views II,register_delta_2026-09-01,Madinat Al Mataar,,,none,community centre,521,Madinat Al Mataar,register area: Dubai Municipality community name,madinatalmataar,the middle of the project's own community; the exact plot is not in our data yet
PN4503,4503,113 RESIDENCES,register_delta_2026-09-01,Al Safouh First,,SUFOUH GARDENS,none,community centre,372,Al Safouh First,sales area: register master community,(outside the 42 districts),the middle of the project's own community; the exact plot is not in our data yet
PN4504,4504,Sunrise Valley,register_delta_2026-09-01,Nad Al Shiba First,,,none,community centre,618,Nadd Al Shiba First,register area: alias ('Nad' is the register's spelling of 'Nadd'; the lands register ties its parcels labelled 'Nad Al Shiba First' to community 618),"goldensymphony,meydanone,sobhaheartland",the middle of the project's own community; the exact plot is not in our data yet
PN4505,4505,Portside by Samana Developers,register_delta_2026-09-01,Jabal Ali Industrial Second,,,none,community centre,518,Jabal Ali Industrial Second,register area: Dubai Municipality community name,jabalaliindustrialsecond,the middle of the project's own community; the exact plot is not in our data yet
PN4506,4506,Portside 2 by Samana Developers,register_delta_2026-09-01,Jabal Ali Industrial Second,,DOWN TOWN JABAL ALI,none,community centre,518,Jabal Ali Industrial Second,sales area: register master community,jabalaliindustrialsecond,the middle of the project's own community; the exact plot is not in our data yet
PN4507,4507,Samana Downtown One,register_delta_2026-09-01,Jabal Ali Industrial Second,,DOWN TOWN JABAL ALI,none,community centre,518,Jabal Ali Industrial Second,sales area: register master community,jabalaliindustrialsecond,the middle of the project's own community; the exact plot is not in our data yet
PN4508,4508,Divine Haven,register_delta_2026-09-01,Madinat Al Mataar,,DUBAI SOUTH,none,community centre,521,Madinat Al Mataar,sales area: app district,madinatalmataar,the middle of the project's own community; the exact plot is not in our data yet
PN4510,4510,24HC,register_delta_2026-09-01,Um Hurair Second,,DUBAI HEALTHCARE CITY - PHASE 1,none,community centre,315,Umm Hurair Second,sales area: register master community,(outside the 42 districts),the middle of the project's own community; the exact plot is not in our data yet
PN4511,4511,The Lyceum,register_delta_2026-09-01,Al Barsha South Fifth,,,none,community centre,684,Al Barsha South Fifth,register area: Dubai Municipality community name,jumeirahvillagetriangle,the middle of the project's own community; the exact plot is not in our data yet
PN4518,4518,Samana South Haven 2,register_delta_2026-09-01,Saih Shuaib 2,,DUBAI INDUSTRIAL CITY,none,community centre,531,Saih Shuaib 2,sales area: app district,dubaiindustrialcity,the middle of the project's own community; the exact plot is not in our data yet
PN4521,4521,Tomorrow Commercial Tower 2,sales_register_only,Warsan Fourth,International City Phase 3,,none,community centre,624,Warsan Fourth,register master community: register master community,(outside the 42 districts),the middle of the project's own community; the exact plot is not in our data yet
PN4523,4523,Golf Trails,sales_register_only,Madinat Al Mataar,Dubai World Central,,community centre,community centre,521,Madinat Al Mataar,register master community: register master community,madinatalmataar,already a community centre on the card (district|name key); the project-number entry lets pages without a card use it too
PN4531,4531,The Greens at Sobha Sanctuary,sales_register_only,Al Yufrah 1,,,none,community centre,915,Al Yufrah 1,register area: Dubai Municipality community name,alyufrah1,the middle of the project's own community; the exact plot is not in our data yet
PN4532,4532,The Brooks at Sobha Sanctuary,sales_register_only,Al Yufrah 1,,,none,community centre,915,Al Yufrah 1,register area: Dubai Municipality community name,alyufrah1,the middle of the project's own community; the exact plot is not in our data yet
PN4536,4536,Breva,register_delta_2026-09-01,Palm Deira,,,none,community centre,101,Nakhlat Deira,register area: register master community,palmdeira,the middle of the project's own community; the exact plot is not in our data yet
PN4539,4539,Treppan Vision,sales_register_only,Wadi Al Safa 5,Dubai Land Residence Complex,,none,community centre,648,Wadi Al Safa 5,register master community: register master community,wadialsafa5,the middle of the project's own community; the exact plot is not in our data yet
PN4541,4541,LENJAWI DIAMOND,register_delta_2026-09-01,Warsan Fourth,,INTERNATIONAL CITY PH 2 & 3,none,community centre,624,Warsan Fourth,register area: Dubai Municipality community name,(outside the 42 districts),the middle of the project's own community; the exact plot is not in our data yet
PN4542,4542,OCEARA PARKVIEW RESIDENCES,sales_register_only,Palm Deira,Palm Deira,,none,community centre,101,Nakhlat Deira,register master community: register master community,palmdeira,the middle of the project's own community; the exact plot is not in our data yet
PN4543,4543,Tessera,sales_register_only,Madinat Al Mataar,Dubai South Residential District,,none,community centre,521,Madinat Al Mataar,register master community: register master community,madinatalmataar,the middle of the project's own community; the exact plot is not in our data yet
PN4545,4545,MANARINA,register_delta_2026-09-01,Madinat Al Mataar,,,none,community centre,521,Madinat Al Mataar,register area: Dubai Municipality community name,madinatalmataar,the middle of the project's own community; the exact plot is not in our data yet
PN4547,4547,Soyo By Zimaya,sales_register_only,Palm Deira,Palm Deira,,none,community centre,101,Nakhlat Deira,register master community: register master community,palmdeira,the middle of the project's own community; the exact plot is not in our data yet
PN4548,4548,Shahrukhz Residences by Danube,sales_register_only,Madinat Dubai Almelaheyah,Dubai Maritime City,,none,community centre,321,Madinat Dubai Al Melaheyah,register master community: register master community,dubaimaritimecity,the middle of the project's own community; the exact plot is not in our data yet
PN4557,4557,Residence 71,register_delta_2026-09-01,Madinat Al Mataar,,,none,community centre,521,Madinat Al Mataar,register area: Dubai Municipality community name,madinatalmataar,the middle of the project's own community; the exact plot is not in our data yet
PN4558,4558,Loriza by Zoya,sales_register_only,Madinat Al Mataar,Dubai South Residential District,,none,community centre,521,Madinat Al Mataar,register master community: register master community,madinatalmataar,the middle of the project's own community; the exact plot is not in our data yet
PID0,,,building_register_only,Jabal Ali First,Al Furjan,,none,none,591,,,jabalalifirst,no register project number (building_register_only): a project-number key cannot be made
PID849259063,,AHS TOWER,building_register_only,Trade Center Second,,,none,none,336,,,(outside the 42 districts),no register project number (building_register_only): a project-number key cannot be made
PID926,,ALMASAH TOWER,building_register_only,Wadi Al Safa 2,Falcon City,,none,none,643,,,liwan1,no register project number (building_register_only): a project-number key cannot be made
PID381,,ANGELICA RESIDENCE 2,building_register_only,Al Barsha South Fourth,Jumeirah Village Circle,,none,none,681,,,jumeirahvillagecircle,no register project number (building_register_only): a project-number key cannot be made
PID1133,,AROOJ PALACE,building_register_only,Al Barsha South Fourth,Jumeirah Village Circle,,none,none,681,,,jumeirahvillagecircle,no register project number (building_register_only): a project-number key cannot be made
PID938,,AUROR RESIDENCE 2,building_register_only,Warsan Fourth,International City Phase 3,,none,none,624,,,(outside the 42 districts),no register project number (building_register_only): a project-number key cannot be made
PID164994496,,AVENUE RESIDENCE Three,building_register_only,Jabal Ali First,Al Furjan,,none,none,591,,,jabalalifirst,no register project number (building_register_only): a project-number key cannot be made
PID918436230,,Al Haseen Residence 5,building_register_only,Saih Shuaib 2,,,none,none,531,,,dubaiindustrialcity,no register project number (building_register_only): a project-number key cannot be made
PID769914992,,Al Waha,building_register_only,Wadi Al Safa 7,Al Waha Villas,,none,none,665,,,(outside the 42 districts),no register project number (building_register_only): a project-number key cannot be made
PID927352431,,Arancia Yards By Beyond,building_register_only,Wadi Al Safa 4,City Of Arabia,,none,none,646,,,wadialsafa4,no register project number (building_register_only): a project-number key cannot be made
PID974059736,,Aris by GRID,building_register_only,Madinat Al Mataar,Dubai South Residential District,,none,none,521,,,madinatalmataar,no register project number (building_register_only): a project-number key cannot be made
PID828235693,,Artist Hotel,building_register_only,World Islands,The World,,none,none,303,,,(outside the 42 districts),no register project number (building_register_only): a project-number key cannot be made
PID936279925,,Avenue Park Towers II,building_register_only,Al Kifaf,Wasl 1,,none,none,324,,,(outside the 42 districts),no register project number (building_register_only): a project-number key cannot be made
PID1470,,BERLIN CLASSIC 1,building_register_only,Al Barshaa South Third,Arjan,,none,none,673,,,arjan,no register project number (building_register_only): a project-number key cannot be made
PID1471,,BERLIN CLASSIC 2,building_register_only,Al Barshaa South Third,Arjan,,none,none,673,,,arjan,no register project number (building_register_only): a project-number key cannot be made
PID841483934,,BEST TOWN VILLAS,building_register_only,Al Barsha South Fifth,Jumeirah Village Triangle,,none,none,684,,,jumeirahvillagetriangle,no register project number (building_register_only): a project-number key cannot be made
PID1129,,BLUE MOON TOWER,building_register_only,Palm Jabal Ali,Palm Jabal Ali,,none,none,501,,,(outside the 42 districts),no register project number (building_register_only): a project-number key cannot be made
PID890,,BURJ AL FARA'A,building_register_only,Al Barsha South Fourth,Jumeirah Village Circle,,none,none,681,,,jumeirahvillagecircle,no register project number (building_register_only): a project-number key cannot be made
PID886250284,,Babette Sapphire Residence,building_register_only,Al Jadaf,Jaddaf Waterfront,,none,none,326,,,samaaljadaf,no register project number (building_register_only): a project-number key cannot be made
PID968149516,,Bay Estate,building_register_only,Palm Deira,Palm Deira,,none,none,101,,,palmdeira,no register project number (building_register_only): a project-number key cannot be made
PID314,,CAPITAL SQUARE,building_register_only,Jabal Ali Industrial Third,Down Town Jabal Ali,,none,none,518,,,jabalaliindustrialsecond,no register project number (building_register_only): a project-number key cannot be made
PID302,,CENTRAL SQUARE A & B,building_register_only,Jabal Ali Industrial Third,Down Town Jabal Ali,,none,none,518,,,jabalaliindustrialsecond,no register project number (building_register_only): a project-number key cannot be made
PID926830513,,Cedarwood Estates-South,building_register_only,Me'Aisem First,Jumeirah Golf Estates - Phase B,Me'Aisem First,none,none,685,,,dubaiproductioncity,no register project number (building_register_only): a project-number key cannot be made
PID942866365,,Coventry Curve 2,building_register_only,Saih Shuaib 2,,,none,none,531,,,dubaiindustrialcity,no register project number (building_register_only): a project-number key cannot be made
PID919485670,,Coventry Living,building_register_only,Al Barsha South Fourth,Jumeirah Village Circle,,none,none,681,,,jumeirahvillagecircle,no register project number (building_register_only): a project-number key cannot be made
PID58,,DEYAAR PARK,building_register_only,Jabal Ali,Down Town Jabal Ali,,none,none,518,,,jabalaliindustrialsecond,no register project number (building_register_only): a project-number key cannot be made
PID153,,DIAMOND ARCH1,building_register_only,Al Barsha South Fourth,Jumeirah Village Circle,,none,none,681,,,jumeirahvillagecircle,no register project number (building_register_only): a project-number key cannot be made
PID358,,DIAMOND SHOPPING MALL,building_register_only,Wadi Al Safa 5,The Villa,,none,none,648,,,wadialsafa5,no register project number (building_register_only): a project-number key cannot be made
PID528,,DREAM SQUARE,building_register_only,Warsan Fourth,International City Phase 3,,none,none,624,,,(outside the 42 districts),no register project number (building_register_only): a project-number key cannot be made
PID453,,DUBAI LAGOON LOTUS,building_register_only,Dubai Investment Park First,Dubai Investment Park First,,none,none,598,,,dubaiinvestmentparkfirst,no register project number (building_register_only): a project-number key cannot be made
PID14175220,,DUBAI LAGOON ROWAN,building_register_only,Dubai Investment Park First,Dubai Investment Park First,,none,none,598,,,dubaiinvestmentparkfirst,no register project number (building_register_only): a project-number key cannot be made
PID1166,,DUBAI WATER FRONT BADRAH,building_register_only,Hessyan First,Dubai Water Front,,none,none,511,,,(outside the 42 districts),no register project number (building_register_only): a project-number key cannot be made
PID866047597,,Dar Al Aiham One,building_register_only,Warsan Fourth,International City Phase 3,,none,none,624,,,(outside the 42 districts),no register project number (building_register_only): a project-number key cannot be made
PID858434174,,EATON SQUARE,building_register_only,Bukadra,,,none,none,611,,,bukadra,no register project number (building_register_only): a project-number key cannot be made
PID1180,,EDEN 1,building_register_only,Al Barsha South Fourth,Jumeirah Village Circle,,none,none,681,,,jumeirahvillagecircle,no register project number (building_register_only): a project-number key cannot be made
PID905,,EDEN 2,building_register_only,Al Barsha South Fourth,Jumeirah Village Circle,,none,none,681,,,jumeirahvillagecircle,no register project number (building_register_only): a project-number key cannot be made
PID656,,ELASH,building_register_only,Warsan Fourth,International City Phase 3,,none,none,624,,,(outside the 42 districts),no register project number (building_register_only): a project-number key cannot be made
PID100,,ELEGANT TOWER,building_register_only,Al Barsha South Fourth,Jumeirah Village Circle,,none,none,681,,,jumeirahvillagecircle,no register project number (building_register_only): a project-number key cannot be made
PID852586672,,EVERGRIN House 4,building_register_only,Al Satwa,Jumeirah Garden City,,none,none,334,,,alsatwa,no register project number (building_register_only): a project-number key cannot be made
PID319355167,,Emerald Hills at Dubai Hills,building_register_only,Hadaeq Sheikh Mohammed Bin Rashid,DUBAI HILLS - EMERALD HILLS,,none,none,631,,,dubaihills,no register project number (building_register_only): a project-number key cannot be made
PID974583958,,Eterna By GRID,building_register_only,Me'Aisem First,International Media Production Zone,,none,none,685,,,dubaiproductioncity,no register project number (building_register_only): a project-number key cannot be made
PID983,,FERRETTI LUXURY BEACH RESDIENCE TWIN TOWER,building_register_only,Hessyan Second,Dubai Water Front,,none,none,512,,,(outside the 42 districts),no register project number (building_register_only): a project-number key cannot be made
PID420,,FLAMINGO COVE,building_register_only,Al Khairan  Second,The Lagoons,,none,none,,,,,no register project number (building_register_only): a project-number key cannot be made
PID649,,FRANKFURT TOWER,building_register_only,Al Barsha South Fourth,Jumeirah Village Circle,,none,none,681,,,jumeirahvillagecircle,no register project number (building_register_only): a project-number key cannot be made
PID910142736,,Faro 2 The Heights,building_register_only,Al Yelayiss 5,,,none,none,925,,,(outside the 42 districts),no register project number (building_register_only): a project-number key cannot be made
PID804,,GERMAN SPORTS TOWER2,building_register_only,Al Hebiah Fourth,Dubai Sports City,,none,none,682,,,dubaisportscity,no register project number (building_register_only): a project-number key cannot be made
PID1066,,GERMAN SUPREME RESIDENCE 1,building_register_only,Wadi Al Safa 5,The Villa,,none,none,648,,,wadialsafa5,no register project number (building_register_only): a project-number key cannot be made
PID454,,GLOBAL POINT,building_register_only,Warsan Fourth,International City Phase 3,,none,none,624,,,(outside the 42 districts),no register project number (building_register_only): a project-number key cannot be made
PID1068,,GOLDEN FUTURE,building_register_only,Al Barsha South Fourth,Jumeirah Village Circle,,none,none,681,,,jumeirahvillagecircle,no register project number (building_register_only): a project-number key cannot be made
PID946694866,,Golf Trails,building_register_only,Madinat Al Mataar,Dubai World Central,,none,none,521,,,madinatalmataar,no register project number (building_register_only): a project-number key cannot be made
PID830791631,,Greenfield by Samana Developers,building_register_only,Warsan Fourth,International City Phase 3,,none,none,624,,,(outside the 42 districts),no register project number (building_register_only): a project-number key cannot be made
PID1254,,HORIZON1,building_register_only,Al Barsha South Fourth,Jumeirah Village Circle,,none,none,681,,,jumeirahvillagecircle,no register project number (building_register_only): a project-number key cannot be made
PID841221172,,Hearth Heights By ENAWT REAL ESTATE DEVELOPMENT,building_register_only,Al Barsha South Fourth,Jumeirah Village Circle,,none,none,681,,,jumeirahvillagecircle,no register project number (building_register_only): a project-number key cannot be made
PID177,,IMAGE RESIDENCES,building_register_only,Jabal Ali Industrial Third,Down Town Jabal Ali,,none,none,518,,,jabalaliindustrialsecond,no register project number (building_register_only): a project-number key cannot be made
PID664,,JASMINE GARDEN,building_register_only,World Islands,The World,,none,none,303,,,(outside the 42 districts),no register project number (building_register_only): a project-number key cannot be made
PID898,,JUMAA BUILDING,building_register_only,Warsan Fourth,International City Phase 3,,none,none,624,,,(outside the 42 districts),no register project number (building_register_only): a project-number key cannot be made
PID24246528,,JUMEIRAH HILLS - THE PALACES,building_register_only,Um Suqaim Third,,,none,none,366,,,(outside the 42 districts),no register project number (building_register_only): a project-number key cannot be made
PID470,,KENSINGTON,building_register_only,Warsan Fourth,International City Phase 3,,none,none,624,,,(outside the 42 districts),no register project number (building_register_only): a project-number key cannot be made
PID962479984,,KORE by Imtiaz,building_register_only,Wadi Al Safa 5,Dubai Land Residence Complex,DUBAI LAND RESIDENCE COMPLEX,none,none,648,,,wadialsafa5,no register project number (building_register_only): a project-number key cannot be made
PID1076,,KPM 2 & 3,building_register_only,Jabal Ali Industrial Third,Down Town Jabal Ali,,none,none,518,,,jabalaliindustrialsecond,no register project number (building_register_only): a project-number key cannot be made
PID899459948,,KYG Crown Residences,building_register_only,Nad Al Shiba First,Meydan Racecourse Community,,none,none,618,,,"goldensymphony,meydanone,sobhaheartland",no register project number (building_register_only): a project-number key cannot be made
PID15,,LA VISTA 07,building_register_only,Nadd Hessa,Silicon Oasis,,none,none,626,,,siliconoasis,no register project number (building_register_only): a project-number key cannot be made
PID901,,LIBERTAS,building_register_only,Jabal Ali Industrial Third,Down Town Jabal Ali,,none,none,518,,,jabalaliindustrialsecond,no register project number (building_register_only): a project-number key cannot be made
PID1441,,LINCOLN PARK (MANHATTAN),building_register_only,Al Barshaa South Third,Arjan,,none,none,673,,,arjan,no register project number (building_register_only): a project-number key cannot be made
PID948982588,,LUMO,building_register_only,Palm Deira,Palm Deira,,none,none,101,,,palmdeira,no register project number (building_register_only): a project-number key cannot be made
PID1473,,LYNNCOLN,building_register_only,World Islands,The World,,none,none,303,,,(outside the 42 districts),no register project number (building_register_only): a project-number key cannot be made
PID963757224,,Linden,building_register_only,Nad Al Shiba First,Meydan Racecourse Community,,none,none,618,,,"goldensymphony,meydanone,sobhaheartland",no register project number (building_register_only): a project-number key cannot be made
PID973085630,,Loriza by Zoya,building_register_only,Madinat Al Mataar,Dubai South Residential District,,none,none,521,,,madinatalmataar,no register project number (building_register_only): a project-number key cannot be made
PID1445,,MADISON RESIDENCE (ATLANTIC),building_register_only,Al Barsha,,,none,none,,,,,no register project number (building_register_only): a project-number key cannot be made
PID1446,,MADISON RESIDENCE(YORK),building_register_only,Al Barsha,,,none,none,,,,,no register project number (building_register_only): a project-number key cannot be made
PID878,,MAISON RESIDENCE COLLECTION,building_register_only,Jabal Ali Industrial Third,Down Town Jabal Ali,,none,none,518,,,jabalaliindustrialsecond,no register project number (building_register_only): a project-number key cannot be made
PID840,,MANHATTAN PARK 1,building_register_only,Al Barsha South Fourth,Jumeirah Village Circle,,none,none,681,,,jumeirahvillagecircle,no register project number (building_register_only): a project-number key cannot be made
PID1106,,MARIO VALENTINO BOULEVARD,building_register_only,Jabal Ali Industrial Third,Down Town Jabal Ali,,none,none,518,,,jabalaliindustrialsecond,no register project number (building_register_only): a project-number key cannot be made
PID12794075,,MONTE CARLO RESIDENCES,building_register_only,Al Barsha South Fourth,Jumeirah Village Circle,,none,none,681,,,jumeirahvillagecircle,no register project number (building_register_only): a project-number key cannot be made
PID860597395,,MYRA ONYX,building_register_only,Nad Al Hamar,,,none,none,416,,,(outside the 42 districts),no register project number (building_register_only): a project-number key cannot be made
PID1080,,NATHALIE TOWER,building_register_only,Palm Jabal Ali,Palm Jabal Ali,,none,none,501,,,(outside the 42 districts),no register project number (building_register_only): a project-number key cannot be made
PID306,,NORTH BAY,building_register_only,Business Bay,Business Bay,,none,none,346,,,businessbay,no register project number (building_register_only): a project-number key cannot be made
PID950990904,,Native Haus,building_register_only,Al Barsha South Fifth,Jumeirah Village Triangle,,none,none,684,,,jumeirahvillagetriangle,no register project number (building_register_only): a project-number key cannot be made
PID495,,OAKLANDS,building_register_only,Warsan Fourth,International City Phase 3,,none,none,624,,,(outside the 42 districts),no register project number (building_register_only): a project-number key cannot be made
PID874,,PANGKOR LAUT LUXURY RESIDENCE & SPA VILLAGE,building_register_only,World Islands,The World,,none,none,303,,,(outside the 42 districts),no register project number (building_register_only): a project-number key cannot be made
PID795,,PISA TOWER RESIDENCE,building_register_only,Al Barsha South Fourth,Jumeirah Village Circle,,none,none,681,,,jumeirahvillagecircle,no register project number (building_register_only): a project-number key cannot be made
PID1043,,PORTO DUBAI,building_register_only,Um Suqaim Second,,,none,none,362,,,(outside the 42 districts),no register project number (building_register_only): a project-number key cannot be made
PID245,,PRODIGY,building_register_only,Al Barsha South Fourth,Jumeirah Village Circle,,none,none,681,,,jumeirahvillagecircle,no register project number (building_register_only): a project-number key cannot be made
PID239,,PRODIGY3,building_register_only,Al Barsha South Fourth,Jumeirah Village Circle,,none,none,681,,,jumeirahvillagecircle,no register project number (building_register_only): a project-number key cannot be made
PID243,,PRODIGY5,building_register_only,Al Barsha South Fourth,Jumeirah Village Circle,,none,none,681,,,jumeirahvillagecircle,no register project number (building_register_only): a project-number key cannot be made
PID1307,,RASHA 2,building_register_only,Al Qusais Industrial Fourth,,,none,none,247,,,(outside the 42 districts),no register project number (building_register_only): a project-number key cannot be made
PID971620205,,RAW DISTRICT 2 TOWER C BY IMTIAZ,building_register_only,Jabal Ali Industrial Second,Down Town Jabal Ali,,none,none,518,,,jabalaliindustrialsecond,no register project number (building_register_only): a project-number key cannot be made
PID938152483,,RAW DISTRICT BY IMTIAZ CR,building_register_only,Jabal Ali Industrial Second,Down Town Jabal Ali,,none,none,518,,,jabalaliindustrialsecond,no register project number (building_register_only): a project-number key cannot be made
PID938197629,,RAW DISTRICT BY IMTIAZ R,building_register_only,Jabal Ali Industrial Second,Down Town Jabal Ali,,none,none,518,,,jabalaliindustrialsecond,no register project number (building_register_only): a project-number key cannot be made
PID986,,ROCKLAND SQUARE,building_register_only,Al Barsha South Fourth,Jumeirah Village Circle,,none,none,681,,,jumeirahvillagecircle,no register project number (building_register_only): a project-number key cannot be made
PID708,,ROSE GAREN,building_register_only,Al Barsha South Fourth,Jumeirah Village Circle,,none,none,681,,,jumeirahvillagecircle,no register project number (building_register_only): a project-number key cannot be made
PID1244,,RUFI PRIME VIEW,building_register_only,Al Warsan First,International City Phase 1,,none,none,621,,,(outside the 42 districts),no register project number (building_register_only): a project-number key cannot be made
PID660,,RUFI ROYAL CREST,building_register_only,Al Barsha South Fourth,Jumeirah Village Circle,,none,none,681,,,jumeirahvillagecircle,no register project number (building_register_only): a project-number key cannot be made
PID164,,RUFI ROYALE RESIDENCY,building_register_only,Jabal Ali Industrial Third,Down Town Jabal Ali,,none,none,518,,,jabalaliindustrialsecond,no register project number (building_register_only): a project-number key cannot be made
PID132,,RUFI TOWER (QUATTRO),building_register_only,Al Barsha South Fourth,Jumeirah Village Circle,,none,none,681,,,jumeirahvillagecircle,no register project number (building_register_only): a project-number key cannot be made
PID926466725,,SADAAT TOWER,building_register_only,Warsan Fourth,International City Phase 3,,none,none,624,,,(outside the 42 districts),no register project number (building_register_only): a project-number key cannot be made
PID976833238,,SAWA RESIDENCES,building_register_only,Ras Al Khor Industrial First,,,none,none,612,,,(outside the 42 districts),no register project number (building_register_only): a project-number key cannot be made
PID729,,SCHON SUITES AND SCHON RESIDENCE,building_register_only,Jabal Ali Industrial Third,Down Town Jabal Ali,,none,none,518,,,jabalaliindustrialsecond,no register project number (building_register_only): a project-number key cannot be made
PID133,,SHARM LAND TOWER,building_register_only,Al Barsha South Fourth,Jumeirah Village Circle,,none,none,681,,,jumeirahvillagecircle,no register project number (building_register_only): a project-number key cannot be made
PID879,,SIENNA SQUARE,building_register_only,Jabal Ali Industrial Third,Down Town Jabal Ali,,none,none,518,,,jabalaliindustrialsecond,no register project number (building_register_only): a project-number key cannot be made
PID10120650,,SMALL PYRAMID,building_register_only,Wadi Al Safa 2,Falcon City,,none,none,643,,,liwan1,no register project number (building_register_only): a project-number key cannot be made
PID1415,,SUBERBIA DJA - C,building_register_only,Jabal Ali,Down Town Jabal Ali,,none,none,518,,,jabalaliindustrialsecond,no register project number (building_register_only): a project-number key cannot be made
PID164179672,,Saffron,building_register_only,Madinat Al Mataar,Dubai World Central,,none,none,521,,,madinatalmataar,no register project number (building_register_only): a project-number key cannot be made
PID869593487,,Sanctuary by Prestige One,building_register_only,Ras Al Khor Industrial First,,,none,none,612,,,(outside the 42 districts),no register project number (building_register_only): a project-number key cannot be made
PID941411220,,Siana,building_register_only,Saih Shuaib 2,,,none,none,531,,,dubaiindustrialcity,no register project number (building_register_only): a project-number key cannot be made
PID845778394,,TERVA HOMES,building_register_only,Saih Shuaib 2,,,none,none,531,,,dubaiindustrialcity,no register project number (building_register_only): a project-number key cannot be made
PID858,,THE HEIGHTS,building_register_only,Jabal Ali Industrial Third,Down Town Jabal Ali,,none,none,518,,,jabalaliindustrialsecond,no register project number (building_register_only): a project-number key cannot be made
PID451,,THE PLAZA,building_register_only,Al Barsha South Fourth,Jumeirah Village Circle,,none,none,681,,,jumeirahvillagecircle,no register project number (building_register_only): a project-number key cannot be made
PID881,,THE SIGNET,building_register_only,Jabal Ali Industrial Third,Down Town Jabal Ali,,none,none,518,,,jabalaliindustrialsecond,no register project number (building_register_only): a project-number key cannot be made
PID1439,,TUSCAN RESIDENCES 2 - PALIMIRO,building_register_only,Al Barsha South Fourth,Jumeirah Village Circle,,none,none,681,,,jumeirahvillagecircle,no register project number (building_register_only): a project-number key cannot be made
PID950357298,,The Brooks at Sobha Sanctuary,building_register_only,Al Yufrah 1,,,none,none,915,,,alyufrah1,no register project number (building_register_only): a project-number key cannot be made
PID319354025,,The Fairway at Dubai Hills,building_register_only,Hadaeq Sheikh Mohammed Bin Rashid,DUBAI HILLS - FAIRWAYS,,none,none,631,,,dubaihills,no register project number (building_register_only): a project-number key cannot be made
PID950241071,,The Greens at Sobha Sanctuary,building_register_only,Al Yufrah 1,,,none,none,915,,,alyufrah1,no register project number (building_register_only): a project-number key cannot be made
PID881662416,,The Grove at Sobha Sanctuary,building_register_only,Al Yufrah 1,,,none,none,915,,,alyufrah1,no register project number (building_register_only): a project-number key cannot be made
PID319353398,,The Parkway at Dubai Hills,building_register_only,Hadaeq Sheikh Mohammed Bin Rashid,DUBAI HILLS - PARKWAYS,,none,none,631,,,dubaihills,no register project number (building_register_only): a project-number key cannot be made
PID839112038,,The Promise Villas,building_register_only,Al Barsha South Fourth,Jumeirah Village Circle,,none,none,681,,,jumeirahvillagecircle,no register project number (building_register_only): a project-number key cannot be made
PID981488992,,The Verso,building_register_only,Bukadra,,,none,none,611,,,bukadra,no register project number (building_register_only): a project-number key cannot be made
PID978282852,,The Yards Plaza by Beyond,building_register_only,Wadi Al Safa 4,City Of Arabia,,none,none,646,,,wadialsafa4,no register project number (building_register_only): a project-number key cannot be made
PID945737299,,Tomorrow Commercial Tower 2,building_register_only,Warsan Fourth,International City Phase 3,,none,none,624,,,(outside the 42 districts),no register project number (building_register_only): a project-number key cannot be made
PID900,,UNIVERSAL TOWER,building_register_only,Al Hebiah Fourth,Dubai Sports City,,none,none,682,,,dubaisportscity,no register project number (building_register_only): a project-number key cannot be made
PID138,,Varazze Tower,building_register_only,Al Safouh First,Sufouh Gardens,,none,none,372,,,(outside the 42 districts),no register project number (building_register_only): a project-number key cannot be made
PID856292421,,Verdana 4,building_register_only,Dubai Investment Park First,Dubai Investment Park First,,none,none,598,,,dubaiinvestmentparkfirst,no register project number (building_register_only): a project-number key cannot be made
PID856311483,,Verdana 5,building_register_only,Dubai Investment Park First,Dubai Investment Park First,,none,none,598,,,dubaiinvestmentparkfirst,no register project number (building_register_only): a project-number key cannot be made
PID857363771,,Verdana 6,building_register_only,Dubai Investment Park First,Dubai Investment Park First,,none,none,598,,,dubaiinvestmentparkfirst,no register project number (building_register_only): a project-number key cannot be made
PID852428180,,Verdana 8,building_register_only,Dubai Investment Park First,Dubai Investment Park First,,none,none,598,,,dubaiinvestmentparkfirst,no register project number (building_register_only): a project-number key cannot be made
PID852806572,,Verdana Residence 5,building_register_only,Dubai Investment Park First,Dubai Investment Park First,,none,none,598,,,dubaiinvestmentparkfirst,no register project number (building_register_only): a project-number key cannot be made
PID852812296,,Verdana Residence 6,building_register_only,Dubai Investment Park First,Dubai Investment Park First,,none,none,598,,,dubaiinvestmentparkfirst,no register project number (building_register_only): a project-number key cannot be made
PID852816691,,Verdana Residence 8,building_register_only,Dubai Investment Park First,Dubai Investment Park First,,none,none,598,,,dubaiinvestmentparkfirst,no register project number (building_register_only): a project-number key cannot be made
PID1479,,WESTAR LA RESIDENCIA DEL SOL,building_register_only,Al Barsha South Fourth,Jumeirah Village Circle,,none,none,681,,,jumeirahvillagecircle,no register project number (building_register_only): a project-number key cannot be made
PID1480,,WESTAR LES CASTELETS,building_register_only,Al Barsha South Fourth,Jumeirah Village Circle,,none,none,681,,,jumeirahvillagecircle,no register project number (building_register_only): a project-number key cannot be made
PID574,,WORLD WIDE TOWER,building_register_only,Jabal Ali Industrial Third,Down Town Jabal Ali,,none,none,518,,,jabalaliindustrialsecond,no register project number (building_register_only): a project-number key cannot be made
PID895350078,,X11,building_register_only,Madinat Al Mataar,Dubai South Residential District,,none,none,521,,,madinatalmataar,no register project number (building_register_only): a project-number key cannot be made
PID843227824,,YIGO26,building_register_only,Al Warsan First,International City Phase 1,,none,none,621,,,(outside the 42 districts),no register project number (building_register_only): a project-number key cannot be made
PID1313,,bay central east tower,building_register_only,Marsa Dubai,Dubai Marina,,none,none,392,,,dubaimarina,no register project number (building_register_only): a project-number key cannot be made
PN626,626,AL BASHAER FIRST,sales_register_only,Al Ruwayyah,Residential Complex,,none,none,,,,,"register master community 'Residential Complex': no Dubai Municipality community, register master community or app district is called 'Residential Complex'; register area 'Al Ruwayyah': no Dubai Municipality community, register master community or app district is called 'Al Ruwayyah'"
PID843558111,,Cybele By Wadan,building_register_only,Wadi Al Safa 5,Dubai Land Residence Complex,,plot centre,plot centre,648,,,wadialsafa5,already has a plot centre: nothing to add
PID826258815,,Greencrest,building_register_only,Hadaeq Sheikh Mohammed Bin Rashid,Dubai Hills Estate,,plot centre,plot centre,631,,,dubaihills,already has a plot centre: nothing to add
PID844370044,,Inaura Hotels & Residences,building_register_only,Burj Khalifa,DownTown Dubai,,plot centre,plot centre,345,,,burjkhalifa,already has a plot centre: nothing to add
PID891684218,,Prestige Gardens by Prestige One,building_register_only,Al Satwa,Jumeirah Garden City,,plot centre,plot centre,334,,,alsatwa,already has a plot centre: nothing to add
PID105,,SAMI Q TOWER,building_register_only,Business Bay,Business Bay,,plot centre,plot centre,346,,,businessbay,already has a plot centre: nothing to add
PID726,,SIROYA GARDENS,building_register_only,Al Barsha South Fourth,Jumeirah Village Circle,,plot centre,plot centre,681,,,jumeirahvillagecircle,already has a plot centre: nothing to add
PID853858852,,Serra Residence By Wujod,building_register_only,Wadi Al Safa 2,Liwan2,,plot centre,plot centre,643,,,liwan1,already has a plot centre: nothing to add
PID839999120,,TARAF 3 RESIDENCE,building_register_only,Al Barsha South Fourth,Jumeirah Village Circle,,plot centre,plot centre,681,,,jumeirahvillagecircle,already has a plot centre: nothing to add
PID843034387,,The Caden By Prescott,building_register_only,Bukadra,,,plot centre,plot centre,611,,,bukadra,already has a plot centre: nothing to add
PID1481,,WESTAR LES MAISONETTES,building_register_only,Al Barsha South Fourth,Jumeirah Village Circle,,plot centre,plot centre,681,,,jumeirahvillagecircle,already has a plot centre: nothing to add
PN25,25,"DIAMOND VIEW 1,2,3,4",register_extract_2026-06-15,Al Barsha South Fourth,Jumeirah Village Circle,JUMEIRAH VILLAGE CIRCLE,plot centre,plot centre,681,,,jumeirahvillagecircle,already has a plot centre: nothing to add
PN169,169,WESTAR TERRACE  GARDEN,register_extract_2026-06-15,Al Barsha South Fourth,Jumeirah Village Circle,JUMEIRAH VILLAGE CIRCLE,plot centre,plot centre,681,,,jumeirahvillagecircle,already has a plot centre: nothing to add
PN179,179,MULBERRY MANSIONS,register_extract_2026-06-15,Al Barsha South Fourth,Jumeirah Village Circle,JUMEIRAH VILLAGE CIRCLE,plot centre,plot centre,681,,,jumeirahvillagecircle,already has a plot centre: nothing to add
PN251,251,SANDOVAL GARDENS,register_extract_2026-06-15,Al Barsha South Fourth,Jumeirah Village Circle,JUMEIRAH VILLAGE CIRCLE,plot centre,plot centre,681,,,jumeirahvillagecircle,already has a plot centre: nothing to add
PN252,252,SANDOVAL LANE,register_extract_2026-06-15,Al Barsha South Fourth,Jumeirah Village Circle,JUMEIRAH VILLAGE CIRCLE,plot centre,plot centre,681,,,jumeirahvillagecircle,already has a plot centre: nothing to add
PN400,400,IRIS PARK,register_extract_2026-06-15,Al Barsha South Fourth,Jumeirah Village Circle,,plot centre,plot centre,681,,,jumeirahvillagecircle,already has a plot centre: nothing to add
PN403,403,ORCHID PARK,register_extract_2026-06-15,Al Barsha South Fourth,Jumeirah Village Circle,,plot centre,plot centre,681,,,jumeirahvillagecircle,already has a plot centre: nothing to add
PN404,404,LILAC PARK,register_extract_2026-06-15,Al Barsha South Fourth,Jumeirah Village Circle,JUMEIRAH VILLAGE CIRCLE,plot centre,plot centre,681,,,jumeirahvillagecircle,already has a plot centre: nothing to add
PN405,405,VALENCIA,register_extract_2026-06-15,Al Barsha South Fourth,Jumeirah Village Circle,JUMEIRAH VILLAGE CIRCLE,plot centre,plot centre,681,,,jumeirahvillagecircle,already has a plot centre: nothing to add
PN448,448,CAPITAL BAY  A,register_extract_2026-06-15,Business Bay,Business Bay,BUSINESS BAY,plot centre,plot centre,346,,,businessbay,already has a plot centre: nothing to add
PN449,449,THE RESIDENCE AT BUSINESS CENTRAL,register_extract_2026-06-15,Business Bay,Business Bay,BUSINESS BAY,plot centre,plot centre,346,,,businessbay,already has a plot centre: nothing to add
PN692,692,INDIGO VILLE 1,register_extract_2026-06-15,Al Barsha South Fourth,Jumeirah Village Circle,JUMEIRAH VILLAGE CIRCLE,plot centre,plot centre,681,,,jumeirahvillagecircle,already has a plot centre: nothing to add
PN693,693,INDIGO VILLE 8,register_extract_2026-06-15,Al Barsha South Fourth,Jumeirah Village Circle,,plot centre,plot centre,681,,,jumeirahvillagecircle,already has a plot centre: nothing to add
PN694,694,INDIGO VILLE 2,register_extract_2026-06-15,Al Barsha South Fourth,Jumeirah Village Circle,,plot centre,plot centre,681,,,jumeirahvillagecircle,already has a plot centre: nothing to add
PN719,719,GOLF VIEW RESIDENCE,register_extract_2026-06-15,Al Hebiah Fourth,Dubai Sports City,DUBAI SPORTS CITY,plot centre,plot centre,682,,,dubaisportscity,already has a plot centre: nothing to add
PN724,724,VILLA MYRA,register_extract_2026-06-15,Al Barsha South Fourth,Jumeirah Village Circle,JUMEIRAH VILLAGE CIRCLE,plot centre,plot centre,681,,,jumeirahvillagecircle,already has a plot centre: nothing to add
PN989,989,WESTAR CASABLANCA,register_extract_2026-06-15,Al Barsha South Fourth,Jumeirah Village Circle,,plot centre,plot centre,681,,,jumeirahvillagecircle,already has a plot centre: nothing to add
PN1041,1041,ZABEEL SARAY,register_extract_2026-06-15,Palm Jumeirah,Palm Jumeirah,PALM JUMEIRAH,plot centre,plot centre,381,,,palmjumeirah,already has a plot centre: nothing to add
PN1067,1067,Uniestate Prime Tower,register_extract_2026-06-15,Al Barsha South Fourth,Jumeirah Village Circle,JUMEIRAH VILLAGE CIRCLE,plot centre,plot centre,681,,,jumeirahvillagecircle,already has a plot centre: nothing to add
PN1091,1091,MIRABELLA 6,register_extract_2026-06-15,Al Barsha South Fourth,Jumeirah Village Circle,JUMEIRAH VILLAGE CIRCLE,plot centre,plot centre,681,,,jumeirahvillagecircle,already has a plot centre: nothing to add
PN1093,1093,MIRABELLA 3,register_extract_2026-06-15,Al Barsha South Fourth,Jumeirah Village Circle,JUMEIRAH VILLAGE CIRCLE,plot centre,plot centre,681,,,jumeirahvillagecircle,already has a plot centre: nothing to add
PN1117,1117,EMIRATES GARDEN 1 (LAVENDER - GARDENIA - ROSE),register_extract_2026-06-15,Al Barsha South Fourth,Jumeirah Village Circle,JUMEIRAH VILLAGE CIRCLE,plot centre,plot centre,681,,,jumeirahvillagecircle,already has a plot centre: nothing to add
PN1196,1196,QPOINT LIWAN-PLOT R051,register_extract_2026-06-15,Wadi Al Safa 2,Liwan1,LIWAN,plot centre,plot centre,643,,,liwan1,already has a plot centre: nothing to add
PN1264,1264,CAPITAL BAY B,register_extract_2026-06-15,Business Bay,Business Bay,BUSINESS BAY,plot centre,plot centre,346,,,businessbay,already has a plot centre: nothing to add
PN1269,1269,LAS CASAS,register_extract_2026-06-15,Al Barsha South Fourth,Jumeirah Village Circle,JUMEIRAH VILLAGE CIRCLE,plot centre,plot centre,681,,,jumeirahvillagecircle,already has a plot centre: nothing to add
PN1356,1356,DAMAC HILLS - BROOKFIELD-3,register_extract_2026-06-15,Al Hebiah Third,DAMAC HILLS,DAMAC HILLS,plot centre,plot centre,676,,,damachills,already has a plot centre: nothing to add
PN1362,1362,DAMAC HILLS - GOLF VISTA,register_extract_2026-06-15,Al Hebiah Third,DAMAC HILLS,DAMAC HILLS,plot centre,plot centre,676,,,damachills,already has a plot centre: nothing to add
PN1434,1434,EMIRATES GARDEN I - ROSE 1,register_extract_2026-06-15,Al Barsha South Fourth,Jumeirah Village Circle,JUMEIRAH VILLAGE CIRCLE,plot centre,plot centre,681,,,jumeirahvillagecircle,already has a plot centre: nothing to add
PN1436,1436,EMIRATES GARDEN II - MAPLE,register_extract_2026-06-15,Al Barsha South Fourth,Jumeirah Village Circle,JUMEIRAH VILLAGE CIRCLE,plot centre,plot centre,681,,,jumeirahvillagecircle,already has a plot centre: nothing to add
PN1495,1495,THE RESIDENCES AT MARINA GATE 1,register_extract_2026-06-15,Marsa Dubai,Dubai Marina,DUBAI MARINA,plot centre,plot centre,392,,,dubaimarina,already has a plot centre: nothing to add
PN1536,1536,PARK VILLA'S 2,register_extract_2026-06-15,Al Barsha South Fourth,Jumeirah Village Circle,JUMEIRAH VILLAGE CIRCLE,plot centre,plot centre,681,,,jumeirahvillagecircle,already has a plot centre: nothing to add
PN1555,1555,SERENITY LAKES 2,register_extract_2026-06-15,Al Barsha South Fourth,Jumeirah Village Circle,JUMEIRAH VILLAGE CIRCLE,plot centre,plot centre,681,,,jumeirahvillagecircle,already has a plot centre: nothing to add
PN1575,1575,WESTERN RESIDENCE - NORTH - 25 VILLAS,register_extract_2026-06-15,Wadi Al Safa 2,Falcon City,FALCON CITY OF WONDERS,plot centre,plot centre,643,,,liwan1,already has a plot centre: nothing to add
PN1584,1584,RED WOOD PARK,register_extract_2026-06-15,Me'Aisem First,Jumeirah Golf Estates,JUMEIRAH GOLF,plot centre,plot centre,685,,,dubaiproductioncity,already has a plot centre: nothing to add
PN1611,1611,PARK VILLA'S 6,register_extract_2026-06-15,Al Barsha South Fourth,Jumeirah Village Circle,JUMEIRAH VILLAGE CIRCLE,plot centre,plot centre,681,,,jumeirahvillagecircle,already has a plot centre: nothing to add
PN1639,1639,PARK VIEW TOWER,register_extract_2026-06-15,Al Barsha South Fourth,Jumeirah Village Circle,JUMEIRAH VILLAGE CIRCLE,plot centre,plot centre,681,,,jumeirahvillagecircle,already has a plot centre: nothing to add
PN1682,1682,CITY APARTMENTS,register_extract_2026-06-15,Al Barsha South Fourth,Jumeirah Village Circle,JUMEIRAH VILLAGE CIRCLE,plot centre,plot centre,681,,,jumeirahvillagecircle,already has a plot centre: nothing to add
PN1694,1694,PARK ONE,register_extract_2026-06-15,Al Barsha South Fifth,Jumeirah Village Triangle,JUMEIRAH VILLAGE TRIANGLE,plot centre,plot centre,684,,,jumeirahvillagetriangle,already has a plot centre: nothing to add
PN1706,1706,AL MANARAH TOWER,register_extract_2026-06-15,Al Barsha South Fifth,Jumeirah Village Triangle,JUMEIRAH VILLAGE TRIANGLE,plot centre,plot centre,684,,,jumeirahvillagetriangle,already has a plot centre: nothing to add
PN1730,1730,ALCOVE,register_extract_2026-06-15,Al Barsha South Fourth,Jumeirah Village Circle,JUMEIRAH VILLAGE CIRCLE,plot centre,plot centre,681,,,jumeirahvillagecircle,already has a plot centre: nothing to add
PN1742,1742,PALACE ESTATES,register_extract_2026-06-15,Al Barsha South Fourth,Jumeirah Village Circle,JUMEIRAH VILLAGE CIRCLE,plot centre,plot centre,681,,,jumeirahvillagecircle,already has a plot centre: nothing to add
PN1744,1744,MARWA HOMES 2,register_extract_2026-06-15,Al Barsha South Fourth,Jumeirah Village Circle,JUMEIRAH VILLAGE CIRCLE,plot centre,plot centre,681,,,jumeirahvillagecircle,already has a plot centre: nothing to add
PN1746,1746,AYKON CITY 2,register_extract_2026-06-15,Business Bay,,BUSINESS BAY,plot centre,plot centre,346,,,businessbay,already has a plot centre: nothing to add
PN1828,1828,The Pulse Boulevard Apartments-C1,register_extract_2026-06-15,Madinat Al Mataar,Dubai South Residential District,DUBAI SOUTH,plot centre,plot centre,521,,,madinatalmataar,already has a plot centre: nothing to add
PN1843,1843,Regent Court,register_extract_2026-06-15,Al Barsha South Fourth,Jumeirah Village Circle,JUMEIRAH VILLAGE CIRCLE,plot centre,plot centre,681,,,jumeirahvillagecircle,already has a plot centre: nothing to add
PN1969,1969,THE SQUARE,register_extract_2026-06-15,Al Barsha South Fourth,Jumeirah Village Circle,JUMEIRAH VILLAGE CIRCLE,plot centre,plot centre,681,,,jumeirahvillagecircle,already has a plot centre: nothing to add
PN2052,2052,Dorchester Collection Dubai,register_extract_2026-06-15,Business Bay,Business Bay,BUSINESS BAY,plot centre,plot centre,346,,,businessbay,already has a plot centre: nothing to add
PN2076,2076,Villanova Amaranta A,register_extract_2026-06-15,Wadi Al Safa 5,,VILLANOVA,plot centre,plot centre,648,,,wadialsafa5,already has a plot centre: nothing to add
PN2088,2088,Fawad Azizi Residence,register_extract_2026-06-15,Al Jadaf,Dubai Health Care City Phase 2,DUBAI HEALTHCARE CITY - PHASE 2,plot centre,plot centre,326,,,samaaljadaf,already has a plot centre: nothing to add
PN2100,2100,BELGRAVIA SQUARE,register_extract_2026-06-15,Al Barsha South Fourth,Jumeirah Village Circle,JUMEIRAH VILLAGE CIRCLE,plot centre,plot centre,681,,,jumeirahvillagecircle,already has a plot centre: nothing to add
PN2154,2154,SAMANA HILLS,register_extract_2026-06-15,Arjan,Arjan,ARJAN,plot centre,plot centre,673,,,arjan,already has a plot centre: nothing to add
PN2156,2156,La Rosa,register_extract_2026-06-15,Wadi Al Safa 5,,VILLANOVA,plot centre,plot centre,648,,,wadialsafa5,already has a plot centre: nothing to add
PN2159,2159,Arabian Ranches III - Spring,register_extract_2026-06-15,Wadi Al Safa 5,,ARABIAN RANCHES III,plot centre,plot centre,648,,,wadialsafa5,already has a plot centre: nothing to add
PN2164,2164,UPSIDE Living,register_extract_2026-06-15,Business Bay,Business Bay,BUSINESS BAY,plot centre,plot centre,346,,,businessbay,already has a plot centre: nothing to add
PN2168,2168,Creek Beach - Surf,register_extract_2026-06-15,Al Khairan First,Dubai Creek Harbour,DUBAI CREEK HARBOUR,plot centre,plot centre,415,,,alkhairanfirst,already has a plot centre: nothing to add
PN2191,2191,Creek Palace,register_extract_2026-06-15,Al Khairan First,Dubai Creek Harbour,DUBAI CREEK HARBOUR,plot centre,plot centre,415,,,alkhairanfirst,already has a plot centre: nothing to add
PN2195,2195,ROYAL PARK,register_extract_2026-06-15,Al Thanyah Fifth,Jumeirah Park,JUMEIRAH PARK,plot centre,plot centre,393,,,"althanyahfifth,jltnorth,jltsouth",already has a plot centre: nothing to add
PN2199,2199,THE V TOWER,register_extract_2026-06-15,Wadi Al Safa 5,Dubai Land Residence Complex,DUBAI LAND RESIDENCE COMPLEX,plot centre,plot centre,648,,,wadialsafa5,already has a plot centre: nothing to add
PN2200,2200,AYKON CITY 3,register_extract_2026-06-15,Business Bay,,BUSINESS BAY,plot centre,plot centre,346,,,businessbay,already has a plot centre: nothing to add
PN2229,2229,Intima villas,register_extract_2026-06-15,Al Hebiah Fourth,Dubai Sports City,Al Hebiah Fourth,plot centre,plot centre,682,,,dubaisportscity,already has a plot centre: nothing to add
PN2234,2234,La Rosa 4,register_extract_2026-06-15,Wadi Al Safa 5,,Wadi Al Safa 5,plot centre,plot centre,648,,,wadialsafa5,already has a plot centre: nothing to add
PN2255,2255,ZaZEN One,register_extract_2026-06-15,Al Barsha South Fifth,Jumeirah Village Triangle,JUMEIRAH VILLAGE TRIANGLE,plot centre,plot centre,684,,,jumeirahvillagetriangle,already has a plot centre: nothing to add
PN2258,2258,Arabain Ranches lll - Bliss,register_extract_2026-06-15,Wadi Al Safa 5,,ARABIAN RANCHES III,plot centre,plot centre,648,,,wadialsafa5,already has a plot centre: nothing to add
PN2268,2268,LA RIVIERA AZURE,register_extract_2026-06-15,Al Barsha South Fourth,Jumeirah Village Circle,JUMEIRAH VILLAGE CIRCLE,plot centre,plot centre,681,,,jumeirahvillagecircle,already has a plot centre: nothing to add
PN2271,2271,Binghatti Gems,register_extract_2026-06-15,Al Barsha South Fourth,Jumeirah Village Circle,JUMEIRAH VILLAGE CIRCLE,plot centre,plot centre,681,,,jumeirahvillagecircle,already has a plot centre: nothing to add
PN2281,2281,Arabian Ranches lll - June 2,register_extract_2026-06-15,Wadi Al Safa 5,,Wadi Al Safa 5,plot centre,plot centre,648,,,wadialsafa5,already has a plot centre: nothing to add
PN2308,2308,ROYAL PARK SOUTH,register_extract_2026-06-15,Al Barsha South Fourth,Jumeirah Village Circle,JUMEIRAH VILLAGE CIRCLE,plot centre,plot centre,681,,,jumeirahvillagecircle,already has a plot centre: nothing to add
PN2315,2315,Canal Front Residences CF1 & CF2,register_extract_2026-06-15,Al Wasl,Dubai Water Canal,DUBAI WATER CANAL,plot centre,plot centre,343,,,alwasl,already has a plot centre: nothing to add
PN2333,2333,Canal Front Residences-CF3&CF4,register_extract_2026-06-15,Al Wasl,Dubai Water Canal,DUBAI WATER CANAL,plot centre,plot centre,343,,,alwasl,already has a plot centre: nothing to add
PN2362,2362,Prime Townhouses,register_extract_2026-06-15,Jabal Ali First,Al Furjan,,plot centre,plot centre,591,,,jabalalifirst,already has a plot centre: nothing to add
PN2365,2365,ROYAL PARK SOUTH 1,register_extract_2026-06-15,Al Barsha South Fourth,Jumeirah Village Circle,JUMEIRAH VILLAGE CIRCLE,plot centre,plot centre,681,,,jumeirahvillagecircle,already has a plot centre: nothing to add
PN2382,2382,AVA AT PALM JUMEIRAH BY OMNIYAT,register_extract_2026-06-15,Palm Jumeirah,Palm Jumeirah,PALM JUMEIRAH,plot centre,plot centre,381,,,palmjumeirah,already has a plot centre: nothing to add
PN2385,2385,THE IVY,register_extract_2026-06-15,Al Barsha South Fifth,Jumeirah Village Triangle,JUMEIRAH VILLAGE TRIANGLE,plot centre,plot centre,684,,,jumeirahvillagetriangle,already has a plot centre: nothing to add
PN2392,2392,Q Gardens Lofts,register_extract_2026-06-15,Al Barsha South Fourth,Jumeirah Village Circle,JUMEIRAH VILLAGE CIRCLE,plot centre,plot centre,681,,,jumeirahvillagecircle,already has a plot centre: nothing to add
PN2406,2406,Palm Beach Towers -1,register_extract_2026-06-15,Palm Jumeirah,Palm Jumeirah,PALM JUMEIRAH,plot centre,plot centre,381,,,palmjumeirah,already has a plot centre: nothing to add
PN2409,2409,The Valley - Orania,register_extract_2026-06-15,Al Yufrah 1,,Al Yufrah 1,plot centre,plot centre,915,,,alyufrah1,already has a plot centre: nothing to add
PN2422,2422,AG CENTRAL,register_extract_2026-06-15,Wadi Al Safa 5,Dubai Land Residence Complex,DUBAI LAND RESIDENCE COMPLEX,plot centre,plot centre,648,,,wadialsafa5,already has a plot centre: nothing to add
PN2429,2429,Palm Beach Towers - 2,register_extract_2026-06-15,Palm Jumeirah,Palm Jumeirah,PALM JUMEIRAH,plot centre,plot centre,381,,,palmjumeirah,already has a plot centre: nothing to add
PN2430,2430,Beachgate by Address,register_extract_2026-06-15,Marsa Dubai,Dubai Harbour,DUBAI HARBOUR,plot centre,plot centre,392,,,dubaimarina,already has a plot centre: nothing to add
PN2442,2442,The Eugene Townhouses,register_extract_2026-06-15,Wadi Al Safa 3,Living Legends,LIVING LEGENDS,plot centre,plot centre,645,,,majan,already has a plot centre: nothing to add
PN2467,2467,Arabian Ranches lll - Raya,register_extract_2026-06-15,Wadi Al Safa 5,,Wadi Al Safa 5,plot centre,plot centre,648,,,wadialsafa5,already has a plot centre: nothing to add
PN2491,2491,EQUITI ARCADE,register_extract_2026-06-15,Jabal Ali First,Al Furjan,AL FURJAN,plot centre,plot centre,591,,,jabalalifirst,already has a plot centre: nothing to add
PN2493,2493,FORUM RESIDENCES,register_extract_2026-06-15,Wadi Al Safa 3,Majan,MAJAN,plot centre,plot centre,645,,,majan,already has a plot centre: nothing to add
PN2497,2497,EQUITI RESIDENCE,register_extract_2026-06-15,Jabal Ali First,Al Furjan,AL FURJAN,plot centre,plot centre,591,,,jabalalifirst,already has a plot centre: nothing to add
PN2502,2502,LIV LUX,register_extract_2026-06-15,Marsa Dubai,Dubai Marina,DUBAI MARINA,plot centre,plot centre,392,,,dubaimarina,already has a plot centre: nothing to add
PN2505,2505,ME DO RE,register_extract_2026-06-15,Al Thanyah Fifth,Jumeirah Lakes Towers,JUMEIRAH LAKES TOWERS,plot centre,plot centre,393,,,"althanyahfifth,jltnorth,jltsouth",already has a plot centre: nothing to add
PN2533,2533,Elitz By Danube,register_extract_2026-06-15,Al Barsha South Fourth,Jumeirah Village Circle,JUMEIRAH VILLAGE CIRCLE,plot centre,plot centre,681,,,jumeirahvillagecircle,already has a plot centre: nothing to add
PN2539,2539,Golden Wood Views 5,register_extract_2026-06-15,Al Barsha South Fourth,Jumeirah Village Circle,JUMEIRAH VILLAGE CIRCLE,plot centre,plot centre,681,,,jumeirahvillagecircle,already has a plot centre: nothing to add
PN2552,2552,Westar Azure,register_extract_2026-06-15,Al Barsha South Fourth,Jumeirah Village Circle,JUMEIRAH VILLAGE CIRCLE,plot centre,plot centre,681,,,jumeirahvillagecircle,already has a plot centre: nothing to add
PN2560,2560,Viewz 2 By Danube,register_extract_2026-06-15,Al Thanyah Fifth,Jumeirah Lakes Towers,JUMEIRAH LAKES TOWERS,plot centre,plot centre,393,,,"althanyahfifth,jltnorth,jltsouth",already has a plot centre: nothing to add
PN2568,2568,TERRACES MARASI DRIVE,register_extract_2026-06-15,Business Bay,Business Bay,BUSINESS BAY,plot centre,plot centre,346,,,businessbay,already has a plot centre: nothing to add
PN2603,2603,CONCEPT 7 RESIDENCES,register_extract_2026-06-15,Al Barsha South Fourth,Jumeirah Village Circle,JUMEIRAH VILLAGE CIRCLE,plot centre,plot centre,681,,,jumeirahvillagecircle,already has a plot centre: nothing to add
PN2627,2627,Alicante villas,register_extract_2026-06-15,Al Hebiah Fourth,Dubai Sports City,Al Hebiah Fourth,plot centre,plot centre,682,,,dubaisportscity,already has a plot centre: nothing to add
PN2632,2632,LEGACY BY SUNRISE,register_extract_2026-06-15,Arjan,Arjan,ARJAN,plot centre,plot centre,673,,,arjan,already has a plot centre: nothing to add
PN2651,2651,Floarea Residence,register_extract_2026-06-15,Arjan,Arjan,ARJAN,plot centre,plot centre,673,,,arjan,already has a plot centre: nothing to add
PN2655,2655,LUCKY ROYALE RESIDENCE,register_extract_2026-06-15,Al Barsha South Fourth,Jumeirah Village Circle,JUMEIRAH VILLAGE CIRCLE,plot centre,plot centre,681,,,jumeirahvillagecircle,already has a plot centre: nothing to add
PN2683,2683,Le Parc Homes,register_extract_2026-06-15,Al Barsha South Fourth,Jumeirah Village Circle,JUMEIRAH VILLAGE CIRCLE,plot centre,plot centre,681,,,jumeirahvillagecircle,already has a plot centre: nothing to add
PN2693,2693,Elitz 2 By Danube,register_extract_2026-06-15,Al Barsha South Fourth,Jumeirah Village Circle,JUMEIRAH VILLAGE CIRCLE,plot centre,plot centre,681,,,jumeirahvillagecircle,already has a plot centre: nothing to add
PN2695,2695,Grand Glow,register_extract_2026-06-15,Al Barsha South Fourth,Jumeirah Village Circle,JUMEIRAH VILLAGE CIRCLE,plot centre,plot centre,681,,,jumeirahvillagecircle,already has a plot centre: nothing to add
PN2708,2708,AB CAVALIER,register_extract_2026-06-15,Al Barsha South Fourth,Jumeirah Village Circle,JUMEIRAH VILLAGE CIRCLE,plot centre,plot centre,681,,,jumeirahvillagecircle,already has a plot centre: nothing to add
PN2714,2714,VITA GRANDE BY METEORA,register_extract_2026-06-15,Al Barsha South Fourth,Jumeirah Village Circle,JUMEIRAH VILLAGE CIRCLE,plot centre,plot centre,681,,,jumeirahvillagecircle,already has a plot centre: nothing to add
PN2721,2721,Azizi Central,register_extract_2026-06-15,Jabal Ali First,Al Furjan,AL FURJAN,plot centre,plot centre,591,,,jabalalifirst,already has a plot centre: nothing to add
PN2722,2722,Elitz 3 By Danube,register_extract_2026-06-15,Al Barsha South Fourth,Jumeirah Village Circle,JUMEIRAH VILLAGE CIRCLE,plot centre,plot centre,681,,,jumeirahvillagecircle,already has a plot centre: nothing to add
PN2733,2733,ALBARARI IXORA VILLAS,register_extract_2026-06-15,Wadi Al Safa 3,,Wadi Al Safa 3,plot centre,plot centre,645,,,majan,already has a plot centre: nothing to add
PN2744,2744,AVENUE RESIDENCE 5,register_extract_2026-06-15,Jabal Ali First,Al Furjan,AL FURJAN,plot centre,plot centre,591,,,jabalalifirst,already has a plot centre: nothing to add
PN2753,2753,ALBA,register_extract_2026-06-15,Wadi Al Safa 2,Liwan2,LIWAN 2,plot centre,plot centre,643,,,liwan1,already has a plot centre: nothing to add
PN2773,2773,Beverly Residence 2,register_extract_2026-06-15,Al Barsha South Fourth,Jumeirah Village Circle,JUMEIRAH VILLAGE CIRCLE,plot centre,plot centre,681,,,jumeirahvillagecircle,already has a plot centre: nothing to add
PN2779,2779,DAMAC HILLS - GOLF GREENS 1,register_extract_2026-06-15,Al Hebiah Third,DAMAC HILLS,DAMAC HILLS,plot centre,plot centre,676,,,damachills,already has a plot centre: nothing to add
PN2788,2788,330 Riverside Crescent,register_extract_2026-06-15,Bukadra,,Bukadra,plot centre,plot centre,611,,,bukadra,already has a plot centre: nothing to add
PN2795,2795,Vida Residences Dubai Hills Estate,register_extract_2026-06-15,Hadaeq Sheikh Mohammed Bin Rashid,Dubai Hills Estate,Hadaeq Sheikh Mohammed Bin Rashid,plot centre,plot centre,631,,,dubaihills,already has a plot centre: nothing to add
PN2798,2798,AVANT GARDE RESIDENCES BY SKYLINE,register_extract_2026-06-15,Al Barsha South Fourth,Jumeirah Village Circle,JUMEIRAH VILLAGE CIRCLE,plot centre,plot centre,681,,,jumeirahvillagecircle,already has a plot centre: nothing to add
PN2799,2799,AZIZI VENICE 3,register_extract_2026-06-15,Madinat Al Mataar,Dubai World Central,Madinat Al Mataar,plot centre,plot centre,521,,,madinatalmataar,already has a plot centre: nothing to add
PN2800,2800,AZIZI VENICE 4,register_extract_2026-06-15,Madinat Al Mataar,Dubai World Central,Madinat Al Mataar,plot centre,plot centre,521,,,madinatalmataar,already has a plot centre: nothing to add
PN2804,2804,MARWA HOMES III,register_extract_2026-06-15,Al Barsha South Fourth,Jumeirah Village Circle,JUMEIRAH VILLAGE CIRCLE,plot centre,plot centre,681,,,jumeirahvillagecircle,already has a plot centre: nothing to add
PN2807,2807,MARWA HOMES IV,register_extract_2026-06-15,Al Barsha South Fourth,Jumeirah Village Circle,JUMEIRAH VILLAGE CIRCLE,plot centre,plot centre,681,,,jumeirahvillagecircle,already has a plot centre: nothing to add
PN2816,2816,THE LAKEVIEW VILLAS BY ELLINGTON,register_extract_2026-06-15,Wadi Al Safa 3,Mohammed Bin Rashid AL Maktoum District 11,Wadi Al Safa 3,plot centre,plot centre,645,,,majan,already has a plot centre: nothing to add
PN2820,2820,AZIZI VENICE 2,register_extract_2026-06-15,Madinat Al Mataar,Dubai World Central,Madinat Al Mataar,plot centre,plot centre,521,,,madinatalmataar,already has a plot centre: nothing to add
PN2821,2821,AZIZI VENICE 1,register_extract_2026-06-15,Madinat Al Mataar,Dubai World Central,Madinat Al Mataar,plot centre,plot centre,521,,,madinatalmataar,already has a plot centre: nothing to add
PN2822,2822,AZIZI VENICE 5,register_extract_2026-06-15,Madinat Al Mataar,Dubai World Central,Madinat Al Mataar,plot centre,plot centre,521,,,madinatalmataar,already has a plot centre: nothing to add
PN2827,2827,Plagette 32,register_extract_2026-06-15,Al Hebiah Fourth,TILAL AL GHAF,Al Hebiah Fourth,plot centre,plot centre,682,,,dubaisportscity,already has a plot centre: nothing to add
PN2829,2829,AZIZI VENICE 9,register_extract_2026-06-15,Madinat Al Mataar,Dubai World Central,Madinat Al Mataar,plot centre,plot centre,521,,,madinatalmataar,already has a plot centre: nothing to add
PN2830,2830,AZIZI VENICE 8,register_extract_2026-06-15,Madinat Al Mataar,Dubai World Central,Madinat Al Mataar,plot centre,plot centre,521,,,madinatalmataar,already has a plot centre: nothing to add
PN2838,2838,Avonlea,register_extract_2026-06-15,Madinat Dubai Almelaheyah,Mina Rashid,Madinat Dubai Almelaheyah,plot centre,plot centre,321,,,dubaimaritimecity,already has a plot centre: nothing to add
PN2843,2843,Cello Residences,register_extract_2026-06-15,Al Barsha South Fourth,Jumeirah Village Circle,JUMEIRAH VILLAGE CIRCLE,plot centre,plot centre,681,,,jumeirahvillagecircle,already has a plot centre: nothing to add
PN2850,2850,Grove,register_extract_2026-06-15,Al Yelayiss 2,TOWN SQUARE,TOWN SQUARE,plot centre,plot centre,922,,,alyelayiss2,already has a plot centre: nothing to add
PN2854,2854,The Woodland Residences,register_extract_2026-06-15,Wadi Al Safa 3,Mohammed Bin Rashid AL Maktoum District 11,Wadi Al Safa 3,plot centre,plot centre,645,,,majan,already has a plot centre: nothing to add
PN2877,2877,Terra Golf Collection,register_extract_2026-06-15,Me'Aisem First,Jumeirah Golf Estates,Me'Aisem First,plot centre,plot centre,685,,,dubaiproductioncity,already has a plot centre: nothing to add
PN2894,2894,THE BEACHFRONT VILLAS BY ELLINGTON,register_extract_2026-06-15,Wadi Al Safa 3,Mohammed Bin Rashid AL Maktoum District 11,Wadi Al Safa 3,plot centre,plot centre,645,,,majan,already has a plot centre: nothing to add
PN2917,2917,ADEBA AZIZI,register_extract_2026-06-15,Al Jadaf,Dubai Health Care City Phase 2,DUBAI HEALTHCARE CITY - PHASE 2,plot centre,plot centre,326,,,samaaljadaf,already has a plot centre: nothing to add
PN2918,2918,THE LAKESHORE VILLAS BY ELLINGTON,register_extract_2026-06-15,Wadi Al Safa 3,Mohammed Bin Rashid AL Maktoum District 11,Wadi Al Safa 3,plot centre,plot centre,645,,,majan,already has a plot centre: nothing to add
PN2919,2919,SquareX Residence,register_extract_2026-06-15,Al Barsha South Fourth,Jumeirah Village Circle,JUMEIRAH VILLAGE CIRCLE,plot centre,plot centre,681,,,jumeirahvillagecircle,already has a plot centre: nothing to add
PN2921,2921,The 100,register_extract_2026-06-15,Nad Al Shiba First,Meydan Racecourse Community,MEYDAN AVENUE,plot centre,plot centre,618,,,"goldensymphony,meydanone,sobhaheartland",already has a plot centre: nothing to add
PN2936,2936,AVENUE RESIDENCE 6,register_extract_2026-06-15,Jabal Ali First,Al Furjan,AL FURJAN,plot centre,plot centre,591,,,jabalalifirst,already has a plot centre: nothing to add
PN2948,2948,SOBHA ONE,register_extract_2026-06-15,Ras Al Khor Industrial First,,Ras Al Khor Industrial First,plot centre,plot centre,612,,,(outside the 42 districts),already has a plot centre: nothing to add
PN2955,2955,AZIZI VENICE 10,register_extract_2026-06-15,Madinat Al Mataar,Dubai World Central,Madinat Al Mataar,plot centre,plot centre,521,,,madinatalmataar,already has a plot centre: nothing to add
PN2956,2956,AZIZI VENICE 7,register_extract_2026-06-15,Madinat Al Mataar,Dubai World Central,Madinat Al Mataar,plot centre,plot centre,521,,,madinatalmataar,already has a plot centre: nothing to add
PN2967,2967,Wadi Villas by Arista,register_extract_2026-06-15,Wadi Al Safa 3,Mohammed Bin Rashid AL Maktoum District 11,Wadi Al Safa 3,plot centre,plot centre,645,,,majan,already has a plot centre: nothing to add
PN2968,2968,99 PARK PLACE,register_extract_2026-06-15,Al Barsha South Fourth,Jumeirah Village Circle,JUMEIRAH VILLAGE CIRCLE,plot centre,plot centre,681,,,jumeirahvillagecircle,already has a plot centre: nothing to add
PN2973,2973,Cove Living Residence By Imtiaz,register_extract_2026-06-15,Wadi Al Safa 5,Dubai Land Residence Complex,DUBAI LAND RESIDENCE COMPLEX,plot centre,plot centre,648,,,wadialsafa5,already has a plot centre: nothing to add
PN2974,2974,Lua Residences,register_extract_2026-06-15,Wadi Al Safa 3,Mohammed Bin Rashid AL Maktoum District 11,Wadi Al Safa 3,plot centre,plot centre,645,,,majan,already has a plot centre: nothing to add
PN2982,2982,Karl Lagerfeld Villas By Taraf,register_extract_2026-06-15,Wadi Al Safa 3,Mohammed Bin Rashid AL Maktoum District 11,Wadi Al Safa 3,plot centre,plot centre,645,,,majan,already has a plot centre: nothing to add
PN2991,2991,WINNER TOWER,register_extract_2026-06-15,Al Barsha South Fifth,Jumeirah Village Triangle,JUMEIRAH VILLAGE TRIANGLE,plot centre,plot centre,684,,,jumeirahvillagetriangle,already has a plot centre: nothing to add
PN2994,2994,ART BAY EAST,register_extract_2026-06-15,Al Jadaf,Jaddaf Waterfront,JADDAF WATERFRONT,plot centre,plot centre,326,,,samaaljadaf,already has a plot centre: nothing to add
PN2998,2998,Casa Vista Residence By Golden Woods,register_extract_2026-06-15,Al Barsha South Fourth,Jumeirah Village Circle,JUMEIRAH VILLAGE CIRCLE,plot centre,plot centre,681,,,jumeirahvillagecircle,already has a plot centre: nothing to add
PN3000,3000,FIA,register_extract_2026-06-15,Al Yelayiss 2,TOWN SQUARE,Al Yelayiss 2,plot centre,plot centre,922,,,alyelayiss2,already has a plot centre: nothing to add
PN3003,3003,ORA,register_extract_2026-06-15,Al Yelayiss 2,TOWN SQUARE,Al Yelayiss 2,plot centre,plot centre,922,,,alyelayiss2,already has a plot centre: nothing to add
PN3004,3004,AMAAL 8,register_extract_2026-06-15,Ras Al Khor Industrial First,,HORIZON,plot centre,plot centre,612,,,(outside the 42 districts),already has a plot centre: nothing to add
PN3015,3015,Milestone Residences,register_extract_2026-06-15,Al Barsha South Fifth,Jumeirah Village Triangle,JUMEIRAH VILLAGE TRIANGLE,plot centre,plot centre,684,,,jumeirahvillagetriangle,already has a plot centre: nothing to add
PN3018,3018,MAYA Luxury Collection,register_extract_2026-06-15,Wadi Al Safa 3,Living Legends,LIVING LEGENDS,plot centre,plot centre,645,,,majan,already has a plot centre: nothing to add
PN3023,3023,Dawn by Binghatti,register_extract_2026-06-15,Al Barsha South Fourth,Jumeirah Village Circle,JUMEIRAH VILLAGE CIRCLE,plot centre,plot centre,681,,,jumeirahvillagecircle,already has a plot centre: nothing to add
PN3026,3026,CREEK VIEWS,register_extract_2026-06-15,Al Jadaf,Jaddaf Waterfront,JADDAF WATERFRONT,plot centre,plot centre,326,,,samaaljadaf,already has a plot centre: nothing to add
PN3037,3037,Coral by Vision,register_extract_2026-06-15,Al Satwa,Jumeirah Garden City,Al Satwa,plot centre,plot centre,334,,,alsatwa,already has a plot centre: nothing to add
PN3040,3040,VITALITY RESIDENCE,register_extract_2026-06-15,Al Barsha South Fourth,Jumeirah Village Circle,JUMEIRAH VILLAGE CIRCLE,plot centre,plot centre,681,,,jumeirahvillagecircle,already has a plot centre: nothing to add
PN3043,3043,BEACH OASIS 2,register_extract_2026-06-15,Al Hebiah Second,Dubai Studio City,DUBAI STUDIO CITY,plot centre,plot centre,675,,,dubaistudiocity,already has a plot centre: nothing to add
PN3047,3047,Minati Homes 1,register_extract_2026-06-15,Jabal Ali First,Al Furjan,AL FURJAN,plot centre,plot centre,591,,,jabalalifirst,already has a plot centre: nothing to add
PN3061,3061,Jardin Astral,register_extract_2026-06-15,Al Satwa,Jumeirah Garden City,Al Satwa,plot centre,plot centre,334,,,alsatwa,already has a plot centre: nothing to add
PN3067,3067,310 Riverside Crescent,register_extract_2026-06-15,Bukadra,,Bukadra,plot centre,plot centre,611,,,bukadra,already has a plot centre: nothing to add
PN3073,3073,AZIZI VENICE 14,register_extract_2026-06-15,Madinat Al Mataar,Dubai World Central,Madinat Al Mataar,plot centre,plot centre,521,,,madinatalmataar,already has a plot centre: nothing to add
PN3079,3079,360 Riverside Crescent,register_extract_2026-06-15,Bukadra,,Bukadra,plot centre,plot centre,611,,,bukadra,already has a plot centre: nothing to add
PN3082,3082,340 Riverside Crescent,register_extract_2026-06-15,Bukadra,,Bukadra,plot centre,plot centre,611,,,bukadra,already has a plot centre: nothing to add
PN3083,3083,350 Riverside Crescent,register_extract_2026-06-15,Bukadra,,Bukadra,plot centre,plot centre,611,,,bukadra,already has a plot centre: nothing to add
PN3088,3088,320 Riverside Crescent,register_extract_2026-06-15,Bukadra,,Bukadra,plot centre,plot centre,611,,,bukadra,already has a plot centre: nothing to add
PN3090,3090,Vue by Crystal Bay,register_extract_2026-06-15,Al Barsha South Fourth,Jumeirah Village Circle,JUMEIRAH VILLAGE CIRCLE,plot centre,plot centre,681,,,jumeirahvillagecircle,already has a plot centre: nothing to add
PN3098,3098,CLAYDON HOUSE BY ELLINGTON,register_extract_2026-06-15,Bukadra,,HORIZON,plot centre,plot centre,611,,,bukadra,already has a plot centre: nothing to add
PN3099,3099,One By Nine,register_extract_2026-06-15,Nad Al Shiba First,Nad Al Sheba Gardens,,plot centre,plot centre,618,,,"goldensymphony,meydanone,sobhaheartland",already has a plot centre: nothing to add
PN3108,3108,Taormina Village 1,register_extract_2026-06-15,Wadi Al Safa 3,,Wadi Al Safa 3,plot centre,plot centre,645,,,majan,already has a plot centre: nothing to add
PN3127,3127,171 Garden Heights,register_extract_2026-06-15,Al Satwa,Jumeirah Garden City,Al Satwa,plot centre,plot centre,334,,,alsatwa,already has a plot centre: nothing to add
PN3128,3128,Mira Villas designed by Bentley Home,register_extract_2026-06-15,Wadi Al Safa 3,Mohammed Bin Rashid AL Maktoum District 11,Wadi Al Safa 3,plot centre,plot centre,645,,,majan,already has a plot centre: nothing to add
PN3133,3133,Dubai Harbour Residences (Area 1),register_extract_2026-06-15,Marsa Dubai,Dubai Harbour,Marsa Dubai,plot centre,plot centre,392,,,dubaimarina,already has a plot centre: nothing to add
PN3134,3134,Dubai Harbour Residences (Area 3),register_extract_2026-06-15,Marsa Dubai,Dubai Harbour,Marsa Dubai,plot centre,plot centre,392,,,dubaimarina,already has a plot centre: nothing to add
PN3144,3144,Savannah,register_extract_2026-06-15,Al Yelayiss 2,TOWN SQUARE,Al Yelayiss 2,plot centre,plot centre,922,,,alyelayiss2,already has a plot centre: nothing to add
PN3147,3147,Palace Residences Creek Blue,register_extract_2026-06-15,Al Khairan First,Dubai Creek Harbour,Al Khairan First,plot centre,plot centre,415,,,alkhairanfirst,already has a plot centre: nothing to add
PN3148,3148,City View Dubai Hills Residences,register_extract_2026-06-15,Hadaeq Sheikh Mohammed Bin Rashid,Dubai Hills Estate,Hadaeq Sheikh Mohammed Bin Rashid,plot centre,plot centre,631,,,dubaihills,already has a plot centre: nothing to add
PN3151,3151,PG Maison,register_extract_2026-06-15,Jabal Ali First,Al Furjan,AL FURJAN,plot centre,plot centre,591,,,jabalalifirst,already has a plot centre: nothing to add
PN3156,3156,Solcasa Residence,register_extract_2026-06-15,Nad Al Shiba First,Nad Al Sheba Gardens,NAD AL SHEBA GARDENS,plot centre,plot centre,618,,,"goldensymphony,meydanone,sobhaheartland",already has a plot centre: nothing to add
PN3160,3160,SKYSCAPE,register_extract_2026-06-15,Bukadra,,Bukadra,plot centre,plot centre,611,,,bukadra,already has a plot centre: nothing to add
PN3194,3194,AL SERH RESIDENCES 11 BY ASAK REAL ESTATE DEVELOPMENT,register_extract_2026-06-15,Al Barsha South Fourth,Jumeirah Village Circle,JUMEIRAH VILLAGE CIRCLE,plot centre,plot centre,681,,,jumeirahvillagecircle,already has a plot centre: nothing to add
PN3195,3195,Binghatti Starlight,register_extract_2026-06-15,Al Jadaf,Dubai Health Care City Phase 2,Al Jadaf,plot centre,plot centre,326,,,samaaljadaf,already has a plot centre: nothing to add
PN3198,3198,The Waterway by Prestige One,register_extract_2026-06-15,Bukadra,,HORIZON,plot centre,plot centre,611,,,bukadra,already has a plot centre: nothing to add
PN3218,3218,Rome by SD,register_extract_2026-06-15,Wadi Al Safa 3,Mohammed Bin Rashid AL Maktoum District 11,Wadi Al Safa 3,plot centre,plot centre,645,,,majan,already has a plot centre: nothing to add
PN3228,3228,Address Residences l Dubai Hills Estate,register_extract_2026-06-15,Hadaeq Sheikh Mohammed Bin Rashid,Dubai Hills Estate,Hadaeq Sheikh Mohammed Bin Rashid,plot centre,plot centre,631,,,dubaihills,already has a plot centre: nothing to add
PN3239,3239,AZIZI VENICE 11,register_extract_2026-06-15,Madinat Al Mataar,Dubai World Central,Madinat Al Mataar,plot centre,plot centre,521,,,madinatalmataar,already has a plot centre: nothing to add
PN3242,3242,EQUITI GARDEN,register_extract_2026-06-15,Jabal Ali First,Al Furjan,AL FURJAN,plot centre,plot centre,591,,,jabalalifirst,already has a plot centre: nothing to add
PN3248,3248,Cove Edition Residence 1 By Imtiaz,register_extract_2026-06-15,Wadi Al Safa 5,Dubai Land Residence Complex,DUBAI LAND RESIDENCE COMPLEX,plot centre,plot centre,648,,,wadialsafa5,already has a plot centre: nothing to add
PN3272,3272,PARKWAY BY PRESTIGE ONE,register_extract_2026-06-15,Bukadra,,HORIZON,plot centre,plot centre,611,,,bukadra,already has a plot centre: nothing to add
PN3286,3286,Cove Edition Residence 2 By Imtiaz,register_extract_2026-06-15,Wadi Al Safa 5,Dubai Land Residence Complex,DUBAI LAND RESIDENCE COMPLEX,plot centre,plot centre,648,,,wadialsafa5,already has a plot centre: nothing to add
PN3289,3289,Allura Residences by Citi Developers,register_extract_2026-06-15,Al Barsha South Fourth,Jumeirah Village Circle,JUMEIRAH VILLAGE CIRCLE,plot centre,plot centre,681,,,jumeirahvillagecircle,already has a plot centre: nothing to add
PN3297,3297,azizi venice 13,register_extract_2026-06-15,Madinat Al Mataar,Dubai World Central,Madinat Al Mataar,plot centre,plot centre,521,,,madinatalmataar,already has a plot centre: nothing to add
PN3313,3313,AG ARK TOWER,register_extract_2026-06-15,Wadi Al Safa 5,Dubai Land Residence Complex,DUBAI LAND RESIDENCE COMPLEX,plot centre,plot centre,648,,,wadialsafa5,already has a plot centre: nothing to add
PN3318,3318,azizi venice 12,register_extract_2026-06-15,Madinat Al Mataar,Dubai World Central,Madinat Al Mataar,plot centre,plot centre,521,,,madinatalmataar,already has a plot centre: nothing to add
PN3329,3329,Rome 2 by SD,register_extract_2026-06-15,Wadi Al Safa 3,Mohammed Bin Rashid AL Maktoum District 11,Wadi Al Safa 3,plot centre,plot centre,645,,,majan,already has a plot centre: nothing to add
PN3342,3342,Coventry Gardens,register_extract_2026-06-15,Wadi Al Safa 5,Dubai Land Residence Complex,DUBAI LAND RESIDENCE COMPLEX,plot centre,plot centre,648,,,wadialsafa5,already has a plot centre: nothing to add
PN3357,3357,EMPIRE LAKEVIEWS,register_extract_2026-06-15,Wadi Al Safa 2,Liwan1,LIWAN,plot centre,plot centre,643,,,liwan1,already has a plot centre: nothing to add
PN3361,3361,Knightsbridge Park,register_extract_2026-06-15,Wadi Al Safa 3,Mohammed Bin Rashid AL Maktoum District 11,Wadi Al Safa 3,plot centre,plot centre,645,,,majan,already has a plot centre: nothing to add
PN3363,3363,Emerge Residences,register_extract_2026-06-15,Nad Al Shiba First,Meydan Racecourse Community,Nad Al Shiba First,plot centre,plot centre,618,,,"goldensymphony,meydanone,sobhaheartland",already has a plot centre: nothing to add
PN3371,3371,SquareX One,register_extract_2026-06-15,Al Barsha South Fourth,Jumeirah Village Circle,JUMEIRAH VILLAGE CIRCLE,plot centre,plot centre,681,,,jumeirahvillagecircle,already has a plot centre: nothing to add
PN3390,3390,Celine By Vision,register_extract_2026-06-15,Wadi Al Safa 2,Liwan1,LIWAN,plot centre,plot centre,643,,,liwan1,already has a plot centre: nothing to add
PN3405,3405,The Valley - Kaia,register_extract_2026-06-15,Al Yufrah 1,,Al Yufrah 1,plot centre,plot centre,915,,,alyufrah1,already has a plot centre: nothing to add
PN3419,3419,The Hub Residences by ZaZEN,register_extract_2026-06-15,Jabal Ali First,Al Furjan,AL FURJAN,plot centre,plot centre,591,,,jabalalifirst,already has a plot centre: nothing to add
PN3435,3435,Skyvue,register_extract_2026-06-15,Bukadra,,Bukadra,plot centre,plot centre,611,,,bukadra,already has a plot centre: nothing to add
PN3444,3444,THE WATERCREST BY ELLINGTON,register_extract_2026-06-15,Wadi Al Safa 3,Mohammed Bin Rashid AL Maktoum District 11,Wadi Al Safa 3,plot centre,plot centre,645,,,majan,already has a plot centre: nothing to add
PN3448,3448,VISTARA HOUSE,register_extract_2026-06-15,Jabal Ali First,Al Furjan,AL FURJAN,plot centre,plot centre,591,,,jabalalifirst,already has a plot centre: nothing to add
PN3454,3454,Alma Gardens,register_extract_2026-06-15,Wadi Al Safa 2,Liwan1,Wadi Al Safa 2,plot centre,plot centre,643,,,liwan1,already has a plot centre: nothing to add
PN3459,3459,Rome 3 by SD,register_extract_2026-06-15,Wadi Al Safa 3,Mohammed Bin Rashid AL Maktoum District 11,Wadi Al Safa 3,plot centre,plot centre,645,,,majan,already has a plot centre: nothing to add
PN3464,3464,Ashwood Residences by Skyland Horizons Real Estate Development,register_extract_2026-06-15,Al Barsha South Fifth,Jumeirah Village Triangle,JUMEIRAH VILLAGE TRIANGLE,plot centre,plot centre,684,,,jumeirahvillagetriangle,already has a plot centre: nothing to add
PN3466,3466,Cove Edition Residence 3 By Imtiaz,register_extract_2026-06-15,Wadi Al Safa 5,Dubai Land Residence Complex,DUBAI LAND RESIDENCE COMPLEX,plot centre,plot centre,648,,,wadialsafa5,already has a plot centre: nothing to add
PN3467,3467,Elire,register_extract_2026-06-15,Business Bay,Business Bay,Business Bay,plot centre,plot centre,346,,,businessbay,already has a plot centre: nothing to add
PN3473,3473,Oakyard Residences,register_extract_2026-06-15,Al Barsha South Fourth,Jumeirah Village Circle,JUMEIRAH VILLAGE CIRCLE,plot centre,plot centre,681,,,jumeirahvillagecircle,already has a plot centre: nothing to add
PN3474,3474,Azizi Venice 6,register_extract_2026-06-15,Madinat Al Mataar,Dubai World Central,Madinat Al Mataar,plot centre,plot centre,521,,,madinatalmataar,already has a plot centre: nothing to add
PN3478,3478,The Veranda Collection 1,register_extract_2026-06-15,Al Barsha South Fourth,Jumeirah Village Circle,JUMEIRAH VILLAGE CIRCLE,plot centre,plot centre,681,,,jumeirahvillagecircle,already has a plot centre: nothing to add
PN3491,3491,Knightsbridge Park 2,register_extract_2026-06-15,Wadi Al Safa 3,Mohammed Bin Rashid AL Maktoum District 11,Wadi Al Safa 3,plot centre,plot centre,645,,,majan,already has a plot centre: nothing to add
PN3492,3492,ETHAN,register_extract_2026-06-15,Nad Al Shiba First,Nad Al Sheba Gardens,NAD AL SHEBA GARDENS,plot centre,plot centre,618,,,"goldensymphony,meydanone,sobhaheartland",already has a plot centre: nothing to add
PN3512,3512,BELGRAVIA GARDENS,register_extract_2026-06-15,Wadi Al Safa 2,Falcon City,FALCON CITY OF WONDERS,plot centre,plot centre,643,,,liwan1,already has a plot centre: nothing to add
PN3518,3518,Wellington Grand Villas,register_extract_2026-06-15,Wadi Al Safa 3,Mohammed Bin Rashid AL Maktoum District 11,Wadi Al Safa 3,plot centre,plot centre,645,,,majan,already has a plot centre: nothing to add
PN3535,3535,ANANDA RESIDENCES,register_extract_2026-06-15,Al Hebiah First,Motor City,MOTOR CITY,plot centre,plot centre,674,,,motorcity,already has a plot centre: nothing to add
PN3536,3536,Whitestone Residence,register_extract_2026-06-15,Al Satwa,Jumeirah Garden City,Al Satwa,plot centre,plot centre,334,,,alsatwa,already has a plot centre: nothing to add
PN3540,3540,The Element at Sobha One,register_extract_2026-06-15,Ras Al Khor Industrial First,,Ras Al Khor Industrial First,plot centre,plot centre,612,,,(outside the 42 districts),already has a plot centre: nothing to add
PN3543,3543,VERDANIA 1,register_extract_2026-06-15,Wadi Al Safa 5,Dubai Land Residence Complex,DUBAI LAND RESIDENCE COMPLEX,plot centre,plot centre,648,,,wadialsafa5,already has a plot centre: nothing to add
PN3573,3573,Selora Residences,register_extract_2026-06-15,Wadi Al Safa 3,Mohammed Bin Rashid AL Maktoum District 11,Wadi Al Safa 3,plot centre,plot centre,645,,,majan,already has a plot centre: nothing to add
PN3589,3589,CASA AHS,register_extract_2026-06-15,Al Wasl,Dubai Water Canal,DUBAI WATER CANAL,plot centre,plot centre,343,,,alwasl,already has a plot centre: nothing to add
PN3610,3610,Ayaan Heights I,register_extract_2026-06-15,Bukadra,,HORIZON,plot centre,plot centre,611,,,bukadra,already has a plot centre: nothing to add
PN3612,3612,Reem by vision,register_extract_2026-06-15,Wadi Al Safa 2,Liwan1,LIWAN,plot centre,plot centre,643,,,liwan1,already has a plot centre: nothing to add
PN3628,3628,Zenith Tower J1,register_extract_2026-06-15,Al Barsha South Fourth,Jumeirah Village Circle,JUMEIRAH VILLAGE CIRCLE,plot centre,plot centre,681,,,jumeirahvillagecircle,already has a plot centre: nothing to add
PN3682,3682,Samha Residence 2,register_extract_2026-06-15,Al Barsha South Fourth,Jumeirah Village Circle,JUMEIRAH VILLAGE CIRCLE,plot centre,plot centre,681,,,jumeirahvillagecircle,already has a plot centre: nothing to add
PN3690,3690,DAMAC RIVERSIDE - OLIVE,register_extract_2026-06-15,Dubai Investment Park Second,,Dubai Investment Park Second,plot centre,plot centre,597,,,dubaiinvestmentparksecond,already has a plot centre: nothing to add
PN3715,3715,La Vue Parc,register_extract_2026-06-15,Nad Al Shiba First,Nad Al Sheba Gardens,NAD AL SHEBA GARDENS,plot centre,plot centre,618,,,"goldensymphony,meydanone,sobhaheartland",already has a plot centre: nothing to add
PN3720,3720,Villea West,register_extract_2026-06-15,Al Satwa,Jumeirah Garden City,Al Satwa,plot centre,plot centre,334,,,alsatwa,already has a plot centre: nothing to add
PN3728,3728,Aero 1,register_extract_2026-06-15,Madinat Al Mataar,Dubai South Residential District,DUBAI SOUTH,plot centre,plot centre,521,,,madinatalmataar,already has a plot centre: nothing to add
PN3747,3747,ARLINGTON PARK By MAJID,register_extract_2026-06-15,Wadi Al Safa 5,Dubai Land Residence Complex,DUBAI LAND RESIDENCE COMPLEX,plot centre,plot centre,648,,,wadialsafa5,already has a plot centre: nothing to add
PN3754,3754,Norah Residence,register_extract_2026-06-15,Al Barsha South Fourth,Jumeirah Village Circle,JUMEIRAH VILLAGE CIRCLE,plot centre,plot centre,681,,,jumeirahvillagecircle,already has a plot centre: nothing to add
PN3764,3764,lridian Park 1,register_extract_2026-06-15,Al Barsha South Fourth,Jumeirah Village Circle,JUMEIRAH VILLAGE CIRCLE,plot centre,plot centre,681,,,jumeirahvillagecircle,already has a plot centre: nothing to add
PN3766,3766,VISTARA HOUSE 2,register_extract_2026-06-15,Jabal Ali First,Al Furjan,AL FURJAN,plot centre,plot centre,591,,,jabalalifirst,already has a plot centre: nothing to add
PN3774,3774,Cove Grand Residence by Imtiaz,register_extract_2026-06-15,Wadi Al Safa 5,Dubai Land Residence Complex,DUBAI LAND RESIDENCE COMPLEX,plot centre,plot centre,648,,,wadialsafa5,already has a plot centre: nothing to add
PN3786,3786,NUMA RESERVE,register_extract_2026-06-15,Wadi Al Safa 3,Mohammed Bin Rashid AL Maktoum District 11,Wadi Al Safa 3,plot centre,plot centre,645,,,majan,already has a plot centre: nothing to add
PN3788,3788,AURA PRESTIGE,register_extract_2026-06-15,Nadd Hessa,Silicon Oasis,SILICON OASIS,plot centre,plot centre,626,,,siliconoasis,already has a plot centre: nothing to add
PN3792,3792,AVANT GARDE RESIDENCES II BY SKYLINE,register_extract_2026-06-15,Al Barsha South Fourth,Jumeirah Village Circle,JUMEIRAH VILLAGE CIRCLE,plot centre,plot centre,681,,,jumeirahvillagecircle,already has a plot centre: nothing to add
PN3798,3798,JAD 288,register_extract_2026-06-15,Al Satwa,Jumeirah Garden City,Al Satwa,plot centre,plot centre,334,,,alsatwa,already has a plot centre: nothing to add
PN3802,3802,Al Vista,register_extract_2026-06-15,Bukadra,,HORIZON,plot centre,plot centre,611,,,bukadra,already has a plot centre: nothing to add
PN3803,3803,COVE EDITION RESIDENCE 6 BY IMTIAZ,register_extract_2026-06-15,Wadi Al Safa 5,Dubai Land Residence Complex,DUBAI LAND RESIDENCE COMPLEX,plot centre,plot centre,648,,,wadialsafa5,already has a plot centre: nothing to add
PN3805,3805,The Weave,register_extract_2026-06-15,Al Barsha South Fourth,Jumeirah Village Circle,JUMEIRAH VILLAGE CIRCLE,plot centre,plot centre,681,,,jumeirahvillagecircle,already has a plot centre: nothing to add
PN3809,3809,Hayat 2,register_extract_2026-06-15,Madinat Al Mataar,Dubai World Central,Madinat Al Mataar,plot centre,plot centre,521,,,madinatalmataar,already has a plot centre: nothing to add
PN3810,3810,Hayat 3,register_extract_2026-06-15,Madinat Al Mataar,Dubai World Central,Madinat Al Mataar,plot centre,plot centre,521,,,madinatalmataar,already has a plot centre: nothing to add
PN3814,3814,Azizi Venice 16,register_extract_2026-06-15,Madinat Al Mataar,Dubai World Central,Madinat Al Mataar,plot centre,plot centre,521,,,madinatalmataar,already has a plot centre: nothing to add
PN3857,3857,COURTYARD ONE,register_extract_2026-06-15,Madinat Al Mataar,Dubai South Residential District,DUBAI SOUTH,plot centre,plot centre,521,,,madinatalmataar,already has a plot centre: nothing to add
PN3880,3880,Xenia Residence,register_extract_2026-06-15,Al Barsha South Fourth,Jumeirah Village Circle,JUMEIRAH VILLAGE CIRCLE,plot centre,plot centre,681,,,jumeirahvillagecircle,already has a plot centre: nothing to add
PN3889,3889,Saddlewood Park,register_extract_2026-06-15,Nad Al Shiba First,Meydan Racecourse Community,MEYDAN AVENUE,plot centre,plot centre,618,,,"goldensymphony,meydanone,sobhaheartland",already has a plot centre: nothing to add
PN4005,4005,Weybridge Gardens 5,register_extract_2026-06-15,Wadi Al Safa 5,Dubai Land Residence Complex,DUBAI LAND RESIDENCE COMPLEX,plot centre,plot centre,648,,,wadialsafa5,already has a plot centre: nothing to add
PN4012,4012,Repose Residence,register_extract_2026-06-15,Jabal Ali First,Al Furjan,AL FURJAN,plot centre,plot centre,591,,,jabalalifirst,already has a plot centre: nothing to add
PN4028,4028,Fiori,register_extract_2026-06-15,Al Yelayiss 2,TOWN SQUARE,Al Yelayiss 2,plot centre,plot centre,922,,,alyelayiss2,already has a plot centre: nothing to add
PN4030,4030,Future Residence,register_extract_2026-06-15,Bukadra,,HORIZON,plot centre,plot centre,611,,,bukadra,already has a plot centre: nothing to add
PN4033,4033,BELMORE RESIDENCES,register_extract_2026-06-15,Bukadra,,HORIZON,plot centre,plot centre,611,,,bukadra,already has a plot centre: nothing to add
PN4034,4034,Hadley Heights 2,register_extract_2026-06-15,Al Hebiah Fourth,Dubai Sports City,DUBAI SPORTS CITY,plot centre,plot centre,682,,,dubaisportscity,already has a plot centre: nothing to add
PN4036,4036,RIVERTON HOUSE,register_extract_2026-06-15,Bukadra,,HORIZON,plot centre,plot centre,611,,,bukadra,already has a plot centre: nothing to add
PN4037,4037,THE HIGHGROVE,register_extract_2026-06-15,Bukadra,,HORIZON,plot centre,plot centre,611,,,bukadra,already has a plot centre: nothing to add
PN4048,4048,SOLEN RESIDENCE by Jamal Living,register_extract_2026-06-15,Nadd Hessa,Silicon Oasis,SILICON OASIS,plot centre,plot centre,626,,,siliconoasis,already has a plot centre: nothing to add
PN4053,4053,Hayat 5,register_extract_2026-06-15,Madinat Al Mataar,Dubai World Central,Madinat Al Mataar,plot centre,plot centre,521,,,madinatalmataar,already has a plot centre: nothing to add
PN4057,4057,Helvetia Verde,register_extract_2026-06-15,Bukadra,,HORIZON,plot centre,plot centre,611,,,bukadra,already has a plot centre: nothing to add
PN4068,4068,Queen's Garden,register_extract_2026-06-15,Nad Al Shiba First,Nad Al Sheba Gardens,NAD AL SHEBA GARDENS,plot centre,plot centre,618,,,"goldensymphony,meydanone,sobhaheartland",already has a plot centre: nothing to add
PN4078,4078,AZRA RESIDENCE,register_extract_2026-06-15,Wadi Al Safa 5,Dubai Land Residence Complex,Wadi Al Safa 5,plot centre,plot centre,648,,,wadialsafa5,already has a plot centre: nothing to add
PN4098,4098,Lyvia by Palace,register_extract_2026-06-15,Al Khairan First,Dubai Creek Harbour,Al Khairan First,plot centre,plot centre,415,,,alkhairanfirst,already has a plot centre: nothing to add
PN4111,4111,Sakura Gardens by HRE,register_extract_2026-06-15,Wadi Al Safa 2,Falcon City,FALCON CITY OF WONDERS,plot centre,plot centre,643,,,liwan1,already has a plot centre: nothing to add
PN4126,4126,Symbolic Altus,register_extract_2026-06-15,Wadi Al Safa 2,Liwan1,LIWAN,plot centre,plot centre,643,,,liwan1,already has a plot centre: nothing to add
PN4133,4133,Wynwood Horizon by Imtiaz,register_extract_2026-06-15,Bukadra,,HORIZON,plot centre,plot centre,611,,,bukadra,already has a plot centre: nothing to add
PN4176,4176,368 Park Ln,register_delta_2026-09-01,Al Barsha South Fourth,,JUMEIRAH VILLAGE CIRCLE,plot centre,plot centre,681,,,jumeirahvillagecircle,already has a plot centre: nothing to add
PN4197,4197,PARKGREEN RESIDENCES BY ALISHAAN,register_delta_2026-09-01,Wadi Al Safa 2,,LIWAN,plot centre,plot centre,643,,,liwan1,already has a plot centre: nothing to add
PN4205,4205,Blossom 40,register_delta_2026-09-01,Wadi Al Safa 3,,Wadi Al Safa 3,plot centre,plot centre,645,,,majan,already has a plot centre: nothing to add
PN4214,4214,R Home MH,register_delta_2026-09-01,Bukadra,,HORIZON,plot centre,plot centre,611,,,bukadra,already has a plot centre: nothing to add
PN4299,4299,Binghatti Luxuria,register_delta_2026-09-01,Al Barsha South Fifth,,JUMEIRAH VILLAGE TRIANGLE,plot centre,plot centre,684,,,jumeirahvillagetriangle,already has a plot centre: nothing to add
PN4320,4320,Maybach Ultimate Luxury,register_delta_2026-09-01,Nad Al Shiba First,,BUSINESS PARK,plot centre,plot centre,618,,,"goldensymphony,meydanone,sobhaheartland",already has a plot centre: nothing to add
PN4422,4422,Hayat 1,register_delta_2026-09-01,Madinat Al Mataar,,Madinat Al Mataar,plot centre,plot centre,521,,,madinatalmataar,already has a plot centre: nothing to add
PN4423,4423,Hayat 6,register_delta_2026-09-01,Madinat Al Mataar,,Madinat Al Mataar,plot centre,plot centre,521,,,madinatalmataar,already has a plot centre: nothing to add
PN4435,4435,1WOOD RESIDENCE 2,register_delta_2026-09-01,Al Barsha South Fourth,,JUMEIRAH VILLAGE CIRCLE,plot centre,plot centre,681,,,jumeirahvillagecircle,already has a plot centre: nothing to add
PN4440,4440,Celesto Tower 2,register_delta_2026-09-01,Wadi Al Safa 5,,DUBAI LAND RESIDENCE COMPLEX,plot centre,plot centre,648,,,wadialsafa5,already has a plot centre: nothing to add
PN4448,4448,Valia,register_delta_2026-09-01,Al Khairan First,,Al Khairan First,plot centre,plot centre,415,,,alkhairanfirst,already has a plot centre: nothing to add
PN4454,4454,Havencia,register_delta_2026-09-01,Wadi Al Safa 5,,DUBAI LAND RESIDENCE COMPLEX,plot centre,plot centre,648,,,wadialsafa5,already has a plot centre: nothing to add
