district,district_name,project,card_key,project_no,register_status,sales_all,sales_l12,own_area,own_area_source,state,community,dm_community_no,matched_via,why
alhebiahfifth,Al Hebiah 5,Al Ramth 1,alhebiahfifth|alramth1,975,,82,0,,,building,,,,a building outline of this name is on the map (4 footprints)
alhebiahfifth,Al Hebiah 5,Al Ramth 11,alhebiahfifth|alramth11,1924,,77,0,,,building,,,,a building outline of this name is on the map (2 footprints)
alhebiahfifth,Al Hebiah 5,Al Ramth 13,alhebiahfifth|alramth13,1924,,97,0,,,building,,,,a building outline of this name is on the map (2 footprints)
alhebiahfifth,Al Hebiah 5,Al Ramth 15,alhebiahfifth|alramth15,1924,,95,0,,,building,,,,a building outline of this name is on the map (2 footprints)
alhebiahfifth,Al Hebiah 5,Al Ramth 21,alhebiahfifth|alramth21,975,,77,0,,,building,,,,a building outline of this name is on the map (1 footprint)
alhebiahfifth,Al Hebiah 5,Al Ramth 23,alhebiahfifth|alramth23,975,,103,0,,,building,,,,a building outline of this name is on the map (1 footprint)
alhebiahfifth,Al Hebiah 5,Al Ramth 3,alhebiahfifth|alramth3,1924,,96,0,,,building,,,,a building outline of this name is on the map (4 footprints)
alhebiahfifth,Al Hebiah 5,Al Ramth 35,alhebiahfifth|alramth35,975,,164,0,,,building,,,,a building outline of this name is on the map (2 footprints)
alhebiahfifth,Al Hebiah 5,Al Ramth 37,alhebiahfifth|alramth37,975,,125,0,,,building,,,,a building outline of this name is on the map (2 footprints)
alhebiahfifth,Al Hebiah 5,Al Ramth 39,alhebiahfifth|alramth39,975,,83,0,,,building,,,,a building outline of this name is on the map (2 footprints)
alhebiahfifth,Al Hebiah 5,Al Ramth 41,alhebiahfifth|alramth41,975,,87,0,,,building,,,,a building outline of this name is on the map (1 footprint)
alhebiahfifth,Al Hebiah 5,Al Ramth 43,alhebiahfifth|alramth43,975,,123,0,,,building,,,,a building outline of this name is on the map (1 footprint)
alhebiahfifth,Al Hebiah 5,Al Ramth 45,alhebiahfifth|alramth45,975,,120,0,,,building,,,,a building outline of this name is on the map (1 footprint)
alhebiahfifth,Al Hebiah 5,Al Ramth 47,alhebiahfifth|alramth47,975,,86,0,,,building,,,,a building outline of this name is on the map (1 footprint)
alhebiahfifth,Al Hebiah 5,Al Ramth 53,alhebiahfifth|alramth53,975,,202,0,,,building,,,,a building outline of this name is on the map (1 footprint)
alhebiahfifth,Al Hebiah 5,Al Ramth 55,alhebiahfifth|alramth55,975,,155,0,,,building,,,,a building outline of this name is on the map (1 footprint)
alhebiahfifth,Al Hebiah 5,Al Ramth 57,alhebiahfifth|alramth57,975,,288,0,,,building,,,,a building outline of this name is on the map (1 footprint)
alhebiahfifth,Al Hebiah 5,Al Ramth 59,alhebiahfifth|alramth59,975,,344,0,,,building,,,,a building outline of this name is on the map (1 footprint)
alhebiahfifth,Al Hebiah 5,Al Ramth 65,alhebiahfifth|alramth65,975,,78,0,,,building,,,,a building outline of this name is on the map (1 footprint)
alhebiahfifth,Al Hebiah 5,Al Ramth 67,alhebiahfifth|alramth67,975,,80,0,,,building,,,,a building outline of this name is on the map (1 footprint)
alhebiahfifth,Al Hebiah 5,Al Ramth 7,alhebiahfifth|alramth7,1924,,94,0,,,building,,,,a building outline of this name is on the map (1 footprint)
alhebiahfifth,Al Hebiah 5,Al Ramth 9,alhebiahfifth|alramth9,1924,,83,0,,,building,,,,a building outline of this name is on the map (1 footprint)
alhebiahfifth,Al Hebiah 5,Al Thamam 1,alhebiahfifth|althamam1,975,,198,0,,,building,,,,a building outline of this name is on the map (9 footprints)
alhebiahfifth,Al Hebiah 5,Al Thamam 10,alhebiahfifth|althamam10,975,,188,0,,,building,,,,a building outline of this name is on the map (2 footprints)
alhebiahfifth,Al Hebiah 5,Al Thamam 11,alhebiahfifth|althamam11,975,,79,0,,,building,,,,a building outline of this name is on the map (2 footprints)
alhebiahfifth,Al Hebiah 5,Al Thamam 12,alhebiahfifth|althamam12,975,,115,0,,,building,,,,a building outline of this name is on the map (2 footprints)
alhebiahfifth,Al Hebiah 5,Al Thamam 13,alhebiahfifth|althamam13,975,,206,0,,,building,,,,a building outline of this name is on the map (2 footprints)
alhebiahfifth,Al Hebiah 5,Al Thamam 14,alhebiahfifth|althamam14,975,,90,0,,,building,,,,a building outline of this name is on the map (2 footprints)
alhebiahfifth,Al Hebiah 5,Al Thamam 15,alhebiahfifth|althamam15,975,,158,0,,,building,,,,a building outline of this name is on the map (2 footprints)
alhebiahfifth,Al Hebiah 5,Al Thamam 16,alhebiahfifth|althamam16,975,,110,0,,,building,,,,a building outline of this name is on the map (2 footprints)
alhebiahfifth,Al Hebiah 5,Al Thamam 18,alhebiahfifth|althamam18,975,,157,0,,,building,,,,a building outline of this name is on the map (2 footprints)
alhebiahfifth,Al Hebiah 5,Al Thamam 2,alhebiahfifth|althamam2,975,,90,0,,,building,,,,a building outline of this name is on the map (6 footprints)
alhebiahfifth,Al Hebiah 5,Al Thamam 20,alhebiahfifth|althamam20,975,,202,0,,,building,,,,a building outline of this name is on the map (2 footprints)
alhebiahfifth,Al Hebiah 5,Al Thamam 22,alhebiahfifth|althamam22,975,,142,0,,,building,,,,a building outline of this name is on the map (2 footprints)
alhebiahfifth,Al Hebiah 5,Al Thamam 24,alhebiahfifth|althamam24,975,,172,0,,,building,,,,a building outline of this name is on the map (2 footprints)
alhebiahfifth,Al Hebiah 5,Al Thamam 26,alhebiahfifth|althamam26,975,,208,0,,,building,,,,a building outline of this name is on the map (2 footprints)
alhebiahfifth,Al Hebiah 5,Al Thamam 28,alhebiahfifth|althamam28,975,,167,0,,,building,,,,a building outline of this name is on the map (2 footprints)
alhebiahfifth,Al Hebiah 5,Al Thamam 3,alhebiahfifth|althamam3,975,,121,0,,,building,,,,a building outline of this name is on the map (3 footprints)
alhebiahfifth,Al Hebiah 5,Al Thamam 30,alhebiahfifth|althamam30,975,,155,0,,,building,,,,a building outline of this name is on the map (2 footprints)
alhebiahfifth,Al Hebiah 5,Al Thamam 32,alhebiahfifth|althamam32,975,,132,0,,,building,,,,a building outline of this name is on the map (2 footprints)
alhebiahfifth,Al Hebiah 5,Al Thamam 41,alhebiahfifth|althamam41,975,,177,0,,,building,,,,a building outline of this name is on the map (1 footprint)
alhebiahfifth,Al Hebiah 5,Al Thamam 43,alhebiahfifth|althamam43,975,,133,0,,,building,,,,a building outline of this name is on the map (1 footprint)
alhebiahfifth,Al Hebiah 5,Al Thamam 45,alhebiahfifth|althamam45,975,,120,0,,,building,,,,a building outline of this name is on the map (1 footprint)
alhebiahfifth,Al Hebiah 5,Al Thamam 47,alhebiahfifth|althamam47,975,,180,0,,,building,,,,a building outline of this name is on the map (1 footprint)
alhebiahfifth,Al Hebiah 5,Al Thamam 49,alhebiahfifth|althamam49,975,,192,0,,,building,,,,a building outline of this name is on the map (1 footprint)
alhebiahfifth,Al Hebiah 5,Al Thamam 5,alhebiahfifth|althamam5,975,,124,0,,,building,,,,a building outline of this name is on the map (5 footprints)
alhebiahfifth,Al Hebiah 5,Al Thamam 51,alhebiahfifth|althamam51,975,,135,0,,,building,,,,a building outline of this name is on the map (2 footprints)
alhebiahfifth,Al Hebiah 5,Al Thamam 53,alhebiahfifth|althamam53,975,,179,0,,,building,,,,a building outline of this name is on the map (2 footprints)
alhebiahfifth,Al Hebiah 5,Al Thamam 57,alhebiahfifth|althamam57,975,,147,0,,,building,,,,a building outline of this name is on the map (2 footprints)
alhebiahfifth,Al Hebiah 5,Al Thamam 59,alhebiahfifth|althamam59,975,,130,0,,,building,,,,a building outline of this name is on the map (2 footprints)
alhebiahfifth,Al Hebiah 5,Al Thamam 6,alhebiahfifth|althamam6,975,,166,0,,,building,,,,a building outline of this name is on the map (1 footprint)
alhebiahfifth,Al Hebiah 5,Al Thamam 7,alhebiahfifth|althamam7,975,,191,0,,,building,,,,a building outline of this name is on the map (1 footprint)
alhebiahfifth,Al Hebiah 5,Al Thamam 8,alhebiahfifth|althamam8,975,,181,0,,,building,,,,a building outline of this name is on the map (1 footprint)
alhebiahfifth,Al Hebiah 5,Al Thamam 9,alhebiahfifth|althamam9,975,,140,0,,,building,,,,a building outline of this name is on the map (1 footprint)
alkhairanfirst,Dubai Creek Harbour,17 Icon Bay,alkhairanfirst|17iconbay,1921,,520,29,,,building,,,,a building outline of this name is on the map (1 footprint)
alkhairanfirst,Dubai Creek Harbour,Address Harbour Point Tower 2,alkhairanfirst|addressharbourpointtower2,,,828,0,,,building,,,,a building outline of this name is on the map (1 footprint)
alkhairanfirst,Dubai Creek Harbour,Address Residences l Dubai Creek Harbour,alkhairanfirst|addressresidencesldubaicreekharbour,3229,,355,33,,,building,,,,a building outline of this name is on the map (1 footprint)
alkhairanfirst,Dubai Creek Harbour,Albero,alkhairanfirst|albero,3609,,458,37,,,building,,,,a building outline of this name is on the map (1 footprint)
alkhairanfirst,Dubai Creek Harbour,CREEK EDGE,alkhairanfirst|creekedge,2083,FINISHED,857,48,,,building,,,,a building outline of this name is on the map (2 footprints)
alkhairanfirst,Dubai Creek Harbour,CREEK EDGE Tower 1,alkhairanfirst|creekedgetower1,2083,,578,0,,,building,,,,a building outline of this name is on the map (1 footprint)
alkhairanfirst,Dubai Creek Harbour,CREEK EDGE Tower 2,alkhairanfirst|creekedgetower2,2083,,284,0,,,building,,,,a building outline of this name is on the map (1 footprint)
alkhairanfirst,Dubai Creek Harbour,Creek Bay,alkhairanfirst|creekbay,4198,ACTIVE,674,674,,,building,,,,a building outline of this name is on the map (1 footprint)
alkhairanfirst,Dubai Creek Harbour,Creek Beach - Sunset,alkhairanfirst|creekbeachsunset,2111,,86,9,,,building,,,,a building outline of this name is on the map (1 footprint)
alkhairanfirst,Dubai Creek Harbour,Creek Beach - VIDA Residences,alkhairanfirst|creekbeachvidaresidences,2174,,381,26,,,building,,,,a building outline of this name is on the map (1 footprint)
alkhairanfirst,Dubai Creek Harbour,Creek Crescent,alkhairanfirst|creekcrescent,2188,,367,38,,,building,,,,a building outline of this name is on the map (1 footprint)
alkhairanfirst,Dubai Creek Harbour,Creek Gate,alkhairanfirst|creekgate,1813,FINISHED,34,34,,,building,,,,a building outline of this name is on the map (1 footprint)
alkhairanfirst,Dubai Creek Harbour,Creek Gate Tower 2,alkhairanfirst|creekgatetower2,1813,,337,0,,,building,,,,a building outline of this name is on the map (1 footprint)
alkhairanfirst,Dubai Creek Harbour,Creek Horizon,alkhairanfirst|creekhorizon,1772,,467,44,,,building,,,,a building outline of this name is on the map (1 footprint)
alkhairanfirst,Dubai Creek Harbour,Creek Rise,alkhairanfirst|creekrise,1850,,459,62,,,building,,,,a building outline of this name is on the map (1 footprint)
alkhairanfirst,Dubai Creek Harbour,Creekside 18,alkhairanfirst|creekside18,1663,,386,40,,,building,,,,a building outline of this name is on the map (1 footprint)
alkhairanfirst,Dubai Creek Harbour,Harbour Gate,alkhairanfirst|harbourgate,1818,,428,57,,,building,,,,a building outline of this name is on the map (1 footprint)
alkhairanfirst,Dubai Creek Harbour,Harbour Views,alkhairanfirst|harbourviews,1710,,554,51,,,building,,,,a building outline of this name is on the map (1 footprint)
alkhairanfirst,Dubai Creek Harbour,Island Park I,alkhairanfirst|islandparki,1895,,259,38,,,building,,,,a building outline of this name is on the map (2 footprints)
alkhairanfirst,Dubai Creek Harbour,Island Park II,alkhairanfirst|islandparkii,1896,,342,34,,,building,,,,a building outline of this name is on the map (2 footprints)
alkhairanfirst,Dubai Creek Harbour,Palace Residences - Dubai Creek Harbour,alkhairanfirst|palaceresidencesdubaicreekharbour,2128,,1028,38,,,building,,,,a building outline of this name is on the map (1 footprint)
alkhairanfirst,Dubai Creek Harbour,Silva,alkhairanfirst|silva,3710,,428,208,,,building,,,,a building outline of this name is on the map (1 footprint)
alkhairanfirst,Dubai Creek Harbour,THE COVE Building 1,alkhairanfirst|thecovebuilding1,1826,,199,0,,,building,,,,a building outline of this name is on the map (1 footprint)
alkhairanfirst,Dubai Creek Harbour,THE COVE Building 3,alkhairanfirst|thecovebuilding3,1826,,74,0,,,building,,,,a building outline of this name is on the map (1 footprint)
alkhairanfirst,Dubai Creek Harbour,The Cove ll,alkhairanfirst|thecovell,2450,,997,77,,,building,,,,a building outline of this name is on the map (1 footprint)
alkhairanfirst,Dubai Creek Harbour,The Dubai Creek Residences,alkhairanfirst|thedubaicreekresidences,1597,,276,71,,,building,,,,a building outline of this name is on the map (2 footprints)
alkhairanfirst,Dubai Creek Harbour,The Dubai Creek Residences - South Tower 1,alkhairanfirst|thedubaicreekresidencessouthtower1,1597,,266,0,,,building,,,,a building outline of this name is on the map (2 footprints)
alkhairanfirst,Dubai Creek Harbour,The Grand,alkhairanfirst|thegrand,1983,,921,89,,,building,,,,a building outline of this name is on the map (1 footprint)
alkhairanfirst,Dubai Creek Harbour,Valo,alkhairanfirst|valo,3033,,297,7,,,building,,,,a building outline of this name is on the map (1 footprint)
alsatwa,Al Satwa,ALBA TOWER,alsatwa|albatower,3059,,38,17,,,building,,,,a building outline of this name is on the map (1 footprint)
alsatwa,Al Satwa,Arista One,alsatwa|aristaone,3546,,68,7,,,building,,,,a building outline of this name is on the map (1 footprint)
alsatwa,Al Satwa,Brand Centro,alsatwa|brandcentro,3235,,10,0,,,building,,,,a building outline of this name is on the map (1 footprint)
alsatwa,Al Satwa,Chelsea Gardens,alsatwa|chelseagardens,3553,,33,21,,,building,,,,a building outline of this name is on the map (1 footprint)
alsatwa,Al Satwa,DGM Vision,alsatwa|dgmvision,3287,,50,17,,,building,,,,a building outline of this name is on the map (1 footprint)
alsatwa,Al Satwa,Diamond Building,alsatwa|diamondbuilding,,,24,0,,,building,,,,a building outline of this name is on the map (1 footprint)
alsatwa,Al Satwa,EVERGRIN HOUSE 2,alsatwa|evergrinhouse2,4114,PENDING,159,159,,,building,,,,a building outline of this name is on the map (1 footprint)
alsatwa,Al Satwa,Elemental 22,alsatwa|elemental22,3601,,22,0,,,building,,,,a building outline of this name is on the map (1 footprint)
alsatwa,Al Satwa,Elmora,alsatwa|elmora,4088,,48,48,,,building,,,,a building outline of this name is on the map (1 footprint)
alsatwa,Al Satwa,Enso Amber,alsatwa|ensoamber,3250,,43,38,,,building,,,,a building outline of this name is on the map (1 footprint)
alsatwa,Al Satwa,Enso Jade,alsatwa|ensojade,3249,,105,105,,,building,,,,a building outline of this name is on the map (1 footprint)
alsatwa,Al Satwa,Evergrin House,alsatwa|evergrinhouse,3274,,210,39,,,building,,,,a building outline of this name is on the map (1 footprint)
alsatwa,Al Satwa,Garden City 2 Building,alsatwa|gardencity2building,,,70,0,,,building,,,,a building outline of this name is on the map (1 footprint)
alsatwa,Al Satwa,Hyde Walk Residence by Imtiaz,alsatwa|hydewalkresidence,2860,,105,3,,,building,,,,a building outline of this name is on the map (1 footprint)
alsatwa,Al Satwa,Hyde Walk by Imtiaz,alsatwa|hydewalk,2860,,105,0,,,building,,,,a building outline of this name is on the map (1 footprint)
alsatwa,Al Satwa,JAD 288 - Block B,alsatwa|jad288blockb,,,33,0,,,building,,,,a building outline of this name is on the map (1 footprint)
alsatwa,Al Satwa,Mayfair Gardens By Majid,alsatwa|mayfairgardens,3207,,51,10,,,building,,,,a building outline of this name is on the map (1 footprint)
alsatwa,Al Satwa,Olivia Gardens Residence,alsatwa|oliviagardensresidence,3623,,72,30,,,building,,,,a building outline of this name is on the map (1 footprint)
alsatwa,Al Satwa,Purvanchal Triana Residences,alsatwa|purvanchaltrianaresidences,4095,,8,8,,,building,,,,a building outline of this name is on the map (1 footprint)
alsatwa,Al Satwa,Stamn ONE,alsatwa|stamnone,3243,,51,28,,,building,,,,a building outline of this name is on the map (1 footprint)
alsatwa,Al Satwa,Trillium Heights,alsatwa|trilliumheights,3075,,18,5,,,building,,,,a building outline of this name is on the map (1 footprint)
alsatwa,Al Satwa,WAHA LIVING by AL YAKKA,alsatwa|wahaliving,3655,,55,31,,,building,,,,a building outline of this name is on the map (1 footprint)
althanyahfifth,JLT / Al Thanyah 5,ARMADA TOWERS,althanyahfifth|armadatowers,1260,,298,0,,,building,,,,a building outline of this name is on the map (1 footprint)
althanyahfifth,JLT / Al Thanyah 5,Al Seef II,althanyahfifth|alseefii,48,,649,0,,,building,,,,a building outline of this name is on the map (1 footprint)
althanyahfifth,JLT / Al Thanyah 5,Al Waleed Paradise,althanyahfifth|alwaleedparadise,3780,,428,0,,,building,,,,a building outline of this name is on the map (1 footprint)
althanyahfifth,JLT / Al Thanyah 5,Alshera Tower,althanyahfifth|alsheratower,687,,536,0,,,building,,,,a building outline of this name is on the map (1 footprint)
althanyahfifth,JLT / Al Thanyah 5,Armada 3,althanyahfifth|armada3,1260,,583,0,,,building,,,,a building outline of this name is on the map (1 footprint)
althanyahfifth,JLT / Al Thanyah 5,Banyan Tree Residences Hillside Dubai,althanyahfifth|banyantreeresidenceshillsidedubai,1990,,337,0,,,building,,,,a building outline of this name is on the map (1 footprint)
althanyahfifth,JLT / Al Thanyah 5,Bonnington Tower Hotel & Residence Dubai,althanyahfifth|bonningtontowerhotelresidencedubai,603,,572,0,,,building,,,,a building outline of this name is on the map (1 footprint)
althanyahfifth,JLT / Al Thanyah 5,Concorde Tower,althanyahfifth|concordetower,883,,1174,0,,,building,,,,a building outline of this name is on the map (1 footprint)
althanyahfifth,JLT / Al Thanyah 5,DUBAI GATE ONE,althanyahfifth|dubaigateone,407,,1105,0,,,building,,,,a building outline of this name is on the map (1 footprint)
althanyahfifth,JLT / Al Thanyah 5,Dubai Arch Tower,althanyahfifth|dubaiarchtower,547,,841,0,,,building,,,,a building outline of this name is on the map (1 footprint)
althanyahfifth,JLT / Al Thanyah 5,Dubai Star,althanyahfifth|dubaistar,102,,424,0,,,building,,,,a building outline of this name is on the map (1 footprint)
althanyahfifth,JLT / Al Thanyah 5,Eltiera Views,althanyahfifth|eltieraviews,4116,ACTIVE,295,0,,,building,,,,a building outline of this name is on the map (1 footprint)
althanyahfifth,JLT / Al Thanyah 5,Global Lake View,althanyahfifth|globallakeview,596,,896,0,,,building,,,,a building outline of this name is on the map (2 footprints)
althanyahfifth,JLT / Al Thanyah 5,Gold Crest Executive,althanyahfifth|goldcrestexecutive,149,,700,0,,,building,,,,a building outline of this name is on the map (1 footprint)
althanyahfifth,JLT / Al Thanyah 5,Gold Crest Views2,althanyahfifth|goldcrestviews2,150,,1182,0,,,building,,,,a building outline of this name is on the map (2 footprints)
althanyahfifth,JLT / Al Thanyah 5,Goldcrest Views,althanyahfifth|goldcrestviews,,,857,0,,,building,,,,a building outline of this name is on the map (2 footprints)
althanyahfifth,JLT / Al Thanyah 5,Green Lakes S2,althanyahfifth|greenlakess2,,,605,0,,,building,,,,a building outline of this name is on the map (1 footprint)
althanyahfifth,JLT / Al Thanyah 5,Green Lakes S3,althanyahfifth|greenlakess3,,,508,0,,,building,,,,a building outline of this name is on the map (1 footprint)
althanyahfifth,JLT / Al Thanyah 5,Hilton Residences Dubai Jumeirah Lakes Towers,althanyahfifth|hiltonresidencesdubaijumeirahlakestowers,2806,,64,0,,,building,,,,a building outline of this name is on the map (1 footprint)
althanyahfifth,JLT / Al Thanyah 5,ICON 2,althanyahfifth|icon2,,,753,0,,,building,,,,a building outline of this name is on the map (1 footprint)
althanyahfifth,JLT / Al Thanyah 5,Icon 1,althanyahfifth|icon1,,,779,0,,,building,,,,a building outline of this name is on the map (1 footprint)
althanyahfifth,JLT / Al Thanyah 5,Indigo Tower,althanyahfifth|indigotower,172,,567,0,,,building,,,,a building outline of this name is on the map (1 footprint)
althanyahfifth,JLT / Al Thanyah 5,Jumairah Bay Tower-x1-1,althanyahfifth|jumairahbaytowerx11,,,910,0,,,building,,,,a building outline of this name is on the map (1 footprint)
althanyahfifth,JLT / Al Thanyah 5,Jumeirah Business Centre3,althanyahfifth|jumeirahbusinesscentre3,1103,FINISHED,102,0,,,building,,,,a building outline of this name is on the map (1 footprint)
althanyahfifth,JLT / Al Thanyah 5,Laguna Tower,althanyahfifth|lagunatower,389,,912,0,,,building,,,,a building outline of this name is on the map (1 footprint)
althanyahfifth,JLT / Al Thanyah 5,Lake City Tower,althanyahfifth|lakecitytower,816,,943,0,,,building,,,,a building outline of this name is on the map (1 footprint)
althanyahfifth,JLT / Al Thanyah 5,Lake Terrace,althanyahfifth|laketerrace,438,,1279,0,,,building,,,,a building outline of this name is on the map (1 footprint)
althanyahfifth,JLT / Al Thanyah 5,Lake View,althanyahfifth|lakeview,437,,1142,0,,,building,,,,a building outline of this name is on the map (2 footprints)
althanyahfifth,JLT / Al Thanyah 5,Lakepoint N2,althanyahfifth|lakepointn2,,,891,0,,,building,,,,a building outline of this name is on the map (1 footprint)
althanyahfifth,JLT / Al Thanyah 5,Lakeshore Tower 1,althanyahfifth|lakeshoretower1,559,,1217,0,,,building,,,,a building outline of this name is on the map (1 footprint)
althanyahfifth,JLT / Al Thanyah 5,Lakeside Residence,althanyahfifth|lakesideresidence,16,,586,0,,,building,,,,a building outline of this name is on the map (1 footprint)
althanyahfifth,JLT / Al Thanyah 5,MAG 214,althanyahfifth|mag214,,,726,0,,,building,,,,a building outline of this name is on the map (1 footprint)
althanyahfifth,JLT / Al Thanyah 5,MBL Residence,althanyahfifth|mblresidence,1934,,698,0,,,building,,,,a building outline of this name is on the map (1 footprint)
althanyahfifth,JLT / Al Thanyah 5,MBL Royal,althanyahfifth|mblroyal,2410,,482,0,,,building,,,,a building outline of this name is on the map (1 footprint)
althanyahfifth,JLT / Al Thanyah 5,Madina Tower,althanyahfifth|madinatower,75,,489,0,,,building,,,,a building outline of this name is on the map (1 footprint)
althanyahfifth,JLT / Al Thanyah 5,Me Do Re 2,althanyahfifth|medore2,,,418,0,,,building,,,,a building outline of this name is on the map (1 footprint)
althanyahfifth,JLT / Al Thanyah 5,NEW DUBAI GATE2,althanyahfifth|newdubaigate2,408,,769,0,,,building,,,,a building outline of this name is on the map (1 footprint)
althanyahfifth,JLT / Al Thanyah 5,O2 Residences,althanyahfifth|o2residences,,,502,0,,,building,,,,a building outline of this name is on the map (1 footprint)
althanyahfifth,JLT / Al Thanyah 5,Orra The Embankment - Tower 1,althanyahfifth|orratheembankmenttower1,,,354,0,,,building,,,,a building outline of this name is on the map (1 footprint)
althanyahfifth,JLT / Al Thanyah 5,Palladium,althanyahfifth|palladium,86,,411,0,,,building,,,,a building outline of this name is on the map (2 footprints)
althanyahfifth,JLT / Al Thanyah 5,Saba Tower 2,althanyahfifth|sabatower2,463,,880,0,,,building,,,,a building outline of this name is on the map (1 footprint)
althanyahfifth,JLT / Al Thanyah 5,Saba Tower 3,althanyahfifth|sabatower3,464,,796,0,,,building,,,,a building outline of this name is on the map (1 footprint)
althanyahfifth,JLT / Al Thanyah 5,Seef 3,althanyahfifth|seef3,,,393,0,,,building,,,,a building outline of this name is on the map (1 footprint)
althanyahfifth,JLT / Al Thanyah 5,Signature Lifestyle Residences,althanyahfifth|signaturelifestyleresidences,3295,,115,0,,,building,,,,a building outline of this name is on the map (1 footprint)
althanyahfifth,JLT / Al Thanyah 5,Tamweel Tower,althanyahfifth|tamweeltower,,,362,0,,,building,,,,a building outline of this name is on the map (1 footprint)
althanyahfifth,JLT / Al Thanyah 5,The Wind Tower I,althanyahfifth|thewindtoweri,398,,733,0,,,building,,,,a building outline of this name is on the map (2 footprints)
althanyahfifth,JLT / Al Thanyah 5,The Wind Tower II,althanyahfifth|thewindtowerii,399,,216,0,,,building,,,,a building outline of this name is on the map (2 footprints)
althanyahfifth,JLT / Al Thanyah 5,Uptown Tower,althanyahfifth|uptowntower,,,247,0,,,building,,,,a building outline of this name is on the map (1 footprint)
althanyahfifth,JLT / Al Thanyah 5,Verde by Sobha,althanyahfifth|verde,2583,,644,0,,,building,,,,a building outline of this name is on the map (1 footprint)
althanyahfifth,JLT / Al Thanyah 5,Viewz 1 By Danube,althanyahfifth|viewz1,2554,,607,0,,,building,,,,a building outline of this name is on the map (1 footprint)
alwasl,Al Wasl,CAVALLI COUTURE,alwasl|cavallicouture,2459,,21,9,,,building,,,,a building outline of this name is on the map (1 footprint)
alwasl,Al Wasl,Casa Canal,alwasl|casacanal,2679,,53,6,,,building,,,,a building outline of this name is on the map (1 footprint)
alwasl,Al Wasl,Castleton,alwasl|castleton,2432,,325,24,,,building,,,,a building outline of this name is on the map (1 footprint)
alwasl,Al Wasl,Celadon 1,alwasl|celadon1,2325,,91,0,,,building,,,,a building outline of this name is on the map (1 footprint)
alwasl,Al Wasl,Celadon 2,alwasl|celadon2,2325,,72,0,,,building,,,,a building outline of this name is on the map (1 footprint)
alwasl,Al Wasl,Celadon 3,alwasl|celadon3,2325,,94,0,,,building,,,,a building outline of this name is on the map (1 footprint)
alwasl,Al Wasl,Central Park Plaza,alwasl|centralparkplaza,2556;2796,,253,5,,,building,,,,a building outline of this name is on the map (1 footprint)
alwasl,Al Wasl,Central Park at City Walk -Building 1,alwasl|centralparkatcitywalkbuilding1,2147,,306,12,,,building,,,,a building outline of this name is on the map (1 footprint)
alwasl,Al Wasl,Cf7 - B,alwasl|cf7b,2363,,108,0,,,building,,,,a building outline of this name is on the map (1 footprint)
alwasl,Al Wasl,Cf9 - B,alwasl|cf9b,2364,,172,0,,,building,,,,a building outline of this name is on the map (1 footprint)
alwasl,Al Wasl,City Walk Crestlane 4,alwasl|citywalkcrestlane4,4286,ACTIVE,182,182,,,building,,,,a building outline of this name is on the map (1 footprint)
alwasl,Al Wasl,City Walk Crestlane 5,alwasl|citywalkcrestlane5,1717;4274,ACTIVE,200,149,,,building,,,,a building outline of this name is on the map (1 footprint)
alwasl,Al Wasl,City Walk Northline 1,alwasl|citywalknorthline1,2970,ACTIVE,6,6,,,building,,,,a building outline of this name is on the map (1 footprint)
alwasl,Al Wasl,City Walk Northline 2,alwasl|citywalknorthline2,2972,ACTIVE,9,9,,,building,,,,a building outline of this name is on the map (1 footprint)
alwasl,Al Wasl,Citywalk Residential Building 11B,alwasl|citywalkresidentialbuilding11b,,,84,0,,,building,,,,a building outline of this name is on the map (2 footprints)
alwasl,Al Wasl,Citywalk Residential Building 13A,alwasl|citywalkresidentialbuilding13a,,,32,0,,,building,,,,a building outline of this name is on the map (2 footprints)
alwasl,Al Wasl,Citywalk Residential Building 13B,alwasl|citywalkresidentialbuilding13b,,,52,0,,,building,,,,a building outline of this name is on the map (2 footprints)
alwasl,Al Wasl,Citywalk Residential Building 14,alwasl|citywalkresidentialbuilding14,,,181,0,,,building,,,,a building outline of this name is on the map (2 footprints)
alwasl,Al Wasl,Citywalk Residential Building 3B,alwasl|citywalkresidentialbuilding3b,1719,,37,0,,,building,,,,a building outline of this name is on the map (1 footprint)
alwasl,Al Wasl,Citywalk Residential Building 4A,alwasl|citywalkresidentialbuilding4a,1718,,31,0,,,building,,,,a building outline of this name is on the map (1 footprint)
alwasl,Al Wasl,Citywalk Residential Building 4B,alwasl|citywalkresidentialbuilding4b,1718,,52,0,,,building,,,,a building outline of this name is on the map (1 footprint)
alwasl,Al Wasl,Citywalk Residential Building 5,alwasl|citywalkresidentialbuilding5,1718,,122,0,,,building,,,,a building outline of this name is on the map (1 footprint)
alwasl,Al Wasl,Citywalk Residential Building 7,alwasl|citywalkresidentialbuilding7,,,143,0,,,building,,,,a building outline of this name is on the map (1 footprint)
alwasl,Al Wasl,DAMAC CITY,alwasl|damaccity,2374,ACTIVE,596,49,,,building,,,,a building outline of this name is on the map (1 footprint)
alwasl,Al Wasl,DAMAC City 2,alwasl|damaccity2,3001,,549,339,,,building,,,,a building outline of this name is on the map (1 footprint)
alwasl,Al Wasl,Erin,alwasl|erin,2556,,28,28,,,building,,,,a building outline of this name is on the map (1 footprint)
alwasl,Al Wasl,Fern,alwasl|fern,2481,,294,17,,,building,,,,a building outline of this name is on the map (1 footprint)
alwasl,Al Wasl,Laurel,alwasl|laurel,2451,,314,26,,,building,,,,a building outline of this name is on the map (1 footprint)
alwasl,Al Wasl,Mr.c Residences Downtown,alwasl|mrcresidencesdowntown,2476,,89,36,,,building,,,,a building outline of this name is on the map (1 footprint)
alwasl,Al Wasl,Muraba Veil,alwasl|murabaveil,3106,,39,19,,,building,,,,a building outline of this name is on the map (1 footprint)
alwasl,Al Wasl,Myrtle,alwasl|myrtle,2381,,216,32,,,building,,,,a building outline of this name is on the map (1 footprint)
alwasl,Al Wasl,"NO.1, NO.2A, NO.2B, NO.3A AND 3B CITYWALK RESIDENTIAL",alwasl|no1no2ano2bno3aand3bcitywalkresidential,1719,,220,13,,,building,,,,a building outline of this name is on the map (1 footprint)
alwasl,Al Wasl,NO.15 & NO.16 CITYWALK RESIDENTIAL,alwasl|no15no16citywalkresidential,1754,,111,3,,,building,,,,a building outline of this name is on the map (1 footprint)
alwasl,Al Wasl,"NO.20, NO.21A, NO.21B AND NO.22 CITYWALK RESIDENTIAL",alwasl|no20no21ano21bandno22citywalkresidential,1736,FINISHED,84,3,,,building,,,,a building outline of this name is on the map (2 footprints)
alwasl,Al Wasl,NO.9 & NO.10 CITYWALK RESIDENTIAL,alwasl|no9no10citywalkresidential,1717,,144,8,,,building,,,,a building outline of this name is on the map (1 footprint)
alwasl,Al Wasl,No. 6a And No.6b Citywalk Residential,alwasl|no6aandno6bcitywalkresidential,1720,,102,5,,,building,,,,a building outline of this name is on the map (1 footprint)
alwasl,Al Wasl,"No.17, No.18a,No.18b and No.19 Citywalk Residential",alwasl|no17no18ano18bandno19citywalkresidential,1781,,79,79,,,building,,,,a building outline of this name is on the map (1 footprint)
alwasl,Al Wasl,ONE Canal,alwasl|onecanal,2501,,46,5,,,building,,,,a building outline of this name is on the map (1 footprint)
alwasl,Al Wasl,Rove City Walk,alwasl|rovecitywalk,,,586,0,,,building,,,,a building outline of this name is on the map (1 footprint)
alwasl,Al Wasl,Thyme,alwasl|thyme,2657,,170,9,,,building,,,,a building outline of this name is on the map (1 footprint)
alwasl,Al Wasl,Viridian,alwasl|viridian,2324,,192,16,,,building,,,,a building outline of this name is on the map (1 footprint)
alyelayiss1,Al Yelayiss 1,REEM-MIRA COMMUNITY PH5,alyelayiss1|reemmiracommunityph5,1342,,146,14,,,building,,,,a building outline of this name is on the map (1 footprint)
alyelayiss2,Town Square,Hayat Boulevard,alyelayiss2|hayatboulevard,1755,,299,57,,,building,,,,a building outline of this name is on the map (1 footprint)
alyelayiss2,Town Square,REEM TOWNHOUSES,alyelayiss2|reemtownhouses,2289,FINISHED,14,14,,,building,,,,a building outline of this name is on the map (1 footprint)
alyelayiss2,Town Square,Rawda Apartments,alyelayiss2|rawdaapartments,1836,,881,71,,,building,,,,a building outline of this name is on the map (1 footprint)
alyelayiss2,Town Square,The Regent,alyelayiss2|theregent,2525,,338,61,,,building,,,,a building outline of this name is on the map (1 footprint)
alyelayiss2,Town Square,Town Square Jenna 2,alyelayiss2|townsquarejenna2,1677,,393,0,,,building,,,,a building outline of this name is on the map (1 footprint)
alyelayiss2,Town Square,Town Square Safi,alyelayiss2|townsquaresafi,1646,FINISHED,285,56,,,building,,,,a building outline of this name is on the map (2 footprints)
alyelayiss2,Town Square,Town Square Zahra,alyelayiss2|townsquarezahra,1637,FINISHED,958,132,,,building,,,,a building outline of this name is on the map (3 footprints)
alyelayiss2,Town Square,Town Square Zahra 2A,alyelayiss2|townsquarezahra2a,1637,,274,0,,,building,,,,a building outline of this name is on the map (3 footprints)
alyelayiss2,Town Square,Town Square Zahra 2B,alyelayiss2|townsquarezahra2b,1637,,278,0,,,building,,,,a building outline of this name is on the map (2 footprints)
alyelayiss2,Town Square,UNA APARTMENTS B,alyelayiss2|unaapartmentsb,1979,,684,0,,,building,,,,a building outline of this name is on the map (1 footprint)
arjan,Arjan,2020 Marquis,arjan|2020marquis,2129,,201,15,,,building,,,,a building outline of this name is on the map (1 footprint)
arjan,Arjan,Adhara Star,arjan|adharastar,2606,,135,28,,,building,,,,a building outline of this name is on the map (1 footprint)
arjan,Arjan,Al Barsha South Building,arjan|albarshasouthbuilding,,,91,0,,,building,,,,a building outline of this name is on the map (1 footprint)
arjan,Arjan,Al Ghaf 1,arjan|alghaf1,,,102,0,,,building,,,,a building outline of this name is on the map (1 footprint)
arjan,Arjan,Arbor View,arjan|arborview,2814,,210,35,,,building,,,,a building outline of this name is on the map (1 footprint)
arjan,Arjan,Aryene Greens,arjan|aryenegreens,474,,221,26,,,building,,,,a building outline of this name is on the map (1 footprint)
arjan,Arjan,Avelon Boulevard,arjan|avelonboulevard,2984,,155,26,,,building,,,,a building outline of this name is on the map (1 footprint)
arjan,Arjan,Bond Enclave,arjan|bondenclave,3421,,50,34,,,building,,,,a building outline of this name is on the map (1 footprint)
arjan,Arjan,Burj View Residence,arjan|burjviewresidence,1691,,238,12,,,building,,,,a building outline of this name is on the map (1 footprint)
arjan,Arjan,Diamond Business Center 2,arjan|diamondbusinesscenter2,,,1,0,,,building,,,,a building outline of this name is on the map (2 footprints)
arjan,Arjan,Divine Living,arjan|divineliving,2613,,161,32,,,building,,,,a building outline of this name is on the map (1 footprint)
arjan,Arjan,ELEVATE by Prescott,arjan|elevate,2566,,339,49,,,building,,,,a building outline of this name is on the map (1 footprint)
arjan,Arjan,ELZ Residence,arjan|elzresidence,2115,,374,18,,,building,,,,a building outline of this name is on the map (2 footprints)
arjan,Arjan,Empire Estates,arjan|empireestates,2778,,308,102,,,building,,,,a building outline of this name is on the map (1 footprint)
arjan,Arjan,Enchante By GRID,arjan|enchante,4460,ACTIVE,142,142,,,building,,,,a building outline of this name is on the map (1 footprint)
arjan,Arjan,Floarea Grande,arjan|floareagrande,3494,,288,30,,,building,,,,a building outline of this name is on the map (1 footprint)
arjan,Arjan,GREEN DIAMOND 1,arjan|greendiamond1,1892,FINISHED,160,17,,,building,,,,a building outline of this name is on the map (2 footprints)
arjan,Arjan,Gardenia Livings,arjan|gardenialivings,2192,,228,24,,,building,,,,a building outline of this name is on the map (1 footprint)
arjan,Arjan,Genesis,arjan|genesis,2044,,331,18,,,building,,,,a building outline of this name is on the map (1 footprint)
arjan,Arjan,Green Diamond 1 A,arjan|greendiamond1a,1892,,144,0,,,building,,,,a building outline of this name is on the map (1 footprint)
arjan,Arjan,Green Diamond 1 B,arjan|greendiamond1b,1892,,115,0,,,building,,,,a building outline of this name is on the map (1 footprint)
arjan,Arjan,JOYA DORADO RESIDENCE,arjan|joyadoradoresidence,2485,,497,48,,,building,,,,a building outline of this name is on the map (1 footprint)
arjan,Arjan,Jewelz Residence,arjan|jewelzresidence,2027,,647,31,,,building,,,,a building outline of this name is on the map (2 footprints)
arjan,Arjan,Joya Blanca Residences,arjan|joyablancaresidences,2219,,462,28,,,building,,,,a building outline of this name is on the map (1 footprint)
arjan,Arjan,LINCOLN PARK,arjan|lincolnpark,412,,316,40,,,building,,,,a building outline of this name is on the map (4 footprints)
arjan,Arjan,La Fontana Di Trevi,arjan|lafontanaditrevi,335,,173,7,,,building,,,,a building outline of this name is on the map (1 footprint)
arjan,Arjan,Lincoln Park ( North Side),arjan|lincolnparknorthside,1442,,263,19,,,building,,,,a building outline of this name is on the map (2 footprints)
arjan,Arjan,Lincoln Park (sheffield),arjan|lincolnparksheffield,1443,,358,12,,,building,,,,a building outline of this name is on the map (2 footprints)
arjan,Arjan,Lincoln Park B,arjan|lincolnparkb,412,,296,0,,,building,,,,a building outline of this name is on the map (2 footprints)
arjan,Arjan,Marquis Galleria,arjan|marquisgalleria,2591,,151,36,,,building,,,,a building outline of this name is on the map (1 footprint)
arjan,Arjan,Marquis Signature,arjan|marquissignature,2446,,126,3,,,building,,,,a building outline of this name is on the map (1 footprint)
arjan,Arjan,Miracle Residence,arjan|miracleresidence,2608,,97,0,,,building,,,,a building outline of this name is on the map (1 footprint)
arjan,Arjan,Miraclz Tower,arjan|miraclztower,1819,,878,52,,,building,,,,a building outline of this name is on the map (1 footprint)
arjan,Arjan,Orion Building,arjan|orionbuilding,1700,,208,12,,,building,,,,a building outline of this name is on the map (1 footprint)
arjan,Arjan,Oxford Gardens,arjan|oxfordgardens,2703,,371,69,,,building,,,,a building outline of this name is on the map (1 footprint)
arjan,Arjan,PLATINUM 1,arjan|platinum1,638,,388,9,,,building,,,,a building outline of this name is on the map (1 footprint)
arjan,Arjan,Prime Gardens,arjan|primegardens,2416,,222,17,,,building,,,,a building outline of this name is on the map (1 footprint)
arjan,Arjan,Q GARDENS BOUTIQUE RESIDENCES - BLOCK B,arjan|qgardensboutiqueresidencesblockb,2139,,114,0,,,building,,,,a building outline of this name is on the map (1 footprint)
arjan,Arjan,Q Gardens Boutique Residences,arjan|qgardensboutiqueresidences,2139,FINISHED,199,15,,,building,,,,a building outline of this name is on the map (1 footprint)
arjan,Arjan,Resortz Residence,arjan|resortzresidence,1852,,232,48,,,building,,,,a building outline of this name is on the map (1 footprint)
arjan,Arjan,Rose Gardens 3,arjan|rosegardens3,3588,,21,19,,,building,,,,a building outline of this name is on the map (1 footprint)
arjan,Arjan,SKYZ By Danube,arjan|skyz,2313,,1061,94,,,building,,,,a building outline of this name is on the map (1 footprint)
arjan,Arjan,Samana Imperial Garden,arjan|samanaimperialgarden,3797,,303,300,,,building,,,,a building outline of this name is on the map (1 footprint)
arjan,Arjan,Samana Park Views,arjan|samanaparkviews,2280,,252,22,,,building,,,,a building outline of this name is on the map (1 footprint)
arjan,Arjan,Siraj Tower,arjan|sirajtower,181,,362,81,,,building,,,,a building outline of this name is on the map (1 footprint)
arjan,Arjan,Sunrise Legend,arjan|sunriselegend,2173,,188,26,,,building,,,,a building outline of this name is on the map (1 footprint)
arjan,Arjan,Syann Park1,arjan|syannpark1,295,,259,9,,,building,,,,a building outline of this name is on the map (1 footprint)
arjan,Arjan,The Central Downtown-A,arjan|thecentraldowntowna,,,353,0,,,building,,,,a building outline of this name is on the map (1 footprint)
arjan,Arjan,The Central Downtown-B,arjan|thecentraldowntownb,2861,,148,0,,,building,,,,a building outline of this name is on the map (1 footprint)
arjan,Arjan,The central downtown,arjan|thecentraldowntown,2861,ACTIVE,973,147,,,building,,,,a building outline of this name is on the map (2 footprints)
arjan,Arjan,Torino By Oro24,arjan|torino,2379,,814,117,,,building,,,,a building outline of this name is on the map (1 footprint)
arjan,Arjan,Uniestate Supreme Residence,arjan|uniestatesupremeresidence,2378,,165,15,,,building,,,,a building outline of this name is on the map (1 footprint)
arjan,Arjan,Vincitore Benessere,arjan|vincitorebenessere,2149,,474,54,,,building,,,,a building outline of this name is on the map (1 footprint)
arjan,Arjan,Vincitore Boulevard,arjan|vincitoreboulevard,1879,FINISHED,146,18,,,building,,,,a building outline of this name is on the map (1 footprint)
arjan,Arjan,Vincitore Boulevard 5,arjan|vincitoreboulevard5,1879,,51,0,,,building,,,,a building outline of this name is on the map (1 footprint)
arjan,Arjan,Vincitore Dolce Vita,arjan|vincitoredolcevita,2669,,425,83,,,building,,,,a building outline of this name is on the map (1 footprint)
arjan,Arjan,Vincitore Palacio,arjan|vincitorepalacio,1715,,223,13,,,building,,,,a building outline of this name is on the map (1 footprint)
arjan,Arjan,Welcome Residency,arjan|welcomeresidency,2360,,134,9,,,building,,,,a building outline of this name is on the map (1 footprint)
arjan,Arjan,butterfly,arjan|butterfly,3060,NOT_STARTED,197,196,,,building,,,,a building outline of this name is on the map (2 footprints)
burjkhalifa,Downtown Dubai,29 Boulevard,burjkhalifa|29boulevard,1276,,1075,62,,,building,,,,a building outline of this name is on the map (3 footprints)
burjkhalifa,Downtown Dubai,8 BLVD WALK,burjkhalifa|8blvdwalk,,,916,0,,,building,,,,a building outline of this name is on the map (1 footprint)
burjkhalifa,Downtown Dubai,Act ONE | Act Two,burjkhalifa|actoneacttwo,1773,,905,58,,,building,,,,a building outline of this name is on the map (1 footprint)
burjkhalifa,Downtown Dubai,Address Grand Downtown,burjkhalifa|addressgranddowntown,3487,,60,4,,,building,,,,a building outline of this name is on the map (1 footprint)
burjkhalifa,Downtown Dubai,Address Residences Sky View 2,burjkhalifa|addressresidencesskyview2,,,452,0,,,building,,,,a building outline of this name is on the map (1 footprint)
burjkhalifa,Downtown Dubai,Al NOUJOUM TOWER,burjkhalifa|alnoujoumtower,567,,866,0,,,building,,,,a building outline of this name is on the map (1 footprint)
burjkhalifa,Downtown Dubai,Altajer,burjkhalifa|altajer,,,545,0,,,building,,,,a building outline of this name is on the map (1 footprint)
burjkhalifa,Downtown Dubai,Attareen,burjkhalifa|attareen,,,215,0,,,building,,,,a building outline of this name is on the map (3 footprints)
burjkhalifa,Downtown Dubai,Azha Downtown Residences,burjkhalifa|azhadowntownresidences,3129,,53,13,,,building,,,,a building outline of this name is on the map (1 footprint)
burjkhalifa,Downtown Dubai,BD Standpoint A,burjkhalifa|bdstandpointa,1277,,1043,0,,,building,,,,a building outline of this name is on the map (1 footprint)
burjkhalifa,Downtown Dubai,BD Standpoint B,burjkhalifa|bdstandpointb,1277,,514,0,,,building,,,,a building outline of this name is on the map (1 footprint)
burjkhalifa,Downtown Dubai,BLVD CRESCENT,burjkhalifa|blvdcrescent,1494,,436,15,,,building,,,,a building outline of this name is on the map (1 footprint)
burjkhalifa,Downtown Dubai,BLVD HEIGHTS,burjkhalifa|blvdheights,1561,,435,27,,,building,,,,a building outline of this name is on the map (3 footprints)
burjkhalifa,Downtown Dubai,BURJ VIEWS,burjkhalifa|burjviews,1451,,520,39,,,building,,,,a building outline of this name is on the map (1 footprint)
burjkhalifa,Downtown Dubai,BURJ VISTA,burjkhalifa|burjvista,1340,,275,41,,,building,,,,a building outline of this name is on the map (3 footprints)
burjkhalifa,Downtown Dubai,BURJ VISTA Tower 1,burjkhalifa|burjvistatower1,1340,,1194,0,,,building,,,,a building outline of this name is on the map (2 footprints)
burjkhalifa,Downtown Dubai,"Baccarat Hotel and Residences, Dubai",burjkhalifa|baccarathotelandresidencesdubai,2724,,31,31,,,building,,,,a building outline of this name is on the map (1 footprint)
burjkhalifa,Downtown Dubai,Bahwan Tower,burjkhalifa|bahwantower,1732,,183,10,,,building,,,,a building outline of this name is on the map (1 footprint)
burjkhalifa,Downtown Dubai,Bellevue Towers,burjkhalifa|bellevuetowers,1580,,382,25,,,building,,,,a building outline of this name is on the map (1 footprint)
burjkhalifa,Downtown Dubai,Binghatti Skyblade,burjkhalifa|binghattiskyblade,3725,,557,557,,,building,,,,a building outline of this name is on the map (1 footprint)
burjkhalifa,Downtown Dubai,Blvd Central 1,burjkhalifa|blvdcentral1,1274,,558,0,,,building,,,,a building outline of this name is on the map (1 footprint)
burjkhalifa,Downtown Dubai,Boulevard Point,burjkhalifa|boulevardpoint,1405,,916,36,,,building,,,,a building outline of this name is on the map (1 footprint)
burjkhalifa,Downtown Dubai,Bridge Sky,burjkhalifa|bridgesky,,,19,0,,,building,,,,a building outline of this name is on the map (1 footprint)
burjkhalifa,Downtown Dubai,Burj Crown,burjkhalifa|burjcrown,2201,,753,53,,,building,,,,a building outline of this name is on the map (1 footprint)
burjkhalifa,Downtown Dubai,Burj Lake Hotel - The Address DownTown,burjkhalifa|burjlakehoteltheaddressdowntown,,,1625,0,,,building,,,,a building outline of this name is on the map (1 footprint)
burjkhalifa,Downtown Dubai,Burj Royale,burjkhalifa|burjroyale,2112,,1102,27,,,building,,,,a building outline of this name is on the map (1 footprint)
burjkhalifa,Downtown Dubai,CLAREN 2,burjkhalifa|claren2,1275,,460,0,,,building,,,,a building outline of this name is on the map (1 footprint)
burjkhalifa,Downtown Dubai,City Center Residences,burjkhalifa|citycenterresidences,2359,,553,36,,,building,,,,a building outline of this name is on the map (1 footprint)
burjkhalifa,Downtown Dubai,Claren Tower 1,burjkhalifa|clarentower1,1275,,407,0,,,building,,,,a building outline of this name is on the map (1 footprint)
burjkhalifa,Downtown Dubai,DD BOULEVARD CENTRAL,burjkhalifa|ddboulevardcentral,1274,,628,31,,,building,,,,a building outline of this name is on the map (1 footprint)
burjkhalifa,Downtown Dubai,DD STAND POINT,burjkhalifa|ddstandpoint,1277,,34,34,,,building,,,,a building outline of this name is on the map (1 footprint)
burjkhalifa,Downtown Dubai,DT 1,burjkhalifa|dt1,1797,,166,11,,,building,,,,a building outline of this name is on the map (1 footprint)
burjkhalifa,Downtown Dubai,DT1,burjkhalifa|dt1,1797,,206,0,,,building,,,,a building outline of this name is on the map (1 footprint)
burjkhalifa,Downtown Dubai,Dunya Tower,burjkhalifa|dunyatower,,,196,0,,,building,,,,a building outline of this name is on the map (1 footprint)
burjkhalifa,Downtown Dubai,Elegance Tower,burjkhalifa|elegancetower,2475,,312,10,,,building,,,,a building outline of this name is on the map (1 footprint)
burjkhalifa,Downtown Dubai,Elite Downtown Residence,burjkhalifa|elitedowntownresidence,1403,,536,29,,,building,,,,a building outline of this name is on the map (1 footprint)
burjkhalifa,Downtown Dubai,Euphoric Residences,burjkhalifa|euphoricresidences,2886,,277,5,,,building,,,,a building outline of this name is on the map (1 footprint)
burjkhalifa,Downtown Dubai,Exquisite Living Residences,burjkhalifa|exquisitelivingresidences,2527,,610,16,,,building,,,,a building outline of this name is on the map (1 footprint)
burjkhalifa,Downtown Dubai,FORTE,burjkhalifa|forte,1660,,954,75,,,building,,,,a building outline of this name is on the map (1 footprint)
burjkhalifa,Downtown Dubai,Grande,burjkhalifa|grande,2053,,1508,64,,,building,,,,a building outline of this name is on the map (1 footprint)
burjkhalifa,Downtown Dubai,Il PRIMO,burjkhalifa|ilprimo,1757,,218,11,,,building,,,,a building outline of this name is on the map (1 footprint)
burjkhalifa,Downtown Dubai,Imperial Avenue,burjkhalifa|imperialavenue,1811,,761,60,,,building,,,,a building outline of this name is on the map (1 footprint)
burjkhalifa,Downtown Dubai,Kamoon 1,burjkhalifa|kamoon1,,,167,0,,,building,,,,a building outline of this name is on the map (1 footprint)
burjkhalifa,Downtown Dubai,Kamoon 2,burjkhalifa|kamoon2,,,87,0,,,building,,,,a building outline of this name is on the map (1 footprint)
burjkhalifa,Downtown Dubai,Kamoon 3,burjkhalifa|kamoon3,,,65,0,,,building,,,,a building outline of this name is on the map (1 footprint)
burjkhalifa,Downtown Dubai,Kamoon 4,burjkhalifa|kamoon4,,,59,0,,,building,,,,a building outline of this name is on the map (1 footprint)
burjkhalifa,Downtown Dubai,Lofts T East,burjkhalifa|loftsteast,,,401,0,,,building,,,,a building outline of this name is on the map (1 footprint)
burjkhalifa,Downtown Dubai,Mada Residences Tower,burjkhalifa|madaresidencestower,1687,,319,17,,,building,,,,a building outline of this name is on the map (1 footprint)
burjkhalifa,Downtown Dubai,Mercedes-Benz Places | Binghatti,burjkhalifa|mercedesbenzplacesbinghatti,2545,,117,38,,,building,,,,a building outline of this name is on the map (1 footprint)
burjkhalifa,Downtown Dubai,Mercedes-Benz Places/Binghatti,burjkhalifa|mercedesbenzplacesbinghatti,2545,,117,0,,,building,,,,a building outline of this name is on the map (1 footprint)
burjkhalifa,Downtown Dubai,Miska 1,burjkhalifa|miska1,,,64,0,,,building,,,,a building outline of this name is on the map (1 footprint)
burjkhalifa,Downtown Dubai,Miska 2,burjkhalifa|miska2,,,140,0,,,building,,,,a building outline of this name is on the map (1 footprint)
burjkhalifa,Downtown Dubai,Miska 3,burjkhalifa|miska3,,,97,0,,,building,,,,a building outline of this name is on the map (1 footprint)
burjkhalifa,Downtown Dubai,Miska 4,burjkhalifa|miska4,,,96,0,,,building,,,,a building outline of this name is on the map (1 footprint)
burjkhalifa,Downtown Dubai,Miska 5,burjkhalifa|miska5,,,77,0,,,building,,,,a building outline of this name is on the map (1 footprint)
burjkhalifa,Downtown Dubai,Mon Reve,burjkhalifa|monreve,1558,,96,6,,,building,,,,a building outline of this name is on the map (1 footprint)
burjkhalifa,Downtown Dubai,One Residence,burjkhalifa|oneresidence,3150,,361,80,,,building,,,,a building outline of this name is on the map (1 footprint)
burjkhalifa,Downtown Dubai,Opera Grand,burjkhalifa|operagrand,1507,FINISHED,452,27,,,building,,,,a building outline of this name is on the map (2 footprints)
burjkhalifa,Downtown Dubai,Opulent Residences,burjkhalifa|opulentresidences,2887,,237,3,,,building,,,,a building outline of this name is on the map (1 footprint)
burjkhalifa,Downtown Dubai,ROVE HOME RESIDENCES by IRTH,burjkhalifa|rovehomeresidences,2738,,378,26,,,building,,,,a building outline of this name is on the map (1 footprint)
burjkhalifa,Downtown Dubai,Reehan 1,burjkhalifa|reehan1,,,166,0,,,building,,,,a building outline of this name is on the map (1 footprint)
burjkhalifa,Downtown Dubai,Reehan 2,burjkhalifa|reehan2,,,80,0,,,building,,,,a building outline of this name is on the map (1 footprint)
burjkhalifa,Downtown Dubai,Reehan 3,burjkhalifa|reehan3,,,101,0,,,building,,,,a building outline of this name is on the map (1 footprint)
burjkhalifa,Downtown Dubai,Reehan 6,burjkhalifa|reehan6,,,96,0,,,building,,,,a building outline of this name is on the map (1 footprint)
burjkhalifa,Downtown Dubai,Reehan 7,burjkhalifa|reehan7,,,174,0,,,building,,,,a building outline of this name is on the map (1 footprint)
burjkhalifa,Downtown Dubai,Reehan 8,burjkhalifa|reehan8,,,97,0,,,building,,,,a building outline of this name is on the map (1 footprint)
burjkhalifa,Downtown Dubai,Residences_E2,burjkhalifa|residencese2,,,340,0,,,building,,,,a building outline of this name is on the map (1 footprint)
burjkhalifa,Downtown Dubai,Rp Heights,burjkhalifa|rpheights,1605,,306,15,,,building,,,,a building outline of this name is on the map (1 footprint)
burjkhalifa,Downtown Dubai,Society House,burjkhalifa|societyhouse,2647,,399,0,,,building,,,,a building outline of this name is on the map (1 footprint)
burjkhalifa,Downtown Dubai,Society House Downtown Dubai,burjkhalifa|societyhousedowntowndubai,2647,ACTIVE,398,22,,,building,,,,a building outline of this name is on the map (1 footprint)
burjkhalifa,Downtown Dubai,Solara Tower Dubai,burjkhalifa|solaratowerdubai,2928,,161,52,,,building,,,,a building outline of this name is on the map (1 footprint)
burjkhalifa,Downtown Dubai,South Ridge 1,burjkhalifa|southridge1,,,451,0,,,building,,,,a building outline of this name is on the map (1 footprint)
burjkhalifa,Downtown Dubai,South Ridge 2,burjkhalifa|southridge2,,,361,0,,,building,,,,a building outline of this name is on the map (1 footprint)
burjkhalifa,Downtown Dubai,South Ridge 3,burjkhalifa|southridge3,,,280,0,,,building,,,,a building outline of this name is on the map (1 footprint)
burjkhalifa,Downtown Dubai,South Ridge 4,burjkhalifa|southridge4,,,290,0,,,building,,,,a building outline of this name is on the map (1 footprint)
burjkhalifa,Downtown Dubai,South Ridge 5,burjkhalifa|southridge5,,,361,0,,,building,,,,a building outline of this name is on the map (1 footprint)
burjkhalifa,Downtown Dubai,South Ridge 6,burjkhalifa|southridge6,,,409,0,,,building,,,,a building outline of this name is on the map (1 footprint)
burjkhalifa,Downtown Dubai,TAT RESIDENCE,burjkhalifa|tatresidence,,,416,0,,,building,,,,a building outline of this name is on the map (1 footprint)
burjkhalifa,Downtown Dubai,THE ADDRESS - THE BLVD,burjkhalifa|theaddresstheblvd,1328,,1428,0,,,building,,,,a building outline of this name is on the map (1 footprint)
burjkhalifa,Downtown Dubai,THE ADDRESS DUBAI OPERA,burjkhalifa|theaddressdubaiopera,1695,,780,75,,,building,,,,a building outline of this name is on the map (2 footprints)
burjkhalifa,Downtown Dubai,THE ADDRESS RESIDENCE - SKY VIEW,burjkhalifa|theaddressresidenceskyview,,,726,0,,,building,,,,a building outline of this name is on the map (1 footprint)
burjkhalifa,Downtown Dubai,THE ADDRESS RESIDENCE FOUNTAIN VIEWS II,burjkhalifa|theaddressresidencefountainviewsii,1333,,784,0,,,building,,,,a building outline of this name is on the map (1 footprint)
burjkhalifa,Downtown Dubai,THE DISTINCTION,burjkhalifa|thedistinction,1329,,486,12,,,building,,,,a building outline of this name is on the map (1 footprint)
burjkhalifa,Downtown Dubai,THE DUBAI MALL,burjkhalifa|thedubaimall,1461,,1319,31,,,building,,,,a building outline of this name is on the map (2 footprints)
burjkhalifa,Downtown Dubai,THE RESIDENCE | Burj Khalifa,burjkhalifa|theresidenceburjkhalifa,1462,,2339,0,,,building,,,,a building outline of this name is on the map (1 footprint)
burjkhalifa,Downtown Dubai,The 118,burjkhalifa|the118,1632,,44,7,,,building,,,,a building outline of this name is on the map (1 footprint)
burjkhalifa,Downtown Dubai,The Dubai Mall Residences,burjkhalifa|thedubaimallresidences,1461,,1319,0,,,building,,,,a building outline of this name is on the map (2 footprints)
burjkhalifa,Downtown Dubai,The Residences II - Tower 1,burjkhalifa|theresidencesiitower1,,,375,0,,,building,,,,a building outline of this name is on the map (1 footprint)
burjkhalifa,Downtown Dubai,The Residences II - Tower 2,burjkhalifa|theresidencesiitower2,,,136,0,,,building,,,,a building outline of this name is on the map (1 footprint)
burjkhalifa,Downtown Dubai,The St. Regis Residences - Tower 1,burjkhalifa|thestregisresidencestower1,1816,,948,0,,,building,,,,a building outline of this name is on the map (1 footprint)
burjkhalifa,Downtown Dubai,Upper Crest,burjkhalifa|uppercrest,300,,631,16,,,building,,,,a building outline of this name is on the map (1 footprint)
burjkhalifa,Downtown Dubai,Vida Dubai Mall,burjkhalifa|vidadubaimall,1898,FINISHED,669,18,,,building,,,,a building outline of this name is on the map (2 footprints)
burjkhalifa,Downtown Dubai,Volta Tower,burjkhalifa|voltatower,2782,,431,32,,,building,,,,a building outline of this name is on the map (1 footprint)
burjkhalifa,Downtown Dubai,Yansoon 2,burjkhalifa|yansoon2,,,94,0,,,building,,,,a building outline of this name is on the map (1 footprint)
burjkhalifa,Downtown Dubai,Yansoon 3,burjkhalifa|yansoon3,,,107,0,,,building,,,,a building outline of this name is on the map (1 footprint)
burjkhalifa,Downtown Dubai,Yansoon 5,burjkhalifa|yansoon5,,,155,0,,,building,,,,a building outline of this name is on the map (1 footprint)
burjkhalifa,Downtown Dubai,Yansoon 6,burjkhalifa|yansoon6,,,113,0,,,building,,,,a building outline of this name is on the map (1 footprint)
burjkhalifa,Downtown Dubai,Yansoon 8,burjkhalifa|yansoon8,,,61,0,,,building,,,,a building outline of this name is on the map (1 footprint)
burjkhalifa,Downtown Dubai,Zaafaran 1,burjkhalifa|zaafaran1,,,95,0,,,building,,,,a building outline of this name is on the map (1 footprint)
burjkhalifa,Downtown Dubai,Zaafaran 3,burjkhalifa|zaafaran3,,,116,0,,,building,,,,a building outline of this name is on the map (1 footprint)
burjkhalifa,Downtown Dubai,Zaafaran 4,burjkhalifa|zaafaran4,,,110,0,,,building,,,,a building outline of this name is on the map (1 footprint)
burjkhalifa,Downtown Dubai,Zanzebeel 2,burjkhalifa|zanzebeel2,,,133,0,,,building,,,,a building outline of this name is on the map (1 footprint)
burjkhalifa,Downtown Dubai,Zanzebeel 3,burjkhalifa|zanzebeel3,,,110,0,,,building,,,,a building outline of this name is on the map (1 footprint)
burjkhalifa,Downtown Dubai,Zanzebeel 4,burjkhalifa|zanzebeel4,,,96,0,,,building,,,,a building outline of this name is on the map (1 footprint)
businessbay,Business Bay,15 Northside,businessbay|15northside,2214,,473,33,,,building,,,,a building outline of this name is on the map (1 footprint)
businessbay,Business Bay,77s,businessbay|77s,274,,3,3,,,building,,,,a building outline of this name is on the map (1 footprint)
businessbay,Business Bay,AG Tower,businessbay|agtower,1656,,629,38,,,building,,,,a building outline of this name is on the map (1 footprint)
businessbay,Business Bay,AL HABTOOR CITY,businessbay|alhabtoorcity,1670,,1497,80,,,building,,,,a building outline of this name is on the map (1 footprint)
businessbay,Business Bay,Ahad Residences,businessbay|ahadresidences,2302,,515,23,,,building,,,,a building outline of this name is on the map (1 footprint)
businessbay,Business Bay,Al Habtoor Tower,businessbay|alhabtoortower,2656,,1296,243,,,building,,,,a building outline of this name is on the map (1 footprint)
businessbay,Business Bay,Avanti Tower,businessbay|avantitower,1506,,223,8,,,building,,,,a building outline of this name is on the map (1 footprint)
businessbay,Business Bay,Aykon City-tower B,businessbay|aykoncitytowerb,1726,,1494,0,,,building,,,,a building outline of this name is on the map (1 footprint)
businessbay,Business Bay,BAY SQUARE,businessbay|baysquare,1280,,321,33,,,building,,,,a building outline of this name is on the map (9 footprints)
businessbay,Business Bay,BAY'S EDGE,businessbay|baysedge,1345,,6,6,,,building,,,,a building outline of this name is on the map (2 footprints)
businessbay,Business Bay,BAYS EDGE,businessbay|baysedge,1345,,418,0,,,building,,,,a building outline of this name is on the map (2 footprints)
businessbay,Business Bay,Bay Square - 01,businessbay|baysquare01,1280,,1,0,,,building,,,,a building outline of this name is on the map (2 footprints)
businessbay,Business Bay,Bay Square - 02,businessbay|baysquare02,1280,,34,0,,,building,,,,a building outline of this name is on the map (2 footprints)
businessbay,Business Bay,Bay Square - 07,businessbay|baysquare07,1280,,39,0,,,building,,,,a building outline of this name is on the map (2 footprints)
businessbay,Business Bay,Bay Square - 08,businessbay|baysquare08,1280,,28,0,,,building,,,,a building outline of this name is on the map (2 footprints)
businessbay,Business Bay,Bay Square - 09,businessbay|baysquare09,1280,,387,0,,,building,,,,a building outline of this name is on the map (2 footprints)
businessbay,Business Bay,Bay Square - 12,businessbay|baysquare12,1280,,2,0,,,building,,,,a building outline of this name is on the map (2 footprints)
businessbay,Business Bay,Bay Square - 13,businessbay|baysquare13,1280,,41,0,,,building,,,,a building outline of this name is on the map (2 footprints)
businessbay,Business Bay,Bayz 101 By Danube,businessbay|bayz101,2927,,1218,55,,,building,,,,a building outline of this name is on the map (1 footprint)
businessbay,Business Bay,Bayz Tower,businessbay|bayztower,1889,,649,36,,,building,,,,a building outline of this name is on the map (1 footprint)
businessbay,Business Bay,Binghatti Aquarise,businessbay|binghattiaquarise,3585,,1281,846,,,building,,,,a building outline of this name is on the map (1 footprint)
businessbay,Business Bay,Binghatti Canal,businessbay|binghatticanal,2366,,429,30,,,building,,,,a building outline of this name is on the map (1 footprint)
businessbay,Business Bay,Binghatti Skyhall,businessbay|binghattiskyhall,3504,,645,362,,,building,,,,a building outline of this name is on the map (1 footprint)
businessbay,Business Bay,Binghatti Skyrise,businessbay|binghattiskyrise,3349,NOT_STARTED,3267,761,,,building,,,,a building outline of this name is on the map (1 footprint)
businessbay,Business Bay,Binghatti Skyrise - TOWER C,businessbay|binghattiskyrisetowerc,3349,,1178,0,,,building,,,,a building outline of this name is on the map (1 footprint)
businessbay,Business Bay,Bugatti Residences by Binghatti,businessbay|bugattiresidences,2547,,111,33,,,building,,,,a building outline of this name is on the map (1 footprint)
businessbay,Business Bay,Burj Binghatti Jacob & Co. Residences,businessbay|burjbinghattijacobcoresidences,2480,,224,49,,,building,,,,a building outline of this name is on the map (1 footprint)
businessbay,Business Bay,Burj Pacific,businessbay|burjpacific,266,,253,10,,,building,,,,a building outline of this name is on the map (1 footprint)
businessbay,Business Bay,CANAL CROWN,businessbay|canalcrown,2625,ACTIVE,341,23,,,building,,,,a building outline of this name is on the map (1 footprint)
businessbay,Business Bay,CANAL HEIGHTS,businessbay|canalheights,2602,ACTIVE,463,39,,,building,,,,a building outline of this name is on the map (1 footprint)
businessbay,Business Bay,CHURCHILL TOWER,businessbay|churchilltower,1178,,263,44,,,building,,,,a building outline of this name is on the map (1 footprint)
businessbay,Business Bay,Canal Bay,businessbay|canalbay,,,123,0,,,building,,,,a building outline of this name is on the map (1 footprint)
businessbay,Business Bay,Canal Crown 2,businessbay|canalcrown2,2626,,348,14,,,building,,,,a building outline of this name is on the map (1 footprint)
businessbay,Business Bay,Canal Heights 2,businessbay|canalheights2,2615,,497,32,,,building,,,,a building outline of this name is on the map (1 footprint)
businessbay,Business Bay,Century,businessbay|century,3030,,222,12,,,building,,,,a building outline of this name is on the map (1 footprint)
businessbay,Business Bay,Chic Tower,businessbay|chictower,2460,,539,25,,,building,,,,a building outline of this name is on the map (1 footprint)
businessbay,Business Bay,Clayton Residency,businessbay|claytonresidency,60,,416,12,,,building,,,,a building outline of this name is on the map (1 footprint)
businessbay,Business Bay,Court,businessbay|court,488,,222,0,,,building,,,,a building outline of this name is on the map (1 footprint)
businessbay,Business Bay,DAMAC TOWERS BY PARAMOUNT,businessbay|damactowers,443,FINISHED,896,107,,,building,,,,a building outline of this name is on the map (1 footprint)
businessbay,Business Bay,DAMAC Towers By Paramount (c),businessbay|damactowers,443,FINISHED,917,0,,,building,,,,a building outline of this name is on the map (1 footprint)
businessbay,Business Bay,DG1 Living,businessbay|dg1living,2616,,230,34,,,building,,,,a building outline of this name is on the map (1 footprint)
businessbay,Business Bay,Dolphin Tower,businessbay|dolphintower,,,328,0,,,building,,,,a building outline of this name is on the map (1 footprint)
businessbay,Business Bay,EXECUTIVE BAY B,businessbay|executivebayb,1263,,13,13,,,building,,,,a building outline of this name is on the map (1 footprint)
businessbay,Business Bay,Elite Business Bay Residence,businessbay|elitebusinessbayresidence,1868,,782,51,,,building,,,,a building outline of this name is on the map (3 footprints)
businessbay,Business Bay,Eywa,businessbay|eywa,2621,,15,0,,,building,,,,a building outline of this name is on the map (1 footprint)
businessbay,Business Bay,FAIR VIEW RESIDENCY,businessbay|fairviewresidency,57,FINISHED,13,13,,,building,,,,a building outline of this name is on the map (1 footprint)
businessbay,Business Bay,Fairview,businessbay|fairview,57,,385,0,,,building,,,,a building outline of this name is on the map (1 footprint)
businessbay,Business Bay,Falcon Tower,businessbay|falcontower,,,194,0,,,building,,,,a building outline of this name is on the map (1 footprint)
businessbay,Business Bay,Hamilton Residency,businessbay|hamiltonresidency,56,,397,17,,,building,,,,a building outline of this name is on the map (1 footprint)
businessbay,Business Bay,J ONE - 1,businessbay|jone1,1913,,319,0,,,building,,,,a building outline of this name is on the map (1 footprint)
businessbay,Business Bay,Jumeirah Living Business Bay,businessbay|jumeirahlivingbusinessbay,2436,,88,6,,,building,,,,a building outline of this name is on the map (2 footprints)
businessbay,Business Bay,Luxury Family Residence II,businessbay|luxuryfamilyresidenceii,2448,,233,22,,,building,,,,a building outline of this name is on the map (1 footprint)
businessbay,Business Bay,Luxury Family Residence III,businessbay|luxuryfamilyresidenceiii,2477,ACTIVE,23,3,,,building,,,,a building outline of this name is on the map (1 footprint)
businessbay,Business Bay,MAG 318,businessbay|mag318,1891,,638,28,,,building,,,,a building outline of this name is on the map (1 footprint)
businessbay,Business Bay,Majestine,businessbay|majestine,1518,,699,31,,,building,,,,a building outline of this name is on the map (1 footprint)
businessbay,Business Bay,Marquise Square Tower,businessbay|marquisesquaretower,1750,,632,22,,,building,,,,a building outline of this name is on the map (1 footprint)
businessbay,Business Bay,Mayfair Residency,businessbay|mayfairresidency,52,,547,22,,,building,,,,a building outline of this name is on the map (1 footprint)
businessbay,Business Bay,Mayfair Tower,businessbay|mayfairtower,53,,553,9,,,building,,,,a building outline of this name is on the map (1 footprint)
businessbay,Business Bay,Merano,businessbay|merano,1680,,827,0,,,building,,,,a building outline of this name is on the map (1 footprint)
businessbay,Business Bay,Millennium Binghatti Residences Business Bay,businessbay|millenniumbinghattiresidencesbusinessbay,2014,,363,19,,,building,,,,a building outline of this name is on the map (2 footprints)
businessbay,Business Bay,Moon Tower,businessbay|moontower,,,190,0,,,building,,,,a building outline of this name is on the map (1 footprint)
businessbay,Business Bay,Nobles,businessbay|nobles,2208,,603,58,,,building,,,,a building outline of this name is on the map (1 footprint)
businessbay,Business Bay,Onda By Kasco,businessbay|onda,3052,,297,74,,,building,,,,a building outline of this name is on the map (1 footprint)
businessbay,Business Bay,One Park Central,businessbay|oneparkcentral,429,,407,0,,,building,,,,a building outline of this name is on the map (1 footprint)
businessbay,Business Bay,One River Point,businessbay|oneriverpoint,2929,,279,97,,,building,,,,a building outline of this name is on the map (1 footprint)
businessbay,Business Bay,One by Binghatti,businessbay|one,3107,ACTIVE,629,210,,,building,,,,a building outline of this name is on the map (1 footprint)
businessbay,Business Bay,Ontario Tower,businessbay|ontariotower,349,,412,31,,,building,,,,a building outline of this name is on the map (1 footprint)
businessbay,Business Bay,PARAMOUNT TOWER HOTEL & RESIDENCES,businessbay|paramounttowerhotelresidences,1665,,1068,28,,,building,,,,a building outline of this name is on the map (1 footprint)
businessbay,Business Bay,PARK CENTRAL,businessbay|parkcentral,429,,21,21,,,building,,,,a building outline of this name is on the map (1 footprint)
businessbay,Business Bay,PARK LANE TOWER,businessbay|parklanetower,,,244,0,,,building,,,,a building outline of this name is on the map (1 footprint)
businessbay,Business Bay,PRIVE BY DAMAC,businessbay|prive,1371,,946,91,,,building,,,,a building outline of this name is on the map (1 footprint)
businessbay,Business Bay,Peninsula Five,businessbay|peninsulafive,2344,FINISHED,58,58,,,building,,,,a building outline of this name is on the map (1 footprint)
businessbay,Business Bay,Peninsula Five - 3,businessbay|peninsulafive3,2344,,534,0,,,building,,,,a building outline of this name is on the map (1 footprint)
businessbay,Business Bay,Peninsula Four,businessbay|peninsulafour,2461,,1372,189,,,building,,,,a building outline of this name is on the map (1 footprint)
businessbay,Business Bay,"Peninsula Four, The Plaza",businessbay|peninsulafourtheplaza,2461,,1377,0,,,building,,,,a building outline of this name is on the map (1 footprint)
businessbay,Business Bay,Peninsula One,businessbay|peninsulaone,2284,,951,81,,,building,,,,a building outline of this name is on the map (1 footprint)
businessbay,Business Bay,Peninsula Three,businessbay|peninsulathree,2372,,1262,172,,,building,,,,a building outline of this name is on the map (1 footprint)
businessbay,Business Bay,Peninsula Two,businessbay|peninsulatwo,2318,,779,78,,,building,,,,a building outline of this name is on the map (1 footprint)
businessbay,Business Bay,Plaza Boutique - 15,businessbay|plazaboutique15,,,28,0,,,building,,,,a building outline of this name is on the map (1 footprint)
businessbay,Business Bay,Plaza Boutique - 16,businessbay|plazaboutique16,,,6,0,,,building,,,,a building outline of this name is on the map (1 footprint)
businessbay,Business Bay,Plaza Boutique - 4,businessbay|plazaboutique4,,,18,0,,,building,,,,a building outline of this name is on the map (1 footprint)
businessbay,Business Bay,Polaris,businessbay|polaris,,,142,0,,,building,,,,a building outline of this name is on the map (1 footprint)
businessbay,Business Bay,Regal Tower,businessbay|regaltower,,,2,0,,,building,,,,a building outline of this name is on the map (1 footprint)
businessbay,Business Bay,Regalia,businessbay|regalia,2270,,1363,80,,,building,,,,a building outline of this name is on the map (1 footprint)
businessbay,Business Bay,Residence 110,businessbay|residence110,,,124,0,,,building,,,,a building outline of this name is on the map (1 footprint)
businessbay,Business Bay,Residence 22,businessbay|residence22,,,57,0,,,building,,,,a building outline of this name is on the map (1 footprint)
businessbay,Business Bay,Reva Residences,businessbay|revaresidences,2018,,964,40,,,building,,,,a building outline of this name is on the map (1 footprint)
businessbay,Business Bay,Rove Home Marasi Drive,businessbay|rovehomemarasidrive,2966,,798,51,,,building,,,,a building outline of this name is on the map (1 footprint)
businessbay,Business Bay,Royal Regency,businessbay|royalregency,2654,,173,26,,,building,,,,a building outline of this name is on the map (3 footprints)
businessbay,Business Bay,Royal Regency Suites,businessbay|royalregencysuites,2792,,119,63,,,building,,,,a building outline of this name is on the map (3 footprints)
businessbay,Business Bay,SKY BAY HOTEL,businessbay|skybayhotel,,,637,0,,,building,,,,a building outline of this name is on the map (1 footprint)
businessbay,Business Bay,SLS DUBAI,businessbay|slsdubai,1886,,1058,36,,,building,,,,a building outline of this name is on the map (1 footprint)
businessbay,Business Bay,SOL Bay,businessbay|solbay,630,,318,33,,,building,,,,a building outline of this name is on the map (1 footprint)
businessbay,Business Bay,Safeer Tower 1,businessbay|safeertower1,1546,,270,16,,,building,,,,a building outline of this name is on the map (1 footprint)
businessbay,Business Bay,Safeer Tower 2,businessbay|safeertower2,1545,,244,17,,,building,,,,a building outline of this name is on the map (1 footprint)
businessbay,Business Bay,Scala Tower,businessbay|scalatower,184,,467,20,,,building,,,,a building outline of this name is on the map (1 footprint)
businessbay,Business Bay,Sobha SkyParks,businessbay|sobhaskyparks,4137,ACTIVE,83,83,,,building,,,,a building outline of this name is on the map (1 footprint)
businessbay,Business Bay,THE ATRIA,businessbay|theatria,1483,,342,15,,,building,,,,a building outline of this name is on the map (1 footprint)
businessbay,Business Bay,THE COSMOPOLITAN,businessbay|thecosmopolitan,421,,32,32,,,building,,,,a building outline of this name is on the map (1 footprint)
businessbay,Business Bay,THE OPUS BY OMNIYAT,businessbay|theopus,1177,,103,18,,,building,,,,a building outline of this name is on the map (1 footprint)
businessbay,Business Bay,THE PAD,businessbay|thepad,1173,,290,30,,,building,,,,a building outline of this name is on the map (1 footprint)
businessbay,Business Bay,THE STERLING,businessbay|thesterling,1309,,301,0,,,building,,,,a building outline of this name is on the map (2 footprints)
businessbay,Business Bay,THE STERLING EAST HOUSE,businessbay|thesterlingeasthouse,1309,,233,20,,,building,,,,a building outline of this name is on the map (2 footprints)
businessbay,Business Bay,THE STERLING WEST HOUSE,businessbay|thesterlingwesthouse,621,FINISHED,228,25,,,building,,,,a building outline of this name is on the map (1 footprint)
businessbay,Business Bay,The Bay,businessbay|thebay,,,367,0,,,building,,,,a building outline of this name is on the map (1 footprint)
businessbay,Business Bay,The Crestmark,businessbay|thecrestmark,2832,,190,28,,,building,,,,a building outline of this name is on the map (1 footprint)
businessbay,Business Bay,The EDGE,businessbay|theedge,2611,,1286,132,,,building,,,,a building outline of this name is on the map (1 footprint)
businessbay,Business Bay,The ONE Hotel,businessbay|theonehotel,,,507,0,,,building,,,,a building outline of this name is on the map (1 footprint)
businessbay,Business Bay,The Opus,businessbay|theopus,1177,,135,0,,,building,,,,a building outline of this name is on the map (1 footprint)
businessbay,Business Bay,The Pad by Beyond,businessbay|thepad,1173,,534,0,,,building,,,,a building outline of this name is on the map (1 footprint)
businessbay,Business Bay,The Paragon By IGO,businessbay|theparagon,2402,,445,41,,,building,,,,a building outline of this name is on the map (1 footprint)
businessbay,Business Bay,The Quayside,businessbay|thequayside,2815,,119,14,,,building,,,,a building outline of this name is on the map (1 footprint)
businessbay,Business Bay,The Vogue,businessbay|thevogue,444,,409,17,,,building,,,,a building outline of this name is on the map (1 footprint)
businessbay,Business Bay,Tiger Sky Tower,businessbay|tigerskytower,2579,,572,197,,,building,,,,a building outline of this name is on the map (1 footprint)
businessbay,Business Bay,Trillionaire Residences by Binghatti,businessbay|trillionaireresidences,2643,,409,42,,,building,,,,a building outline of this name is on the map (1 footprint)
businessbay,Business Bay,U-bora Towers,businessbay|uboratowers,516,,432,20,,,building,,,,a building outline of this name is on the map (1 footprint)
businessbay,Business Bay,Urban Life,businessbay|urbanlife,3041,ACTIVE,108,77,,,building,,,,a building outline of this name is on the map (2 footprints)
businessbay,Business Bay,Urban Oasis,businessbay|urbanoasis,2007,,707,44,,,building,,,,a building outline of this name is on the map (1 footprint)
businessbay,Business Bay,VELA VIENTO,businessbay|velaviento,2885,,36,0,,,building,,,,a building outline of this name is on the map (1 footprint)
businessbay,Business Bay,VELA by OMNIYAT,businessbay|vela,2653,ACTIVE,3,3,,,building,,,,a building outline of this name is on the map (1 footprint)
businessbay,Business Bay,VENTO TOWER,businessbay|ventotower,2776,,54,27,,,building,,,,a building outline of this name is on the map (1 footprint)
businessbay,Business Bay,Vela Viento by Omniyat,businessbay|velaviento,2885,,11,11,,,building,,,,a building outline of this name is on the map (1 footprint)
businessbay,Business Bay,Vera Tower,businessbay|veratower,1786,,738,28,,,building,,,,a building outline of this name is on the map (1 footprint)
businessbay,Business Bay,Vezul Residence,businessbay|vezulresidence,,,188,0,,,building,,,,a building outline of this name is on the map (1 footprint)
businessbay,Business Bay,Volante,businessbay|volante,1685,,50,0,,,building,,,,a building outline of this name is on the map (1 footprint)
businessbay,Business Bay,Volante 2,businessbay|volante2,3637,,27,27,,,building,,,,a building outline of this name is on the map (1 footprint)
businessbay,Business Bay,Vyb,businessbay|vyb,2727,,186,21,,,building,,,,a building outline of this name is on the map (1 footprint)
businessbay,Business Bay,WEST FIVE BUSINESS BAY RESIDENCES,businessbay|westfivebusinessbayresidences,2622,FINISHED,155,18,,,building,,,,a building outline of this name is on the map (2 footprints)
businessbay,Business Bay,WEST WHAREF TOWER,businessbay|westwhareftower,503,,271,9,,,building,,,,a building outline of this name is on the map (1 footprint)
businessbay,Business Bay,Water's Edge,businessbay|watersedge,418,,373,17,,,building,,,,a building outline of this name is on the map (1 footprint)
businessbay,Business Bay,Waves tower,businessbay|wavestower,,,198,0,,,building,,,,a building outline of this name is on the map (1 footprint)
businessbay,Business Bay,West Bay Tower,businessbay|westbaytower,1701,,168,33,,,building,,,,a building outline of this name is on the map (1 footprint)
businessbay,Business Bay,West Five Businessbay Residence,businessbay|westfivebusinessbayresidence,2622,,155,0,,,building,,,,a building outline of this name is on the map (2 footprints)
businessbay,Business Bay,West Heights 1,businessbay|westheights1,,,774,0,,,building,,,,a building outline of this name is on the map (1 footprint)
businessbay,Business Bay,West Heights 5,businessbay|westheights5,,,474,0,,,building,,,,a building outline of this name is on the map (1 footprint)
businessbay,Business Bay,Windsor Manor,businessbay|windsormanor,316,,566,11,,,building,,,,a building outline of this name is on the map (1 footprint)
businessbay,Business Bay,Zada Tower,businessbay|zadatower,2155,,1054,53,,,building,,,,a building outline of this name is on the map (1 footprint)
damachills,DAMAC Hills,DAMAC District,damachills|damacdistrict,4064,ACTIVE,584,584,,,building,,,,a building outline of this name is on the map (1 footprint)
damachills,DAMAC Hills,DAMAC HILLS - GOLF GATE,damachills|damachillsgolfgate,2358,FINISHED,55,55,,,building,,,,a building outline of this name is on the map (1 footprint)
damachills,DAMAC Hills,DAMAC HILLS - GOLF PANORAMA,damachills|damachillsgolfpanorama,1359,FINISHED,12,12,,,building,,,,a building outline of this name is on the map (2 footprints)
damachills,DAMAC Hills,DAMAC HILLS - LORETO,damachills|damachillsloreto,1508,FINISHED,48,48,,,building,,,,a building outline of this name is on the map (5 footprints)
damachills,DAMAC Hills,DAMAC Hills - Artesia,damachills|damachillsartesia,1523,,475,38,,,building,,,,a building outline of this name is on the map (1 footprint)
damachills,DAMAC Hills,DAMAC Hills - Carson,damachills|damachillscarson,1620,,1504,142,,,building,,,,a building outline of this name is on the map (1 footprint)
damachills,DAMAC Hills,DAMAC Hills - Golf Gate 2,damachills|damachillsgolfgate2,2698,,507,50,,,building,,,,a building outline of this name is on the map (1 footprint)
damachills,DAMAC Hills,DAMAC Hills - Golf Greens 2,damachills|damachillsgolfgreens2,2780,,561,284,,,building,,,,a building outline of this name is on the map (1 footprint)
damachills,DAMAC Hills,DAMAC Hills - Golf Horizon,damachills|damachillsgolfhorizon,1363,,148,17,,,building,,,,a building outline of this name is on the map (1 footprint)
damachills,DAMAC Hills,DAMAC Hills - Golf Panorama - Tower A,damachills|damachillsgolfpanoramatowera,1359,,133,0,,,building,,,,a building outline of this name is on the map (1 footprint)
damachills,DAMAC Hills,DAMAC Hills - Golf Panorama - Tower B,damachills|damachillsgolfpanoramatowerb,1359,,156,0,,,building,,,,a building outline of this name is on the map (1 footprint)
damachills,DAMAC Hills,DAMAC Hills - Golf Promenade,damachills|damachillsgolfpromenade,1504,,857,58,,,building,,,,a building outline of this name is on the map (1 footprint)
damachills,DAMAC Hills,DAMAC Hills - Golf Terrace,damachills|damachillsgolfterrace,1365,,144,9,,,building,,,,a building outline of this name is on the map (2 footprints)
damachills,DAMAC Hills,DAMAC Hills - Golf Terrace (b),damachills|damachillsgolfterraceb,1365,,120,0,,,building,,,,a building outline of this name is on the map (2 footprints)
damachills,DAMAC Hills,DAMAC Hills - Golf Veduta,damachills|damachillsgolfveduta,1364,,132,8,,,building,,,,a building outline of this name is on the map (1 footprint)
damachills,DAMAC Hills,DAMAC Hills - Golf Vita,damachills|damachillsgolfvita,1932,,776,53,,,building,,,,a building outline of this name is on the map (1 footprint)
damachills,DAMAC Hills,DAMAC Hills - Jasmine,damachills|damachillsjasmine,1414,,123,13,,,building,,,,a building outline of this name is on the map (1 footprint)
damachills,DAMAC Hills,DAMAC Hills - Orchid,damachills|damachillsorchid,1413,,107,14,,,building,,,,a building outline of this name is on the map (2 footprints)
damachills,DAMAC Hills,DAMAC Hills - Orchid B,damachills|damachillsorchidb,1413,,120,0,,,building,,,,a building outline of this name is on the map (2 footprints)
damachills,DAMAC Hills,Damac Hills - LORETO 1 - A,damachills|damachillsloreto1a,1508,,122,0,,,building,,,,a building outline of this name is on the map (1 footprint)
damachills,DAMAC Hills,Damac Hills - LORETO 1 - B,damachills|damachillsloreto1b,1508,,117,0,,,building,,,,a building outline of this name is on the map (1 footprint)
damachills,DAMAC Hills,Damac Hills - LORETO 2 - B,damachills|damachillsloreto2b,1508,,134,0,,,building,,,,a building outline of this name is on the map (1 footprint)
damachills,DAMAC Hills,Damac Hills - LORETO 3 - A,damachills|damachillsloreto3a,1508,,128,0,,,building,,,,a building outline of this name is on the map (1 footprint)
damachills,DAMAC Hills,Damac Hills - LORETO 3 - B,damachills|damachillsloreto3b,1508,,120,0,,,building,,,,a building outline of this name is on the map (1 footprint)
damachills,DAMAC Hills,Golf Promenade 2 - B,damachills|golfpromenade2b,1504,,180,0,,,building,,,,a building outline of this name is on the map (1 footprint)
damachills,DAMAC Hills,Golf Promenade 3 - A,damachills|golfpromenade3a,1504,,122,0,,,building,,,,a building outline of this name is on the map (1 footprint)
damachills,DAMAC Hills,Golf Promenade 5 - A,damachills|golfpromenade5a,1504,,109,0,,,building,,,,a building outline of this name is on the map (1 footprint)
dubaihills,Dubai Hills Estate,399 Hills Park B,dubaihills|399hillsparkb,2510,ACTIVE,223,24,,,building,,,,a building outline of this name is on the map (1 footprint)
dubaihills,Dubai Hills Estate,Acacia At Park Heights,dubaihills|acaciaatparkheights,1633,,416,36,,,building,,,,a building outline of this name is on the map (1 footprint)
dubaihills,Dubai Hills Estate,Club Place,dubaihills|clubplace,3197,,299,21,,,building,,,,a building outline of this name is on the map (1 footprint)
dubaihills,Dubai Hills Estate,Collective,dubaihills|collective,2047,,703,50,,,building,,,,a building outline of this name is on the map (2 footprints)
dubaihills,Dubai Hills Estate,Collective 2.0,dubaihills|collective20,2107,,798,33,,,building,,,,a building outline of this name is on the map (2 footprints)
dubaihills,Dubai Hills Estate,Elvira,dubaihills|elvira,2536,,547,77,,,building,,,,a building outline of this name is on the map (1 footprint)
dubaihills,Dubai Hills Estate,Executive Residences,dubaihills|executiveresidences,1937,,306,0,,,building,,,,a building outline of this name is on the map (2 footprints)
dubaihills,Dubai Hills Estate,Executive Residences 2,dubaihills|executiveresidences2,1937,,610,0,,,building,,,,a building outline of this name is on the map (2 footprints)
dubaihills,Dubai Hills Estate,Golf Hillside,dubaihills|golfhillside,3237,,188,25,,,building,,,,a building outline of this name is on the map (1 footprint)
dubaihills,Dubai Hills Estate,Golf Suites - Dubai Hills,dubaihills|golfsuitesdubaihills,2098,,347,15,,,building,,,,a building outline of this name is on the map (1 footprint)
dubaihills,Dubai Hills Estate,Golf ville,dubaihills|golfville,2144,FINISHED,37,37,,,building,,,,a building outline of this name is on the map (1 footprint)
dubaihills,Dubai Hills Estate,Golfville Block A,dubaihills|golfvilleblocka,2599,,594,0,,,building,,,,a building outline of this name is on the map (1 footprint)
dubaihills,Dubai Hills Estate,Hills Park,dubaihills|hillspark,2428,,590,57,,,building,,,,a building outline of this name is on the map (1 footprint)
dubaihills,Dubai Hills Estate,Keturah Reserve,dubaihills|keturahreserve,2924,,44,23,,,building,,,,a building outline of this name is on the map (1 footprint)
dubaihills,Dubai Hills Estate,MAG 930,dubaihills|mag930,2033,,184,0,,,building,,,,a building outline of this name is on the map (1 footprint)
dubaihills,Dubai Hills Estate,MAG 960,dubaihills|mag960,2033,,122,0,,,building,,,,a building outline of this name is on the map (1 footprint)
dubaihills,Dubai Hills Estate,MAG 970,dubaihills|mag970,2033,,133,0,,,building,,,,a building outline of this name is on the map (1 footprint)
dubaihills,Dubai Hills Estate,MAG 980,dubaihills|mag980,2033,,184,0,,,building,,,,a building outline of this name is on the map (1 footprint)
dubaihills,Dubai Hills Estate,MAG Eye 890,dubaihills|mageye890,2033,,185,0,,,building,,,,a building outline of this name is on the map (1 footprint)
dubaihills,Dubai Hills Estate,MAG Eye 910,dubaihills|mageye910,2033,,192,0,,,building,,,,a building outline of this name is on the map (1 footprint)
dubaihills,Dubai Hills Estate,MAPLE,dubaihills|maple,1645,,36,36,,,building,,,,a building outline of this name is on the map (1 footprint)
dubaihills,Dubai Hills Estate,MAPLE 2,dubaihills|maple2,1690,,32,32,,,building,,,,a building outline of this name is on the map (1 footprint)
dubaihills,Dubai Hills Estate,MULBERRY II at PARK HEIGHTS Building B1,dubaihills|mulberryiiatparkheightsbuildingb1,1489,,192,0,,,building,,,,a building outline of this name is on the map (1 footprint)
dubaihills,Dubai Hills Estate,MULBERRY at PARK HEIGHTS,dubaihills|mulberryatparkheights,1489,,672,49,,,building,,,,a building outline of this name is on the map (3 footprints)
dubaihills,Dubai Hills Estate,MULBERRY at PARK HEIGHTS Building A1,dubaihills|mulberryatparkheightsbuildinga1,1489,,150,0,,,building,,,,a building outline of this name is on the map (2 footprints)
dubaihills,Dubai Hills Estate,MULBERRY at PARK HEIGHTS Building B1,dubaihills|mulberryatparkheightsbuildingb1,1489,,206,0,,,building,,,,a building outline of this name is on the map (2 footprints)
dubaihills,Dubai Hills Estate,PARK HEIGHTS II,dubaihills|parkheightsii,1887,FINISHED,52,52,,,building,,,,a building outline of this name is on the map (1 footprint)
dubaihills,Dubai Hills Estate,PARK RIDGE,dubaihills|parkridge,1937,FINISHED,65,65,,,building,,,,a building outline of this name is on the map (1 footprint)
dubaihills,Dubai Hills Estate,Palace Residences Dubai Hills Estate,dubaihills|palaceresidencesdubaihillsestate,2884,,362,38,,,building,,,,a building outline of this name is on the map (1 footprint)
dubaihills,Dubai Hills Estate,Park Heights I,dubaihills|parkheightsi,1876,,456,28,,,building,,,,a building outline of this name is on the map (1 footprint)
dubaihills,Dubai Hills Estate,Park Lane,dubaihills|parklane,2775,ACTIVE,29,29,,,building,,,,a building outline of this name is on the map (1 footprint)
dubaihills,Dubai Hills Estate,Park Lane ? Building 1A,dubaihills|parklanebuilding1a,2775,,199,0,,,building,,,,a building outline of this name is on the map (1 footprint)
dubaihills,Dubai Hills Estate,Park Point,dubaihills|parkpoint,1812,,178,15,,,building,,,,a building outline of this name is on the map (1 footprint)
dubaihills,Dubai Hills Estate,Park Ridge Tower C,dubaihills|parkridgetowerc,1937,,785,0,,,building,,,,a building outline of this name is on the map (1 footprint)
dubaihills,Dubai Hills Estate,Parkside Views,dubaihills|parksideviews,2728,,447,37,,,building,,,,a building outline of this name is on the map (1 footprint)
dubaihills,Dubai Hills Estate,Prive Residence,dubaihills|priveresidence,2529,,358,29,,,building,,,,a building outline of this name is on the map (1 footprint)
dubaihills,Dubai Hills Estate,Rosehill,dubaihills|rosehill,3834,,347,268,,,building,,,,a building outline of this name is on the map (1 footprint)
dubaihills,Dubai Hills Estate,Socio,dubaihills|socio,2028,,854,28,,,building,,,,a building outline of this name is on the map (1 footprint)
dubaihills,Dubai Hills Estate,Sway Residences,dubaihills|swayresidences,,,230,0,,,building,,,,a building outline of this name is on the map (1 footprint)
dubaihills,Dubai Hills Estate,The Grove By Iman,dubaihills|thegrove,2512,,186,15,,,building,,,,a building outline of this name is on the map (1 footprint)
dubaihills,Dubai Hills Estate,Vida Residences Club Point,dubaihills|vidaresidencesclubpoint,3309,,336,13,,,building,,,,a building outline of this name is on the map (1 footprint)
dubaiinvestmentparkfirst,Dubai Investments Park,AVA Designer Resedenss,dubaiinvestmentparkfirst|avadesignerresedenss,,,41,0,,,building,,,,a building outline of this name is on the map (1 footprint)
dubaiinvestmentparkfirst,Dubai Investments Park,Dubai Lagoon I Suites Smart Residence,dubaiinvestmentparkfirst|dubailagoonisuitessmartresidence,,,37,0,,,building,,,,a building outline of this name is on the map (1 footprint)
dubaiinvestmentparkfirst,Dubai Investments Park,Dubai Lagoon Lily,dubaiinvestmentparkfirst|dubailagoonlily,1564,,75,0,,,building,,,,a building outline of this name is on the map (2 footprints)
dubaiinvestmentparkfirst,Dubai Investments Park,Garden Apartments West D,dubaiinvestmentparkfirst|gardenapartmentswestd,,,34,0,,,building,,,,a building outline of this name is on the map (1 footprint)
dubaiinvestmentparkfirst,Dubai Investments Park,Garden Apartments West F,dubaiinvestmentparkfirst|gardenapartmentswestf,,,62,0,,,building,,,,a building outline of this name is on the map (1 footprint)
dubaiinvestmentparkfirst,Dubai Investments Park,Garden Apartments West H,dubaiinvestmentparkfirst|gardenapartmentswesth,,,50,0,,,building,,,,a building outline of this name is on the map (1 footprint)
dubaiinvestmentparkfirst,Dubai Investments Park,Green Community West- Extension- Phase III,dubaiinvestmentparkfirst|greencommunitywestextensionphaseiii,1667,,314,0,,,building,,,,a building outline of this name is on the map (1 footprint)
dubaiinvestmentparkfirst,Dubai Investments Park,LAKE APARTMENT,dubaiinvestmentparkfirst|lakeapartment,,,118,0,,,building,,,,a building outline of this name is on the map (1 footprint)
dubaiinvestmentparkfirst,Dubai Investments Park,Lake Views,dubaiinvestmentparkfirst|lakeviews,,,16,0,,,building,,,,a building outline of this name is on the map (1 footprint)
dubaiinvestmentparkfirst,Dubai Investments Park,North West Apartments 4,dubaiinvestmentparkfirst|northwestapartments4,,,34,0,,,building,,,,a building outline of this name is on the map (1 footprint)
dubaiinvestmentparkfirst,Dubai Investments Park,South West Apartments 1,dubaiinvestmentparkfirst|southwestapartments1,,,45,0,,,building,,,,a building outline of this name is on the map (1 footprint)
dubaiinvestmentparkfirst,Dubai Investments Park,South West Apartments 2,dubaiinvestmentparkfirst|southwestapartments2,,,31,0,,,building,,,,a building outline of this name is on the map (1 footprint)
dubaiinvestmentparkfirst,Dubai Investments Park,South West Apartments 3,dubaiinvestmentparkfirst|southwestapartments3,,,34,0,,,building,,,,a building outline of this name is on the map (1 footprint)
dubaiinvestmentparkfirst,Dubai Investments Park,South West Apartments 4,dubaiinvestmentparkfirst|southwestapartments4,,,34,0,,,building,,,,a building outline of this name is on the map (1 footprint)
dubaiinvestmentparkfirst,Dubai Investments Park,South West Apartments 6,dubaiinvestmentparkfirst|southwestapartments6,,,43,0,,,building,,,,a building outline of this name is on the map (1 footprint)
dubaiinvestmentparkfirst,Dubai Investments Park,Verdana Residence 7,dubaiinvestmentparkfirst|verdanaresidence7,2470,,210,0,,,building,,,,a building outline of this name is on the map (1 footprint)
dubaiinvestmentparksecond,Dubai Investments Park 2,CENTURION RESIDENCE,dubaiinvestmentparksecond|centurionresidence,1626,FINISHED,86,15,,,building,,,,a building outline of this name is on the map (1 footprint)
dubaiinvestmentparksecond,Dubai Investments Park 2,CENTURION RESIDENCE - TOWER 2,dubaiinvestmentparksecond|centurionresidencetower2,1626,,161,0,,,building,,,,a building outline of this name is on the map (1 footprint)
dubaiinvestmentparksecond,Dubai Investments Park 2,DUNES VILLAGE,dubaiinvestmentparksecond|dunesvillage,641,,63,20,,,building,,,,a building outline of this name is on the map (1 footprint)
dubaiinvestmentparksecond,Dubai Investments Park 2,Dunes 10,dubaiinvestmentparksecond|dunes10,641,,93,0,,,building,,,,a building outline of this name is on the map (1 footprint)
dubaiinvestmentparksecond,Dubai Investments Park 2,Dunes 13,dubaiinvestmentparksecond|dunes13,641,,79,0,,,building,,,,a building outline of this name is on the map (1 footprint)
dubaiinvestmentparksecond,Dubai Investments Park 2,Dunes 16,dubaiinvestmentparksecond|dunes16,641,,34,0,,,building,,,,a building outline of this name is on the map (1 footprint)
dubaiinvestmentparksecond,Dubai Investments Park 2,RITAJ,dubaiinvestmentparksecond|ritaj,1042,,271,51,,,building,,,,a building outline of this name is on the map (1 footprint)
dubaiinvestmentparksecond,Dubai Investments Park 2,Ritaj A,dubaiinvestmentparksecond|ritaja,1042,,506,0,,,building,,,,a building outline of this name is on the map (1 footprint)
dubaiinvestmentparksecond,Dubai Investments Park 2,Ritaj E,dubaiinvestmentparksecond|ritaje,1042,,241,0,,,building,,,,a building outline of this name is on the map (1 footprint)
dubaiinvestmentparksecond,Dubai Investments Park 2,Ritaj F,dubaiinvestmentparksecond|ritajf,1042,,242,0,,,building,,,,a building outline of this name is on the map (1 footprint)
dubaiinvestmentparksecond,Dubai Investments Park 2,Ritaj G,dubaiinvestmentparksecond|ritajg,1042,,134,0,,,building,,,,a building outline of this name is on the map (1 footprint)
dubaiinvestmentparksecond,Dubai Investments Park 2,Ritaj K,dubaiinvestmentparksecond|ritajk,1042,,52,0,,,building,,,,a building outline of this name is on the map (1 footprint)
dubaimarina,Dubai Marina,23 MARINA,dubaimarina|23marina,151,,12,12,,,building,,,,a building outline of this name is on the map (1 footprint)
dubaimarina,Dubai Marina,AL Murjan,dubaimarina|almurjan,,,561,0,,,building,,,,a building outline of this name is on the map (1 footprint)
dubaimarina,Dubai Marina,ALMASS,dubaimarina|almass,,,343,0,,,building,,,,a building outline of this name is on the map (1 footprint)
dubaimarina,Dubai Marina,ALSEEF I,dubaimarina|alseefi,42,,321,7,,,building,,,,a building outline of this name is on the map (1 footprint)
dubaimarina,Dubai Marina,Aba Lux Living,dubaimarina|abaluxliving,2939,,410,27,,,building,,,,a building outline of this name is on the map (1 footprint)
dubaimarina,Dubai Marina,Address The Bay,dubaimarina|addressthebay,2397,,31,31,,,building,,,,a building outline of this name is on the map (1 footprint)
dubaimarina,Dubai Marina,Aeternitas Tower,dubaimarina|aeternitastower,2797,,670,23,,,building,,,,a building outline of this name is on the map (1 footprint)
dubaimarina,Dubai Marina,Al Anber,dubaimarina|alanber,,,204,0,,,building,,,,a building outline of this name is on the map (1 footprint)
dubaimarina,Dubai Marina,Al Bateen Residences At JBR,dubaimarina|albateenresidencesatjbr,,,635,0,,,building,,,,a building outline of this name is on the map (1 footprint)
dubaimarina,Dubai Marina,Al Dar Tower,dubaimarina|aldartower,2939,,33,0,,,building,,,,a building outline of this name is on the map (1 footprint)
dubaimarina,Dubai Marina,Al Majara 1,dubaimarina|almajara1,,,468,0,,,building,,,,a building outline of this name is on the map (1 footprint)
dubaimarina,Dubai Marina,Al Majara 2,dubaimarina|almajara2,,,561,0,,,building,,,,a building outline of this name is on the map (1 footprint)
dubaimarina,Dubai Marina,Al Majara 3,dubaimarina|almajara3,,,119,0,,,building,,,,a building outline of this name is on the map (1 footprint)
dubaimarina,Dubai Marina,Al Majara 5,dubaimarina|almajara5,,,104,0,,,building,,,,a building outline of this name is on the map (1 footprint)
dubaimarina,Dubai Marina,Amwaj 4,dubaimarina|amwaj4,,,727,0,,,building,,,,a building outline of this name is on the map (1 footprint)
dubaimarina,Dubai Marina,Atlantic Tower 1,dubaimarina|atlantictower1,513,,44,0,,,building,,,,a building outline of this name is on the map (1 footprint)
dubaimarina,Dubai Marina,Atlantic Tower 2,dubaimarina|atlantictower2,513,,156,0,,,building,,,,a building outline of this name is on the map (1 footprint)
dubaimarina,Dubai Marina,Attessa X2,dubaimarina|attessax2,,,373,0,,,building,,,,a building outline of this name is on the map (1 footprint)
dubaimarina,Dubai Marina,Aurora W1,dubaimarina|auroraw1,,,300,0,,,building,,,,a building outline of this name is on the map (1 footprint)
dubaimarina,Dubai Marina,Avant,dubaimarina|avant,1450,,228,0,,,building,,,,a building outline of this name is on the map (1 footprint)
dubaimarina,Dubai Marina,Azure,dubaimarina|azure,,,177,0,,,building,,,,a building outline of this name is on the map (1 footprint)
dubaimarina,Dubai Marina,BAY CENTRAL WEST & CENTRAL TOWERS,dubaimarina|baycentralwestcentraltowers,259,,43,43,,,building,,,,a building outline of this name is on the map (2 footprints)
dubaimarina,Dubai Marina,BELVEDERE,dubaimarina|belvedere,87,,146,0,,,building,,,,a building outline of this name is on the map (1 footprint)
dubaimarina,Dubai Marina,Bahar 1,dubaimarina|bahar1,,,858,0,,,building,,,,a building outline of this name is on the map (1 footprint)
dubaimarina,Dubai Marina,Bahar 2,dubaimarina|bahar2,,,111,0,,,building,,,,a building outline of this name is on the map (1 footprint)
dubaimarina,Dubai Marina,Bahar 4,dubaimarina|bahar4,2240,,636,0,,,building,,,,a building outline of this name is on the map (1 footprint)
dubaimarina,Dubai Marina,Bahar 5,dubaimarina|bahar5,,,151,0,,,building,,,,a building outline of this name is on the map (1 footprint)
dubaimarina,Dubai Marina,Bahar 6,dubaimarina|bahar6,,,591,0,,,building,,,,a building outline of this name is on the map (1 footprint)
dubaimarina,Dubai Marina,Bay Central,dubaimarina|baycentral,259,,1098,0,,,building,,,,a building outline of this name is on the map (2 footprints)
dubaimarina,Dubai Marina,Bayside,dubaimarina|bayside,1449,,262,0,,,building,,,,a building outline of this name is on the map (1 footprint)
dubaimarina,Dubai Marina,Beach Isle,dubaimarina|beachisle,2207,FINISHED,402,23,,,building,,,,a building outline of this name is on the map (2 footprints)
dubaimarina,Dubai Marina,Beach Mansion,dubaimarina|beachmansion,2286,,456,65,,,building,,,,a building outline of this name is on the map (1 footprint)
dubaimarina,Dubai Marina,Beach Vista,dubaimarina|beachvista,2015,,874,21,,,building,,,,a building outline of this name is on the map (1 footprint)
dubaimarina,Dubai Marina,Beauport X1,dubaimarina|beauportx1,,,260,0,,,building,,,,a building outline of this name is on the map (1 footprint)
dubaimarina,Dubai Marina,Bluewaters Bay,dubaimarina|bluewatersbay,2530,,821,38,,,building,,,,a building outline of this name is on the map (3 footprints)
dubaimarina,Dubai Marina,Bluewaters Bay - Building 1,dubaimarina|bluewatersbaybuilding1,2530,,435,0,,,building,,,,a building outline of this name is on the map (2 footprints)
dubaimarina,Dubai Marina,Bluewaters Bay - Building 2,dubaimarina|bluewatersbaybuilding2,2530,,394,0,,,building,,,,a building outline of this name is on the map (2 footprints)
dubaimarina,Dubai Marina,Bluewaters Residences,dubaimarina|bluewatersresidences,1795,,108,93,,,building,,,,a building outline of this name is on the map (7 footprints)
dubaimarina,Dubai Marina,Bluewaters Residences 3,dubaimarina|bluewatersresidences3,1795,,185,0,,,building,,,,a building outline of this name is on the map (2 footprints)
dubaimarina,Dubai Marina,Bluewaters Residences 4,dubaimarina|bluewatersresidences4,1795,,166,0,,,building,,,,a building outline of this name is on the map (2 footprints)
dubaimarina,Dubai Marina,Bluewaters Residences 5,dubaimarina|bluewatersresidences5,1795,,137,0,,,building,,,,a building outline of this name is on the map (2 footprints)
dubaimarina,Dubai Marina,Bluewaters Residences 7,dubaimarina|bluewatersresidences7,1795,,175,0,,,building,,,,a building outline of this name is on the map (2 footprints)
dubaimarina,Dubai Marina,Bluewaters Residences 8,dubaimarina|bluewatersresidences8,1795,,185,0,,,building,,,,a building outline of this name is on the map (2 footprints)
dubaimarina,Dubai Marina,Bluewaters Residences 9,dubaimarina|bluewatersresidences9,1795,,135,0,,,building,,,,a building outline of this name is on the map (2 footprints)
dubaimarina,Dubai Marina,Botanica,dubaimarina|botanica,297,,1040,29,,,building,,,,a building outline of this name is on the map (1 footprint)
dubaimarina,Dubai Marina,Building D,dubaimarina|buildingd,,,29,0,,,building,,,,a building outline of this name is on the map (1 footprint)
dubaimarina,Dubai Marina,CAYAN TOWER,dubaimarina|cayantower,130,,312,41,,,building,,,,a building outline of this name is on the map (1 footprint)
dubaimarina,Dubai Marina,Cascades,dubaimarina|cascades,,,105,0,,,building,,,,a building outline of this name is on the map (1 footprint)
dubaimarina,Dubai Marina,Ciel,dubaimarina|ciel,,,2063,0,,,building,,,,a building outline of this name is on the map (1 footprint)
dubaimarina,Dubai Marina,Continental Tower,dubaimarina|continentaltower,1380,,306,21,,,building,,,,a building outline of this name is on the map (2 footprints)
dubaimarina,Dubai Marina,DAMAC Heights,dubaimarina|damacheights,430,,1025,47,,,building,,,,a building outline of this name is on the map (1 footprint)
dubaimarina,Dubai Marina,DM MESK,dubaimarina|dmmesk,,,483,0,,,building,,,,a building outline of this name is on the map (1 footprint)
dubaimarina,Dubai Marina,DUBAI MARINA MALL,dubaimarina|dubaimarinamall,1460,FINISHED,35,35,,,building,,,,a building outline of this name is on the map (3 footprints)
dubaimarina,Dubai Marina,Dec Towers T2,dubaimarina|dectowerst2,,,601,0,,,building,,,,a building outline of this name is on the map (2 footprints)
dubaimarina,Dubai Marina,Delphine W3,dubaimarina|delphinew3,,,197,0,,,building,,,,a building outline of this name is on the map (1 footprint)
dubaimarina,Dubai Marina,Dorra Bay,dubaimarina|dorrabay,,,481,0,,,building,,,,a building outline of this name is on the map (1 footprint)
dubaimarina,Dubai Marina,Dream Tower,dubaimarina|dreamtower,,,589,0,,,building,,,,a building outline of this name is on the map (2 footprints)
dubaimarina,Dubai Marina,ESCAN MARINA TOWER,dubaimarina|escanmarinatower,845,,829,29,,,building,,,,a building outline of this name is on the map (3 footprints)
dubaimarina,Dubai Marina,Elite Residence,dubaimarina|eliteresidence,227,,2199,46,,,building,,,,a building outline of this name is on the map (1 footprint)
dubaimarina,Dubai Marina,Emerald Residence,dubaimarina|emeraldresidence,,,76,0,,,building,,,,a building outline of this name is on the map (1 footprint)
dubaimarina,Dubai Marina,Emirates Crown Tower,dubaimarina|emiratescrowntower,,,552,0,,,building,,,,a building outline of this name is on the map (1 footprint)
dubaimarina,Dubai Marina,Fairooz,dubaimarina|fairooz,,,223,0,,,building,,,,a building outline of this name is on the map (1 footprint)
dubaimarina,Dubai Marina,Five Luxe,dubaimarina|fiveluxe,2309,,534,15,,,building,,,,a building outline of this name is on the map (1 footprint)
dubaimarina,Dubai Marina,Franck muller Vanguard,dubaimarina|franckmullervanguard,3202,,752,24,,,building,,,,a building outline of this name is on the map (1 footprint)
dubaimarina,Dubai Marina,Grand Bleu Tower,dubaimarina|grandbleutower,2152,,661,0,,,building,,,,a building outline of this name is on the map (2 footprints)
dubaimarina,Dubai Marina,Grand Bleu Tower interiors by Elie Saab,dubaimarina|grandbleutowerinteriors,2152,FINISHED,1109,66,,,building,,,,a building outline of this name is on the map (2 footprints)
dubaimarina,Dubai Marina,Horizon Tower,dubaimarina|horizontower,,,410,0,,,building,,,,a building outline of this name is on the map (1 footprint)
dubaimarina,Dubai Marina,Infinity / Cayan Tower,dubaimarina|infinitycayantower,130,,1322,0,,,building,,,,a building outline of this name is on the map (1 footprint)
dubaimarina,Dubai Marina,Iris Blue,dubaimarina|irisblue,,,378,0,,,building,,,,a building outline of this name is on the map (1 footprint)
dubaimarina,Dubai Marina,Jumeirah Gate,dubaimarina|jumeirahgate,1790,,32,32,,,building,,,,a building outline of this name is on the map (3 footprints)
dubaimarina,Dubai Marina,Jumeirah Living Marina Gate,dubaimarina|jumeirahlivingmarinagate,1743,,637,42,,,building,,,,a building outline of this name is on the map (1 footprint)
dubaimarina,Dubai Marina,K G Tower,dubaimarina|kgtower,,,132,0,,,building,,,,a building outline of this name is on the map (1 footprint)
dubaimarina,Dubai Marina,La Residencia Del Mar,dubaimarina|laresidenciadelmar,,,78,0,,,building,,,,a building outline of this name is on the map (1 footprint)
dubaimarina,Dubai Marina,La Riviera Tower,dubaimarina|larivieratower,,,371,0,,,building,,,,a building outline of this name is on the map (1 footprint)
dubaimarina,Dubai Marina,La Vie,dubaimarina|lavie,2190,,452,11,,,building,,,,a building outline of this name is on the map (1 footprint)
dubaimarina,Dubai Marina,Le Reve,dubaimarina|lereve,,,150,0,,,building,,,,a building outline of this name is on the map (1 footprint)
dubaimarina,Dubai Marina,Liv Residence,dubaimarina|livresidence,1827;2352,,312,9,,,building,,,,a building outline of this name is on the map (1 footprint)
dubaimarina,Dubai Marina,Liv Waterside,dubaimarina|livwaterside,,,104,0,,,building,,,,a building outline of this name is on the map (1 footprint)
dubaimarina,Dubai Marina,MARINA ARCADE,dubaimarina|marinaarcade,948,,405,18,,,building,,,,a building outline of this name is on the map (1 footprint)
dubaimarina,Dubai Marina,MARINA WHARF I,dubaimarina|marinawharfi,271,,297,10,,,building,,,,a building outline of this name is on the map (2 footprints)
dubaimarina,Dubai Marina,Mag218,dubaimarina|mag218,1145,,1425,28,,,building,,,,a building outline of this name is on the map (1 footprint)
dubaimarina,Dubai Marina,Manchester Tower,dubaimarina|manchestertower,,,842,0,,,building,,,,a building outline of this name is on the map (1 footprint)
dubaimarina,Dubai Marina,Marina 101,dubaimarina|marina101,357,,559,10,,,building,,,,a building outline of this name is on the map (1 footprint)
dubaimarina,Dubai Marina,Marina Cove,dubaimarina|marinacove,3328,,226,3,,,building,,,,a building outline of this name is on the map (1 footprint)
dubaimarina,Dubai Marina,Marina Crown Tower,dubaimarina|marinacrowntower,,,1196,0,,,building,,,,a building outline of this name is on the map (1 footprint)
dubaimarina,Dubai Marina,Marina Diamond 4,dubaimarina|marinadiamond4,,,423,0,,,building,,,,a building outline of this name is on the map (1 footprint)
dubaimarina,Dubai Marina,Marina Diamond 5 (a),dubaimarina|marinadiamond5a,,,412,0,,,building,,,,a building outline of this name is on the map (1 footprint)
dubaimarina,Dubai Marina,Marina Diamond 5 (b),dubaimarina|marinadiamond5b,,,25,0,,,building,,,,a building outline of this name is on the map (1 footprint)
dubaimarina,Dubai Marina,Marina Diamond 6 (a),dubaimarina|marinadiamond6a,,,422,0,,,building,,,,a building outline of this name is on the map (1 footprint)
dubaimarina,Dubai Marina,Marina Diamond-2,dubaimarina|marinadiamond2,,,632,0,,,building,,,,a building outline of this name is on the map (1 footprint)
dubaimarina,Dubai Marina,Marina Diamond-3,dubaimarina|marinadiamond3,,,451,0,,,building,,,,a building outline of this name is on the map (1 footprint)
dubaimarina,Dubai Marina,Marina Heights 1,dubaimarina|marinaheights1,,,805,0,,,building,,,,a building outline of this name is on the map (2 footprints)
dubaimarina,Dubai Marina,Marina Homes,dubaimarina|marinahomes,,,46,0,,,building,,,,a building outline of this name is on the map (1 footprint)
dubaimarina,Dubai Marina,Marina Living,dubaimarina|marinaliving,2540,,237,19,,,building,,,,a building outline of this name is on the map (1 footprint)
dubaimarina,Dubai Marina,Marina Mansions,dubaimarina|marinamansions,,,257,0,,,building,,,,a building outline of this name is on the map (1 footprint)
dubaimarina,Dubai Marina,Marina Park,dubaimarina|marinapark,,,147,0,,,building,,,,a building outline of this name is on the map (1 footprint)
dubaimarina,Dubai Marina,Marina Pearl,dubaimarina|marinapearl,,,188,0,,,building,,,,a building outline of this name is on the map (1 footprint)
dubaimarina,Dubai Marina,Marina Pinnacle,dubaimarina|marinapinnacle,817,,2278,16,,,building,,,,a building outline of this name is on the map (1 footprint)
dubaimarina,Dubai Marina,Marina Quay East,dubaimarina|marinaquayeast,1456,,181,0,,,building,,,,a building outline of this name is on the map (1 footprint)
dubaimarina,Dubai Marina,Marina Quay North,dubaimarina|marinaquaynorth,1456,,209,0,,,building,,,,a building outline of this name is on the map (1 footprint)
dubaimarina,Dubai Marina,Marina Quay West,dubaimarina|marinaquaywest,1456,,639,0,,,building,,,,a building outline of this name is on the map (1 footprint)
dubaimarina,Dubai Marina,Marina Residence B,dubaimarina|marinaresidenceb,,,222,0,,,building,,,,a building outline of this name is on the map (1 footprint)
dubaimarina,Dubai Marina,Marina Sail,dubaimarina|marinasail,,,224,0,,,building,,,,a building outline of this name is on the map (1 footprint)
dubaimarina,Dubai Marina,Marina Star,dubaimarina|marinastar,551,,319,33,,,building,,,,a building outline of this name is on the map (1 footprint)
dubaimarina,Dubai Marina,Marina Suites,dubaimarina|marinasuites,894,,161,0,,,building,,,,a building outline of this name is on the map (1 footprint)
dubaimarina,Dubai Marina,Marina Terrace,dubaimarina|marinaterrace,,,446,0,,,building,,,,a building outline of this name is on the map (2 footprints)
dubaimarina,Dubai Marina,Marina View,dubaimarina|marinaview,,,174,0,,,building,,,,a building outline of this name is on the map (4 footprints)
dubaimarina,Dubai Marina,Marina View Tower A,dubaimarina|marinaviewtowera,,,547,0,,,building,,,,a building outline of this name is on the map (2 footprints)
dubaimarina,Dubai Marina,Marina Vista,dubaimarina|marinavista,2094,FINISHED,1058,35,,,building,,,,a building outline of this name is on the map (1 footprint)
dubaimarina,Dubai Marina,Marina Wharf 1,dubaimarina|marinawharf1,271,,297,0,,,building,,,,a building outline of this name is on the map (1 footprint)
dubaimarina,Dubai Marina,Marina Wharf II,dubaimarina|marinawharfii,267,,287,9,,,building,,,,a building outline of this name is on the map (2 footprints)
dubaimarina,Dubai Marina,Murjan 1,dubaimarina|murjan1,,,853,0,,,building,,,,a building outline of this name is on the map (1 footprint)
dubaimarina,Dubai Marina,Murjan 2,dubaimarina|murjan2,,,725,0,,,building,,,,a building outline of this name is on the map (1 footprint)
dubaimarina,Dubai Marina,Murjan 3,dubaimarina|murjan3,,,212,0,,,building,,,,a building outline of this name is on the map (1 footprint)
dubaimarina,Dubai Marina,Murjan 4,dubaimarina|murjan4,,,116,0,,,building,,,,a building outline of this name is on the map (1 footprint)
dubaimarina,Dubai Marina,Murjan 6,dubaimarina|murjan6,,,303,0,,,building,,,,a building outline of this name is on the map (1 footprint)
dubaimarina,Dubai Marina,NO 9,dubaimarina|no9,1394,,13,13,,,building,,,,a building outline of this name is on the map (1 footprint)
dubaimarina,Dubai Marina,No.9,dubaimarina|no9,1394,,365,0,,,building,,,,a building outline of this name is on the map (1 footprint)
dubaimarina,Dubai Marina,Ocean Heights,dubaimarina|oceanheights,431,,1752,30,,,building,,,,a building outline of this name is on the map (1 footprint)
dubaimarina,Dubai Marina,Oceanic,dubaimarina|oceanic,1450,,342,0,,,building,,,,a building outline of this name is on the map (1 footprint)
dubaimarina,Dubai Marina,Opal Tower,dubaimarina|opaltower,,,212,0,,,building,,,,a building outline of this name is on the map (1 footprint)
dubaimarina,Dubai Marina,Orra Harbour Tower 2,dubaimarina|orraharbourtower2,,,281,0,,,building,,,,a building outline of this name is on the map (1 footprint)
dubaimarina,Dubai Marina,Orra Marina,dubaimarina|orramarina,732,,363,12,,,building,,,,a building outline of this name is on the map (1 footprint)
dubaimarina,Dubai Marina,PANORAMIC,dubaimarina|panoramic,,,148,0,,,building,,,,a building outline of this name is on the map (1 footprint)
dubaimarina,Dubai Marina,PARK ISLANDS,dubaimarina|parkislands,1458,FINISHED,62,62,,,building,,,,a building outline of this name is on the map (1 footprint)
dubaimarina,Dubai Marina,PELaGOS By IGO,dubaimarina|pelagos,3246,,268,11,,,building,,,,a building outline of this name is on the map (1 footprint)
dubaimarina,Dubai Marina,Palace by the Beach,dubaimarina|palace,2240,ACTIVE,631,0,,,building,,,,a building outline of this name is on the map (1 footprint)
dubaimarina,Dubai Marina,Paloma x3,dubaimarina|palomax3,,,394,0,,,building,,,,a building outline of this name is on the map (1 footprint)
dubaimarina,Dubai Marina,Park Island Blakely,dubaimarina|parkislandblakely,1458,,555,0,,,building,,,,a building outline of this name is on the map (1 footprint)
dubaimarina,Dubai Marina,Park Island Bonaire,dubaimarina|parkislandbonaire,1458,,634,0,,,building,,,,a building outline of this name is on the map (1 footprint)
dubaimarina,Dubai Marina,Park Island Fairfield,dubaimarina|parkislandfairfield,1458,,611,0,,,building,,,,a building outline of this name is on the map (1 footprint)
dubaimarina,Dubai Marina,Park Island Sanibel,dubaimarina|parkislandsanibel,1458,,537,0,,,building,,,,a building outline of this name is on the map (1 footprint)
dubaimarina,Dubai Marina,Pier 8,dubaimarina|pier8,2380,,50,8,,,building,,,,a building outline of this name is on the map (1 footprint)
dubaimarina,Dubai Marina,Princess Tower,dubaimarina|princesstower,221,,2417,46,,,building,,,,a building outline of this name is on the map (1 footprint)
dubaimarina,Dubai Marina,ROYAL OCEANIC TOWER,dubaimarina|royaloceanictower,256,,15,15,,,building,,,,a building outline of this name is on the map (1 footprint)
dubaimarina,Dubai Marina,"Residences Du Port, Dubai Marina, Autograph Collection Residences",dubaimarina|residencesduportdubaimarinaautographcollectionresidences,3762,,71,25,,,building,,,,a building outline of this name is on the map (2 footprints)
dubaimarina,Dubai Marina,Rimal 1,dubaimarina|rimal1,,,751,0,,,building,,,,a building outline of this name is on the map (1 footprint)
dubaimarina,Dubai Marina,Rimal 2,dubaimarina|rimal2,,,328,0,,,building,,,,a building outline of this name is on the map (1 footprint)
dubaimarina,Dubai Marina,Rimal 3,dubaimarina|rimal3,,,488,0,,,building,,,,a building outline of this name is on the map (2 footprints)
dubaimarina,Dubai Marina,Rimal 4,dubaimarina|rimal4,,,557,0,,,building,,,,a building outline of this name is on the map (1 footprint)
dubaimarina,Dubai Marina,Rimal 5,dubaimarina|rimal5,,,444,0,,,building,,,,a building outline of this name is on the map (1 footprint)
dubaimarina,Dubai Marina,Rimal 6,dubaimarina|rimal6,,,333,0,,,building,,,,a building outline of this name is on the map (1 footprint)
dubaimarina,Dubai Marina,Rimal Walk,dubaimarina|rimalwalk,,,5,0,,,building,,,,a building outline of this name is on the map (1 footprint)
dubaimarina,Dubai Marina,Rove Home Dubai Marina,dubaimarina|rovehomedubaimarina,3393,,665,47,,,building,,,,a building outline of this name is on the map (2 footprints)
dubaimarina,Dubai Marina,SILVERENE,dubaimarina|silverene,129,FINISHED,334,38,,,building,,,,a building outline of this name is on the map (2 footprints)
dubaimarina,Dubai Marina,SOBHA SEAHAVEN - TOWER A,dubaimarina|sobhaseahaventowera,2550,,324,0,,,building,,,,a building outline of this name is on the map (1 footprint)
dubaimarina,Dubai Marina,SPARKLE TOWERS,dubaimarina|sparkletowers,1551,,420,34,,,building,,,,a building outline of this name is on the map (1 footprint)
dubaimarina,Dubai Marina,Sadaf 1,dubaimarina|sadaf1,,,293,0,,,building,,,,a building outline of this name is on the map (1 footprint)
dubaimarina,Dubai Marina,Sadaf 4,dubaimarina|sadaf4,,,312,0,,,building,,,,a building outline of this name is on the map (1 footprint)
dubaimarina,Dubai Marina,Sadaf 5,dubaimarina|sadaf5,,,318,0,,,building,,,,a building outline of this name is on the map (1 footprint)
dubaimarina,Dubai Marina,Sadaf 6,dubaimarina|sadaf6,,,610,0,,,building,,,,a building outline of this name is on the map (1 footprint)
dubaimarina,Dubai Marina,Sadaf 7,dubaimarina|sadaf7,,,650,0,,,building,,,,a building outline of this name is on the map (1 footprint)
dubaimarina,Dubai Marina,Sadaf 8,dubaimarina|sadaf8,,,397,0,,,building,,,,a building outline of this name is on the map (1 footprint)
dubaimarina,Dubai Marina,Sahab-1,dubaimarina|sahab1,,,255,0,,,building,,,,a building outline of this name is on the map (1 footprint)
dubaimarina,Dubai Marina,Sahab-2,dubaimarina|sahab2,,,559,0,,,building,,,,a building outline of this name is on the map (1 footprint)
dubaimarina,Dubai Marina,Sensoria at Five Luxe,dubaimarina|sensoriaatfiveluxe,2680,ACTIVE,70,5,,,building,,,,a building outline of this name is on the map (1 footprint)
dubaimarina,Dubai Marina,Shams 1,dubaimarina|shams1,,,471,0,,,building,,,,a building outline of this name is on the map (1 footprint)
dubaimarina,Dubai Marina,Shams 2,dubaimarina|shams2,,,441,0,,,building,,,,a building outline of this name is on the map (1 footprint)
dubaimarina,Dubai Marina,Shams 4,dubaimarina|shams4,,,628,0,,,building,,,,a building outline of this name is on the map (1 footprint)
dubaimarina,Dubai Marina,Shemara W2,dubaimarina|shemaraw2,,,355,0,,,building,,,,a building outline of this name is on the map (1 footprint)
dubaimarina,Dubai Marina,Silverene Towers,dubaimarina|silverenetowers,129,,893,0,,,building,,,,a building outline of this name is on the map (2 footprints)
dubaimarina,Dubai Marina,Silverene Towers B,dubaimarina|silverenetowersb,129,,1003,0,,,building,,,,a building outline of this name is on the map (1 footprint)
dubaimarina,Dubai Marina,Six Senses Residences Dubai Marina,dubaimarina|sixsensesresidencesdubaimarina,3006,ACTIVE,892,19,,,building,,,,a building outline of this name is on the map (1 footprint)
dubaimarina,Dubai Marina,Sky View Tower,dubaimarina|skyviewtower,541,,457,19,,,building,,,,a building outline of this name is on the map (1 footprint)
dubaimarina,Dubai Marina,Sobha Seahaven Tower A,dubaimarina|sobhaseahaventowera,2550,,324,17,,,building,,,,a building outline of this name is on the map (1 footprint)
dubaimarina,Dubai Marina,Stella Maris,dubaimarina|stellamaris,1664,,528,23,,,building,,,,a building outline of this name is on the map (1 footprint)
dubaimarina,Dubai Marina,Studio One,dubaimarina|studioone,1776,,774,38,,,building,,,,a building outline of this name is on the map (1 footprint)
dubaimarina,Dubai Marina,Sulafa Tower,dubaimarina|sulafatower,40,,1318,42,,,building,,,,a building outline of this name is on the map (1 footprint)
dubaimarina,Dubai Marina,Sunrise Bay,dubaimarina|sunrisebay,2025,FINISHED,403,27,,,building,,,,a building outline of this name is on the map (1 footprint)
dubaimarina,Dubai Marina,THE BELVEDERE,dubaimarina|thebelvedere,87,FINISHED,3,3,,,building,,,,a building outline of this name is on the map (1 footprint)
dubaimarina,Dubai Marina,THE BRISTOL Emaar Beachfront,dubaimarina|thebristolemaarbeachfront,3439,,227,0,,,building,,,,a building outline of this name is on the map (1 footprint)
dubaimarina,Dubai Marina,THE WATER FRONT,dubaimarina|thewaterfront,207,FINISHED,51,3,,,building,,,,a building outline of this name is on the map (1 footprint)
dubaimarina,Dubai Marina,TORCH TOWER,dubaimarina|torchtower,257,,487,47,,,building,,,,a building outline of this name is on the map (1 footprint)
dubaimarina,Dubai Marina,TRIDENT GRAND,dubaimarina|tridentgrand,208,,827,13,,,building,,,,a building outline of this name is on the map (1 footprint)
dubaimarina,Dubai Marina,Tfg Marina,dubaimarina|tfgmarina,,,638,0,,,building,,,,a building outline of this name is on the map (1 footprint)
dubaimarina,Dubai Marina,Tfg ONE Hotel,dubaimarina|tfgonehotel,,,533,0,,,building,,,,a building outline of this name is on the map (1 footprint)
dubaimarina,Dubai Marina,The Jewels T1,dubaimarina|thejewelst1,,,127,0,,,building,,,,a building outline of this name is on the map (1 footprint)
dubaimarina,Dubai Marina,The Jewels T2,dubaimarina|thejewelst2,,,152,0,,,building,,,,a building outline of this name is on the map (1 footprint)
dubaimarina,Dubai Marina,The ONE JBR,dubaimarina|theonejbr,1676,,253,8,,,building,,,,a building outline of this name is on the map (1 footprint)
dubaimarina,Dubai Marina,The Point,dubaimarina|thepoint,260,FINISHED,667,18,,,building,,,,a building outline of this name is on the map (1 footprint)
dubaimarina,Dubai Marina,The Residences at the Dubai Beach Edition,dubaimarina|theresidencesatthedubaibeachedition,4134,ACTIVE,77,77,,,building,,,,a building outline of this name is on the map (1 footprint)
dubaimarina,Dubai Marina,The Waves A,dubaimarina|thewavesa,,,377,0,,,building,,,,a building outline of this name is on the map (1 footprint)
dubaimarina,Dubai Marina,The Zen Tower,dubaimarina|thezentower,525,,125,0,,,building,,,,a building outline of this name is on the map (1 footprint)
dubaimarina,Dubai Marina,Time Place Tower,dubaimarina|timeplacetower,,,620,0,,,building,,,,a building outline of this name is on the map (1 footprint)
dubaimarina,Dubai Marina,VIDA Residences Dubai Marina,dubaimarina|vidaresidencesdubaimarina,1831,,703,31,,,building,,,,a building outline of this name is on the map (2 footprints)
dubaimarina,Dubai Marina,Waterfront,dubaimarina|waterfront,207,,177,0,,,building,,,,a building outline of this name is on the map (1 footprint)
dubaimarina,Dubai Marina,West Avenue,dubaimarina|westavenue,913,,809,8,,,building,,,,a building outline of this name is on the map (2 footprints)
dubaimarina,Dubai Marina,Westside Marina,dubaimarina|westsidemarina,,,133,0,,,building,,,,a building outline of this name is on the map (1 footprint)
dubaimarina,Dubai Marina,Yacht Bay,dubaimarina|yachtbay,,,386,0,,,building,,,,a building outline of this name is on the map (1 footprint)
dubaimarina,Dubai Marina,ZUMURUD DUBAI MARINA,dubaimarina|zumuruddubaimarina,1271,,362,15,,,building,,,,a building outline of this name is on the map (2 footprints)
dubaimarina,Dubai Marina,Zumurud Tower,dubaimarina|zumurudtower,1271,,362,0,,,building,,,,a building outline of this name is on the map (1 footprint)
dubaimaritimecity,Dubai Maritime City,Fior 1,dubaimaritimecity|fior1,4287,ACTIVE,53,53,,,building,,,,a building outline of this name is on the map (1 footprint)
dubaimaritimecity,Dubai Maritime City,Kanyon by Beyond,dubaimaritimecity|kanyon,4050,ACTIVE,331,330,,,building,,,,a building outline of this name is on the map (1 footprint)
dubaimaritimecity,Dubai Maritime City,Marina Place 1,dubaimaritimecity|marinaplace1,3386,,162,0,,,building,,,,a building outline of this name is on the map (1 footprint)
dubaimaritimecity,Dubai Maritime City,Marina Place 2,dubaimaritimecity|marinaplace2,3387,,183,4,,,building,,,,a building outline of this name is on the map (1 footprint)
dubaimaritimecity,Dubai Maritime City,Ocean Point,dubaimaritimecity|oceanpoint,2975,,124,17,,,building,,,,a building outline of this name is on the map (1 footprint)
dubaimaritimecity,Dubai Maritime City,THE ANWA BY OMNIYAT,dubaimaritimecity|theanwa,1636,,28,28,,,building,,,,a building outline of this name is on the map (1 footprint)
dubaiproductioncity,Dubai Production City,AL Andalus Phase 2,dubaiproductioncity|alandalusphase2,1846,,199,9,,,building,,,,a building outline of this name is on the map (1 footprint)
dubaiproductioncity,Dubai Production City,ALANDALUS,dubaiproductioncity|alandalus,1652,FINISHED,167,15,,,building,,,,a building outline of this name is on the map (7 footprints)
dubaiproductioncity,Dubai Production City,ALandalus Building D,dubaiproductioncity|alandalusbuildingd,2060,,217,15,,,building,,,,a building outline of this name is on the map (1 footprint)
dubaiproductioncity,Dubai Production City,Afnan 2,dubaiproductioncity|afnan2,1672,,127,0,,,building,,,,a building outline of this name is on the map (1 footprint)
dubaiproductioncity,Dubai Production City,Afnan 4,dubaiproductioncity|afnan4,1672,,267,0,,,building,,,,a building outline of this name is on the map (1 footprint)
dubaiproductioncity,Dubai Production City,Afnan 5,dubaiproductioncity|afnan5,1672,,216,0,,,building,,,,a building outline of this name is on the map (1 footprint)
dubaiproductioncity,Dubai Production City,Al Andalus Building A,dubaiproductioncity|alandalusbuildinga,1652,,163,0,,,building,,,,a building outline of this name is on the map (1 footprint)
dubaiproductioncity,Dubai Production City,Al Andalus Building B,dubaiproductioncity|alandalusbuildingb,1652,,232,0,,,building,,,,a building outline of this name is on the map (1 footprint)
dubaiproductioncity,Dubai Production City,Al Andalus Building F,dubaiproductioncity|alandalusbuildingf,,,149,0,,,building,,,,a building outline of this name is on the map (1 footprint)
dubaiproductioncity,Dubai Production City,Alandalus Building E,dubaiproductioncity|alandalusbuildinge,2022,,118,7,,,building,,,,a building outline of this name is on the map (1 footprint)
dubaiproductioncity,Dubai Production City,Alandalus Building G,dubaiproductioncity|alandalusbuildingg,2198,,38,7,,,building,,,,a building outline of this name is on the map (1 footprint)
dubaiproductioncity,Dubai Production City,Alwan Residence 1,dubaiproductioncity|alwanresidence1,,,62,0,,,building,,,,a building outline of this name is on the map (1 footprint)
dubaiproductioncity,Dubai Production City,CENTRIUM TOWER,dubaiproductioncity|centriumtower,85,,315,53,,,building,,,,a building outline of this name is on the map (4 footprints)
dubaiproductioncity,Dubai Production City,Centrium Tower 1,dubaiproductioncity|centriumtower1,85,,360,0,,,building,,,,a building outline of this name is on the map (2 footprints)
dubaiproductioncity,Dubai Production City,Centrium Tower 2,dubaiproductioncity|centriumtower2,85,,198,0,,,building,,,,a building outline of this name is on the map (2 footprints)
dubaiproductioncity,Dubai Production City,Centrium Tower 3,dubaiproductioncity|centriumtower3,85,,165,0,,,building,,,,a building outline of this name is on the map (2 footprints)
dubaiproductioncity,Dubai Production City,Dania 1,dubaiproductioncity|dania1,1731,,78,0,,,building,,,,a building outline of this name is on the map (1 footprint)
dubaiproductioncity,Dubai Production City,Dania 3,dubaiproductioncity|dania3,1731,,224,0,,,building,,,,a building outline of this name is on the map (1 footprint)
dubaiproductioncity,Dubai Production City,Ikarus Tower,dubaiproductioncity|ikarustower,,,129,0,,,building,,,,a building outline of this name is on the map (1 footprint)
dubaiproductioncity,Dubai Production City,Imperial Residence,dubaiproductioncity|imperialresidence,3217,,64,12,,,building,,,,a building outline of this name is on the map (1 footprint)
dubaiproductioncity,Dubai Production City,Jannat,dubaiproductioncity|jannat,2725,,411,44,,,building,,,,a building outline of this name is on the map (1 footprint)
dubaiproductioncity,Dubai Production City,Lago Vista,dubaiproductioncity|lagovista,439,,996,79,,,building,,,,a building outline of this name is on the map (3 footprints)
dubaiproductioncity,Dubai Production City,Lago Vista-b,dubaiproductioncity|lagovistab,439,,1099,0,,,building,,,,a building outline of this name is on the map (2 footprints)
dubaiproductioncity,Dubai Production City,Lago Vista-c,dubaiproductioncity|lagovistac,439,,971,0,,,building,,,,a building outline of this name is on the map (2 footprints)
dubaiproductioncity,Dubai Production City,Lakeside,dubaiproductioncity|lakeside,436,,1150,189,,,building,,,,a building outline of this name is on the map (4 footprints)
dubaiproductioncity,Dubai Production City,Lakeside A,dubaiproductioncity|lakesidea,436,,943,0,,,building,,,,a building outline of this name is on the map (2 footprints)
dubaiproductioncity,Dubai Production City,Lakeside B,dubaiproductioncity|lakesideb,436,,1036,0,,,building,,,,a building outline of this name is on the map (2 footprints)
dubaiproductioncity,Dubai Production City,Lakeside C,dubaiproductioncity|lakesidec,436,,1016,0,,,building,,,,a building outline of this name is on the map (2 footprints)
dubaiproductioncity,Dubai Production City,MYKA Residence,dubaiproductioncity|mykaresidence,2414,,143,12,,,building,,,,a building outline of this name is on the map (1 footprint)
dubaiproductioncity,Dubai Production City,Mesk 2,dubaiproductioncity|mesk2,2211,,168,0,,,building,,,,a building outline of this name is on the map (1 footprint)
dubaiproductioncity,Dubai Production City,Midtown - Afnan,dubaiproductioncity|midtownafnan,1672,,568,59,,,building,,,,a building outline of this name is on the map (1 footprint)
dubaiproductioncity,Dubai Production City,Midtown - Dania,dubaiproductioncity|midtowndania,1731,,479,41,,,building,,,,a building outline of this name is on the map (1 footprint)
dubaiproductioncity,Dubai Production City,Midtown - Mesk,dubaiproductioncity|midtownmesk,2211,,153,36,,,building,,,,a building outline of this name is on the map (1 footprint)
dubaiproductioncity,Dubai Production City,Midtown - Noor,dubaiproductioncity|midtownnoor,2210,,831,55,,,building,,,,a building outline of this name is on the map (1 footprint)
dubaiproductioncity,Dubai Production City,Noor 1,dubaiproductioncity|noor1,2210,,112,0,,,building,,,,a building outline of this name is on the map (1 footprint)
dubaiproductioncity,Dubai Production City,Noor 4,dubaiproductioncity|noor4,2210,,134,0,,,building,,,,a building outline of this name is on the map (1 footprint)
dubaiproductioncity,Dubai Production City,Noor 5,dubaiproductioncity|noor5,2210,,214,0,,,building,,,,a building outline of this name is on the map (1 footprint)
dubaiproductioncity,Dubai Production City,Oakwood Residency,dubaiproductioncity|oakwoodresidency,47,,506,21,,,building,,,,a building outline of this name is on the map (1 footprint)
dubaiproductioncity,Dubai Production City,Qasr Sabah 3,dubaiproductioncity|qasrsabah3,1393,,105,0,,,building,,,,a building outline of this name is on the map (1 footprint)
dubaiproductioncity,Dubai Production City,Qasr Sabah I,dubaiproductioncity|qasrsabahi,1393,,240,0,,,building,,,,a building outline of this name is on the map (2 footprints)
dubaiproductioncity,Dubai Production City,"Qasr Sabah I , II ,III",dubaiproductioncity|qasrsabahiiiiii,1393,,169,97,,,building,,,,a building outline of this name is on the map (2 footprints)
dubaiproductioncity,Dubai Production City,Samana Lake Views,dubaiproductioncity|samanalakeviews,3071,ACTIVE,457,12,,,building,,,,a building outline of this name is on the map (1 footprint)
dubaiproductioncity,Dubai Production City,Samana Lake Views 2,dubaiproductioncity|samanalakeviews2,3087,,550,32,,,building,,,,a building outline of this name is on the map (1 footprint)
dubaiproductioncity,Dubai Production City,Samana Resorts,dubaiproductioncity|samanaresorts,2895,ACTIVE,952,261,,,building,,,,a building outline of this name is on the map (1 footprint)
dubaiproductioncity,Dubai Production City,Samana Resorts - TOWER A,dubaiproductioncity|samanaresortstowera,2895,,494,0,,,building,,,,a building outline of this name is on the map (1 footprint)
dubaiproductioncity,Dubai Production City,Samana Sky Views,dubaiproductioncity|samanaskyviews,3855,,544,482,,,building,,,,a building outline of this name is on the map (1 footprint)
dubaiproductioncity,Dubai Production City,Sun Point Dubai,dubaiproductioncity|sunpointdubai,2213,,115,8,,,building,,,,a building outline of this name is on the map (1 footprint)
dubaiproductioncity,Dubai Production City,THE CRESCENT,dubaiproductioncity|thecrescent,447,FINISHED,544,76,,,building,,,,a building outline of this name is on the map (3 footprints)
dubaiproductioncity,Dubai Production City,The Crescent A,dubaiproductioncity|thecrescenta,447,,755,0,,,building,,,,a building outline of this name is on the map (1 footprint)
dubaiproductioncity,Dubai Production City,The Crescent B,dubaiproductioncity|thecrescentb,447,,663,0,,,building,,,,a building outline of this name is on the map (1 footprint)
dubaiproductioncity,Dubai Production City,The Crescent C,dubaiproductioncity|thecrescentc,447,,604,0,,,building,,,,a building outline of this name is on the map (1 footprint)
dubaisciencepark,Dubai Science Park,Bella Rose,dubaisciencepark|bellarose,2099,,679,48,,,building,,,,a building outline of this name is on the map (1 footprint)
dubaisciencepark,Dubai Science Park,Binghatti Hills,dubaisciencepark|binghattihills,3053,,1689,433,,,building,,,,a building outline of this name is on the map (1 footprint)
dubaisciencepark,Dubai Science Park,Binghatti Hillside,dubaisciencepark|binghattihillside,3481,NOT_STARTED,280,280,,,building,,,,a building outline of this name is on the map (1 footprint)
dubaisciencepark,Dubai Science Park,Empire Livings,dubaisciencepark|empirelivings,3181,,190,67,,,building,,,,a building outline of this name is on the map (1 footprint)
dubaisciencepark,Dubai Science Park,MONTROSE,dubaisciencepark|montrose,1537,,171,21,,,building,,,,a building outline of this name is on the map (3 footprints)
dubaisciencepark,Dubai Science Park,Montrose Residence A,dubaisciencepark|montroseresidencea,1537,,222,0,,,building,,,,a building outline of this name is on the map (2 footprints)
dubaisciencepark,Dubai Science Park,Montrose Residence B,dubaisciencepark|montroseresidenceb,1537,,219,0,,,building,,,,a building outline of this name is on the map (2 footprints)
dubaisciencepark,Dubai Science Park,Opalz By Danube,dubaisciencepark|opalz,2465,FINISHED,676,51,,,building,,,,a building outline of this name is on the map (1 footprint)
dubaisciencepark,Dubai Science Park,Opalz By Danube - Tower 2,dubaisciencepark|opalz,2465,FINISHED,344,0,,,building,,,,a building outline of this name is on the map (1 footprint)
dubaisciencepark,Dubai Science Park,Orchid Residence,dubaisciencepark|orchidresidence,,,310,0,,,building,,,,a building outline of this name is on the map (1 footprint)
dubaisciencepark,Dubai Science Park,Skyhills Astra by HRE,dubaisciencepark|skyhillsastra,3480,,1545,1278,,,building,,,,a building outline of this name is on the map (1 footprint)
dubaisciencepark,Dubai Science Park,Skyhills I by HRE,dubaisciencepark|skyhillsi,1643,,1113,46,,,building,,,,a building outline of this name is on the map (1 footprint)
dubaisportscity,Dubai Sports City,All Seasons Residence,dubaisportscity|allseasonsresidence,2978,,76,20,,,building,,,,a building outline of this name is on the map (1 footprint)
dubaisportscity,Dubai Sports City,Amal Tower,dubaisportscity|amaltower,591,,315,63,,,building,,,,a building outline of this name is on the map (1 footprint)
dubaisportscity,Dubai Sports City,Antalya By Karma,dubaisportscity|antalya,3775,,101,101,,,building,,,,a building outline of this name is on the map (1 footprint)
dubaisportscity,Dubai Sports City,Arena Apartments,dubaisportscity|arenaapartments,82,,252,10,,,building,,,,a building outline of this name is on the map (1 footprint)
dubaisportscity,Dubai Sports City,Bermuda Views,dubaisportscity|bermudaviews,616,,444,16,,,building,,,,a building outline of this name is on the map (1 footprint)
dubaisportscity,Dubai Sports City,CHAMPIONS TOWER 1,dubaisportscity|championstower1,763,,233,0,,,building,,,,a building outline of this name is on the map (1 footprint)
dubaisportscity,Dubai Sports City,CHAMPIONS TOWER1,dubaisportscity|championstower1,763,,76,11,,,building,,,,a building outline of this name is on the map (1 footprint)
dubaisportscity,Dubai Sports City,Canal Residence West 2,dubaisportscity|canalresidencewest2,1960,,534,37,,,building,,,,a building outline of this name is on the map (1 footprint)
dubaisportscity,Dubai Sports City,Champion Tower 3,dubaisportscity|championtower3,,,136,0,,,building,,,,a building outline of this name is on the map (1 footprint)
dubaisportscity,Dubai Sports City,Champions Tower2,dubaisportscity|championstower2,,,73,0,,,building,,,,a building outline of this name is on the map (1 footprint)
dubaisportscity,Dubai Sports City,Condor Golf Links 18,dubaisportscity|condorgolflinks18,3350,,267,79,,,building,,,,a building outline of this name is on the map (1 footprint)
dubaisportscity,Dubai Sports City,Coral International Hotel Apartment,dubaisportscity|coralinternationalhotelapartment,,,145,0,,,building,,,,a building outline of this name is on the map (1 footprint)
dubaisportscity,Dubai Sports City,Cricket Tower,dubaisportscity|crickettower,1299,,327,17,,,building,,,,a building outline of this name is on the map (1 footprint)
dubaisportscity,Dubai Sports City,ELITE SPORTS RESIDENCE,dubaisportscity|elitesportsresidence,328,FINISHED,134,18,,,building,,,,a building outline of this name is on the map (2 footprints)
dubaisportscity,Dubai Sports City,Eagle Heights,dubaisportscity|eagleheights,712,,476,22,,,building,,,,a building outline of this name is on the map (1 footprint)
dubaisportscity,Dubai Sports City,Eden Garden,dubaisportscity|edengarden,510,,323,4,,,building,,,,a building outline of this name is on the map (1 footprint)
dubaisportscity,Dubai Sports City,Elite 3 Sports Residence,dubaisportscity|elite3sportsresidence,331,,779,27,,,building,,,,a building outline of this name is on the map (1 footprint)
dubaisportscity,Dubai Sports City,Elite 5 Sports Residence,dubaisportscity|elite5sportsresidence,334,,817,14,,,building,,,,a building outline of this name is on the map (1 footprint)
dubaisportscity,Dubai Sports City,Elite 6 Sports Residence,dubaisportscity|elite6sportsresidence,330,,887,32,,,building,,,,a building outline of this name is on the map (1 footprint)
dubaisportscity,Dubai Sports City,Elite 7 Sports Residence,dubaisportscity|elite7sportsresidence,329,,254,16,,,building,,,,a building outline of this name is on the map (1 footprint)
dubaisportscity,Dubai Sports City,Elite 8 Sports Residence,dubaisportscity|elite8sportsresidence,1401,,878,56,,,building,,,,a building outline of this name is on the map (1 footprint)
dubaisportscity,Dubai Sports City,Elite 9 Sports Residence,dubaisportscity|elite9sportsresidence,1542,,444,19,,,building,,,,a building outline of this name is on the map (1 footprint)
dubaisportscity,Dubai Sports City,Elite II Sports Residence,dubaisportscity|eliteiisportsresidence,333,,706,27,,,building,,,,a building outline of this name is on the map (1 footprint)
dubaisportscity,Dubai Sports City,Elite Residence 1,dubaisportscity|eliteresidence1,,,674,0,,,building,,,,a building outline of this name is on the map (1 footprint)
dubaisportscity,Dubai Sports City,Elite Residences 4,dubaisportscity|eliteresidences4,332,,571,0,,,building,,,,a building outline of this name is on the map (1 footprint)
dubaisportscity,Dubai Sports City,European,dubaisportscity|european,323,,328,0,,,building,,,,a building outline of this name is on the map (1 footprint)
dubaisportscity,Dubai Sports City,FRANKFURT SPORTS TOWER I,dubaisportscity|frankfurtsportstoweri,315,FINISHED,146,18,,,building,,,,a building outline of this name is on the map (1 footprint)
dubaisportscity,Dubai Sports City,Fairway Residences By Prescott,dubaisportscity|fairwayresidences,3086,,155,8,,,building,,,,a building outline of this name is on the map (1 footprint)
dubaisportscity,Dubai Sports City,Frankfurt Sports Tower,dubaisportscity|frankfurtsportstower,315,,426,0,,,building,,,,a building outline of this name is on the map (1 footprint)
dubaisportscity,Dubai Sports City,GIOVANNI BOUTIQUE,dubaisportscity|giovanniboutique,531,,976,46,,,building,,,,a building outline of this name is on the map (1 footprint)
dubaisportscity,Dubai Sports City,Global Golf Residence 2,dubaisportscity|globalgolfresidence2,593,,634,26,,,building,,,,a building outline of this name is on the map (1 footprint)
dubaisportscity,Dubai Sports City,Golf Tower,dubaisportscity|golftower,1303,,170,5,,,building,,,,a building outline of this name is on the map (1 footprint)
dubaisportscity,Dubai Sports City,Golf Vista Heights,dubaisportscity|golfvistaheights,2746,,268,28,,,building,,,,a building outline of this name is on the map (1 footprint)
dubaisportscity,Dubai Sports City,Grand Horizon 1,dubaisportscity|grandhorizon1,1135,,218,10,,,building,,,,a building outline of this name is on the map (1 footprint)
dubaisportscity,Dubai Sports City,HOCKEY TOWER,dubaisportscity|hockeytower,1300,FINISHED,78,13,,,building,,,,a building outline of this name is on the map (1 footprint)
dubaisportscity,Dubai Sports City,HUB CANAL 1 TOWER,dubaisportscity|hubcanal1tower,1301,,474,15,,,building,,,,a building outline of this name is on the map (1 footprint)
dubaisportscity,Dubai Sports City,HUB CANAL 2 TOWER,dubaisportscity|hubcanal2tower,1302,,356,7,,,building,,,,a building outline of this name is on the map (1 footprint)
dubaisportscity,Dubai Sports City,Hamza Tower,dubaisportscity|hamzatower,622,,694,14,,,building,,,,a building outline of this name is on the map (1 footprint)
dubaisportscity,Dubai Sports City,Hera Tower,dubaisportscity|heratower,336,,759,115,,,building,,,,a building outline of this name is on the map (1 footprint)
dubaisportscity,Dubai Sports City,Ice Hockey Tower,dubaisportscity|icehockeytower,1300,,395,0,,,building,,,,a building outline of this name is on the map (1 footprint)
dubaisportscity,Dubai Sports City,Lime Light Twin Towers,dubaisportscity|limelighttwintowers,558,,117,0,,,building,,,,a building outline of this name is on the map (1 footprint)
dubaisportscity,Dubai Sports City,MAG 777,dubaisportscity|mag777,3193,,137,73,,,building,,,,a building outline of this name is on the map (1 footprint)
dubaisportscity,Dubai Sports City,Mars Residences,dubaisportscity|marsresidences,556,,121,35,,,building,,,,a building outline of this name is on the map (1 footprint)
dubaisportscity,Dubai Sports City,Mediterranean,dubaisportscity|mediterranean,323,,383,0,,,building,,,,a building outline of this name is on the map (1 footprint)
dubaisportscity,Dubai Sports City,Oasis Tower 2,dubaisportscity|oasistower2,,,280,0,,,building,,,,a building outline of this name is on the map (1 footprint)
dubaisportscity,Dubai Sports City,Oasis Tower ONE,dubaisportscity|oasistowerone,501,,321,12,,,building,,,,a building outline of this name is on the map (1 footprint)
dubaisportscity,Dubai Sports City,Olympic Park 1,dubaisportscity|olympicpark1,1142,,305,15,,,building,,,,a building outline of this name is on the map (1 footprint)
dubaisportscity,Dubai Sports City,Olympic Park 2,dubaisportscity|olympicpark2,1140,,256,10,,,building,,,,a building outline of this name is on the map (1 footprint)
dubaisportscity,Dubai Sports City,Olympic Park 3,dubaisportscity|olympicpark3,1136,,356,13,,,building,,,,a building outline of this name is on the map (1 footprint)
dubaisportscity,Dubai Sports City,Olympic Park 4,dubaisportscity|olympicpark4,1141,,343,21,,,building,,,,a building outline of this name is on the map (1 footprint)
dubaisportscity,Dubai Sports City,Profile Residence,dubaisportscity|profileresidence,662,,181,8,,,building,,,,a building outline of this name is on the map (1 footprint)
dubaisportscity,Dubai Sports City,ROYALE RESIDENCE 1,dubaisportscity|royaleresidence1,477,,558,0,,,building,,,,a building outline of this name is on the map (1 footprint)
dubaisportscity,Dubai Sports City,ROYALE RESIDENCE1,dubaisportscity|royaleresidence1,477,,186,35,,,building,,,,a building outline of this name is on the map (1 footprint)
dubaisportscity,Dubai Sports City,Red Residence,dubaisportscity|redresidence,848,,615,31,,,building,,,,a building outline of this name is on the map (1 footprint)
dubaisportscity,Dubai Sports City,Royale Residence2,dubaisportscity|royaleresidence2,479,,408,12,,,building,,,,a building outline of this name is on the map (1 footprint)
dubaisportscity,Dubai Sports City,STADIUM POINT,dubaisportscity|stadiumpoint,704,,305,25,,,building,,,,a building outline of this name is on the map (1 footprint)
dubaisportscity,Dubai Sports City,Samana Golf Views,dubaisportscity|samanagolfviews,2707,,243,8,,,building,,,,a building outline of this name is on the map (1 footprint)
dubaisportscity,Dubai Sports City,Spanish,dubaisportscity|spanish,323,,297,0,,,building,,,,a building outline of this name is on the map (1 footprint)
dubaisportscity,Dubai Sports City,Tennis Tower,dubaisportscity|tennistower,1304,,185,3,,,building,,,,a building outline of this name is on the map (1 footprint)
dubaisportscity,Dubai Sports City,The Bridge,dubaisportscity|thebridge,98,,392,18,,,building,,,,a building outline of this name is on the map (1 footprint)
dubaisportscity,Dubai Sports City,The Community - Sports Arena,dubaisportscity|thecommunitysportsarena,3362,,200,114,,,building,,,,a building outline of this name is on the map (1 footprint)
dubaisportscity,Dubai Sports City,The Community-Sports Arena,dubaisportscity|thecommunitysportsarena,,,200,0,,,building,,,,a building outline of this name is on the map (1 footprint)
dubaisportscity,Dubai Sports City,The Diamond,dubaisportscity|thediamond,139,,249,12,,,building,,,,a building outline of this name is on the map (1 footprint)
dubaisportscity,Dubai Sports City,The Matrix,dubaisportscity|thematrix,99,,568,30,,,building,,,,a building outline of this name is on the map (1 footprint)
dubaisportscity,Dubai Sports City,The Medalist,dubaisportscity|themedalist,397,,256,11,,,building,,,,a building outline of this name is on the map (1 footprint)
dubaisportscity,Dubai Sports City,The Spirit,dubaisportscity|thespirit,140,,560,20,,,building,,,,a building outline of this name is on the map (1 footprint)
dubaisportscity,Dubai Sports City,Uniestate Sports Tower,dubaisportscity|uniestatesportstower,806,,287,10,,,building,,,,a building outline of this name is on the map (1 footprint)
dubaisportscity,Dubai Sports City,Urban Park Residences,dubaisportscity|urbanparkresidences,3230,,119,72,,,building,,,,a building outline of this name is on the map (1 footprint)
dubaisportscity,Dubai Sports City,Vega,dubaisportscity|vega,3414,,97,16,,,building,,,,a building outline of this name is on the map (1 footprint)
dubaisportscity,Dubai Sports City,Venetian,dubaisportscity|venetian,323,,561,0,,,building,,,,a building outline of this name is on the map (1 footprint)
dubaisportscity,Dubai Sports City,Zenith Tower A1,dubaisportscity|zenithtowera1,919,,274,12,,,building,,,,a building outline of this name is on the map (1 footprint)
dubaisportscity,Dubai Sports City,Zenith Tower A2,dubaisportscity|zenithtowera2,923,,104,3,,,building,,,,a building outline of this name is on the map (1 footprint)
dubaistudiocity,Dubai Studio City,AZIZI Vista,dubaistudiocity|azizivista,2650,,184,97,,,building,,,,a building outline of this name is on the map (1 footprint)
dubaistudiocity,Dubai Studio City,Azizi Mirage 1,dubaistudiocity|azizimirage1,2034,,929,460,,,building,,,,a building outline of this name is on the map (1 footprint)
dubaistudiocity,Dubai Studio City,GLITZ RESIDENCE 3,dubaistudiocity|glitzresidence3,1655,FINISHED,197,28,,,building,,,,a building outline of this name is on the map (2 footprints)
dubaistudiocity,Dubai Studio City,Ghaph Studio,dubaistudiocity|ghaphstudio,,,64,0,,,building,,,,a building outline of this name is on the map (1 footprint)
dubaistudiocity,Dubai Studio City,Glitz Residence 1,dubaistudiocity|glitzresidence1,1614,,230,12,,,building,,,,a building outline of this name is on the map (1 footprint)
dubaistudiocity,Dubai Studio City,Glitz Residence 2,dubaistudiocity|glitzresidence2,1615,,225,8,,,building,,,,a building outline of this name is on the map (1 footprint)
dubaistudiocity,Dubai Studio City,Glitz Residence 3 -tower 1,dubaistudiocity|glitzresidence3tower1,1655,,272,0,,,building,,,,a building outline of this name is on the map (1 footprint)
dubaistudiocity,Dubai Studio City,Glitz Residence 3 -tower 2,dubaistudiocity|glitzresidence3tower2,1655,,266,0,,,building,,,,a building outline of this name is on the map (1 footprint)
dubaistudiocity,Dubai Studio City,Laya Heights,dubaistudiocity|layaheights,2349,,509,31,,,building,,,,a building outline of this name is on the map (1 footprint)
dubaistudiocity,Dubai Studio City,The First Collection at Dubai Studio City,dubaistudiocity|thefirstcollectionatdubaistudiocity,,,401,0,,,building,,,,a building outline of this name is on the map (1 footprint)
jabalalifirst,Jebel Ali,5th Avenue,jabalalifirst|5thavenue,3300,,101,0,,,building,,,,a building outline of this name is on the map (1 footprint)
jabalalifirst,Jebel Ali,AL FURJAN,jabalalifirst|alfurjan,1283,FINISHED,535,47,,,building,,,,a building outline of this name is on the map (8 footprints)
jabalalifirst,Jebel Ali,AMALIA RESIDENCES,jabalalifirst|amaliaresidences,2531,,120,22,,,building,,,,a building outline of this name is on the map (1 footprint)
jabalalifirst,Jebel Ali,AZIZI FREESIA,jabalalifirst|azizifreesia,1573,,159,0,,,building,,,,a building outline of this name is on the map (1 footprint)
jabalalifirst,Jebel Ali,AZIZI MONTRELL,jabalalifirst|azizimontrell,,,335,0,,,building,,,,a building outline of this name is on the map (1 footprint)
jabalalifirst,Jebel Ali,AZIZI NEILA,jabalalifirst|azizineila,,,201,0,,,building,,,,a building outline of this name is on the map (1 footprint)
jabalalifirst,Jebel Ali,AZIZI Plaza,jabalalifirst|aziziplaza,,,577,0,,,building,,,,a building outline of this name is on the map (1 footprint)
jabalalifirst,Jebel Ali,AZIZI Star,jabalalifirst|azizistar,,,659,0,,,building,,,,a building outline of this name is on the map (1 footprint)
jabalalifirst,Jebel Ali,AZIZI Tulip,jabalalifirst|azizitulip,1574,,149,0,,,building,,,,a building outline of this name is on the map (2 footprints)
jabalalifirst,Jebel Ali,AZIZI. Daisy,jabalalifirst|azizidaisy,1572,,198,8,,,building,,,,a building outline of this name is on the map (1 footprint)
jabalalifirst,Jebel Ali,AZIZI. FEIROUZ,jabalalifirst|azizifeirouz,1509,,10,10,,,building,,,,a building outline of this name is on the map (1 footprint)
jabalalifirst,Jebel Ali,AZIZI. FREESIA,jabalalifirst|azizifreesia,1573,,13,13,,,building,,,,a building outline of this name is on the map (1 footprint)
jabalalifirst,Jebel Ali,AZIZI. Orchid,jabalalifirst|aziziorchid,1513,,175,13,,,building,,,,a building outline of this name is on the map (1 footprint)
jabalalifirst,Jebel Ali,AZIZI. TULIP,jabalalifirst|azizitulip,1574,,3,3,,,building,,,,a building outline of this name is on the map (2 footprints)
jabalalifirst,Jebel Ali,AZIZI. Yasamine,jabalalifirst|aziziyasamine,1510,,183,4,,,building,,,,a building outline of this name is on the map (1 footprint)
jabalalifirst,Jebel Ali,Al Fouad,jabalalifirst|alfouad,1858,,110,3,,,building,,,,a building outline of this name is on the map (1 footprint)
jabalalifirst,Jebel Ali,Avenue Residence 2,jabalalifirst|avenueresidence2,1569,,147,4,,,building,,,,a building outline of this name is on the map (1 footprint)
jabalalifirst,Jebel Ali,Avenue Residence 4,jabalalifirst|avenueresidence4,2546,,179,11,,,building,,,,a building outline of this name is on the map (1 footprint)
jabalalifirst,Jebel Ali,Avenue Residence1,jabalalifirst|avenueresidence1,1370,,312,5,,,building,,,,a building outline of this name is on the map (1 footprint)
jabalalifirst,Jebel Ali,Azizi Berton,jabalalifirst|aziziberton,,,349,0,,,building,,,,a building outline of this name is on the map (1 footprint)
jabalalifirst,Jebel Ali,Azizi Farishta Residence,jabalalifirst|azizifarishtaresidence,1810,,399,23,,,building,,,,a building outline of this name is on the map (1 footprint)
jabalalifirst,Jebel Ali,Azizi Pearl,jabalalifirst|azizipearl,,,273,0,,,building,,,,a building outline of this name is on the map (1 footprint)
jabalalifirst,Jebel Ali,Azizi Samia Residence,jabalalifirst|azizisamiaresidence,1814,,412,35,,,building,,,,a building outline of this name is on the map (1 footprint)
jabalalifirst,Jebel Ali,Azizi Shaista Residence,jabalalifirst|azizishaistaresidence,1783,,374,16,,,building,,,,a building outline of this name is on the map (1 footprint)
jabalalifirst,Jebel Ali,Azizi feirouz,jabalalifirst|azizifeirouz,1509,,151,0,,,building,,,,a building outline of this name is on the map (1 footprint)
jabalalifirst,Jebel Ali,Azizi. Iris,jabalalifirst|aziziiris,1512,,165,9,,,building,,,,a building outline of this name is on the map (1 footprint)
jabalalifirst,Jebel Ali,Azizi. Liatris,jabalalifirst|aziziliatris,1511,,224,4,,,building,,,,a building outline of this name is on the map (1 footprint)
jabalalifirst,Jebel Ali,Candace Acacia Hotel Apartments,jabalalifirst|candaceacaciahotelapartments,,,442,0,,,building,,,,a building outline of this name is on the map (1 footprint)
jabalalifirst,Jebel Ali,Candace Aster Hotel Apartments,jabalalifirst|candaceasterhotelapartments,,,338,0,,,building,,,,a building outline of this name is on the map (1 footprint)
jabalalifirst,Jebel Ali,Celeste Heights by Zimaya Properties,jabalalifirst|celesteheights,3511,,61,10,,,building,,,,a building outline of this name is on the map (1 footprint)
jabalalifirst,Jebel Ali,Con 109,jabalalifirst|con109,,,52,0,,,building,,,,a building outline of this name is on the map (1 footprint)
jabalalifirst,Jebel Ali,Con 110,jabalalifirst|con110,,,24,0,,,building,,,,a building outline of this name is on the map (1 footprint)
jabalalifirst,Jebel Ali,Con 114,jabalalifirst|con114,,,52,0,,,building,,,,a building outline of this name is on the map (1 footprint)
jabalalifirst,Jebel Ali,Con 129,jabalalifirst|con129,,,41,0,,,building,,,,a building outline of this name is on the map (1 footprint)
jabalalifirst,Jebel Ali,Con 132,jabalalifirst|con132,,,62,0,,,building,,,,a building outline of this name is on the map (1 footprint)
jabalalifirst,Jebel Ali,Con 178,jabalalifirst|con178,,,9,0,,,building,,,,a building outline of this name is on the map (1 footprint)
jabalalifirst,Jebel Ali,DG-Con2-153,jabalalifirst|dgcon2153,,,17,0,,,building,,,,a building outline of this name is on the map (1 footprint)
jabalalifirst,Jebel Ali,DG-Con2-167,jabalalifirst|dgcon2167,,,35,0,,,building,,,,a building outline of this name is on the map (1 footprint)
jabalalifirst,Jebel Ali,Dg-mes-256,jabalalifirst|dgmes256,,,96,0,,,building,,,,a building outline of this name is on the map (1 footprint)
jabalalifirst,Jebel Ali,East40,jabalalifirst|east40,3005,,145,0,,,building,,,,a building outline of this name is on the map (2 footprints)
jabalalifirst,Jebel Ali,Equiti Home,jabalalifirst|equitihome,2863,,315,31,,,building,,,,a building outline of this name is on the map (1 footprint)
jabalalifirst,Jebel Ali,Evora Residence,jabalalifirst|evoraresidence,3191,,75,0,,,building,,,,a building outline of this name is on the map (1 footprint)
jabalalifirst,Jebel Ali,Evora Residences,jabalalifirst|evoraresidences,3191,ACTIVE,75,11,,,building,,,,a building outline of this name is on the map (1 footprint)
jabalalifirst,Jebel Ali,GLAMZ RESIDENCE,jabalalifirst|glamzresidence,1749,FINISHED,34,34,,,building,,,,a building outline of this name is on the map (1 footprint)
jabalalifirst,Jebel Ali,Gate Royale Residences,jabalalifirst|gateroyaleresidences,3824,,7,7,,,building,,,,a building outline of this name is on the map (1 footprint)
jabalalifirst,Jebel Ali,Glamz Residence Tower 2,jabalalifirst|glamzresidencetower2,1749,,333,0,,,building,,,,a building outline of this name is on the map (1 footprint)
jabalalifirst,Jebel Ali,Indigo Chambers,jabalalifirst|indigochambers,,,54,0,,,building,,,,a building outline of this name is on the map (1 footprint)
jabalalifirst,Jebel Ali,La Cle by Maaia Developers,jabalalifirst|lacle,3412,,42,37,,,building,,,,a building outline of this name is on the map (1 footprint)
jabalalifirst,Jebel Ali,Maria Tower,jabalalifirst|mariatower,2078,,143,14,,,building,,,,a building outline of this name is on the map (1 footprint)
jabalalifirst,Jebel Ali,Massakin Block A,jabalalifirst|massakinblocka,,,119,0,,,building,,,,a building outline of this name is on the map (1 footprint)
jabalalifirst,Jebel Ali,Massakin Block B,jabalalifirst|massakinblockb,,,114,0,,,building,,,,a building outline of this name is on the map (1 footprint)
jabalalifirst,Jebel Ali,Massakin Block C,jabalalifirst|massakinblockc,,,106,0,,,building,,,,a building outline of this name is on the map (1 footprint)
jabalalifirst,Jebel Ali,Massakin Block F,jabalalifirst|massakinblockf,,,109,0,,,building,,,,a building outline of this name is on the map (1 footprint)
jabalalifirst,Jebel Ali,Med 48,jabalalifirst|med48,,,145,0,,,building,,,,a building outline of this name is on the map (1 footprint)
jabalalifirst,Jebel Ali,Med 51,jabalalifirst|med51,,,134,0,,,building,,,,a building outline of this name is on the map (1 footprint)
jabalalifirst,Jebel Ali,Med 54,jabalalifirst|med54,,,159,0,,,building,,,,a building outline of this name is on the map (1 footprint)
jabalalifirst,Jebel Ali,Med 61,jabalalifirst|med61,,,156,0,,,building,,,,a building outline of this name is on the map (1 footprint)
jabalalifirst,Jebel Ali,Med 67,jabalalifirst|med67,,,277,0,,,building,,,,a building outline of this name is on the map (1 footprint)
jabalalifirst,Jebel Ali,Med 74,jabalalifirst|med74,,,228,0,,,building,,,,a building outline of this name is on the map (1 footprint)
jabalalifirst,Jebel Ali,Med 79,jabalalifirst|med79,,,236,0,,,building,,,,a building outline of this name is on the map (1 footprint)
jabalalifirst,Jebel Ali,Med 91,jabalalifirst|med91,,,223,0,,,building,,,,a building outline of this name is on the map (1 footprint)
jabalalifirst,Jebel Ali,Med 92,jabalalifirst|med92,,,255,0,,,building,,,,a building outline of this name is on the map (1 footprint)
jabalalifirst,Jebel Ali,Mog 184,jabalalifirst|mog184,,,189,0,,,building,,,,a building outline of this name is on the map (1 footprint)
jabalalifirst,Jebel Ali,Mog 187,jabalalifirst|mog187,,,59,0,,,building,,,,a building outline of this name is on the map (1 footprint)
jabalalifirst,Jebel Ali,Mog 188,jabalalifirst|mog188,,,163,0,,,building,,,,a building outline of this name is on the map (1 footprint)
jabalalifirst,Jebel Ali,Mog 189,jabalalifirst|mog189,,,171,0,,,building,,,,a building outline of this name is on the map (1 footprint)
jabalalifirst,Jebel Ali,Mog 190,jabalalifirst|mog190,,,134,0,,,building,,,,a building outline of this name is on the map (1 footprint)
jabalalifirst,Jebel Ali,Mog 191,jabalalifirst|mog191,,,74,0,,,building,,,,a building outline of this name is on the map (1 footprint)
jabalalifirst,Jebel Ali,Mog 193,jabalalifirst|mog193,,,281,0,,,building,,,,a building outline of this name is on the map (1 footprint)
jabalalifirst,Jebel Ali,Mog 194,jabalalifirst|mog194,,,152,0,,,building,,,,a building outline of this name is on the map (1 footprint)
jabalalifirst,Jebel Ali,Mog 195,jabalalifirst|mog195,,,173,0,,,building,,,,a building outline of this name is on the map (1 footprint)
jabalalifirst,Jebel Ali,Mog 196,jabalalifirst|mog196,,,40,0,,,building,,,,a building outline of this name is on the map (1 footprint)
jabalalifirst,Jebel Ali,Mog 207,jabalalifirst|mog207,,,138,0,,,building,,,,a building outline of this name is on the map (1 footprint)
jabalalifirst,Jebel Ali,Mog 223,jabalalifirst|mog223,,,39,0,,,building,,,,a building outline of this name is on the map (1 footprint)
jabalalifirst,Jebel Ali,Mog 225,jabalalifirst|mog225,,,66,0,,,building,,,,a building outline of this name is on the map (1 footprint)
jabalalifirst,Jebel Ali,Mog 226,jabalalifirst|mog226,,,149,0,,,building,,,,a building outline of this name is on the map (1 footprint)
jabalalifirst,Jebel Ali,Murano Residence 1,jabalalifirst|muranoresidence1,1711,,155,4,,,building,,,,a building outline of this name is on the map (1 footprint)
jabalalifirst,Jebel Ali,Murano Residence 3,jabalalifirst|muranoresidence3,,,8,0,,,building,,,,a building outline of this name is on the map (1 footprint)
jabalalifirst,Jebel Ali,Nadine Residences,jabalalifirst|nadineresidences,2748,,146,17,,,building,,,,a building outline of this name is on the map (2 footprints)
jabalalifirst,Jebel Ali,Nadine Residences 2,jabalalifirst|nadineresidences2,2749,,139,16,,,building,,,,a building outline of this name is on the map (2 footprints)
jabalalifirst,Jebel Ali,PEARLZ by Danube,jabalalifirst|pearlz,2376,,406,26,,,building,,,,a building outline of this name is on the map (1 footprint)
jabalalifirst,Jebel Ali,PG UPPERHOUSE,jabalalifirst|pgupperhouse,2427,,135,12,,,building,,,,a building outline of this name is on the map (1 footprint)
jabalalifirst,Jebel Ali,PG Upper House,jabalalifirst|pgupperhouse,2427,,137,0,,,building,,,,a building outline of this name is on the map (1 footprint)
jabalalifirst,Jebel Ali,Prime Residency 3,jabalalifirst|primeresidency3,2276,,507,28,,,building,,,,a building outline of this name is on the map (1 footprint)
jabalalifirst,Jebel Ali,Roy Mediterranean Hotel Apartments,jabalalifirst|roymediterraneanhotelapartments,,,419,0,,,building,,,,a building outline of this name is on the map (1 footprint)
jabalalifirst,Jebel Ali,STARZ TOWER by DANUBE,jabalalifirst|starztower,1699,,251,49,,,building,,,,a building outline of this name is on the map (3 footprints)
jabalalifirst,Jebel Ali,Serene Gardens 2 by Prescott,jabalalifirst|serenegardens2,2872,,298,15,,,building,,,,a building outline of this name is on the map (1 footprint)
jabalalifirst,Jebel Ali,Serene Gardens by Prescott,jabalalifirst|serenegardens,2740,ACTIVE,215,25,,,building,,,,a building outline of this name is on the map (1 footprint)
jabalalifirst,Jebel Ali,Sobha Central,jabalalifirst|sobhacentral,3713;4328,ACTIVE,696,506,,,building,,,,a building outline of this name is on the map (1 footprint)
jabalalifirst,Jebel Ali,Sobha Central Phase I,jabalalifirst|sobhacentralphasei,3713,NOT_STARTED,1061,644,,,building,,,,a building outline of this name is on the map (1 footprint)
jabalalifirst,Jebel Ali,Sobha Central Phase II,jabalalifirst|sobhacentralphaseii,4042,NOT_STARTED,732,732,,,building,,,,a building outline of this name is on the map (1 footprint)
jabalalifirst,Jebel Ali,South Garden D,jabalalifirst|southgardend,3760,,210,210,,,building,,,,a building outline of this name is on the map (1 footprint)
jabalalifirst,Jebel Ali,South Garden E,jabalalifirst|southgardene,3761,,211,210,,,building,,,,a building outline of this name is on the map (1 footprint)
jabalalifirst,Jebel Ali,Starz Tower 1,jabalalifirst|starztower1,1699,,374,0,,,building,,,,a building outline of this name is on the map (2 footprints)
jabalalifirst,Jebel Ali,Starz Tower 2,jabalalifirst|starztower2,1699,,341,0,,,building,,,,a building outline of this name is on the map (2 footprints)
jabalalifirst,Jebel Ali,Sunbliss Residences by Purvanchal Real Estate Developers,jabalalifirst|sunblissresidences,3485,,120,48,,,building,,,,a building outline of this name is on the map (1 footprint)
jabalalifirst,Jebel Ali,Taya Residences,jabalalifirst|tayaresidences,,,50,0,,,building,,,,a building outline of this name is on the map (1 footprint)
jabalalifirst,Jebel Ali,The Stella Residences,jabalalifirst|thestellaresidences,2951,,245,12,,,building,,,,a building outline of this name is on the map (1 footprint)
jabalalifirst,Jebel Ali,Topaz Avenue,jabalalifirst|topazavenue,,,234,0,,,building,,,,a building outline of this name is on the map (1 footprint)
jabalalifirst,Jebel Ali,Victoria Residency,jabalalifirst|victoriaresidency,1739,,135,5,,,building,,,,a building outline of this name is on the map (1 footprint)
jabalalifirst,Jebel Ali,Westwood By Imtiaz,jabalalifirst|westwood,2431,,307,18,,,building,,,,a building outline of this name is on the map (1 footprint)
jabalaliindustrialsecond,Jebel Ali Industrial 2,Alexis Tower,jabalaliindustrialsecond|alexistower,2187,,455,51,,,building,,,,a building outline of this name is on the map (1 footprint)
jabalaliindustrialsecond,Jebel Ali Industrial 2,Azizi Aura Residences,jabalaliindustrialsecond|aziziauraresidences,1897,,682,48,,,building,,,,a building outline of this name is on the map (1 footprint)
jabalaliindustrialsecond,Jebel Ali Industrial 2,RAW DISTRICT 2 BY IMTIAZ,jabalaliindustrialsecond|rawdistrict2,4526,,48,30,,,building,,,,a building outline of this name is on the map (1 footprint)
jabalaliindustrialsecond,Jebel Ali Industrial 2,RAW DISTRICT BY IMTIAZ CR,jabalaliindustrialsecond|rawdistrict,4498,,351,351,,,building,,,,a building outline of this name is on the map (1 footprint)
jabalaliindustrialsecond,Jebel Ali Industrial 2,RAW DISTRICT BY IMTIAZ R,jabalaliindustrialsecond|rawdistrict,4500,,548,548,,,building,,,,a building outline of this name is on the map (1 footprint)
jabalaliindustrialsecond,Jebel Ali Industrial 2,Suburbia B,jabalaliindustrialsecond|suburbiab,422,,308,0,,,building,,,,a building outline of this name is on the map (1 footprint)
jltnorth,Jumeirah Lake Towers,ALSHERA TOWER,jltnorth|alsheratower,687,,536,8,,,building,,,,a building outline of this name is on the map (1 footprint)
jltnorth,Jumeirah Lake Towers,ARMADA TOWERS,jltnorth|armadatowers,1260,,298,25,,,building,,,,a building outline of this name is on the map (1 footprint)
jltnorth,Jumeirah Lake Towers,Al Seef 2,jltnorth|alseef2,48,,649,0,,,building,,,,a building outline of this name is on the map (1 footprint)
jltnorth,Jumeirah Lake Towers,Al Waleed Paradise,jltnorth|alwaleedparadise,3780,,428,0,,,building,,,,a building outline of this name is on the map (1 footprint)
jltnorth,Jumeirah Lake Towers,Armada 3,jltnorth|armada3,1260,,583,0,,,building,,,,a building outline of this name is on the map (1 footprint)
jltnorth,Jumeirah Lake Towers,BONNINGTON TOWER HOTEL & RESIDENCE DUBAI,jltnorth|bonningtontowerhotelresidencedubai,603,,572,21,,,building,,,,a building outline of this name is on the map (1 footprint)
jltnorth,Jumeirah Lake Towers,Banyan Tree Residences Hillside Dubai,jltnorth|banyantreeresidenceshillsidedubai,1990,,337,14,,,building,,,,a building outline of this name is on the map (1 footprint)
jltnorth,Jumeirah Lake Towers,CONCORDE TOWER,jltnorth|concordetower,883,,1174,37,,,building,,,,a building outline of this name is on the map (1 footprint)
jltnorth,Jumeirah Lake Towers,Dubai Arch Tower,jltnorth|dubaiarchtower,547,,841,20,,,building,,,,a building outline of this name is on the map (1 footprint)
jltnorth,Jumeirah Lake Towers,Dubai Star,jltnorth|dubaistar,102,,424,12,,,building,,,,a building outline of this name is on the map (1 footprint)
jltnorth,Jumeirah Lake Towers,Global Lake View,jltnorth|globallakeview,596,,896,31,,,building,,,,a building outline of this name is on the map (2 footprints)
jltnorth,Jumeirah Lake Towers,Gold Crest Executive,jltnorth|goldcrestexecutive,149,,700,22,,,building,,,,a building outline of this name is on the map (1 footprint)
jltnorth,Jumeirah Lake Towers,Gold Crest Views2,jltnorth|goldcrestviews2,150,,1182,36,,,building,,,,a building outline of this name is on the map (2 footprints)
jltnorth,Jumeirah Lake Towers,Goldcrest Views,jltnorth|goldcrestviews,,,857,0,,,building,,,,a building outline of this name is on the map (2 footprints)
jltnorth,Jumeirah Lake Towers,Green Lakes S2,jltnorth|greenlakess2,,,605,0,,,building,,,,a building outline of this name is on the map (1 footprint)
jltnorth,Jumeirah Lake Towers,Green Lakes S3,jltnorth|greenlakess3,,,508,0,,,building,,,,a building outline of this name is on the map (1 footprint)
jltnorth,Jumeirah Lake Towers,Hilton Residences Dubai Jumeirah Lakes Towers,jltnorth|hiltonresidencesdubaijumeirahlakestowers,2806,,64,64,,,building,,,,a building outline of this name is on the map (1 footprint)
jltnorth,Jumeirah Lake Towers,ICON 2,jltnorth|icon2,2554,,753,0,,,building,,,,a building outline of this name is on the map (1 footprint)
jltnorth,Jumeirah Lake Towers,Icon 1,jltnorth|icon1,,,779,0,,,building,,,,a building outline of this name is on the map (1 footprint)
jltnorth,Jumeirah Lake Towers,Indigo Tower,jltnorth|indigotower,172,,567,19,,,building,,,,a building outline of this name is on the map (1 footprint)
jltnorth,Jumeirah Lake Towers,Jhcwb,jltnorth|jhcwb,1103,,102,0,,,building,,,,a building outline of this name is on the map (1 footprint)
jltnorth,Jumeirah Lake Towers,Jumairah Bay Tower-x1-1,jltnorth|jumairahbaytowerx11,,,910,0,,,building,,,,a building outline of this name is on the map (1 footprint)
jltnorth,Jumeirah Lake Towers,LAKE SHORE TOWER,jltnorth|lakeshoretower,559,,1217,21,,,building,,,,a building outline of this name is on the map (1 footprint)
jltnorth,Jumeirah Lake Towers,Laguna Tower,jltnorth|lagunatower,389,,912,19,,,building,,,,a building outline of this name is on the map (1 footprint)
jltnorth,Jumeirah Lake Towers,Lake City Tower,jltnorth|lakecitytower,816,,943,29,,,building,,,,a building outline of this name is on the map (1 footprint)
jltnorth,Jumeirah Lake Towers,Lake Terrace,jltnorth|laketerrace,438,,1279,28,,,building,,,,a building outline of this name is on the map (1 footprint)
jltnorth,Jumeirah Lake Towers,Lake View,jltnorth|lakeview,437,,1142,33,,,building,,,,a building outline of this name is on the map (2 footprints)
jltnorth,Jumeirah Lake Towers,Lakepoint N2,jltnorth|lakepointn2,,,891,0,,,building,,,,a building outline of this name is on the map (1 footprint)
jltnorth,Jumeirah Lake Towers,Lakeside Residence,jltnorth|lakesideresidence,16,,586,20,,,building,,,,a building outline of this name is on the map (1 footprint)
jltnorth,Jumeirah Lake Towers,MAG 214,jltnorth|mag214,,,726,0,,,building,,,,a building outline of this name is on the map (1 footprint)
jltnorth,Jumeirah Lake Towers,MBL Residence,jltnorth|mblresidence,1934,,698,32,,,building,,,,a building outline of this name is on the map (1 footprint)
jltnorth,Jumeirah Lake Towers,MBL Royal,jltnorth|mblroyal,2410,,482,34,,,building,,,,a building outline of this name is on the map (1 footprint)
jltnorth,Jumeirah Lake Towers,ME DO RE 2,jltnorth|medore2,3056,,418,11,,,building,,,,a building outline of this name is on the map (1 footprint)
jltnorth,Jumeirah Lake Towers,Madina Tower,jltnorth|madinatower,75,,489,7,,,building,,,,a building outline of this name is on the map (1 footprint)
jltnorth,Jumeirah Lake Towers,NEW DUBAI GATE1,jltnorth|newdubaigate1,407,,1105,22,,,building,,,,a building outline of this name is on the map (1 footprint)
jltnorth,Jumeirah Lake Towers,NEW DUBAI GATE2,jltnorth|newdubaigate2,408,,769,33,,,building,,,,a building outline of this name is on the map (1 footprint)
jltnorth,Jumeirah Lake Towers,O2 Residences,jltnorth|o2residences,,,502,0,,,building,,,,a building outline of this name is on the map (1 footprint)
jltnorth,Jumeirah Lake Towers,Orra The Embankment,jltnorth|orratheembankment,360,,352,28,,,building,,,,a building outline of this name is on the map (1 footprint)
jltnorth,Jumeirah Lake Towers,Orra The Embankment - Tower 1,jltnorth|orratheembankmenttower1,360,,354,0,,,building,,,,a building outline of this name is on the map (1 footprint)
jltnorth,Jumeirah Lake Towers,Palladium,jltnorth|palladium,86,,411,16,,,building,,,,a building outline of this name is on the map (2 footprints)
jltnorth,Jumeirah Lake Towers,SABA TOWER 2,jltnorth|sabatower2,463,,880,17,,,building,,,,a building outline of this name is on the map (1 footprint)
jltnorth,Jumeirah Lake Towers,Saba 3,jltnorth|saba3,464,,796,0,,,building,,,,a building outline of this name is on the map (1 footprint)
jltnorth,Jumeirah Lake Towers,Saba 4,jltnorth|saba4,2851,,261,79,,,building,,,,a building outline of this name is on the map (1 footprint)
jltnorth,Jumeirah Lake Towers,Seef 3,jltnorth|seef3,,,393,0,,,building,,,,a building outline of this name is on the map (1 footprint)
jltnorth,Jumeirah Lake Towers,Signature Lifestyle Residences,jltnorth|signaturelifestyleresidences,3295,,115,7,,,building,,,,a building outline of this name is on the map (1 footprint)
jltnorth,Jumeirah Lake Towers,Tamweel Tower,jltnorth|tamweeltower,,,362,0,,,building,,,,a building outline of this name is on the map (1 footprint)
jltnorth,Jumeirah Lake Towers,The Residences,jltnorth|theresidences,1758,,98,3,,,building,,,,a building outline of this name is on the map (1 footprint)
jltnorth,Jumeirah Lake Towers,The Wind Tower I,jltnorth|thewindtoweri,398,,733,21,,,building,,,,a building outline of this name is on the map (2 footprints)
jltnorth,Jumeirah Lake Towers,The Wind Tower II,jltnorth|thewindtowerii,399,,216,7,,,building,,,,a building outline of this name is on the map (2 footprints)
jltnorth,Jumeirah Lake Towers,Uptown Tower,jltnorth|uptowntower,,,247,0,,,building,,,,a building outline of this name is on the map (1 footprint)
jltnorth,Jumeirah Lake Towers,Verde by Sobha,jltnorth|verde,2583,ACTIVE,644,32,,,building,,,,a building outline of this name is on the map (2 footprints)
jltnorth,Jumeirah Lake Towers,Viewz 1 By Danube,jltnorth|viewz1,2554,,607,22,,,building,,,,a building outline of this name is on the map (1 footprint)
jumeirahvillagecircle,Jumeirah Village Circle,10 OXFORD by IMAN,jumeirahvillagecircle|10oxford,2837,,508,38,,,building,,,,a building outline of this name is on the map (1 footprint)
jumeirahvillagecircle,Jumeirah Village Circle,105 Residences by Kamdar,jumeirahvillagecircle|105residences,3310,,56,13,,,building,,,,a building outline of this name is on the map (1 footprint)
jumeirahvillagecircle,Jumeirah Village Circle,7 Park Central By Meteora,jumeirahvillagecircle|7parkcentral,2557,,128,4,,,building,,,,a building outline of this name is on the map (1 footprint)
jumeirahvillagecircle,Jumeirah Village Circle,AKA Residence,jumeirahvillagecircle|akaresidence,2563,,215,0,,,building,,,,a building outline of this name is on the map (1 footprint)
jumeirahvillagecircle,Jumeirah Village Circle,AMARIS Residences,jumeirahvillagecircle|amarisresidences,,,2,0,,,building,,,,a building outline of this name is on the map (1 footprint)
jumeirahvillagecircle,Jumeirah Village Circle,AURA by Grovy,jumeirahvillagecircle|aura,2440,,170,18,,,building,,,,a building outline of this name is on the map (1 footprint)
jumeirahvillagecircle,Jumeirah Village Circle,Aces Chateau,jumeirahvillagecircle|aceschateau,1571,,96,5,,,building,,,,a building outline of this name is on the map (1 footprint)
jumeirahvillagecircle,Jumeirah Village Circle,Alef Noon Residence,jumeirahvillagecircle|alefnoonresidence,2618,,63,16,,,building,,,,a building outline of this name is on the map (1 footprint)
jumeirahvillagecircle,Jumeirah Village Circle,Alfal Residences,jumeirahvillagecircle|alfalresidences,3190,,16,11,,,building,,,,a building outline of this name is on the map (1 footprint)
jumeirahvillagecircle,Jumeirah Village Circle,Almaan 101,jumeirahvillagecircle|almaan101,3402,,31,31,,,building,,,,a building outline of this name is on the map (1 footprint)
jumeirahvillagecircle,Jumeirah Village Circle,Aptos Residenza,jumeirahvillagecircle|aptosresidenza,2659,,61,0,,,building,,,,a building outline of this name is on the map (1 footprint)
jumeirahvillagecircle,Jumeirah Village Circle,Aria,jumeirahvillagecircle|aria,2179,,190,5,,,building,,,,a building outline of this name is on the map (1 footprint)
jumeirahvillagecircle,Jumeirah Village Circle,Ashton Park Residences,jumeirahvillagecircle|ashtonparkresidences,2833,ACTIVE,128,19,,,building,,,,a building outline of this name is on the map (1 footprint)
jumeirahvillagecircle,Jumeirah Village Circle,Ashton Park Residences The Second,jumeirahvillagecircle|ashtonparkresidencesthesecond,3263,,200,6,,,building,,,,a building outline of this name is on the map (1 footprint)
jumeirahvillagecircle,Jumeirah Village Circle,Astoria Residence,jumeirahvillagecircle|astoriaresidence,946,,194,0,,,building,,,,a building outline of this name is on the map (1 footprint)
jumeirahvillagecircle,Jumeirah Village Circle,Auresta Tower,jumeirahvillagecircle|aurestatower,3734,,466,369,,,building,,,,a building outline of this name is on the map (1 footprint)
jumeirahvillagecircle,Jumeirah Village Circle,Autumn 1,jumeirahvillagecircle|autumn1,142,,552,0,,,building,,,,a building outline of this name is on the map (1 footprint)
jumeirahvillagecircle,Jumeirah Village Circle,Avalon Tower,jumeirahvillagecircle|avalontower,,,354,0,,,building,,,,a building outline of this name is on the map (1 footprint)
jumeirahvillagecircle,Jumeirah Village Circle,Avana Residences by DECA Real Estate Development,jumeirahvillagecircle|avanaresidences,3790,,102,102,,,building,,,,a building outline of this name is on the map (1 footprint)
jumeirahvillagecircle,Jumeirah Village Circle,Avanos,jumeirahvillagecircle|avanos,2301,,160,12,,,building,,,,a building outline of this name is on the map (1 footprint)
jumeirahvillagecircle,Jumeirah Village Circle,Aveline Residences by Citi Developers,jumeirahvillagecircle|avelineresidences,2864,,250,49,,,building,,,,a building outline of this name is on the map (1 footprint)
jumeirahvillagecircle,Jumeirah Village Circle,Azizi Ruby,jumeirahvillagecircle|aziziruby,3529,,97,86,,,building,,,,a building outline of this name is on the map (1 footprint)
jumeirahvillagecircle,Jumeirah Village Circle,BLOOM HEIGHTS,jumeirahvillagecircle|bloomheights,1796,,787,49,,,building,,,,a building outline of this name is on the map (1 footprint)
jumeirahvillagecircle,Jumeirah Village Circle,Belgravia,jumeirahvillagecircle|belgravia,1713;1820,FINISHED,356,10,,,building,,,,a building outline of this name is on the map (4 footprints)
jumeirahvillagecircle,Jumeirah Village Circle,Belgravia 2,jumeirahvillagecircle|belgravia2,1820,,16,16,,,building,,,,a building outline of this name is on the map (1 footprint)
jumeirahvillagecircle,Jumeirah Village Circle,Belgravia Heights I,jumeirahvillagecircle|belgraviaheightsi,2011,,208,7,,,building,,,,a building outline of this name is on the map (2 footprints)
jumeirahvillagecircle,Jumeirah Village Circle,Belgravia Heights II,jumeirahvillagecircle|belgraviaheightsii,2064,,203,19,,,building,,,,a building outline of this name is on the map (2 footprints)
jumeirahvillagecircle,Jumeirah Village Circle,Belgravia III,jumeirahvillagecircle|belgraviaiii,1922,,314,25,,,building,,,,a building outline of this name is on the map (1 footprint)
jumeirahvillagecircle,Jumeirah Village Circle,Belle Reve By Zimaya,jumeirahvillagecircle|bellereve,3027,,8,8,,,building,,,,a building outline of this name is on the map (1 footprint)
jumeirahvillagecircle,Jumeirah Village Circle,Beverly Crown,jumeirahvillagecircle|beverlycrown,1987,,303,0,,,building,,,,a building outline of this name is on the map (1 footprint)
jumeirahvillagecircle,Jumeirah Village Circle,Binghatti Amber,jumeirahvillagecircle|binghattiamber,2673,,889,68,,,building,,,,a building outline of this name is on the map (1 footprint)
jumeirahvillagecircle,Jumeirah Village Circle,Binghatti Amberhall,jumeirahvillagecircle|binghattiamberhall,3552,NOT_STARTED,613,613,,,building,,,,a building outline of this name is on the map (1 footprint)
jumeirahvillagecircle,Jumeirah Village Circle,Binghatti Apex,jumeirahvillagecircle|binghattiapex,3066,,606,264,,,building,,,,a building outline of this name is on the map (1 footprint)
jumeirahvillagecircle,Jumeirah Village Circle,Binghatti Aurora,jumeirahvillagecircle|binghattiaurora,3165,,320,77,,,building,,,,a building outline of this name is on the map (1 footprint)
jumeirahvillagecircle,Jumeirah Village Circle,Binghatti Azure,jumeirahvillagecircle|binghattiazure,2862,,764,136,,,building,,,,a building outline of this name is on the map (1 footprint)
jumeirahvillagecircle,Jumeirah Village Circle,Binghatti Corner,jumeirahvillagecircle|binghatticorner,2478,,1094,62,,,building,,,,a building outline of this name is on the map (1 footprint)
jumeirahvillagecircle,Jumeirah Village Circle,Binghatti Crescent,jumeirahvillagecircle|binghatticrescent,2535,,253,17,,,building,,,,a building outline of this name is on the map (1 footprint)
jumeirahvillagecircle,Jumeirah Village Circle,Binghatti Crest,jumeirahvillagecircle|binghatticrest,2473,,292,26,,,building,,,,a building outline of this name is on the map (1 footprint)
jumeirahvillagecircle,Jumeirah Village Circle,Binghatti Emerald,jumeirahvillagecircle|binghattiemerald,2571,,430,23,,,building,,,,a building outline of this name is on the map (1 footprint)
jumeirahvillagecircle,Jumeirah Village Circle,Binghatti Etherea,jumeirahvillagecircle|binghattietherea,4303,ACTIVE,40,36,,,building,,,,a building outline of this name is on the map (1 footprint)
jumeirahvillagecircle,Jumeirah Village Circle,Binghatti Galaxy,jumeirahvillagecircle|binghattigalaxy,2914,,92,14,,,building,,,,a building outline of this name is on the map (1 footprint)
jumeirahvillagecircle,Jumeirah Village Circle,Binghatti Gate,jumeirahvillagecircle|binghattigate,2232,,226,12,,,building,,,,a building outline of this name is on the map (1 footprint)
jumeirahvillagecircle,Jumeirah Village Circle,Binghatti Grove,jumeirahvillagecircle|binghattigrove,3314,,343,73,,,building,,,,a building outline of this name is on the map (1 footprint)
jumeirahvillagecircle,Jumeirah Village Circle,Binghatti Heights,jumeirahvillagecircle|binghattiheights,2415,,590,34,,,building,,,,a building outline of this name is on the map (1 footprint)
jumeirahvillagecircle,Jumeirah Village Circle,Binghatti Jasmine,jumeirahvillagecircle|binghattijasmine,2386,,151,8,,,building,,,,a building outline of this name is on the map (1 footprint)
jumeirahvillagecircle,Jumeirah Village Circle,Binghatti Lavender,jumeirahvillagecircle|binghattilavender,2825,,213,14,,,building,,,,a building outline of this name is on the map (1 footprint)
jumeirahvillagecircle,Jumeirah Village Circle,Binghatti Luna,jumeirahvillagecircle|binghattiluna,2441,,328,7,,,building,,,,a building outline of this name is on the map (1 footprint)
jumeirahvillagecircle,Jumeirah Village Circle,Binghatti Mirage,jumeirahvillagecircle|binghattimirage,2233,,243,11,,,building,,,,a building outline of this name is on the map (1 footprint)
jumeirahvillagecircle,Jumeirah Village Circle,Binghatti Nova,jumeirahvillagecircle|binghattinova,2494,,326,13,,,building,,,,a building outline of this name is on the map (1 footprint)
jumeirahvillagecircle,Jumeirah Village Circle,Binghatti Orchid,jumeirahvillagecircle|binghattiorchid,2672,,413,43,,,building,,,,a building outline of this name is on the map (1 footprint)
jumeirahvillagecircle,Jumeirah Village Circle,Binghatti Phantom,jumeirahvillagecircle|binghattiphantom,2958,,401,47,,,building,,,,a building outline of this name is on the map (1 footprint)
jumeirahvillagecircle,Jumeirah Village Circle,Binghatti Rose,jumeirahvillagecircle|binghattirose,2326,,251,10,,,building,,,,a building outline of this name is on the map (1 footprint)
jumeirahvillagecircle,Jumeirah Village Circle,Binghatti Ruby,jumeirahvillagecircle|binghattiruby,3533,,545,371,,,building,,,,a building outline of this name is on the map (1 footprint)
jumeirahvillagecircle,Jumeirah Village Circle,Bloom Towers,jumeirahvillagecircle|bloomtowers,1888,,1160,64,,,building,,,,a building outline of this name is on the map (1 footprint)
jumeirahvillagecircle,Jumeirah Village Circle,Bloom Towers B,jumeirahvillagecircle|bloomtowersb,1888,,541,0,,,building,,,,a building outline of this name is on the map (1 footprint)
jumeirahvillagecircle,Jumeirah Village Circle,Blossom 76 by Tranquil,jumeirahvillagecircle|blossom76,3113,,75,50,,,building,,,,a building outline of this name is on the map (1 footprint)
jumeirahvillagecircle,Jumeirah Village Circle,Blue Bell Residences,jumeirahvillagecircle|bluebellresidences,3677,,157,0,,,building,,,,a building outline of this name is on the map (1 footprint)
jumeirahvillagecircle,Jumeirah Village Circle,CHAIMAA AVENUE,jumeirahvillagecircle|chaimaaavenue,2183;2275,,137,6,,,building,,,,a building outline of this name is on the map (1 footprint)
jumeirahvillagecircle,Jumeirah Village Circle,Cappadocia,jumeirahvillagecircle|cappadocia,634,,225,4,,,building,,,,a building outline of this name is on the map (1 footprint)
jumeirahvillagecircle,Jumeirah Village Circle,Catch Residences By IGO,jumeirahvillagecircle|catchresidences,2339,,240,12,,,building,,,,a building outline of this name is on the map (1 footprint)
jumeirahvillagecircle,Jumeirah Village Circle,Celestara Residences,jumeirahvillagecircle|celestararesidences,3572,,27,27,,,building,,,,a building outline of this name is on the map (1 footprint)
jumeirahvillagecircle,Jumeirah Village Circle,Chaimaa Avenue 2,jumeirahvillagecircle|chaimaaavenue2,2275,FINISHED,129,5,,,building,,,,a building outline of this name is on the map (1 footprint)
jumeirahvillagecircle,Jumeirah Village Circle,Chaimaa Premiere,jumeirahvillagecircle|chaimaapremiere,1971,,130,4,,,building,,,,a building outline of this name is on the map (1 footprint)
jumeirahvillagecircle,Jumeirah Village Circle,Crystal Residence,jumeirahvillagecircle|crystalresidence,1752,,361,7,,,building,,,,a building outline of this name is on the map (1 footprint)
jumeirahvillagecircle,Jumeirah Village Circle,Cubix Residences,jumeirahvillagecircle|cubixresidences,2812,,73,8,,,building,,,,a building outline of this name is on the map (1 footprint)
jumeirahvillagecircle,Jumeirah Village Circle,DANA TOWER,jumeirahvillagecircle|danatower,815,,14,14,,,building,,,,a building outline of this name is on the map (1 footprint)
jumeirahvillagecircle,Jumeirah Village Circle,Dar Al Jawhara,jumeirahvillagecircle|daraljawhara,1923,,75,1,,,building,,,,a building outline of this name is on the map (1 footprint)
jumeirahvillagecircle,Jumeirah Village Circle,Dezire Residences,jumeirahvillagecircle|dezireresidences,1725,,121,16,,,building,,,,a building outline of this name is on the map (1 footprint)
jumeirahvillagecircle,Jumeirah Village Circle,Diamond Views 1,jumeirahvillagecircle|diamondviews1,223,,428,21,,,building,,,,a building outline of this name is on the map (1 footprint)
jumeirahvillagecircle,Jumeirah Village Circle,Diamond Views 2,jumeirahvillagecircle|diamondviews2,217,,419,14,,,building,,,,a building outline of this name is on the map (1 footprint)
jumeirahvillagecircle,Jumeirah Village Circle,Diamond Views 3,jumeirahvillagecircle|diamondviews3,1427,,604,23,,,building,,,,a building outline of this name is on the map (1 footprint)
jumeirahvillagecircle,Jumeirah Village Circle,Dune Residency Dubai,jumeirahvillagecircle|duneresidencydubai,2056,,123,16,,,building,,,,a building outline of this name is on the map (1 footprint)
jumeirahvillagecircle,Jumeirah Village Circle,Dusit Princess Rijas,jumeirahvillagecircle|dusitprincessrijas,,,213,0,,,building,,,,a building outline of this name is on the map (1 footprint)
jumeirahvillagecircle,Jumeirah Village Circle,Dusk by Binghatti,jumeirahvillagecircle|dusk,3024,,120,16,,,building,,,,a building outline of this name is on the map (1 footprint)
jumeirahvillagecircle,Jumeirah Village Circle,ELYSEE II by PANTHEON,jumeirahvillagecircle|elyseeii,2224,FINISHED,226,20,,,building,,,,a building outline of this name is on the map (1 footprint)
jumeirahvillagecircle,Jumeirah Village Circle,EMIRATES GARDEN II - MAGNOLIA,jumeirahvillagecircle|emiratesgardeniimagnolia,1435,FINISHED,21,21,,,building,,,,a building outline of this name is on the map (1 footprint)
jumeirahvillagecircle,Jumeirah Village Circle,Eaton Place,jumeirahvillagecircle|eatonplace,1871,,186,10,,,building,,,,a building outline of this name is on the map (1 footprint)
jumeirahvillagecircle,Jumeirah Village Circle,Elysee Heights,jumeirahvillagecircle|elyseeheights,2660,,192,6,,,building,,,,a building outline of this name is on the map (1 footprint)
jumeirahvillagecircle,Jumeirah Village Circle,Elysee III by Pantheon,jumeirahvillagecircle|elyseeiii,2298,FINISHED,403,24,,,building,,,,a building outline of this name is on the map (1 footprint)
jumeirahvillagecircle,Jumeirah Village Circle,Emirates Garden I - Gardenia,jumeirahvillagecircle|emiratesgardenigardenia,1433,,360,18,,,building,,,,a building outline of this name is on the map (1 footprint)
jumeirahvillagecircle,Jumeirah Village Circle,Emirates Garden II - Magnolia 1,jumeirahvillagecircle|emiratesgardeniimagnolia1,,,327,0,,,building,,,,a building outline of this name is on the map (1 footprint)
jumeirahvillagecircle,Jumeirah Village Circle,Emirates Garden II - Mulberry 1,jumeirahvillagecircle|emiratesgardeniimulberry1,1119,,246,0,,,building,,,,a building outline of this name is on the map (1 footprint)
jumeirahvillagecircle,Jumeirah Village Circle,Emirates Garden II - Mulberry 2,jumeirahvillagecircle|emiratesgardeniimulberry2,,,320,0,,,building,,,,a building outline of this name is on the map (1 footprint)
jumeirahvillagecircle,Jumeirah Village Circle,Empire Residence,jumeirahvillagecircle|empireresidence,1920,,185,12,,,building,,,,a building outline of this name is on the map (1 footprint)
jumeirahvillagecircle,Jumeirah Village Circle,Esplora Residences,jumeirahvillagecircle|esploraresidences,,,29,0,,,building,,,,a building outline of this name is on the map (1 footprint)
jumeirahvillagecircle,Jumeirah Village Circle,FORTUNATO,jumeirahvillagecircle|fortunato,189,FINISHED,163,16,,,building,,,,a building outline of this name is on the map (1 footprint)
jumeirahvillagecircle,Jumeirah Village Circle,Five at Jumeirah Village Circle Dubai,jumeirahvillagecircle|fiveatjumeirahvillagecircledubai,,,620,0,,,building,,,,a building outline of this name is on the map (1 footprint)
jumeirahvillagecircle,Jumeirah Village Circle,Floarea Skies,jumeirahvillagecircle|floareaskies,3717,,147,146,,,building,,,,a building outline of this name is on the map (1 footprint)
jumeirahvillagecircle,Jumeirah Village Circle,Fortunato 1,jumeirahvillagecircle|fortunato1,189,,609,0,,,building,,,,a building outline of this name is on the map (1 footprint)
jumeirahvillagecircle,Jumeirah Village Circle,G-24,jumeirahvillagecircle|g24,,,192,0,,,building,,,,a building outline of this name is on the map (1 footprint)
jumeirahvillagecircle,Jumeirah Village Circle,GHARBI II RESIDENCES,jumeirahvillagecircle|gharbiiiresidences,3258,ACTIVE,45,45,,,building,,,,a building outline of this name is on the map (1 footprint)
jumeirahvillagecircle,Jumeirah Village Circle,Gardenia1 & 2,jumeirahvillagecircle|gardenia12,647,PENDING,84,0,,,building,,,,a building outline of this name is on the map (2 footprints)
jumeirahvillagecircle,Jumeirah Village Circle,Gateway By Premier Choice,jumeirahvillagecircle|gateway,2688,,118,30,,,building,,,,a building outline of this name is on the map (1 footprint)
jumeirahvillagecircle,Jumeirah Village Circle,Ghalia,jumeirahvillagecircle|ghalia,1505,,1168,59,,,building,,,,a building outline of this name is on the map (1 footprint)
jumeirahvillagecircle,Jumeirah Village Circle,Gharbi II Residence,jumeirahvillagecircle|gharbiiiresidence,3258,,225,0,,,building,,,,a building outline of this name is on the map (1 footprint)
jumeirahvillagecircle,Jumeirah Village Circle,Golden Dream Tower 1,jumeirahvillagecircle|goldendreamtower1,,,92,0,,,building,,,,a building outline of this name is on the map (1 footprint)
jumeirahvillagecircle,Jumeirah Village Circle,Golden Homes,jumeirahvillagecircle|goldenhomes,,,72,0,,,building,,,,a building outline of this name is on the map (1 footprint)
jumeirahvillagecircle,Jumeirah Village Circle,H Three By Aurora,jumeirahvillagecircle|hthree,2763,FINISHED,178,35,,,building,,,,a building outline of this name is on the map (2 footprints)
jumeirahvillagecircle,Jumeirah Village Circle,HILLMONT RESIDENCES BY ELLINGTON,jumeirahvillagecircle|hillmontresidences,3081,,4,4,,,building,,,,a building outline of this name is on the map (1 footprint)
jumeirahvillagecircle,Jumeirah Village Circle,HYATI RESIDENCE,jumeirahvillagecircle|hyatiresidence,1678,FINISHED,103,12,,,building,,,,a building outline of this name is on the map (1 footprint)
jumeirahvillagecircle,Jumeirah Village Circle,Hameni Tower,jumeirahvillagecircle|hamenitower,1541,,862,0,,,building,,,,a building outline of this name is on the map (1 footprint)
jumeirahvillagecircle,Jumeirah Village Circle,Hanover Square,jumeirahvillagecircle|hanoversquare,635,,780,59,,,building,,,,a building outline of this name is on the map (1 footprint)
jumeirahvillagecircle,Jumeirah Village Circle,Harrington House,jumeirahvillagecircle|harringtonhouse,2277,,157,11,,,building,,,,a building outline of this name is on the map (1 footprint)
jumeirahvillagecircle,Jumeirah Village Circle,Helvetia Residences,jumeirahvillagecircle|helvetiaresidences,2890,,360,64,,,building,,,,a building outline of this name is on the map (1 footprint)
jumeirahvillagecircle,Jumeirah Village Circle,Hillmont Residences,jumeirahvillagecircle|hillmontresidences,3081,,158,0,,,building,,,,a building outline of this name is on the map (1 footprint)
jumeirahvillagecircle,Jumeirah Village Circle,Hyati Avenue,jumeirahvillagecircle|hyatiavenue,2108,,159,10,,,building,,,,a building outline of this name is on the map (1 footprint)
jumeirahvillagecircle,Jumeirah Village Circle,Hyati Residences Apartment Building,jumeirahvillagecircle|hyatiresidencesapartmentbuilding,1678,,180,0,,,building,,,,a building outline of this name is on the map (1 footprint)
jumeirahvillagecircle,Jumeirah Village Circle,INDIGO VILLE 3,jumeirahvillagecircle|indigoville3,,,16,2,,,building,,,,a building outline of this name is on the map (1 footprint)
jumeirahvillagecircle,Jumeirah Village Circle,JEEWAR by Badr,jumeirahvillagecircle|jeewar,3078,,115,0,,,building,,,,a building outline of this name is on the map (1 footprint)
jumeirahvillagecircle,Jumeirah Village Circle,Knight Bridge Court & Kensngton Manor,jumeirahvillagecircle|knightbridgecourtkensngtonmanor,637,,368,39,,,building,,,,a building outline of this name is on the map (1 footprint)
jumeirahvillagecircle,Jumeirah Village Circle,LUCKY RESIDENCE,jumeirahvillagecircle|luckyresidence,2197,FINISHED,248,11,,,building,,,,a building outline of this name is on the map (1 footprint)
jumeirahvillagecircle,Jumeirah Village Circle,La-Riviera Apartments,jumeirahvillagecircle|larivieraapartments,1809,,8,8,,,building,,,,a building outline of this name is on the map (1 footprint)
jumeirahvillagecircle,Jumeirah Village Circle,Lariviera Estate-b,jumeirahvillagecircle|larivieraestateb,,,259,0,,,building,,,,a building outline of this name is on the map (4 footprints)
jumeirahvillagecircle,Jumeirah Village Circle,Laya Mansion,jumeirahvillagecircle|layamansion,2030,,316,22,,,building,,,,a building outline of this name is on the map (1 footprint)
jumeirahvillagecircle,Jumeirah Village Circle,Laya Residences,jumeirahvillagecircle|layaresidences,1766,,279,23,,,building,,,,a building outline of this name is on the map (1 footprint)
jumeirahvillagecircle,Jumeirah Village Circle,Le Grand Chateau,jumeirahvillagecircle|legrandchateau,1474,,453,18,,,building,,,,a building outline of this name is on the map (1 footprint)
jumeirahvillagecircle,Jumeirah Village Circle,Livel Residenza,jumeirahvillagecircle|livelresidenza,3072,,19,19,,,building,,,,a building outline of this name is on the map (1 footprint)
jumeirahvillagecircle,Jumeirah Village Circle,Living Garden II,jumeirahvillagecircle|livinggardenii,2058,FINISHED,161,6,,,building,,,,a building outline of this name is on the map (1 footprint)
jumeirahvillagecircle,Jumeirah Village Circle,Lodge Residences by Riviera Azure,jumeirahvillagecircle|lodgeresidences,3227,,50,4,,,building,,,,a building outline of this name is on the map (1 footprint)
jumeirahvillagecircle,Jumeirah Village Circle,Lolena,jumeirahvillagecircle|lolena,249,,178,8,,,building,,,,a building outline of this name is on the map (1 footprint)
jumeirahvillagecircle,Jumeirah Village Circle,Lucky Oasis Residence,jumeirahvillagecircle|luckyoasisresidence,2888,,119,29,,,building,,,,a building outline of this name is on the map (1 footprint)
jumeirahvillagecircle,Jumeirah Village Circle,Lucky Residences,jumeirahvillagecircle|luckyresidences,2197,,252,0,,,building,,,,a building outline of this name is on the map (1 footprint)
jumeirahvillagecircle,Jumeirah Village Circle,Luma Park Views,jumeirahvillagecircle|lumaparkviews,2676,,547,281,,,building,,,,a building outline of this name is on the map (1 footprint)
jumeirahvillagecircle,Jumeirah Village Circle,Luma22,jumeirahvillagecircle|luma22,2518,,492,16,,,building,,,,a building outline of this name is on the map (1 footprint)
jumeirahvillagecircle,Jumeirah Village Circle,Lumina Vista Residences,jumeirahvillagecircle|luminavistaresidences,2791,,76,10,,,building,,,,a building outline of this name is on the map (1 footprint)
jumeirahvillagecircle,Jumeirah Village Circle,Luxury Family Residence,jumeirahvillagecircle|luxuryfamilyresidence,2353,,292,2,,,building,,,,a building outline of this name is on the map (1 footprint)
jumeirahvillagecircle,Jumeirah Village Circle,MANHATTAN,jumeirahvillagecircle|manhattan,178,,801,21,,,building,,,,a building outline of this name is on the map (1 footprint)
jumeirahvillagecircle,Jumeirah Village Circle,MIRABELLA,jumeirahvillagecircle|mirabella,204,FINISHED,12,1,,,building,,,,a building outline of this name is on the map (1 footprint)
jumeirahvillagecircle,Jumeirah Village Circle,MIRABELLA 4,jumeirahvillagecircle|mirabella4,,,15,1,,,building,,,,a building outline of this name is on the map (1 footprint)
jumeirahvillagecircle,Jumeirah Village Circle,MULBERRY PARK,jumeirahvillagecircle|mulberrypark,402,FINISHED,27,5,,,building,,,,a building outline of this name is on the map (1 footprint)
jumeirahvillagecircle,Jumeirah Village Circle,Maimoon Gardens,jumeirahvillagecircle|maimoongardens,2412,,745,44,,,building,,,,a building outline of this name is on the map (1 footprint)
jumeirahvillagecircle,Jumeirah Village Circle,Maimoon Gardens at JVC Dubai,jumeirahvillagecircle|maimoongardensatjvcdubai,2412,,395,0,,,building,,,,a building outline of this name is on the map (1 footprint)
jumeirahvillagecircle,Jumeirah Village Circle,Maison Elysee I,jumeirahvillagecircle|maisonelyseei,2905,ACTIVE,277,49,,,building,,,,a building outline of this name is on the map (1 footprint)
jumeirahvillagecircle,Jumeirah Village Circle,Maison Elysee II,jumeirahvillagecircle|maisonelyseeii,2902,ACTIVE,254,46,,,building,,,,a building outline of this name is on the map (1 footprint)
jumeirahvillagecircle,Jumeirah Village Circle,Maison Elysee III By Pantheon,jumeirahvillagecircle|maisonelyseeiii,3281,,277,109,,,building,,,,a building outline of this name is on the map (1 footprint)
jumeirahvillagecircle,Jumeirah Village Circle,Manhattan 1 by SD,jumeirahvillagecircle|manhattan1,2794,ACTIVE,196,7,,,building,,,,a building outline of this name is on the map (1 footprint)
jumeirahvillagecircle,Jumeirah Village Circle,Manhattan 2 by SD,jumeirahvillagecircle|manhattan2,2802,ACTIVE,194,8,,,building,,,,a building outline of this name is on the map (1 footprint)
jumeirahvillagecircle,Jumeirah Village Circle,Marwa Heights,jumeirahvillagecircle|marwaheights,2062,,186,16,,,building,,,,a building outline of this name is on the map (1 footprint)
jumeirahvillagecircle,Jumeirah Village Circle,Masaar Residences,jumeirahvillagecircle|masaarresidences,1358,,193,10,,,building,,,,a building outline of this name is on the map (1 footprint)
jumeirahvillagecircle,Jumeirah Village Circle,Mass Residence,jumeirahvillagecircle|massresidence,3182,,66,7,,,building,,,,a building outline of this name is on the map (1 footprint)
jumeirahvillagecircle,Jumeirah Village Circle,May Residence,jumeirahvillagecircle|mayresidence,1692,,409,36,,,building,,,,a building outline of this name is on the map (2 footprints)
jumeirahvillagecircle,Jumeirah Village Circle,May Residence Tower 5,jumeirahvillagecircle|mayresidencetower5,1692,,95,0,,,building,,,,a building outline of this name is on the map (2 footprints)
jumeirahvillagecircle,Jumeirah Village Circle,Mayas Geneva,jumeirahvillagecircle|mayasgeneva,2421,,95,10,,,building,,,,a building outline of this name is on the map (1 footprint)
jumeirahvillagecircle,Jumeirah Village Circle,Mi Casa By London Gate Real Estate Development,jumeirahvillagecircle|micasa,3647,,51,51,,,building,,,,a building outline of this name is on the map (1 footprint)
jumeirahvillagecircle,Jumeirah Village Circle,Milano Giovanni Boutique Suites,jumeirahvillagecircle|milanogiovanniboutiquesuites,,,214,0,,,building,,,,a building outline of this name is on the map (1 footprint)
jumeirahvillagecircle,Jumeirah Village Circle,NOORA RESIDENCE,jumeirahvillagecircle|nooraresidence,705,,223,0,,,building,,,,a building outline of this name is on the map (1 footprint)
jumeirahvillagecircle,Jumeirah Village Circle,NOORA RESIDENCE 1,jumeirahvillagecircle|nooraresidence1,705,FINISHED,52,5,,,building,,,,a building outline of this name is on the map (1 footprint)
jumeirahvillagecircle,Jumeirah Village Circle,Neva Residences,jumeirahvillagecircle|nevaresidences,2544,,445,65,,,building,,,,a building outline of this name is on the map (1 footprint)
jumeirahvillagecircle,Jumeirah Village Circle,North Forty Three Serviced Residences,jumeirahvillagecircle|northfortythreeservicedresidences,,,237,0,,,building,,,,a building outline of this name is on the map (1 footprint)
jumeirahvillagecircle,Jumeirah Village Circle,ONE PARK CENTRAL BY IMAN,jumeirahvillagecircle|oneparkcentral,2969,,497,14,,,building,,,,a building outline of this name is on the map (1 footprint)
jumeirahvillagecircle,Jumeirah Village Circle,ONE PARK SQUARE BY IMAN,jumeirahvillagecircle|oneparksquare,3366,NOT_STARTED,41,41,,,building,,,,a building outline of this name is on the map (1 footprint)
jumeirahvillagecircle,Jumeirah Village Circle,Oakley Square Residences,jumeirahvillagecircle|oakleysquareresidences,2304,,435,29,,,building,,,,a building outline of this name is on the map (1 footprint)
jumeirahvillagecircle,Jumeirah Village Circle,Olivo Park Residences by Evera,jumeirahvillagecircle|olivoparkresidences,3338,,117,42,,,building,,,,a building outline of this name is on the map (1 footprint)
jumeirahvillagecircle,Jumeirah Village Circle,One Park Central,jumeirahvillagecircle|oneparkcentral,2969,,498,0,,,building,,,,a building outline of this name is on the map (1 footprint)
jumeirahvillagecircle,Jumeirah Village Circle,Oxford 212,jumeirahvillagecircle|oxford212,2321,,373,15,,,building,,,,a building outline of this name is on the map (1 footprint)
jumeirahvillagecircle,Jumeirah Village Circle,Oxford Boulevard,jumeirahvillagecircle|oxfordboulevard,2204,,210,5,,,building,,,,a building outline of this name is on the map (1 footprint)
jumeirahvillagecircle,Jumeirah Village Circle,Oxford Residence,jumeirahvillagecircle|oxfordresidence,1881,FINISHED,508,0,,,building,,,,a building outline of this name is on the map (1 footprint)
jumeirahvillagecircle,Jumeirah Village Circle,Oxford Residence 2,jumeirahvillagecircle|oxfordresidence2,2080,,278,15,,,building,,,,a building outline of this name is on the map (1 footprint)
jumeirahvillagecircle,Jumeirah Village Circle,Oxford Terraces,jumeirahvillagecircle|oxfordterraces,2393,,202,7,,,building,,,,a building outline of this name is on the map (2 footprints)
jumeirahvillagecircle,Jumeirah Village Circle,Oxford Terraces 2,jumeirahvillagecircle|oxfordterraces2,2600,,162,8,,,building,,,,a building outline of this name is on the map (2 footprints)
jumeirahvillagecircle,Jumeirah Village Circle,Ozone 1 Residence,jumeirahvillagecircle|ozone1residence,2977,,245,35,,,building,,,,a building outline of this name is on the map (1 footprint)
jumeirahvillagecircle,Jumeirah Village Circle,PARK SQUARE,jumeirahvillagecircle|parksquare,,,48,0,,,building,,,,a building outline of this name is on the map (1 footprint)
jumeirahvillagecircle,Jumeirah Village Circle,PARK VILLA'S,jumeirahvillagecircle|parkvillas,1535,FINISHED,22,1,,,building,,,,a building outline of this name is on the map (1 footprint)
jumeirahvillagecircle,Jumeirah Village Circle,Palatium Residences,jumeirahvillagecircle|palatiumresidences,3065,,123,50,,,building,,,,a building outline of this name is on the map (1 footprint)
jumeirahvillagecircle,Jumeirah Village Circle,Pantheon Elysee,jumeirahvillagecircle|pantheonelysee,1988,,397,21,,,building,,,,a building outline of this name is on the map (1 footprint)
jumeirahvillagecircle,Jumeirah Village Circle,Park Lane 2 By Heilbronn,jumeirahvillagecircle|parklane2,3291,,81,72,,,building,,,,a building outline of this name is on the map (2 footprints)
jumeirahvillagecircle,Jumeirah Village Circle,Park Lane By Heilbronn,jumeirahvillagecircle|parklane,2940,,85,5,,,building,,,,a building outline of this name is on the map (3 footprints)
jumeirahvillagecircle,Jumeirah Village Circle,Park Villa's 3,jumeirahvillagecircle|parkvillas3,1608,,17,3,,,building,,,,a building outline of this name is on the map (1 footprint)
jumeirahvillagecircle,Jumeirah Village Circle,Park Vista,jumeirahvillagecircle|parkvista,2127,,101,3,,,building,,,,a building outline of this name is on the map (1 footprint)
jumeirahvillagecircle,Jumeirah Village Circle,Parkwood Residences,jumeirahvillagecircle|parkwoodresidences,2764,,148,9,,,building,,,,a building outline of this name is on the map (1 footprint)
jumeirahvillagecircle,Jumeirah Village Circle,Pearl House I by Imtiaz,jumeirahvillagecircle|pearlhousei,2712,FINISHED,251,37,,,building,,,,a building outline of this name is on the map (3 footprints)
jumeirahvillagecircle,Jumeirah Village Circle,Pearl House II By Imtiaz,jumeirahvillagecircle|pearlhouseii,2777,,290,48,,,building,,,,a building outline of this name is on the map (2 footprints)
jumeirahvillagecircle,Jumeirah Village Circle,Pearl House III by Imtiaz,jumeirahvillagecircle|pearlhouseiii,3196,,176,8,,,building,,,,a building outline of this name is on the map (2 footprints)
jumeirahvillagecircle,Jumeirah Village Circle,Pearl House IV By Imtiaz,jumeirahvillagecircle|pearlhouseiv,4129,,197,196,,,building,,,,a building outline of this name is on the map (1 footprint)
jumeirahvillagecircle,Jumeirah Village Circle,Platinum Residence,jumeirahvillagecircle|platinumresidence,1833,,15,15,,,building,,,,a building outline of this name is on the map (1 footprint)
jumeirahvillagecircle,Jumeirah Village Circle,Plaza Residences,jumeirahvillagecircle|plazaresidences,288,,472,65,,,building,,,,a building outline of this name is on the map (1 footprint)
jumeirahvillagecircle,Jumeirah Village Circle,Plazzo Heights,jumeirahvillagecircle|plazzoheights,2026,,143,16,,,building,,,,a building outline of this name is on the map (1 footprint)
jumeirahvillagecircle,Jumeirah Village Circle,Provenza Residences,jumeirahvillagecircle|provenzaresidences,3681,,103,79,,,building,,,,a building outline of this name is on the map (1 footprint)
jumeirahvillagecircle,Jumeirah Village Circle,RA1N Residence,jumeirahvillagecircle|ra1nresidence,2635,,172,33,,,building,,,,a building outline of this name is on the map (1 footprint)
jumeirahvillagecircle,Jumeirah Village Circle,ROXANA RESIDENCE,jumeirahvillagecircle|roxanaresidence,1844,FINISHED,205,14,,,building,,,,a building outline of this name is on the map (1 footprint)
jumeirahvillagecircle,Jumeirah Village Circle,ROXANA RESIDENCE - D,jumeirahvillagecircle|roxanaresidenced,1844,,90,0,,,building,,,,a building outline of this name is on the map (1 footprint)
jumeirahvillagecircle,Jumeirah Village Circle,Reef Residence,jumeirahvillagecircle|reefresidence,1587,,624,24,,,building,,,,a building outline of this name is on the map (1 footprint)
jumeirahvillagecircle,Jumeirah Village Circle,Regina,jumeirahvillagecircle|regina,2079,,414,17,,,building,,,,a building outline of this name is on the map (1 footprint)
jumeirahvillagecircle,Jumeirah Village Circle,Rigel,jumeirahvillagecircle|rigel,2186,,311,15,,,building,,,,a building outline of this name is on the map (1 footprint)
jumeirahvillagecircle,Jumeirah Village Circle,Riviera Chalet,jumeirahvillagecircle|rivierachalet,2737,,53,3,,,building,,,,a building outline of this name is on the map (1 footprint)
jumeirahvillagecircle,Jumeirah Village Circle,Rokane G 22,jumeirahvillagecircle|rokaneg22,,,76,0,,,building,,,,a building outline of this name is on the map (1 footprint)
jumeirahvillagecircle,Jumeirah Village Circle,Rokane G25,jumeirahvillagecircle|rokaneg25,,,119,0,,,building,,,,a building outline of this name is on the map (1 footprint)
jumeirahvillagecircle,Jumeirah Village Circle,Roma Residence by JRP,jumeirahvillagecircle|romaresidence,2870,,83,0,,,building,,,,a building outline of this name is on the map (1 footprint)
jumeirahvillagecircle,Jumeirah Village Circle,Roma Residences by JRP,jumeirahvillagecircle|romaresidences,2870,ACTIVE,83,4,,,building,,,,a building outline of this name is on the map (1 footprint)
jumeirahvillagecircle,Jumeirah Village Circle,Rose Gardens 2,jumeirahvillagecircle|rosegardens2,3624,,22,20,,,building,,,,a building outline of this name is on the map (1 footprint)
jumeirahvillagecircle,Jumeirah Village Circle,Rose Gold Residences by Zee Development,jumeirahvillagecircle|rosegoldresidences,3677,,6,6,,,building,,,,a building outline of this name is on the map (1 footprint)
jumeirahvillagecircle,Jumeirah Village Circle,Rufi Lake View,jumeirahvillagecircle|rufilakeview,1554,,183,0,,,building,,,,a building outline of this name is on the map (1 footprint)
jumeirahvillagecircle,Jumeirah Village Circle,SEASONS COMMUNITY- AUTUMN,jumeirahvillagecircle|seasonscommunityautumn,142,,505,51,,,building,,,,a building outline of this name is on the map (1 footprint)
jumeirahvillagecircle,Jumeirah Village Circle,SHAMAL RESIDENCES 2,jumeirahvillagecircle|shamalresidences2,1501,FINISHED,80,15,,,building,,,,a building outline of this name is on the map (1 footprint)
jumeirahvillagecircle,Jumeirah Village Circle,SIGNATURE LIVINGS,jumeirahvillagecircle|signaturelivings,1929,FINISHED,411,27,,,building,,,,a building outline of this name is on the map (1 footprint)
jumeirahvillagecircle,Jumeirah Village Circle,Seasons Community- Summer,jumeirahvillagecircle|seasonscommunitysummer,1306,,369,53,,,building,,,,a building outline of this name is on the map (1 footprint)
jumeirahvillagecircle,Jumeirah Village Circle,Sereno Residences,jumeirahvillagecircle|serenoresidences,3078,,83,19,,,building,,,,a building outline of this name is on the map (1 footprint)
jumeirahvillagecircle,Jumeirah Village Circle,Serenz by Danube,jumeirahvillagecircle|serenz,4338,ACTIVE,501,501,,,building,,,,a building outline of this name is on the map (1 footprint)
jumeirahvillagecircle,Jumeirah Village Circle,Shamal Waves,jumeirahvillagecircle|shamalwaves,1807,,117,13,,,building,,,,a building outline of this name is on the map (1 footprint)
jumeirahvillagecircle,Jumeirah Village Circle,Signature Livings - North,jumeirahvillagecircle|signaturelivingsnorth,1929,,214,0,,,building,,,,a building outline of this name is on the map (1 footprint)
jumeirahvillagecircle,Jumeirah Village Circle,Sky Livings by Peace Homes,jumeirahvillagecircle|skylivings,3008,,151,22,,,building,,,,a building outline of this name is on the map (1 footprint)
jumeirahvillagecircle,Jumeirah Village Circle,Sky Suites by Peace Homes,jumeirahvillagecircle|skysuites,,,113,0,,,building,,,,a building outline of this name is on the map (1 footprint)
jumeirahvillagecircle,Jumeirah Village Circle,Skyhills II by HRE,jumeirahvillagecircle|skyhillsii,3057,ACTIVE,476,98,,,building,,,,a building outline of this name is on the map (1 footprint)
jumeirahvillagecircle,Jumeirah Village Circle,Skyhills III by HRE,jumeirahvillagecircle|skyhillsiii,3058,,417,121,,,building,,,,a building outline of this name is on the map (1 footprint)
jumeirahvillagecircle,Jumeirah Village Circle,Sobha Daffodil,jumeirahvillagecircle|sobhadaffodil,191,,329,12,,,building,,,,a building outline of this name is on the map (1 footprint)
jumeirahvillagecircle,Jumeirah Village Circle,South Residences,jumeirahvillagecircle|southresidences,,,99,0,,,building,,,,a building outline of this name is on the map (1 footprint)
jumeirahvillagecircle,Jumeirah Village Circle,Spica,jumeirahvillagecircle|spica,699,,70,5,,,building,,,,a building outline of this name is on the map (1 footprint)
jumeirahvillagecircle,Jumeirah Village Circle,Summer 2,jumeirahvillagecircle|summer2,1306,,507,0,,,building,,,,a building outline of this name is on the map (2 footprints)
jumeirahvillagecircle,Jumeirah Village Circle,TARAF 1 Residence,jumeirahvillagecircle|taraf1residence,,,83,0,,,building,,,,a building outline of this name is on the map (1 footprint)
jumeirahvillagecircle,Jumeirah Village Circle,THE AUTOGRAPH-S SERIES,jumeirahvillagecircle|theautographsseries,3186,,252,19,,,building,,,,a building outline of this name is on the map (1 footprint)
jumeirahvillagecircle,Jumeirah Village Circle,TUSCAN RESIDENCES1 - AREZZO,jumeirahvillagecircle|tuscanresidences1arezzo,1437,,305,14,,,building,,,,a building outline of this name is on the map (1 footprint)
jumeirahvillagecircle,Jumeirah Village Circle,TUSCAN RESIDENCES1 - SIENA,jumeirahvillagecircle|tuscanresidences1siena,1438,FINISHED,6,6,,,building,,,,a building outline of this name is on the map (1 footprint)
jumeirahvillagecircle,Jumeirah Village Circle,TUSCAN RESIDENCES1 -Siena 1,jumeirahvillagecircle|tuscanresidences1siena1,1438,,240,0,,,building,,,,a building outline of this name is on the map (1 footprint)
jumeirahvillagecircle,Jumeirah Village Circle,Tetris Tower,jumeirahvillagecircle|tetristower,3646,,19,19,,,building,,,,a building outline of this name is on the map (1 footprint)
jumeirahvillagecircle,Jumeirah Village Circle,The Autograph,jumeirahvillagecircle|theautograph,2438,FINISHED,416,46,,,building,,,,a building outline of this name is on the map (1 footprint)
jumeirahvillagecircle,Jumeirah Village Circle,The Autograph | S Series,jumeirahvillagecircle|theautographsseries,3186,,252,0,,,building,,,,a building outline of this name is on the map (1 footprint)
jumeirahvillagecircle,Jumeirah Village Circle,The Borough,jumeirahvillagecircle|theborough,3833,,55,55,,,building,,,,a building outline of this name is on the map (1 footprint)
jumeirahvillagecircle,Jumeirah Village Circle,The East Crest By Meteora,jumeirahvillagecircle|theeastcrest,2558,,145,18,,,building,,,,a building outline of this name is on the map (1 footprint)
jumeirahvillagecircle,Jumeirah Village Circle,The Haven Residences,jumeirahvillagecircle|thehavenresidences,2223,,225,9,,,building,,,,a building outline of this name is on the map (1 footprint)
jumeirahvillagecircle,Jumeirah Village Circle,The Hudson,jumeirahvillagecircle|thehudson,4335,ACTIVE,11,11,,,building,,,,a building outline of this name is on the map (1 footprint)
jumeirahvillagecircle,Jumeirah Village Circle,The Portman,jumeirahvillagecircle|theportman,2537,,373,14,,,building,,,,a building outline of this name is on the map (1 footprint)
jumeirahvillagecircle,Jumeirah Village Circle,The Residence By Prestige One,jumeirahvillagecircle|theresidence,2681,,106,6,,,building,,,,a building outline of this name is on the map (2 footprints)
jumeirahvillagecircle,Jumeirah Village Circle,The Vybe,jumeirahvillagecircle|thevybe,2578,,323,28,,,building,,,,a building outline of this name is on the map (1 footprint)
jumeirahvillagecircle,Jumeirah Village Circle,Tower 108,jumeirahvillagecircle|tower108,1499,,634,39,,,building,,,,a building outline of this name is on the map (1 footprint)
jumeirahvillagecircle,Jumeirah Village Circle,Tuscan Residence 1,jumeirahvillagecircle|tuscanresidence1,419,,245,7,,,building,,,,a building outline of this name is on the map (1 footprint)
jumeirahvillagecircle,Jumeirah Village Circle,V1TER Residence,jumeirahvillagecircle|v1terresidence,2710,,154,40,,,building,,,,a building outline of this name is on the map (1 footprint)
jumeirahvillagecircle,Jumeirah Village Circle,Valore,jumeirahvillagecircle|valore,3636,,31,31,,,building,,,,a building outline of this name is on the map (1 footprint)
jumeirahvillagecircle,Jumeirah Village Circle,Veda by AUM One Real Estate Development,jumeirahvillagecircle|veda,3769,,15,15,,,building,,,,a building outline of this name is on the map (1 footprint)
jumeirahvillagecircle,Jumeirah Village Circle,Villa Pera,jumeirahvillagecircle|villapera,723,,172,8,,,building,,,,a building outline of this name is on the map (1 footprint)
jumeirahvillagecircle,Jumeirah Village Circle,Violet Tower,jumeirahvillagecircle|violettower,2824,,280,28,,,building,,,,a building outline of this name is on the map (1 footprint)
jumeirahvillagecircle,Jumeirah Village Circle,WAREF residences by sido development,jumeirahvillagecircle|warefresidences,3036,,109,85,,,building,,,,a building outline of this name is on the map (1 footprint)
jumeirahvillagecircle,Jumeirah Village Circle,Westwood Grande II By Imtiaz,jumeirahvillagecircle|westwoodgrandeii,2645,FINISHED,21,21,,,building,,,,a building outline of this name is on the map (1 footprint)
jumeirahvillagecircle,Jumeirah Village Circle,Westwood Grande by Imtiaz,jumeirahvillagecircle|westwoodgrande,2520,,234,13,,,building,,,,a building outline of this name is on the map (1 footprint)
jumeirahvillagecircle,Jumeirah Village Circle,Xanadu Residence 2,jumeirahvillagecircle|xanaduresidence2,,,21,0,,,building,,,,a building outline of this name is on the map (1 footprint)
jumeirahvillagetriangle,Jumeirah Village Triangle,555 Park Views,jumeirahvillagetriangle|555parkviews,2697,,88,11,,,building,,,,a building outline of this name is on the map (1 footprint)
jumeirahvillagetriangle,Jumeirah Village Triangle,Al Jawhara Tower,jumeirahvillagetriangle|aljawharatower,1782,,678,43,,,building,,,,a building outline of this name is on the map (1 footprint)
jumeirahvillagetriangle,Jumeirah Village Triangle,Al Manara Tower,jumeirahvillagetriangle|almanaratower,2637,,392,0,,,building,,,,a building outline of this name is on the map (1 footprint)
jumeirahvillagetriangle,Jumeirah Village Triangle,Belmont Residences,jumeirahvillagetriangle|belmontresidences,2639,,81,6,,,building,,,,a building outline of this name is on the map (1 footprint)
jumeirahvillagetriangle,Jumeirah Village Triangle,Binghatti Flare 01,jumeirahvillagetriangle|binghattiflare01,4006,,785,782,,,building,,,,a building outline of this name is on the map (1 footprint)
jumeirahvillagetriangle,Jumeirah Village Triangle,Edmonton Elm,jumeirahvillagetriangle|edmontonelm,871,,178,15,,,building,,,,a building outline of this name is on the map (1 footprint)
jumeirahvillagetriangle,Jumeirah Village Triangle,Emerald Vision Tower,jumeirahvillagetriangle|emeraldvisiontower,2805,,51,17,,,building,,,,a building outline of this name is on the map (1 footprint)
jumeirahvillagetriangle,Jumeirah Village Triangle,Global Royal Tower,jumeirahvillagetriangle|globalroyaltower,1722,,87,0,,,building,,,,a building outline of this name is on the map (1 footprint)
jumeirahvillagetriangle,Jumeirah Village Triangle,Golden Wood Views,jumeirahvillagetriangle|goldenwoodviews,2021,,75,2,,,building,,,,a building outline of this name is on the map (1 footprint)
jumeirahvillagetriangle,Jumeirah Village Triangle,Golden Wood Views -1,jumeirahvillagetriangle|goldenwoodviews1,2307,FINISHED,65,2,,,building,,,,a building outline of this name is on the map (1 footprint)
jumeirahvillagetriangle,Jumeirah Village Triangle,Green Park,jumeirahvillagetriangle|greenpark,1123,,227,13,,,building,,,,a building outline of this name is on the map (1 footprint)
jumeirahvillagetriangle,Jumeirah Village Triangle,IMPERIAL RESIDENCE,jumeirahvillagetriangle|imperialresidence,210,ACTIVE,256,37,,,building,,,,a building outline of this name is on the map (1 footprint)
jumeirahvillagetriangle,Jumeirah Village Triangle,IMPERIAL RESIDENCE 1,jumeirahvillagetriangle|imperialresidence1,210,,471,0,,,building,,,,a building outline of this name is on the map (1 footprint)
jumeirahvillagetriangle,Jumeirah Village Triangle,Interstellar Tower,jumeirahvillagetriangle|interstellartower,3403,ACTIVE,226,226,,,building,,,,a building outline of this name is on the map (1 footprint)
jumeirahvillagetriangle,Jumeirah Village Triangle,Leven Residences,jumeirahvillagetriangle|levenresidences,3555,,192,114,,,building,,,,a building outline of this name is on the map (1 footprint)
jumeirahvillagetriangle,Jumeirah Village Triangle,Paradise ONE,jumeirahvillagetriangle|paradiseone,807,,54,0,,,building,,,,a building outline of this name is on the map (1 footprint)
jumeirahvillagetriangle,Jumeirah Village Triangle,Point Residencia,jumeirahvillagetriangle|pointresidencia,289,,144,0,,,building,,,,a building outline of this name is on the map (1 footprint)
jumeirahvillagetriangle,Jumeirah Village Triangle,SESLIA TOWER,jumeirahvillagetriangle|sesliatower,2528;2789,,392,34,,,building,,,,a building outline of this name is on the map (1 footprint)
jumeirahvillagetriangle,Jumeirah Village Triangle,TERHAB HOTEL & TOWERS AT JUMEIRAH VILLAGE TRIANGLE,jumeirahvillagetriangle|terhabhoteltowersatjumeirahvillagetriangle,1722,,198,84,,,building,,,,a building outline of this name is on the map (1 footprint)
jumeirahvillagetriangle,Jumeirah Village Triangle,Taraf 2 Residence,jumeirahvillagetriangle|taraf2residence,2312,,122,6,,,building,,,,a building outline of this name is on the map (1 footprint)
jumeirahvillagetriangle,Jumeirah Village Triangle,Terhab Hotel & Towers - Tower 2,jumeirahvillagetriangle|terhabhoteltowerstower2,1722,,38,0,,,building,,,,a building outline of this name is on the map (1 footprint)
jumeirahvillagetriangle,Jumeirah Village Triangle,The Community,jumeirahvillagetriangle|thecommunity,,,414,0,,,building,,,,a building outline of this name is on the map (1 footprint)
jumeirahvillagetriangle,Jumeirah Village Triangle,The One at Jumeirah Village Triangle,jumeirahvillagetriangle|theoneatjumeirahvillagetriangle,,,579,0,,,building,,,,a building outline of this name is on the map (1 footprint)
jumeirahvillagetriangle,Jumeirah Village Triangle,Tranquil Wellness Tower,jumeirahvillagetriangle|tranquilwellnesstower,,,103,0,,,building,,,,a building outline of this name is on the map (1 footprint)
jumeirahvillagetriangle,Jumeirah Village Triangle,Treppan Tower,jumeirahvillagetriangle|treppantower,3348,,142,102,,,building,,,,a building outline of this name is on the map (1 footprint)
jumeirahvillagetriangle,Jumeirah Village Triangle,Volga Tower,jumeirahvillagetriangle|volgatower,2715,,110,23,,,building,,,,a building outline of this name is on the map (1 footprint)
jumeirahvillagetriangle,Jumeirah Village Triangle,Voxa Residences,jumeirahvillagetriangle|voxaresidences,3736,,300,300,,,building,,,,a building outline of this name is on the map (1 footprint)
madinatalmataar,Dubai South,Ab South Residence,madinatalmataar|absouthresidence,,,73,0,,,building,,,,a building outline of this name is on the map (1 footprint)
madinatalmataar,Dubai South,Al Waha 17,madinatalmataar|alwaha17,3523,,9,0,,,building,,,,a building outline of this name is on the map (1 footprint)
madinatalmataar,Dubai South,Al Waha 23,madinatalmataar|alwaha23,3567,,10,0,,,building,,,,a building outline of this name is on the map (1 footprint)
madinatalmataar,Dubai South,Al Waha 31,madinatalmataar|alwaha31,3567,,6,0,,,building,,,,a building outline of this name is on the map (1 footprint)
madinatalmataar,Dubai South,Anchorage Residences,madinatalmataar|anchorageresidences,,,34,0,,,building,,,,a building outline of this name is on the map (1 footprint)
madinatalmataar,Dubai South,Bhuvi Residence,madinatalmataar|bhuviresidence,,,132,0,,,building,,,,a building outline of this name is on the map (1 footprint)
madinatalmataar,Dubai South,Coventry 66,madinatalmataar|coventry66,3678,,28,16,,,building,,,,a building outline of this name is on the map (1 footprint)
madinatalmataar,Dubai South,Cresswell Residences,madinatalmataar|cresswellresidences,3093,,96,20,,,building,,,,a building outline of this name is on the map (1 footprint)
madinatalmataar,Dubai South,ENRE Residence by Imtiaz,madinatalmataar|enreresidence,4336,ACTIVE,114,112,,,building,,,,a building outline of this name is on the map (1 footprint)
madinatalmataar,Dubai South,Expo City Mangrove Residences,madinatalmataar|expocitymangroveresidences,2612,,512,63,,,building,,,,a building outline of this name is on the map (1 footprint)
madinatalmataar,Dubai South,Expo City Sky Residences,madinatalmataar|expocityskyresidences,2617,,430,9,,,building,,,,a building outline of this name is on the map (1 footprint)
madinatalmataar,Dubai South,Expo Valley Views,madinatalmataar|expovalleyviews,4007,,236,236,,,building,,,,a building outline of this name is on the map (9 footprints)
madinatalmataar,Dubai South,Expo Valley Views 1,madinatalmataar|expovalleyviews1,,,43,0,,,building,,,,a building outline of this name is on the map (2 footprints)
madinatalmataar,Dubai South,Expo Valley Views 2,madinatalmataar|expovalleyviews2,,,44,0,,,building,,,,a building outline of this name is on the map (2 footprints)
madinatalmataar,Dubai South,Golf Dale,madinatalmataar|golfdale,3427,NOT_STARTED,3,3,,,building,,,,a building outline of this name is on the map (1 footprint)
madinatalmataar,Dubai South,Golf Dale - Townhouse,madinatalmataar|golfdaletownhouse,3427,,3,0,,,building,,,,a building outline of this name is on the map (1 footprint)
madinatalmataar,Dubai South,Golf Fields,madinatalmataar|golffields,4415,ACTIVE,181,181,,,building,,,,a building outline of this name is on the map (1 footprint)
madinatalmataar,Dubai South,Golf Vale,madinatalmataar|golfvale,4416,ACTIVE,234,233,,,building,,,,a building outline of this name is on the map (1 footprint)
madinatalmataar,Dubai South,Golf Views,madinatalmataar|golfviews,1862,FINISHED,22,22,,,building,,,,a building outline of this name is on the map (1 footprint)
madinatalmataar,Dubai South,Golf Views Block B,madinatalmataar|golfviewsblockb,1862,,128,0,,,building,,,,a building outline of this name is on the map (1 footprint)
madinatalmataar,Dubai South,Kappa Acca -5,madinatalmataar|kappaacca5,,,72,0,,,building,,,,a building outline of this name is on the map (1 footprint)
madinatalmataar,Dubai South,Kappa Acca -6,madinatalmataar|kappaacca6,,,58,0,,,building,,,,a building outline of this name is on the map (1 footprint)
madinatalmataar,Dubai South,Kappa Acca 1,madinatalmataar|kappaacca1,,,31,0,,,building,,,,a building outline of this name is on the map (1 footprint)
madinatalmataar,Dubai South,Kappa Acca 3,madinatalmataar|kappaacca3,2059,,86,20,,,building,,,,a building outline of this name is on the map (1 footprint)
madinatalmataar,Dubai South,Kappa Acca 4,madinatalmataar|kappaacca4,,,95,0,,,building,,,,a building outline of this name is on the map (1 footprint)
madinatalmataar,Dubai South,MAG 505,madinatalmataar|mag505,1673,,175,0,,,building,,,,a building outline of this name is on the map (1 footprint)
madinatalmataar,Dubai South,MAG 510,madinatalmataar|mag510,1673,,196,0,,,building,,,,a building outline of this name is on the map (1 footprint)
madinatalmataar,Dubai South,MAG 515,madinatalmataar|mag515,1673,,198,0,,,building,,,,a building outline of this name is on the map (1 footprint)
madinatalmataar,Dubai South,MAG 520,madinatalmataar|mag520,1673,,184,0,,,building,,,,a building outline of this name is on the map (1 footprint)
madinatalmataar,Dubai South,MAG 525,madinatalmataar|mag525,1673,,136,0,,,building,,,,a building outline of this name is on the map (1 footprint)
madinatalmataar,Dubai South,MAG 530,madinatalmataar|mag530,1673,,133,0,,,building,,,,a building outline of this name is on the map (1 footprint)
madinatalmataar,Dubai South,MAG 535,madinatalmataar|mag535,1673,,128,0,,,building,,,,a building outline of this name is on the map (1 footprint)
madinatalmataar,Dubai South,MAG 540,madinatalmataar|mag540,1673,,120,0,,,building,,,,a building outline of this name is on the map (1 footprint)
madinatalmataar,Dubai South,MAG 545,madinatalmataar|mag545,1673,,101,0,,,building,,,,a building outline of this name is on the map (1 footprint)
madinatalmataar,Dubai South,MAG 550,madinatalmataar|mag550,1673,,114,0,,,building,,,,a building outline of this name is on the map (1 footprint)
madinatalmataar,Dubai South,MAG 555,madinatalmataar|mag555,1673,,182,0,,,building,,,,a building outline of this name is on the map (1 footprint)
madinatalmataar,Dubai South,MAG 560,madinatalmataar|mag560,1673,,194,0,,,building,,,,a building outline of this name is on the map (1 footprint)
madinatalmataar,Dubai South,MAG 565,madinatalmataar|mag565,1673,,201,0,,,building,,,,a building outline of this name is on the map (1 footprint)
madinatalmataar,Dubai South,Majestique Residence 1,madinatalmataar|majestiqueresidence1,2137,,129,25,,,building,,,,a building outline of this name is on the map (1 footprint)
madinatalmataar,Dubai South,Manam Prime,madinatalmataar|manamprime,3292,,41,7,,,building,,,,a building outline of this name is on the map (1 footprint)
madinatalmataar,Dubai South,Oasis Residences,madinatalmataar|oasisresidences,3726,,58,58,,,building,,,,a building outline of this name is on the map (1 footprint)
madinatalmataar,Dubai South,Palma Residences,madinatalmataar|palmaresidences,,,13,0,,,building,,,,a building outline of this name is on the map (1 footprint)
madinatalmataar,Dubai South,Rr Residence,madinatalmataar|rrresidence,,,89,0,,,building,,,,a building outline of this name is on the map (1 footprint)
madinatalmataar,Dubai South,Sidr Residences 1,madinatalmataar|sidrresidences1,3308,,137,0,,,building,,,,a building outline of this name is on the map (1 footprint)
madinatalmataar,Dubai South,Sidr Residences 2,madinatalmataar|sidrresidences2,3308,,148,0,,,building,,,,a building outline of this name is on the map (1 footprint)
madinatalmataar,Dubai South,Sidr Residences 3,madinatalmataar|sidrresidences3,3308,,134,0,,,building,,,,a building outline of this name is on the map (1 footprint)
madinatalmataar,Dubai South,Sky Residences 2,madinatalmataar|skyresidences2,2617,,148,0,,,building,,,,a building outline of this name is on the map (1 footprint)
madinatalmataar,Dubai South,South Residence 2,madinatalmataar|southresidence2,,,42,0,,,building,,,,a building outline of this name is on the map (1 footprint)
madinatalmataar,Dubai South,THE PULSE TOWNHOUSES,madinatalmataar|thepulsetownhouses,1804,FINISHED,12,12,,,building,,,,a building outline of this name is on the map (3 footprints)
madinatalmataar,Dubai South,Tenora,madinatalmataar|tenora,299,,373,18,,,building,,,,a building outline of this name is on the map (1 footprint)
madinatalmataar,Dubai South,Terra Gardens,madinatalmataar|terragardens,4160,ACTIVE,543,543,,,building,,,,a building outline of this name is on the map (1 footprint)
madinatalmataar,Dubai South,Terra Gardens - Building 2,madinatalmataar|terragardensbuilding2,,,251,0,,,building,,,,a building outline of this name is on the map (1 footprint)
madinatalmataar,Dubai South,The Collective,madinatalmataar|thecollective,3888,,43,43,,,building,,,,a building outline of this name is on the map (1 footprint)
madinatalmataar,Dubai South,The Harmony,madinatalmataar|theharmony,3130,ACTIVE,80,52,,,building,,,,a building outline of this name is on the map (1 footprint)
madinatalmataar,Dubai South,The Harmony - 1,madinatalmataar|theharmony1,3130,,44,0,,,building,,,,a building outline of this name is on the map (1 footprint)
madinatalmataar,Dubai South,The Pulse Boulevard Apartments,madinatalmataar|thepulseboulevardapartments,1806,FINISHED,10,10,,,building,,,,a building outline of this name is on the map (2 footprints)
madinatalmataar,Dubai South,The Pulse Boulevard Apartments (C2),madinatalmataar|thepulseboulevardapartmentsc2,1806,,237,0,,,building,,,,a building outline of this name is on the map (1 footprint)
madinatalmataar,Dubai South,The Pulse Boulevard Apartments - C3,madinatalmataar|thepulseboulevardapartmentsc3,1884,,211,10,,,building,,,,a building outline of this name is on the map (1 footprint)
madinatalmataar,Dubai South,The Pulse Residence,madinatalmataar|thepulseresidence,1805,,122,19,,,building,,,,a building outline of this name is on the map (6 footprints)
madinatalmataar,Dubai South,The Pulse Residence (A1),madinatalmataar|thepulseresidencea1,1805,,79,0,,,building,,,,a building outline of this name is on the map (2 footprints)
madinatalmataar,Dubai South,The Pulse Residence (B1),madinatalmataar|thepulseresidenceb1,1805,,120,0,,,building,,,,a building outline of this name is on the map (2 footprints)
madinatalmataar,Dubai South,The Pulse Residence Icon,madinatalmataar|thepulseresidenceicon,1829,,133,5,,,building,,,,a building outline of this name is on the map (2 footprints)
madinatalmataar,Dubai South,The Pulse Residence Park,madinatalmataar|thepulseresidencepark,1830,,112,14,,,building,,,,a building outline of this name is on the map (2 footprints)
madinatalmataar,Dubai South,The Pulse Residence Plaza,madinatalmataar|thepulseresidenceplaza,1883,,117,22,,,building,,,,a building outline of this name is on the map (2 footprints)
madinatalmataar,Dubai South,The Pulse Townhouses Cluster 22,madinatalmataar|thepulsetownhousescluster22,1804,,11,0,,,building,,,,a building outline of this name is on the map (1 footprint)
madinatalmataar,Dubai South,The Pulse Townhouses Cluster 28,madinatalmataar|thepulsetownhousescluster28,1804,,10,0,,,building,,,,a building outline of this name is on the map (1 footprint)
madinatalmataar,Dubai South,The Pulse Townhouses Cluster 35,madinatalmataar|thepulsetownhousescluster35,1804,,11,0,,,building,,,,a building outline of this name is on the map (1 footprint)
madinatalmataar,Dubai South,The Pulse Villas,madinatalmataar|thepulsevillas,1944,,455,13,,,building,,,,a building outline of this name is on the map (1 footprint)
madinatalmataar,Dubai South,The Pulse Villas 2,madinatalmataar|thepulsevillas2,2279,FINISHED,3,3,,,building,,,,a building outline of this name is on the map (1 footprint)
madinatalmataar,Dubai South,URBANA II,madinatalmataar|urbanaii,1857,FINISHED,16,16,,,building,,,,a building outline of this name is on the map (1 footprint)
madinatalmataar,Dubai South,Urbana III,madinatalmataar|urbanaiii,1880,,26,26,,,building,,,,a building outline of this name is on the map (1 footprint)
madinatalmataar,Dubai South,Urbana Stacked House Block-15,madinatalmataar|urbanastackedhouseblock15,1808,,16,0,,,building,,,,a building outline of this name is on the map (1 footprint)
madinatalmataar,Dubai South,Urbana Stacked House Block-37,madinatalmataar|urbanastackedhouseblock37,1808,,13,0,,,building,,,,a building outline of this name is on the map (1 footprint)
madinatalmataar,Dubai South,VOI Residence by HVM Living,madinatalmataar|voiresidence,3234,,26,15,,,building,,,,a building outline of this name is on the map (1 footprint)
madinatalmataar,Dubai South,Waada - Cascada 1,madinatalmataar|waadacascada1,3731,,177,97,,,building,,,,a building outline of this name is on the map (1 footprint)
madinatalmataar,Dubai South,Zura Residences,madinatalmataar|zuraresidences,2134,ACTIVE,48,0,,,building,,,,a building outline of this name is on the map (1 footprint)
madinathind4,DAMAC Hills 2,DAMAC HILLS (2) - NAVITAS (A & B),madinathind4|damachills2navitasab,2184,FINISHED,296,24,,,building,,,,a building outline of this name is on the map (1 footprint)
madinathind4,DAMAC Hills 2,DAMAC Hills (2) - Navitas,madinathind4|damachills2navitas,2184,,277,0,,,building,,,,a building outline of this name is on the map (1 footprint)
madinathind4,DAMAC Hills 2,Viridis A,madinathind4|viridisa,1675,,287,0,,,building,,,,a building outline of this name is on the map (1 footprint)
madinathind4,DAMAC Hills 2,Viridis C,madinathind4|viridisc,1675,,294,0,,,building,,,,a building outline of this name is on the map (1 footprint)
madinathind4,DAMAC Hills 2,Viridis D,madinathind4|viridisd,1675,,297,0,,,building,,,,a building outline of this name is on the map (1 footprint)
majan,Majan,ARAS Residence,majan|arasresidence,2235,,130,15,,,building,,,,a building outline of this name is on the map (1 footprint)
majan,Majan,Al Ghurair Residence 1,majan|alghurairresidence1,1323,,88,0,,,building,,,,a building outline of this name is on the map (1 footprint)
majan,Majan,Al Rabia Tower,majan|alrabiatower,3871,,343,0,,,building,,,,a building outline of this name is on the map (1 footprint)
majan,Majan,Ali Baba,majan|alibaba,1323,,18,0,,,building,,,,a building outline of this name is on the map (1 footprint)
majan,Majan,Alladin Tower,majan|alladintower,1326,,138,0,,,building,,,,a building outline of this name is on the map (1 footprint)
majan,Majan,Barari Palace,majan|bararipalace,4164,,55,55,,,building,,,,a building outline of this name is on the map (1 footprint)
majan,Majan,Cleopatra Tower,majan|cleopatratower,1326,,12,0,,,building,,,,a building outline of this name is on the map (1 footprint)
majan,Majan,Croesus,majan|croesus,,,93,0,,,building,,,,a building outline of this name is on the map (1 footprint)
majan,Majan,Forum 2,majan|forum2,,,48,0,,,building,,,,a building outline of this name is on the map (1 footprint)
majan,Majan,Grenland Residence By arloid,majan|grenlandresidence,1915,,111,3,,,building,,,,a building outline of this name is on the map (1 footprint)
majan,Majan,Hercules Tower,majan|herculestower,1326,,291,0,,,building,,,,a building outline of this name is on the map (1 footprint)
majan,Majan,KOA Canvas,majan|koacanvas,,,64,0,,,building,,,,a building outline of this name is on the map (1 footprint)
majan,Majan,LIVING LEGENDS PHASE 6,majan|livinglegendsphase6,1325,,191,155,,,building,,,,a building outline of this name is on the map (1 footprint)
majan,Majan,Living Legends Phase 5,majan|livinglegendsphase5,1324,,263,202,,,building,,,,a building outline of this name is on the map (1 footprint)
majan,Majan,Madison Residence,majan|madisonresidence,307,,205,10,,,building,,,,a building outline of this name is on the map (1 footprint)
majan,Majan,Napoleon,majan|napoleon,1323,,3,0,,,building,,,,a building outline of this name is on the map (1 footprint)
majan,Majan,Paradise View 1,majan|paradiseview1,1912,,200,159,,,building,,,,a building outline of this name is on the map (1 footprint)
majan,Majan,Queen Sheba,majan|queensheba,1325,,79,0,,,building,,,,a building outline of this name is on the map (1 footprint)
majan,Majan,Rapunzel,majan|rapunzel,1325,,160,0,,,building,,,,a building outline of this name is on the map (1 footprint)
majan,Majan,Samaya,majan|samaya,,,16,0,,,building,,,,a building outline of this name is on the map (1 footprint)
majan,Majan,Seventh Heaven,majan|seventhheaven,1482,,297,12,,,building,,,,a building outline of this name is on the map (1 footprint)
majan,Majan,Seventh Heaven - Ashjar,majan|seventhheavenashjar,1619,FINISHED,460,113,,,building,,,,a building outline of this name is on the map (1 footprint)
majan,Majan,Shakespare,majan|shakespare,1325,,149,0,,,building,,,,a building outline of this name is on the map (1 footprint)
majan,Majan,Sherena Residence,majan|sherenaresidence,1628,,344,19,,,building,,,,a building outline of this name is on the map (2 footprints)
majan,Majan,Sherena Residence 2,majan|sherenaresidence2,2101,,101,2,,,building,,,,a building outline of this name is on the map (2 footprints)
majan,Majan,The 50,majan|the50,1847,,26,16,,,building,,,,a building outline of this name is on the map (1 footprint)
majan,Majan,The Willows Residences,majan|thewillowsresidences,3571,,17,17,,,building,,,,a building outline of this name is on the map (1 footprint)
majan,Majan,Tulip Oasis 11,majan|tulipoasis11,3538,,87,86,,,building,,,,a building outline of this name is on the map (1 footprint)
majan,Majan,Tulip Oasis 9,majan|tulipoasis9,,,125,0,,,building,,,,a building outline of this name is on the map (1 footprint)
meydanone,Meydan One,Azizi Gardens,meydanone|azizigardens,2037,,119,10,,,building,,,,a building outline of this name is on the map (1 footprint)
meydanone,Meydan One,Azizi Park Avenue,meydanone|aziziparkavenue,2038,,136,4,,,building,,,,a building outline of this name is on the map (2 footprints)
meydanone,Meydan One,Azizi Park Avenue II,meydanone|aziziparkavenueii,2038,,136,0,,,building,,,,a building outline of this name is on the map (2 footprints)
meydanone,Meydan One,Azizi Park Avenue III,meydanone|aziziparkavenueiii,2035,,110,0,,,building,,,,a building outline of this name is on the map (2 footprints)
meydanone,Meydan One,Bright Corner,meydanone|brightcorner,1875,,29,0,,,building,,,,a building outline of this name is on the map (1 footprint)
meydanone,Meydan One,Centurion Onyx,meydanone|centuriononyx,,,50,0,,,building,,,,a building outline of this name is on the map (1 footprint)
meydanone,Meydan One,Falmingo Residence,meydanone|falmingoresidence,,,43,0,,,building,,,,a building outline of this name is on the map (1 footprint)
meydanone,Meydan One,Injazzat Residence,meydanone|injazzatresidence,,,69,0,,,building,,,,a building outline of this name is on the map (1 footprint)
meydanone,Meydan One,Jude Residence,meydanone|juderesidence,,,40,0,,,building,,,,a building outline of this name is on the map (1 footprint)
meydanone,Meydan One,Naya 1,meydanone|naya1,3064,,44,0,,,building,,,,a building outline of this name is on the map (1 footprint)
meydanone,Meydan One,Polo Residence A1,meydanone|poloresidencea1,1538,,58,0,,,building,,,,a building outline of this name is on the map (1 footprint)
meydanone,Meydan One,Polo Residence A2,meydanone|poloresidencea2,1538,,63,0,,,building,,,,a building outline of this name is on the map (1 footprint)
meydanone,Meydan One,Polo Residence A3,meydanone|poloresidencea3,1538,,90,0,,,building,,,,a building outline of this name is on the map (1 footprint)
meydanone,Meydan One,Polo Residence A4,meydanone|poloresidencea4,1538,,69,0,,,building,,,,a building outline of this name is on the map (1 footprint)
meydanone,Meydan One,Polo Residence B1,meydanone|poloresidenceb1,1538,,26,0,,,building,,,,a building outline of this name is on the map (1 footprint)
meydanone,Meydan One,Polo Residence B2,meydanone|poloresidenceb2,1538,,42,0,,,building,,,,a building outline of this name is on the map (1 footprint)
meydanone,Meydan One,Polo Residence B3,meydanone|poloresidenceb3,1538,,42,0,,,building,,,,a building outline of this name is on the map (1 footprint)
meydanone,Meydan One,Polo Residence B4,meydanone|poloresidenceb4,1538,,48,0,,,building,,,,a building outline of this name is on the map (1 footprint)
meydanone,Meydan One,Polo Residence B5,meydanone|poloresidenceb5,1538,,49,0,,,building,,,,a building outline of this name is on the map (1 footprint)
meydanone,Meydan One,Polo Residence C1,meydanone|poloresidencec1,1538,,31,0,,,building,,,,a building outline of this name is on the map (1 footprint)
meydanone,Meydan One,Polo Residence C2,meydanone|poloresidencec2,1538,,68,0,,,building,,,,a building outline of this name is on the map (1 footprint)
meydanone,Meydan One,Polo Residence C3,meydanone|poloresidencec3,1538,,70,0,,,building,,,,a building outline of this name is on the map (1 footprint)
meydanone,Meydan One,Polo Residence C4,meydanone|poloresidencec4,1538,,57,0,,,building,,,,a building outline of this name is on the map (1 footprint)
meydanone,Meydan One,Polo Residence C5,meydanone|poloresidencec5,1538,,65,0,,,building,,,,a building outline of this name is on the map (1 footprint)
meydanone,Meydan One,Polo Residence C6,meydanone|poloresidencec6,1538,,68,0,,,building,,,,a building outline of this name is on the map (1 footprint)
meydanone,Meydan One,Polo Residence C7,meydanone|poloresidencec7,1538,,58,0,,,building,,,,a building outline of this name is on the map (1 footprint)
meydanone,Meydan One,Polo Residence C9,meydanone|poloresidencec9,1538,,66,0,,,building,,,,a building outline of this name is on the map (1 footprint)
meydanone,Meydan One,Polo Residence D1,meydanone|poloresidenced1,1538,,51,0,,,building,,,,a building outline of this name is on the map (1 footprint)
meydanone,Meydan One,Polo Residence D2,meydanone|poloresidenced2,1538,,64,0,,,building,,,,a building outline of this name is on the map (1 footprint)
meydanone,Meydan One,Polo Residence D3,meydanone|poloresidenced3,1538,,49,0,,,building,,,,a building outline of this name is on the map (1 footprint)
meydanone,Meydan One,Polo Residence D4,meydanone|poloresidenced4,1538,,43,0,,,building,,,,a building outline of this name is on the map (1 footprint)
meydanone,Meydan One,Polo Residence D5,meydanone|poloresidenced5,1538,,60,0,,,building,,,,a building outline of this name is on the map (1 footprint)
meydanone,Meydan One,Polo Residence D6,meydanone|poloresidenced6,1538,,31,0,,,building,,,,a building outline of this name is on the map (1 footprint)
meydanone,Meydan One,Polo Residence E1,meydanone|poloresidencee1,1538,,62,0,,,building,,,,a building outline of this name is on the map (1 footprint)
meydanone,Meydan One,Polo Residence E2,meydanone|poloresidencee2,1538,,62,0,,,building,,,,a building outline of this name is on the map (1 footprint)
meydanone,Meydan One,Polo Residence E3,meydanone|poloresidencee3,1538,,59,0,,,building,,,,a building outline of this name is on the map (1 footprint)
meydanone,Meydan One,Polo Residence E4,meydanone|poloresidencee4,1538,,55,0,,,building,,,,a building outline of this name is on the map (1 footprint)
meydanone,Meydan One,Polo Residence E5,meydanone|poloresidencee5,1538,,55,0,,,building,,,,a building outline of this name is on the map (1 footprint)
meydanone,Meydan One,Rosebay Living,meydanone|rosebayliving,,,52,0,,,building,,,,a building outline of this name is on the map (1 footprint)
meydanone,Meydan One,The Galleries,meydanone|thegalleries,,,63,0,,,building,,,,a building outline of this name is on the map (1 footprint)
meydanone,Meydan One,The Galleries at Meydan Avenue,meydanone|thegalleriesatmeydanavenue,1765,,81,0,,,building,,,,a building outline of this name is on the map (1 footprint)
motorcity,Motor City,Abbey Crescent 1,motorcity|abbeycrescent1,,,156,0,,,building,,,,a building outline of this name is on the map (1 footprint)
motorcity,Motor City,Abbey Crescent 2,motorcity|abbeycrescent2,,,67,0,,,building,,,,a building outline of this name is on the map (1 footprint)
motorcity,Motor City,Barton House 1,motorcity|bartonhouse1,,,451,0,,,building,,,,a building outline of this name is on the map (1 footprint)
motorcity,Motor City,Barton House 2,motorcity|bartonhouse2,,,158,0,,,building,,,,a building outline of this name is on the map (1 footprint)
motorcity,Motor City,Bennett House 1,motorcity|bennetthouse1,,,163,0,,,building,,,,a building outline of this name is on the map (1 footprint)
motorcity,Motor City,Bennett House 2,motorcity|bennetthouse2,,,156,0,,,building,,,,a building outline of this name is on the map (1 footprint)
motorcity,Motor City,CASA FLORES AND EDEN APARTMENTS,motorcity|casafloresandedenapartments,1853,,468,155,,,building,,,,a building outline of this name is on the map (1 footprint)
motorcity,Motor City,Claverton House 1,motorcity|clavertonhouse1,,,93,0,,,building,,,,a building outline of this name is on the map (1 footprint)
motorcity,Motor City,Claverton House 2,motorcity|clavertonhouse2,,,137,0,,,building,,,,a building outline of this name is on the map (1 footprint)
motorcity,Motor City,Dickens Circus 1,motorcity|dickenscircus1,,,254,0,,,building,,,,a building outline of this name is on the map (1 footprint)
motorcity,Motor City,Dickens Circus 2,motorcity|dickenscircus2,,,170,0,,,building,,,,a building outline of this name is on the map (1 footprint)
motorcity,Motor City,Dickens Circus 3,motorcity|dickenscircus3,,,157,0,,,building,,,,a building outline of this name is on the map (1 footprint)
motorcity,Motor City,Easton Court,motorcity|eastoncourt,,,126,0,,,building,,,,a building outline of this name is on the map (1 footprint)
motorcity,Motor City,Fox Hill 1,motorcity|foxhill1,,,139,0,,,building,,,,a building outline of this name is on the map (1 footprint)
motorcity,Motor City,Fox Hill 2,motorcity|foxhill2,,,141,0,,,building,,,,a building outline of this name is on the map (1 footprint)
motorcity,Motor City,Fox Hill 3,motorcity|foxhill3,,,132,0,,,building,,,,a building outline of this name is on the map (1 footprint)
motorcity,Motor City,Fox Hill 4,motorcity|foxhill4,,,106,0,,,building,,,,a building outline of this name is on the map (1 footprint)
motorcity,Motor City,Fox Hill 5,motorcity|foxhill5,,,106,0,,,building,,,,a building outline of this name is on the map (1 footprint)
motorcity,Motor City,Fox Hill 6,motorcity|foxhill6,,,143,0,,,building,,,,a building outline of this name is on the map (1 footprint)
motorcity,Motor City,Fox Hill 7,motorcity|foxhill7,,,103,0,,,building,,,,a building outline of this name is on the map (1 footprint)
motorcity,Motor City,Fox Hill 8,motorcity|foxhill8,,,97,0,,,building,,,,a building outline of this name is on the map (1 footprint)
motorcity,Motor City,Fox Hill 9,motorcity|foxhill9,,,100,0,,,building,,,,a building outline of this name is on the map (1 footprint)
motorcity,Motor City,Marlowe House 1,motorcity|marlowehouse1,,,128,0,,,building,,,,a building outline of this name is on the map (1 footprint)
motorcity,Motor City,Marlowe House 2,motorcity|marlowehouse2,,,101,0,,,building,,,,a building outline of this name is on the map (1 footprint)
motorcity,Motor City,Newbridge Hill 1,motorcity|newbridgehill1,,,239,0,,,building,,,,a building outline of this name is on the map (1 footprint)
motorcity,Motor City,Newbridge Hill 2,motorcity|newbridgehill2,,,136,0,,,building,,,,a building outline of this name is on the map (1 footprint)
motorcity,Motor City,Newbridge Hill 3,motorcity|newbridgehill3,,,377,0,,,building,,,,a building outline of this name is on the map (1 footprint)
motorcity,Motor City,Norton Court 1,motorcity|nortoncourt1,,,173,0,,,building,,,,a building outline of this name is on the map (1 footprint)
motorcity,Motor City,Norton Court 2,motorcity|nortoncourt2,,,83,0,,,building,,,,a building outline of this name is on the map (1 footprint)
motorcity,Motor City,Norton Court 3,motorcity|nortoncourt3,,,154,0,,,building,,,,a building outline of this name is on the map (1 footprint)
motorcity,Motor City,Norton Court 4,motorcity|nortoncourt4,,,94,0,,,building,,,,a building outline of this name is on the map (1 footprint)
motorcity,Motor City,OIA Residence,motorcity|oiaresidence,1779,,410,68,,,building,,,,a building outline of this name is on the map (1 footprint)
motorcity,Motor City,Regent House 1,motorcity|regenthouse1,,,179,0,,,building,,,,a building outline of this name is on the map (1 footprint)
motorcity,Motor City,Regent House 2,motorcity|regenthouse2,,,177,0,,,building,,,,a building outline of this name is on the map (1 footprint)
motorcity,Motor City,Shakespeare Sircus 1,motorcity|shakespearesircus1,,,406,0,,,building,,,,a building outline of this name is on the map (1 footprint)
motorcity,Motor City,Shakespeare Sircus 2,motorcity|shakespearesircus2,,,204,0,,,building,,,,a building outline of this name is on the map (1 footprint)
motorcity,Motor City,Sherlock Circus 1,motorcity|sherlockcircus1,,,174,0,,,building,,,,a building outline of this name is on the map (1 footprint)
motorcity,Motor City,Sherlock Circus 2,motorcity|sherlockcircus2,,,90,0,,,building,,,,a building outline of this name is on the map (1 footprint)
motorcity,Motor City,Sherlock Circus 3,motorcity|sherlockcircus3,,,98,0,,,building,,,,a building outline of this name is on the map (1 footprint)
motorcity,Motor City,Sherlock House 1,motorcity|sherlockhouse1,,,248,0,,,building,,,,a building outline of this name is on the map (1 footprint)
motorcity,Motor City,Sherlock House 2,motorcity|sherlockhouse2,,,251,0,,,building,,,,a building outline of this name is on the map (1 footprint)
motorcity,Motor City,Terrace Apartment 1,motorcity|terraceapartment1,,,89,0,,,building,,,,a building outline of this name is on the map (1 footprint)
motorcity,Motor City,Terrace Apartment 4,motorcity|terraceapartment4,,,99,0,,,building,,,,a building outline of this name is on the map (1 footprint)
motorcity,Motor City,Velos Residence,motorcity|velosresidence,3816,,97,96,,,building,,,,a building outline of this name is on the map (1 footprint)
motorcity,Motor City,Weston Court 1,motorcity|westoncourt1,,,150,0,,,building,,,,a building outline of this name is on the map (1 footprint)
motorcity,Motor City,Weston Court 2,motorcity|westoncourt2,,,151,0,,,building,,,,a building outline of this name is on the map (1 footprint)
motorcity,Motor City,Widcombe House 1,motorcity|widcombehouse1,,,152,0,,,building,,,,a building outline of this name is on the map (1 footprint)
motorcity,Motor City,Widcombe House 2,motorcity|widcombehouse2,,,138,0,,,building,,,,a building outline of this name is on the map (1 footprint)
motorcity,Motor City,Widcombe House 3,motorcity|widcombehouse3,,,127,0,,,building,,,,a building outline of this name is on the map (1 footprint)
motorcity,Motor City,Widcombe House 4,motorcity|widcombehouse4,,,144,0,,,building,,,,a building outline of this name is on the map (1 footprint)
palmdeira,Dubai Islands,Blue Marina Residence by Shakirov Developments,palmdeira|bluemarinaresidence,3867,,19,19,,,building,,,,a building outline of this name is on the map (1 footprint)
palmdeira,Dubai Islands,The Tides By Amis,palmdeira|thetides,4224,ACTIVE,4,4,,,building,,,,a building outline of this name is on the map (1 footprint)
palmjumeirah,Palm Jumeirah,AZURE RESIDENCE,palmjumeirah|azureresidence,1350,,255,8,,,building,,,,a building outline of this name is on the map (1 footprint)
palmjumeirah,Palm Jumeirah,Abu Keibal,palmjumeirah|abukeibal,,,245,0,,,building,,,,a building outline of this name is on the map (1 footprint)
palmjumeirah,Palm Jumeirah,Adriatic,palmjumeirah|adriatic,,,207,0,,,building,,,,a building outline of this name is on the map (1 footprint)
palmjumeirah,Palm Jumeirah,Aegean,palmjumeirah|aegean,,,154,0,,,building,,,,a building outline of this name is on the map (1 footprint)
palmjumeirah,Palm Jumeirah,Al Anbara,palmjumeirah|alanbara,,,279,0,,,building,,,,a building outline of this name is on the map (1 footprint)
palmjumeirah,Palm Jumeirah,Al Basri,palmjumeirah|albasri,,,310,0,,,building,,,,a building outline of this name is on the map (1 footprint)
palmjumeirah,Palm Jumeirah,Al Dabas,palmjumeirah|aldabas,,,262,0,,,building,,,,a building outline of this name is on the map (1 footprint)
palmjumeirah,Palm Jumeirah,Al Habool,palmjumeirah|alhabool,,,258,0,,,building,,,,a building outline of this name is on the map (1 footprint)
palmjumeirah,Palm Jumeirah,Al Hallawi,palmjumeirah|alhallawi,,,298,0,,,building,,,,a building outline of this name is on the map (1 footprint)
palmjumeirah,Palm Jumeirah,Al Hamri,palmjumeirah|alhamri,,,284,0,,,building,,,,a building outline of this name is on the map (1 footprint)
palmjumeirah,Palm Jumeirah,Al Haseer B7,palmjumeirah|alhaseerb7,,,297,0,,,building,,,,a building outline of this name is on the map (1 footprint)
palmjumeirah,Palm Jumeirah,Al Hatimi,palmjumeirah|alhatimi,,,263,0,,,building,,,,a building outline of this name is on the map (1 footprint)
palmjumeirah,Palm Jumeirah,Al Khudrawi,palmjumeirah|alkhudrawi,,,286,0,,,building,,,,a building outline of this name is on the map (1 footprint)
palmjumeirah,Palm Jumeirah,Al Khushkar,palmjumeirah|alkhushkar,,,325,0,,,building,,,,a building outline of this name is on the map (1 footprint)
palmjumeirah,Palm Jumeirah,Al Msalli,palmjumeirah|almsalli,,,268,0,,,building,,,,a building outline of this name is on the map (1 footprint)
palmjumeirah,Palm Jumeirah,Al Sarrood,palmjumeirah|alsarrood,,,288,0,,,building,,,,a building outline of this name is on the map (1 footprint)
palmjumeirah,Palm Jumeirah,Al Shahla,palmjumeirah|alshahla,,,275,0,,,building,,,,a building outline of this name is on the map (1 footprint)
palmjumeirah,Palm Jumeirah,Al Sultana,palmjumeirah|alsultana,,,228,0,,,building,,,,a building outline of this name is on the map (1 footprint)
palmjumeirah,Palm Jumeirah,Al Tamr,palmjumeirah|altamr,,,318,0,,,building,,,,a building outline of this name is on the map (1 footprint)
palmjumeirah,Palm Jumeirah,Aquamarine,palmjumeirah|aquamarine,1040,,279,0,,,building,,,,a building outline of this name is on the map (1 footprint)
palmjumeirah,Palm Jumeirah,Atlantic,palmjumeirah|atlantic,,,208,0,,,building,,,,a building outline of this name is on the map (1 footprint)
palmjumeirah,Palm Jumeirah,Azizi Mina,palmjumeirah|azizimina,,,212,0,,,building,,,,a building outline of this name is on the map (1 footprint)
palmjumeirah,Palm Jumeirah,Balqis Residence,palmjumeirah|balqisresidence,611,,255,21,,,building,,,,a building outline of this name is on the map (1 footprint)
palmjumeirah,Palm Jumeirah,Baltic,palmjumeirah|baltic,,,232,0,,,building,,,,a building outline of this name is on the map (1 footprint)
palmjumeirah,Palm Jumeirah,Caribbean,palmjumeirah|caribbean,,,214,0,,,building,,,,a building outline of this name is on the map (1 footprint)
palmjumeirah,Palm Jumeirah,Club Villas,palmjumeirah|clubvillas,1753,,13,0,,,building,,,,a building outline of this name is on the map (1 footprint)
palmjumeirah,Palm Jumeirah,Club Vista Mare,palmjumeirah|clubvistamare,1351,,82,4,,,building,,,,a building outline of this name is on the map (1 footprint)
palmjumeirah,Palm Jumeirah,Diamond,palmjumeirah|diamond,1040,,270,0,,,building,,,,a building outline of this name is on the map (1 footprint)
palmjumeirah,Palm Jumeirah,Dream Palm Residence,palmjumeirah|dreampalmresidence,,,44,0,,,building,,,,a building outline of this name is on the map (1 footprint)
palmjumeirah,Palm Jumeirah,ELLINGTON BEACH HOUSE,palmjumeirah|ellingtonbeachhouse,2437,FINISHED,9,9,,,building,,,,a building outline of this name is on the map (2 footprints)
palmjumeirah,Palm Jumeirah,EMERALD PALACE KEMPINSKI,palmjumeirah|emeraldpalacekempinski,97,FINISHED,13,13,,,building,,,,a building outline of this name is on the map (1 footprint)
palmjumeirah,Palm Jumeirah,EMERALD PALACE KEMPINSKI HOTEL,palmjumeirah|emeraldpalacekempinskihotel,1382,,555,3,,,building,,,,a building outline of this name is on the map (1 footprint)
palmjumeirah,Palm Jumeirah,Emerald,palmjumeirah|emerald,1040,,256,0,,,building,,,,a building outline of this name is on the map (1 footprint)
palmjumeirah,Palm Jumeirah,FAIRMONT PALM RESIDENCE,palmjumeirah|fairmontpalmresidence,390,,332,35,,,building,,,,a building outline of this name is on the map (1 footprint)
palmjumeirah,Palm Jumeirah,GOLDEN MILE,palmjumeirah|goldenmile,388,FINISHED,591,49,,,building,,,,a building outline of this name is on the map (11 footprints)
palmjumeirah,Palm Jumeirah,Golden Mile 1,palmjumeirah|goldenmile1,388,,197,0,,,building,,,,a building outline of this name is on the map (2 footprints)
palmjumeirah,Palm Jumeirah,Golden Mile 10,palmjumeirah|goldenmile10,388,,191,0,,,building,,,,a building outline of this name is on the map (2 footprints)
palmjumeirah,Palm Jumeirah,Golden Mile 2,palmjumeirah|goldenmile2,388,,190,0,,,building,,,,a building outline of this name is on the map (1 footprint)
palmjumeirah,Palm Jumeirah,Golden Mile 3,palmjumeirah|goldenmile3,388,,192,0,,,building,,,,a building outline of this name is on the map (2 footprints)
palmjumeirah,Palm Jumeirah,Golden Mile 4,palmjumeirah|goldenmile4,388,,204,0,,,building,,,,a building outline of this name is on the map (1 footprint)
palmjumeirah,Palm Jumeirah,Golden Mile 5,palmjumeirah|goldenmile5,388,,192,0,,,building,,,,a building outline of this name is on the map (1 footprint)
palmjumeirah,Palm Jumeirah,Golden Mile 6,palmjumeirah|goldenmile6,388,,211,0,,,building,,,,a building outline of this name is on the map (1 footprint)
palmjumeirah,Palm Jumeirah,Golden Mile 7,palmjumeirah|goldenmile7,,,180,0,,,building,,,,a building outline of this name is on the map (1 footprint)
palmjumeirah,Palm Jumeirah,Golden Mile 8,palmjumeirah|goldenmile8,388,,200,0,,,building,,,,a building outline of this name is on the map (1 footprint)
palmjumeirah,Palm Jumeirah,Golden Mile 9,palmjumeirah|goldenmile9,388,,219,0,,,building,,,,a building outline of this name is on the map (1 footprint)
palmjumeirah,Palm Jumeirah,Grandeur Residences,palmjumeirah|grandeurresidences,92,,334,15,,,building,,,,a building outline of this name is on the map (1 footprint)
palmjumeirah,Palm Jumeirah,Jash Falqa,palmjumeirah|jashfalqa,,,244,0,,,building,,,,a building outline of this name is on the map (1 footprint)
palmjumeirah,Palm Jumeirah,Jash Hamad - B18,palmjumeirah|jashhamadb18,,,232,0,,,building,,,,a building outline of this name is on the map (1 footprint)
palmjumeirah,Palm Jumeirah,LUCE,palmjumeirah|luce,2572,,4,4,,,building,,,,a building outline of this name is on the map (1 footprint)
palmjumeirah,Palm Jumeirah,MARINA RESIDENCE,palmjumeirah|marinaresidence,1297,,697,80,,,building,,,,a building outline of this name is on the map (1 footprint)
palmjumeirah,Palm Jumeirah,MURABA RESIDENCES PALM JUMERIAH,palmjumeirah|murabaresidencespalmjumeriah,1582,,55,6,,,building,,,,a building outline of this name is on the map (1 footprint)
palmjumeirah,Palm Jumeirah,Marina Apartments 1,palmjumeirah|marinaapartments1,1297,,378,0,,,building,,,,a building outline of this name is on the map (1 footprint)
palmjumeirah,Palm Jumeirah,Marina Apartments 2,palmjumeirah|marinaapartments2,1297,,359,0,,,building,,,,a building outline of this name is on the map (1 footprint)
palmjumeirah,Palm Jumeirah,Marina Apartments 4,palmjumeirah|marinaapartments4,1297,,415,0,,,building,,,,a building outline of this name is on the map (1 footprint)
palmjumeirah,Palm Jumeirah,Marina Apartments 5,palmjumeirah|marinaapartments5,1297,,361,0,,,building,,,,a building outline of this name is on the map (1 footprint)
palmjumeirah,Palm Jumeirah,Marina Apartments 6,palmjumeirah|marinaapartments6,1297,,382,0,,,building,,,,a building outline of this name is on the map (1 footprint)
palmjumeirah,Palm Jumeirah,ONE AT PALM JUMEIRAH,palmjumeirah|oneatpalmjumeirah,1631,,9,9,,,building,,,,a building outline of this name is on the map (1 footprint)
palmjumeirah,Palm Jumeirah,Pacific,palmjumeirah|pacific,,,228,0,,,building,,,,a building outline of this name is on the map (1 footprint)
palmjumeirah,Palm Jumeirah,Palm Beach Towers -3,palmjumeirah|palmbeachtowers3,2449,,449,12,,,building,,,,a building outline of this name is on the map (1 footprint)
palmjumeirah,Palm Jumeirah,Palm Views - East,palmjumeirah|palmviewseast,1316,,223,12,,,building,,,,a building outline of this name is on the map (1 footprint)
palmjumeirah,Palm Jumeirah,Palm Views - West,palmjumeirah|palmviewswest,1317,,257,12,,,building,,,,a building outline of this name is on the map (1 footprint)
palmjumeirah,Palm Jumeirah,Palme Couture,palmjumeirah|palmecouture,1529,,24,0,,,building,,,,a building outline of this name is on the map (1 footprint)
palmjumeirah,Palm Jumeirah,Passo by Beyond,palmjumeirah|passo,3886,,268,268,,,building,,,,a building outline of this name is on the map (1 footprint)
palmjumeirah,Palm Jumeirah,ROYAL AMWAJ,palmjumeirah|royalamwaj,356,,473,40,,,building,,,,a building outline of this name is on the map (1 footprint)
palmjumeirah,Palm Jumeirah,Royal Bay,palmjumeirah|royalbay,,,130,0,,,building,,,,a building outline of this name is on the map (1 footprint)
palmjumeirah,Palm Jumeirah,Ruby,palmjumeirah|ruby,1040,,280,0,,,building,,,,a building outline of this name is on the map (1 footprint)
palmjumeirah,Palm Jumeirah,SERENIA LIVING,palmjumeirah|serenialiving,2420,,348,36,,,building,,,,a building outline of this name is on the map (1 footprint)
palmjumeirah,Palm Jumeirah,Serenia Residences The Palm,palmjumeirah|sereniaresidencesthepalm,1641,,285,19,,,building,,,,a building outline of this name is on the map (1 footprint)
palmjumeirah,Palm Jumeirah,Seven Hotel and Apartments The Palm,palmjumeirah|sevenhotelandapartmentsthepalm,1962,,997,51,,,building,,,,a building outline of this name is on the map (1 footprint)
palmjumeirah,Palm Jumeirah,Southern,palmjumeirah|southern,,,221,0,,,building,,,,a building outline of this name is on the map (1 footprint)
palmjumeirah,Palm Jumeirah,THE RESIDENCES SOUTH,palmjumeirah|theresidencessouth,390,,742,0,,,building,,,,a building outline of this name is on the map (1 footprint)
palmjumeirah,Palm Jumeirah,"THE ROYAL ATLANTIS,RESORT AND RESIDENCES",palmjumeirah|theroyalatlantisresortandresidences,1696,,387,22,,,building,,,,a building outline of this name is on the map (1 footprint)
palmjumeirah,Palm Jumeirah,TIARA RESIDENCE,palmjumeirah|tiararesidence,1040,,270,26,,,building,,,,a building outline of this name is on the map (1 footprint)
palmjumeirah,Palm Jumeirah,Tanzanite,palmjumeirah|tanzanite,1040,,238,0,,,building,,,,a building outline of this name is on the map (1 footprint)
palmjumeirah,Palm Jumeirah,The 8,palmjumeirah|the8,1617,,487,13,,,building,,,,a building outline of this name is on the map (1 footprint)
palmjumeirah,Palm Jumeirah,The Palm Tower,palmjumeirah|thepalmtower,1603,,741,36,,,building,,,,a building outline of this name is on the map (1 footprint)
palmjumeirah,Palm Jumeirah,The Residences North,palmjumeirah|theresidencesnorth,390,,773,0,,,building,,,,a building outline of this name is on the map (1 footprint)
palmjumeirah,Palm Jumeirah,The Royal Sky Mansion at Serenia Living,palmjumeirah|theroyalskymansionatserenialiving,2420,,168,0,,,building,,,,a building outline of this name is on the map (1 footprint)
palmjumeirah,Palm Jumeirah,VICEROY HOTEL RESORTS RESIDENCES,palmjumeirah|viceroyhotelresortsresidences,1344,,1363,11,,,building,,,,a building outline of this name is on the map (1 footprint)
palmjumeirah,Palm Jumeirah,W Residences Dubai - The Palm,palmjumeirah|wresidencesdubaithepalm,1698,,129,5,,,building,,,,a building outline of this name is on the map (1 footprint)
samaaljadaf,Al Jaddaf,ART BAY WEST,samaaljadaf|artbaywest,2996,,169,8,,,building,,,,a building outline of this name is on the map (1 footprint)
samaaljadaf,Al Jaddaf,Affini,samaaljadaf|affini,,,125,0,,,building,,,,a building outline of this name is on the map (1 footprint)
samaaljadaf,Al Jaddaf,Al Waleed Garden,samaaljadaf|alwaleedgarden,,,62,0,,,building,,,,a building outline of this name is on the map (2 footprints)
samaaljadaf,Al Jaddaf,Al Waleed Garden 2,samaaljadaf|alwaleedgarden2,2585,,167,8,,,building,,,,a building outline of this name is on the map (2 footprints)
samaaljadaf,Al Jaddaf,Amazonia,samaaljadaf|amazonia,3595,,24,21,,,building,,,,a building outline of this name is on the map (1 footprint)
samaaljadaf,Al Jaddaf,Azizi Aliyah Residences,samaaljadaf|azizialiyahresidences,1799,,500,27,,,building,,,,a building outline of this name is on the map (1 footprint)
samaaljadaf,Al Jaddaf,Binghatti Avenue,samaaljadaf|binghattiavenue,2185,,938,49,,,building,,,,a building outline of this name is on the map (1 footprint)
samaaljadaf,Al Jaddaf,Binghatti Creek,samaaljadaf|binghatticreek,2361,,493,21,,,building,,,,a building outline of this name is on the map (1 footprint)
samaaljadaf,Al Jaddaf,Binghatti Gateway,samaaljadaf|binghattigateway,2117,,283,10,,,building,,,,a building outline of this name is on the map (1 footprint)
samaaljadaf,Al Jaddaf,Binghatti Ivory,samaaljadaf|binghattiivory,3264,,324,86,,,building,,,,a building outline of this name is on the map (1 footprint)
samaaljadaf,Al Jaddaf,Binghatti Moonlight,samaaljadaf|binghattimoonlight,3722,,223,222,,,building,,,,a building outline of this name is on the map (1 footprint)
samaaljadaf,Al Jaddaf,Binghatti Pinnacle,samaaljadaf|binghattipinnacle,3256,,145,145,,,building,,,,a building outline of this name is on the map (1 footprint)
samaaljadaf,Al Jaddaf,Binghatti Twilight,samaaljadaf|binghattitwilight,3397,,216,186,,,building,,,,a building outline of this name is on the map (1 footprint)
samaaljadaf,Al Jaddaf,Boutique Xll,samaaljadaf|boutiquexll,2371,,212,16,,,building,,,,a building outline of this name is on the map (1 footprint)
samaaljadaf,Al Jaddaf,Celeste,samaaljadaf|celeste,3527,,29,29,,,building,,,,a building outline of this name is on the map (1 footprint)
samaaljadaf,Al Jaddaf,DUBAI WHARF,samaaljadaf|dubaiwharf,1583,FINISHED,63,4,,,building,,,,a building outline of this name is on the map (1 footprint)
samaaljadaf,Al Jaddaf,DUBAI WHARF TOWER 2,samaaljadaf|dubaiwharftower2,1869,,269,0,,,building,,,,a building outline of this name is on the map (1 footprint)
samaaljadaf,Al Jaddaf,Dubai Wharf - Tower 2,samaaljadaf|dubaiwharftower2,1869,,81,19,,,building,,,,a building outline of this name is on the map (1 footprint)
samaaljadaf,Al Jaddaf,Eastern Star Residence - G7,samaaljadaf|easternstarresidenceg7,,,11,0,,,building,,,,a building outline of this name is on the map (1 footprint)
samaaljadaf,Al Jaddaf,Farhad Azizi Residence,samaaljadaf|farhadaziziresidence,1914,,858,52,,,building,,,,a building outline of this name is on the map (1 footprint)
samaaljadaf,Al Jaddaf,Iris Amber,samaaljadaf|irisamber,124,,108,8,,,building,,,,a building outline of this name is on the map (1 footprint)
samaaljadaf,Al Jaddaf,La Boutique,samaaljadaf|laboutique,3120,,120,8,,,building,,,,a building outline of this name is on the map (1 footprint)
samaaljadaf,Al Jaddaf,Manazel Alkhor,samaaljadaf|manazelalkhor,1492,,58,0,,,building,,,,a building outline of this name is on the map (1 footprint)
samaaljadaf,Al Jaddaf,NILOOFAR,samaaljadaf|niloofar,146,,184,0,,,building,,,,a building outline of this name is on the map (1 footprint)
samaaljadaf,Al Jaddaf,O10,samaaljadaf|o10,2323,,150,11,,,building,,,,a building outline of this name is on the map (1 footprint)
samaaljadaf,Al Jaddaf,Palazzo Versace,samaaljadaf|palazzoversace,624,,280,14,,,building,,,,a building outline of this name is on the map (1 footprint)
samaaljadaf,Al Jaddaf,Riah Towers,samaaljadaf|riahtowers,1658,,285,9,,,building,,,,a building outline of this name is on the map (1 footprint)
samaaljadaf,Al Jaddaf,The Pearl,samaaljadaf|thepearl,,,38,0,,,building,,,,a building outline of this name is on the map (1 footprint)
samaaljadaf,Al Jaddaf,Volna By Kasco,samaaljadaf|volna,3105,,57,17,,,building,,,,a building outline of this name is on the map (1 footprint)
siliconoasis,Dubai Silicon Oasis,AURA ELITE,siliconoasis|auraelite,3241,,65,25,,,building,,,,a building outline of this name is on the map (1 footprint)
siliconoasis,Dubai Silicon Oasis,AXIS  RESIDENCES 1,siliconoasis|axisresidences1,1247,FINISHED,163,23,,,building,,,,a building outline of this name is on the map (1 footprint)
siliconoasis,Dubai Silicon Oasis,AXIS RESIDENCES 2,siliconoasis|axisresidences2,1248,FINISHED,96,10,,,building,,,,a building outline of this name is on the map (1 footprint)
siliconoasis,Dubai Silicon Oasis,AXIS RESIDENCES ONE 1,siliconoasis|axisresidencesone1,1247,,150,0,,,building,,,,a building outline of this name is on the map (2 footprints)
siliconoasis,Dubai Silicon Oasis,Al Falak Residence,siliconoasis|alfalakresidence,1657,,120,5,,,building,,,,a building outline of this name is on the map (1 footprint)
siliconoasis,Dubai Silicon Oasis,Altia ONE,siliconoasis|altiaone,3039,,137,50,,,building,,,,a building outline of this name is on the map (1 footprint)
siliconoasis,Dubai Silicon Oasis,Altia Residence,siliconoasis|altiaresidence,1681,,139,12,,,building,,,,a building outline of this name is on the map (1 footprint)
siliconoasis,Dubai Silicon Oasis,Arabian Gate,siliconoasis|arabiangate,1662,,1016,53,,,building,,,,a building outline of this name is on the map (1 footprint)
siliconoasis,Dubai Silicon Oasis,Aura Elegance,siliconoasis|auraelegance,2853,,142,39,,,building,,,,a building outline of this name is on the map (1 footprint)
siliconoasis,Dubai Silicon Oasis,Axis Residence 2,siliconoasis|axisresidence2,1248,,404,0,,,building,,,,a building outline of this name is on the map (2 footprints)
siliconoasis,Dubai Silicon Oasis,Axis Residences 3,siliconoasis|axisresidences3,1249,,221,5,,,building,,,,a building outline of this name is on the map (2 footprints)
siliconoasis,Dubai Silicon Oasis,Axis Residences 4,siliconoasis|axisresidences4,1250,,251,27,,,building,,,,a building outline of this name is on the map (2 footprints)
siliconoasis,Dubai Silicon Oasis,Axis Residences 5,siliconoasis|axisresidences5,1251,,218,9,,,building,,,,a building outline of this name is on the map (2 footprints)
siliconoasis,Dubai Silicon Oasis,Axis Residences 6,siliconoasis|axisresidences6,1252,,220,13,,,building,,,,a building outline of this name is on the map (2 footprints)
siliconoasis,Dubai Silicon Oasis,Axis Residences 7,siliconoasis|axisresidences7,1261,,7,0,,,building,,,,a building outline of this name is on the map (2 footprints)
siliconoasis,Dubai Silicon Oasis,Axis Residences 8,siliconoasis|axisresidences8,1255,,220,21,,,building,,,,a building outline of this name is on the map (2 footprints)
siliconoasis,Dubai Silicon Oasis,Axis Silver,siliconoasis|axissilver,1616,,206,13,,,building,,,,a building outline of this name is on the map (1 footprint)
siliconoasis,Dubai Silicon Oasis,Ayat Oasis,siliconoasis|ayatoasis,,,96,0,,,building,,,,a building outline of this name is on the map (1 footprint)
siliconoasis,Dubai Silicon Oasis,Belle Vie By Zimaya,siliconoasis|bellevie,4023,,109,109,,,building,,,,a building outline of this name is on the map (1 footprint)
siliconoasis,Dubai Silicon Oasis,Binghatti Apartments,siliconoasis|binghattiapartments,1630,,463,22,,,building,,,,a building outline of this name is on the map (1 footprint)
siliconoasis,Dubai Silicon Oasis,Binghatti Point,siliconoasis|binghattipoint,2203,,173,8,,,building,,,,a building outline of this name is on the map (1 footprint)
siliconoasis,Dubai Silicon Oasis,Binghatti Stars,siliconoasis|binghattistars,1933,,646,37,,,building,,,,a building outline of this name is on the map (1 footprint)
siliconoasis,Dubai Silicon Oasis,Binghatti Views,siliconoasis|binghattiviews,1689,,309,18,,,building,,,,a building outline of this name is on the map (1 footprint)
siliconoasis,Dubai Silicon Oasis,CORAL RESIDENCE,siliconoasis|coralresidence,43,,375,13,,,building,,,,a building outline of this name is on the map (1 footprint)
siliconoasis,Dubai Silicon Oasis,Cordoba Palace,siliconoasis|cordobapalace,799,,399,10,,,building,,,,a building outline of this name is on the map (1 footprint)
siliconoasis,Dubai Silicon Oasis,Crystals,siliconoasis|crystals,,,242,0,,,building,,,,a building outline of this name is on the map (1 footprint)
siliconoasis,Dubai Silicon Oasis,Imperial,siliconoasis|imperial,605,,246,22,,,building,,,,a building outline of this name is on the map (1 footprint)
siliconoasis,Dubai Silicon Oasis,Jade Residence,siliconoasis|jaderesidence,55,,310,11,,,building,,,,a building outline of this name is on the map (1 footprint)
siliconoasis,Dubai Silicon Oasis,Khansaheb 1,siliconoasis|khansaheb1,,,4,0,,,building,,,,a building outline of this name is on the map (1 footprint)
siliconoasis,Dubai Silicon Oasis,LA VISTA 06,siliconoasis|lavista06,17,,19,0,,,building,,,,a building outline of this name is on the map (1 footprint)
siliconoasis,Dubai Silicon Oasis,LA VISTA 3,siliconoasis|lavista3,11,,249,0,,,building,,,,a building outline of this name is on the map (1 footprint)
siliconoasis,Dubai Silicon Oasis,LYNX,siliconoasis|lynx,493,,99,17,,,building,,,,a building outline of this name is on the map (1 footprint)
siliconoasis,Dubai Silicon Oasis,La Visita 01,siliconoasis|lavisita01,10,,259,13,,,building,,,,a building outline of this name is on the map (1 footprint)
siliconoasis,Dubai Silicon Oasis,La Vista 2,siliconoasis|lavista2,13,,264,0,,,building,,,,a building outline of this name is on the map (1 footprint)
siliconoasis,Dubai Silicon Oasis,Le Presidium,siliconoasis|lepresidium,910,,177,6,,,building,,,,a building outline of this name is on the map (2 footprints)
siliconoasis,Dubai Silicon Oasis,Le Presidium Tower 2,siliconoasis|lepresidiumtower2,910,,170,0,,,building,,,,a building outline of this name is on the map (2 footprints)
siliconoasis,Dubai Silicon Oasis,Lynx Residence,siliconoasis|lynxresidence,493,,272,0,,,building,,,,a building outline of this name is on the map (1 footprint)
siliconoasis,Dubai Silicon Oasis,Mas Tower,siliconoasis|mastower,2521,,241,2,,,building,,,,a building outline of this name is on the map (1 footprint)
siliconoasis,Dubai Silicon Oasis,Oasis High Park,siliconoasis|oasishighpark,610,,255,6,,,building,,,,a building outline of this name is on the map (1 footprint)
siliconoasis,Dubai Silicon Oasis,Oasis Loft,siliconoasis|oasisloft,3424,,166,0,,,building,,,,a building outline of this name is on the map (1 footprint)
siliconoasis,Dubai Silicon Oasis,Oasis Star,siliconoasis|oasisstar,808,,141,3,,,building,,,,a building outline of this name is on the map (1 footprint)
siliconoasis,Dubai Silicon Oasis,PALACE TOWER,siliconoasis|palacetower,213,FINISHED,215,39,,,building,,,,a building outline of this name is on the map (2 footprints)
siliconoasis,Dubai Silicon Oasis,PALACE TOWER T2,siliconoasis|palacetowert2,213,,1403,0,,,building,,,,a building outline of this name is on the map (1 footprint)
siliconoasis,Dubai Silicon Oasis,Park Terrace,siliconoasis|parkterrace,475,,187,0,,,building,,,,a building outline of this name is on the map (1 footprint)
siliconoasis,Dubai Silicon Oasis,Pearls by vision,siliconoasis|pearls,3054,,142,32,,,building,,,,a building outline of this name is on the map (1 footprint)
siliconoasis,Dubai Silicon Oasis,Platinum Residence 1,siliconoasis|platinumresidence1,1589,,219,12,,,building,,,,a building outline of this name is on the map (1 footprint)
siliconoasis,Dubai Silicon Oasis,Platinum Residence 2,siliconoasis|platinumresidence2,1590,,135,7,,,building,,,,a building outline of this name is on the map (1 footprint)
siliconoasis,Dubai Silicon Oasis,Ruby Residence,siliconoasis|rubyresidence,50,,280,10,,,building,,,,a building outline of this name is on the map (1 footprint)
siliconoasis,Dubai Silicon Oasis,S.p Oasis,siliconoasis|spoasis,916,,103,6,,,building,,,,a building outline of this name is on the map (1 footprint)
siliconoasis,Dubai Silicon Oasis,SILICON BOULEVARD,siliconoasis|siliconboulevard,475,,57,11,,,building,,,,a building outline of this name is on the map (1 footprint)
siliconoasis,Dubai Silicon Oasis,Sapphire Residence,siliconoasis|sapphireresidence,49,,215,10,,,building,,,,a building outline of this name is on the map (1 footprint)
siliconoasis,Dubai Silicon Oasis,Selicon Star 2,siliconoasis|seliconstar2,872,,117,20,,,building,,,,a building outline of this name is on the map (1 footprint)
siliconoasis,Dubai Silicon Oasis,Sevanam Crown,siliconoasis|sevanamcrown,825,,210,8,,,building,,,,a building outline of this name is on the map (1 footprint)
siliconoasis,Dubai Silicon Oasis,Silicon Arch,siliconoasis|siliconarch,,,346,0,,,building,,,,a building outline of this name is on the map (1 footprint)
siliconoasis,Dubai Silicon Oasis,Silicon Avenue,siliconoasis|siliconavenue,891,,27,0,,,building,,,,a building outline of this name is on the map (1 footprint)
siliconoasis,Dubai Silicon Oasis,Silicon Gate 2,siliconoasis|silicongate2,776,,247,0,,,building,,,,a building outline of this name is on the map (1 footprint)
siliconoasis,Dubai Silicon Oasis,Silicon Gate 3,siliconoasis|silicongate3,777,,259,10,,,building,,,,a building outline of this name is on the map (1 footprint)
siliconoasis,Dubai Silicon Oasis,Silicon Gates 1,siliconoasis|silicongates1,774,,2353,0,,,building,,,,a building outline of this name is on the map (2 footprints)
siliconoasis,Dubai Silicon Oasis,Silicon Gates 4,siliconoasis|silicongates4,775,,507,26,,,building,,,,a building outline of this name is on the map (1 footprint)
siliconoasis,Dubai Silicon Oasis,Silicon Heights,siliconoasis|siliconheights,317,,603,17,,,building,,,,a building outline of this name is on the map (2 footprints)
siliconoasis,Dubai Silicon Oasis,Silicon Heights2,siliconoasis|siliconheights2,411,,349,18,,,building,,,,a building outline of this name is on the map (2 footprints)
siliconoasis,Dubai Silicon Oasis,Silicon Star 1,siliconoasis|siliconstar1,,,245,0,,,building,,,,a building outline of this name is on the map (1 footprint)
siliconoasis,Dubai Silicon Oasis,Spring,siliconoasis|spring,,,820,0,,,building,,,,a building outline of this name is on the map (1 footprint)
siliconoasis,Dubai Silicon Oasis,Sunshine Residence,siliconoasis|sunshineresidence,1522,,77,0,,,building,,,,a building outline of this name is on the map (1 footprint)
siliconoasis,Dubai Silicon Oasis,T88,siliconoasis|t88,,,42,0,,,building,,,,a building outline of this name is on the map (1 footprint)
siliconoasis,Dubai Silicon Oasis,THE DUNES,siliconoasis|thedunes,762,,376,20,,,building,,,,a building outline of this name is on the map (1 footprint)
siliconoasis,Dubai Silicon Oasis,The Hillgate,siliconoasis|thehillgate,3594,NOT_STARTED,316,243,,,building,,,,a building outline of this name is on the map (1 footprint)
siliconoasis,Dubai Silicon Oasis,Topaz Residences 1,siliconoasis|topazresidences1,1635,,228,5,,,building,,,,a building outline of this name is on the map (1 footprint)
siliconoasis,Dubai Silicon Oasis,Topaz Residences 2,siliconoasis|topazresidences2,1708,,133,4,,,building,,,,a building outline of this name is on the map (1 footprint)
siliconoasis,Dubai Silicon Oasis,Topaz Residences 3,siliconoasis|topazresidences3,1653,,181,16,,,building,,,,a building outline of this name is on the map (1 footprint)
siliconoasis,Dubai Silicon Oasis,Tria By Deyaar,siliconoasis|tria,2403,,946,88,,,building,,,,a building outline of this name is on the map (1 footprint)
siliconoasis,Dubai Silicon Oasis,Uniestate Millennium Tower,siliconoasis|uniestatemillenniumtower,805,,154,3,,,building,,,,a building outline of this name is on the map (1 footprint)
siliconoasis,Dubai Silicon Oasis,University View B,siliconoasis|universityviewb,,,330,0,,,building,,,,a building outline of this name is on the map (1 footprint)
sobhaheartland,Sobha Hartland,Azizi Riviera 1,sobhaheartland|aziziriviera1,1958,,510,23,,,building,,,,a building outline of this name is on the map (11 footprints)
sobhaheartland,Sobha Hartland,Azizi Riviera 10,sobhaheartland|aziziriviera10,1993,,178,10,,,building,,,,a building outline of this name is on the map (2 footprints)
sobhaheartland,Sobha Hartland,Azizi Riviera 11,sobhaheartland|aziziriviera11,1974,,160,8,,,building,,,,a building outline of this name is on the map (2 footprints)
sobhaheartland,Sobha Hartland,Azizi Riviera 12,sobhaheartland|aziziriviera12,1972,,171,10,,,building,,,,a building outline of this name is on the map (2 footprints)
sobhaheartland,Sobha Hartland,Azizi Riviera 13,sobhaheartland|aziziriviera13,1976,,292,11,,,building,,,,a building outline of this name is on the map (2 footprints)
sobhaheartland,Sobha Hartland,Azizi Riviera 14,sobhaheartland|aziziriviera14,1994,,270,21,,,building,,,,a building outline of this name is on the map (2 footprints)
sobhaheartland,Sobha Hartland,Azizi Riviera 15,sobhaheartland|aziziriviera15,1975,,296,12,,,building,,,,a building outline of this name is on the map (2 footprints)
sobhaheartland,Sobha Hartland,Azizi Riviera 16,sobhaheartland|aziziriviera16,1928,,329,13,,,building,,,,a building outline of this name is on the map (2 footprints)
sobhaheartland,Sobha Hartland,Azizi Riviera 17,sobhaheartland|aziziriviera17,2046,,258,13,,,building,,,,a building outline of this name is on the map (2 footprints)
sobhaheartland,Sobha Hartland,Azizi Riviera 18,sobhaheartland|aziziriviera18,1996,,334,13,,,building,,,,a building outline of this name is on the map (2 footprints)
sobhaheartland,Sobha Hartland,Azizi Riviera 19,sobhaheartland|aziziriviera19,2002,,215,11,,,building,,,,a building outline of this name is on the map (2 footprints)
sobhaheartland,Sobha Hartland,Azizi Riviera 2,sobhaheartland|aziziriviera2,1955,,54,0,,,building,,,,a building outline of this name is on the map (11 footprints)
sobhaheartland,Sobha Hartland,Azizi Riviera 20,sobhaheartland|aziziriviera20,1966,,290,14,,,building,,,,a building outline of this name is on the map (2 footprints)
sobhaheartland,Sobha Hartland,Azizi Riviera 21,sobhaheartland|aziziriviera21,1965,,185,6,,,building,,,,a building outline of this name is on the map (2 footprints)
sobhaheartland,Sobha Hartland,Azizi Riviera 22,sobhaheartland|aziziriviera22,2003,,181,8,,,building,,,,a building outline of this name is on the map (2 footprints)
sobhaheartland,Sobha Hartland,Azizi Riviera 23,sobhaheartland|aziziriviera23,2009,,291,13,,,building,,,,a building outline of this name is on the map (2 footprints)
sobhaheartland,Sobha Hartland,Azizi Riviera 24,sobhaheartland|aziziriviera24,2120,,242,13,,,building,,,,a building outline of this name is on the map (2 footprints)
sobhaheartland,Sobha Hartland,Azizi Riviera 25,sobhaheartland|aziziriviera25,2230,,343,12,,,building,,,,a building outline of this name is on the map (2 footprints)
sobhaheartland,Sobha Hartland,Azizi Riviera 26,sobhaheartland|aziziriviera26,2119,,338,15,,,building,,,,a building outline of this name is on the map (2 footprints)
sobhaheartland,Sobha Hartland,Azizi Riviera 27,sobhaheartland|aziziriviera27,2121,,274,21,,,building,,,,a building outline of this name is on the map (2 footprints)
sobhaheartland,Sobha Hartland,Azizi Riviera 28,sobhaheartland|aziziriviera28,2118,,288,17,,,building,,,,a building outline of this name is on the map (2 footprints)
sobhaheartland,Sobha Hartland,Azizi Riviera 29,sobhaheartland|aziziriviera29,2122,,212,10,,,building,,,,a building outline of this name is on the map (2 footprints)
sobhaheartland,Sobha Hartland,Azizi Riviera 3,sobhaheartland|aziziriviera3,1951,,330,9,,,building,,,,a building outline of this name is on the map (11 footprints)
sobhaheartland,Sobha Hartland,Azizi Riviera 30,sobhaheartland|aziziriviera30,2123,,159,5,,,building,,,,a building outline of this name is on the map (2 footprints)
sobhaheartland,Sobha Hartland,Azizi Riviera 31,sobhaheartland|aziziriviera31,2231,,173,8,,,building,,,,a building outline of this name is on the map (2 footprints)
sobhaheartland,Sobha Hartland,Azizi Riviera 32,sobhaheartland|aziziriviera32,2042,,308,15,,,building,,,,a building outline of this name is on the map (2 footprints)
sobhaheartland,Sobha Hartland,Azizi Riviera 33,sobhaheartland|aziziriviera33,2040,,263,16,,,building,,,,a building outline of this name is on the map (2 footprints)
sobhaheartland,Sobha Hartland,Azizi Riviera 34,sobhaheartland|aziziriviera34,2043,,283,8,,,building,,,,a building outline of this name is on the map (2 footprints)
sobhaheartland,Sobha Hartland,Azizi Riviera 35,sobhaheartland|aziziriviera35,2041,,298,11,,,building,,,,a building outline of this name is on the map (2 footprints)
sobhaheartland,Sobha Hartland,Azizi Riviera 36,sobhaheartland|aziziriviera36,2340,,206,4,,,building,,,,a building outline of this name is on the map (2 footprints)
sobhaheartland,Sobha Hartland,Azizi Riviera 37,sobhaheartland|aziziriviera37,2048,,274,15,,,building,,,,a building outline of this name is on the map (2 footprints)
sobhaheartland,Sobha Hartland,Azizi Riviera 38,sobhaheartland|aziziriviera38,2051,,187,11,,,building,,,,a building outline of this name is on the map (2 footprints)
sobhaheartland,Sobha Hartland,Azizi Riviera 39,sobhaheartland|aziziriviera39,2124,,204,15,,,building,,,,a building outline of this name is on the map (2 footprints)
sobhaheartland,Sobha Hartland,Azizi Riviera 4,sobhaheartland|aziziriviera4,1942,,254,17,,,building,,,,a building outline of this name is on the map (11 footprints)
sobhaheartland,Sobha Hartland,Azizi Riviera 40,sobhaheartland|aziziriviera40,2125,,183,6,,,building,,,,a building outline of this name is on the map (2 footprints)
sobhaheartland,Sobha Hartland,Azizi Riviera 41,sobhaheartland|aziziriviera41,2343,,306,24,,,building,,,,a building outline of this name is on the map (2 footprints)
sobhaheartland,Sobha Hartland,Azizi Riviera 42,sobhaheartland|aziziriviera42,2341,,230,14,,,building,,,,a building outline of this name is on the map (2 footprints)
sobhaheartland,Sobha Hartland,Azizi Riviera 43,sobhaheartland|aziziriviera43,2342,,373,30,,,building,,,,a building outline of this name is on the map (2 footprints)
sobhaheartland,Sobha Hartland,Azizi Riviera 44,sobhaheartland|aziziriviera44,2296,,294,19,,,building,,,,a building outline of this name is on the map (2 footprints)
sobhaheartland,Sobha Hartland,Azizi Riviera 45,sobhaheartland|aziziriviera45,2295,,209,12,,,building,,,,a building outline of this name is on the map (2 footprints)
sobhaheartland,Sobha Hartland,Azizi Riviera 46,sobhaheartland|aziziriviera46,2294,,505,29,,,building,,,,a building outline of this name is on the map (2 footprints)
sobhaheartland,Sobha Hartland,Azizi Riviera 47,sobhaheartland|aziziriviera47,2398,,236,17,,,building,,,,a building outline of this name is on the map (2 footprints)
sobhaheartland,Sobha Hartland,Azizi Riviera 48,sobhaheartland|aziziriviera48,2126,,362,20,,,building,,,,a building outline of this name is on the map (2 footprints)
sobhaheartland,Sobha Hartland,Azizi Riviera 49,sobhaheartland|aziziriviera49,3613,,73,73,,,building,,,,a building outline of this name is on the map (2 footprints)
sobhaheartland,Sobha Hartland,Azizi Riviera 5,sobhaheartland|aziziriviera5,1927,,251,12,,,building,,,,a building outline of this name is on the map (10 footprints)
sobhaheartland,Sobha Hartland,Azizi Riviera 50,sobhaheartland|aziziriviera50,3614,,69,68,,,building,,,,a building outline of this name is on the map (2 footprints)
sobhaheartland,Sobha Hartland,Azizi Riviera 55,sobhaheartland|aziziriviera55,3616,,2,0,,,building,,,,a building outline of this name is on the map (2 footprints)
sobhaheartland,Sobha Hartland,Azizi Riviera 58,sobhaheartland|aziziriviera58,3737,,3,3,,,building,,,,a building outline of this name is on the map (2 footprints)
sobhaheartland,Sobha Hartland,Azizi Riviera 59,sobhaheartland|aziziriviera59,2658,,133,16,,,building,,,,a building outline of this name is on the map (2 footprints)
sobhaheartland,Sobha Hartland,Azizi Riviera 6,sobhaheartland|aziziriviera6,1956,,196,7,,,building,,,,a building outline of this name is on the map (11 footprints)
sobhaheartland,Sobha Hartland,Azizi Riviera 60,sobhaheartland|aziziriviera60,3618,,31,0,,,building,,,,a building outline of this name is on the map (2 footprints)
sobhaheartland,Sobha Hartland,Azizi Riviera 61,sobhaheartland|aziziriviera61,2817,,248,41,,,building,,,,a building outline of this name is on the map (2 footprints)
sobhaheartland,Sobha Hartland,Azizi Riviera 63,sobhaheartland|aziziriviera63,2686,,140,27,,,building,,,,a building outline of this name is on the map (2 footprints)
sobhaheartland,Sobha Hartland,Azizi Riviera 65,sobhaheartland|aziziriviera65,2742,,146,37,,,building,,,,a building outline of this name is on the map (2 footprints)
sobhaheartland,Sobha Hartland,Azizi Riviera 66,sobhaheartland|aziziriviera66,3738,,21,21,,,building,,,,a building outline of this name is on the map (2 footprints)
sobhaheartland,Sobha Hartland,Azizi Riviera 67,sobhaheartland|aziziriviera67,2912,,203,33,,,building,,,,a building outline of this name is on the map (2 footprints)
sobhaheartland,Sobha Hartland,Azizi Riviera 68,sobhaheartland|aziziriviera68,3795,,68,63,,,building,,,,a building outline of this name is on the map (2 footprints)
sobhaheartland,Sobha Hartland,Azizi Riviera 69,sobhaheartland|aziziriviera69,3012,,48,40,,,building,,,,a building outline of this name is on the map (2 footprints)
sobhaheartland,Sobha Hartland,Azizi Riviera 7,sobhaheartland|aziziriviera7,1940,,202,8,,,building,,,,a building outline of this name is on the map (1 footprint)
sobhaheartland,Sobha Hartland,Azizi Riviera 8,sobhaheartland|aziziriviera8,1995,,244,23,,,building,,,,a building outline of this name is on the map (1 footprint)
sobhaheartland,Sobha Hartland,Azizi Riviera 9,sobhaheartland|aziziriviera9,2068,,308,17,,,building,,,,a building outline of this name is on the map (1 footprint)
sobhaheartland,Sobha Hartland,Hotel,sobhaheartland|hotel,2297,,180,0,,,building,,,,a building outline of this name is on the map (3 footprints)
sobhaheartland,Sobha Hartland,Lagoon Views,sobhaheartland|lagoonviews,2310,,142,0,,,building,,,,a building outline of this name is on the map (1 footprint)
sobhaheartland,Sobha Hartland,Lagoon Views at District One,sobhaheartland|lagoonviewsatdistrictone,2310,FINISHED,8,8,,,building,,,,a building outline of this name is on the map (1 footprint)
sobhaheartland,Sobha Hartland,Maybach Six - TOWER A,sobhaheartland|maybachsixtowera,,,391,0,,,building,,,,a building outline of this name is on the map (1 footprint)
sobhaheartland,Sobha Hartland,Maybach Six - TOWER B,sobhaheartland|maybachsixtowerb,,,623,0,,,building,,,,a building outline of this name is on the map (1 footprint)
sobhaheartland,Sobha Hartland,Oxford Terraces,sobhaheartland|oxfordterraces,,,43,0,,,building,,,,a building outline of this name is on the map (1 footprint)
sobhaheartland,Sobha Hartland,Residence 11,sobhaheartland|residence11,2226,,187,0,,,building,,,,a building outline of this name is on the map (2 footprints)
sobhaheartland,Sobha Hartland,Residence 5,sobhaheartland|residence5,1999,,126,0,,,building,,,,a building outline of this name is on the map (1 footprint)
sobhaheartland,Sobha Hartland,Sobha Creek Vistas,sobhaheartland|sobhacreekvistas,2066,FINISHED,1193,107,,,building,,,,a building outline of this name is on the map (2 footprints)
sobhaheartland,Sobha Hartland,Sobha Creek Vistas Heights,sobhaheartland|sobhacreekvistasheights,2717,ACTIVE,1496,105,,,building,,,,a building outline of this name is on the map (2 footprints)
sobhaheartland,Sobha Hartland,Sobha Hartland Waves,sobhaheartland|sobhahartlandwaves,2239,,885,47,,,building,,,,a building outline of this name is on the map (1 footprint)
sobhaheartland,Sobha Hartland,Sobha Hartland Waves Grande,sobhaheartland|sobhahartlandwavesgrande,2305,FINISHED,23,23,,,building,,,,a building outline of this name is on the map (1 footprint)
sobhaheartland,Sobha Hartland,Sobha Hartland Waves Opulence,sobhaheartland|sobhahartlandwavesopulence,2564,ACTIVE,35,35,,,building,,,,a building outline of this name is on the map (1 footprint)
sobhaheartland,Sobha Hartland,The Galleries,sobhaheartland|thegalleries,,,81,0,,,building,,,,a building outline of this name is on the map (1 footprint)
sobhaheartland,Sobha Hartland,Vision Iconic,sobhaheartland|visioniconic,2178,ACTIVE,1125,0,,,building,,,,a building outline of this name is on the map (1 footprint)
sobhaheartland,Sobha Hartland,Wilton Park Residences,sobhaheartland|wiltonparkresidences,2158,,432,30,,,building,,,,a building outline of this name is on the map (1 footprint)
sobhaheartland,Sobha Hartland,Wilton Terraces,sobhaheartland|wiltonterraces,1970,,358,35,,,building,,,,a building outline of this name is on the map (1 footprint)
sobhaheartland,Sobha Hartland,Woodland Crest,sobhaheartland|woodlandcrest,,,33,0,,,building,,,,a building outline of this name is on the map (1 footprint)
sobhaheartland,Sobha Hartland,ِِAzizi Riviera 60,sobhaheartland|ِِaziziriviera60,3618,,31,31,,,building,,,,a building outline of this name is on the map (2 footprints)
wadialsafa4,Wadi Al Safa 4,Arancia Yards 2 By Beyond,wadialsafa4|aranciayards2,4529,,86,38,,,building,,,,a building outline of this name is on the map (1 footprint)
wadialsafa4,Wadi Al Safa 4,Arancia Yards By Beyond,wadialsafa4|aranciayards,4480,,213,213,,,building,,,,a building outline of this name is on the map (1 footprint)
wadialsafa4,Wadi Al Safa 4,Wadi Tower,wadialsafa4|waditower,965,,103,7,,,building,,,,a building outline of this name is on the map (1 footprint)
wadialsafa5,Wadi Al Safa 5,A 99,wadialsafa5|a99,2768,,89,8,,,building,,,,a building outline of this name is on the map (1 footprint)
wadialsafa5,Wadi Al Safa 5,AG 7EVEN,wadialsafa5|ag7even,2605,,263,17,,,building,,,,a building outline of this name is on the map (1 footprint)
wadialsafa5,Wadi Al Safa 5,Aark Terraces,wadialsafa5|aarkterraces,2785,,109,0,,,building,,,,a building outline of this name is on the map (1 footprint)
wadialsafa5,Wadi Al Safa 5,Ajmal Sarah,wadialsafa5|ajmalsarah,394,,83,5,,,building,,,,a building outline of this name is on the map (1 footprint)
wadialsafa5,Wadi Al Safa 5,Binghatti East Boutique Suites,wadialsafa5|binghattieastboutiquesuites,,,83,0,,,building,,,,a building outline of this name is on the map (1 footprint)
wadialsafa5,Wadi Al Safa 5,Binghatti West Boutique Suites,wadialsafa5|binghattiwestboutiquesuites,,,59,0,,,building,,,,a building outline of this name is on the map (1 footprint)
wadialsafa5,Wadi Al Safa 5,Bliss Homes,wadialsafa5|blisshomes,2910,,109,6,,,building,,,,a building outline of this name is on the map (1 footprint)
wadialsafa5,Wadi Al Safa 5,COVE EDITION RESIDENCE 5 by Imtiaz,wadialsafa5|coveeditionresidence5,3705,,114,114,,,building,,,,a building outline of this name is on the map (1 footprint)
wadialsafa5,Wadi Al Safa 5,Cove Edition Residence 4 By Imtiaz,wadialsafa5|coveeditionresidence4,3483,,265,43,,,building,,,,a building outline of this name is on the map (1 footprint)
wadialsafa5,Wadi Al Safa 5,DESERT SUN TOWER,wadialsafa5|desertsuntower,813,,49,49,,,building,,,,a building outline of this name is on the map (1 footprint)
wadialsafa5,Wadi Al Safa 5,Edison House,wadialsafa5|edisonhouse,2023,,88,8,,,building,,,,a building outline of this name is on the map (1 footprint)
wadialsafa5,Wadi Al Safa 5,Etlala 2,wadialsafa5|etlala2,,,155,0,,,building,,,,a building outline of this name is on the map (1 footprint)
wadialsafa5,Wadi Al Safa 5,Etlalah 1,wadialsafa5|etlalah1,,,290,0,,,building,,,,a building outline of this name is on the map (1 footprint)
wadialsafa5,Wadi Al Safa 5,Indigo Tower,wadialsafa5|indigotower,1072,,260,16,,,building,,,,a building outline of this name is on the map (1 footprint)
wadialsafa5,Wadi Al Safa 5,Khk 31,wadialsafa5|khk31,4153,,70,70,,,building,,,,a building outline of this name is on the map (1 footprint)
wadialsafa5,Wadi Al Safa 5,Maya 2,wadialsafa5|maya2,,,120,0,,,building,,,,a building outline of this name is on the map (1 footprint)
wadialsafa5,Wadi Al Safa 5,Maya 3,wadialsafa5|maya3,,,172,0,,,building,,,,a building outline of this name is on the map (1 footprint)
wadialsafa5,Wadi Al Safa 5,Phoenix Tower,wadialsafa5|phoenixtower,1070,,159,7,,,building,,,,a building outline of this name is on the map (1 footprint)
wadialsafa5,Wadi Al Safa 5,Rise by Athlon 1,wadialsafa5|rise,4044,ACTIVE,337,335,,,building,,,,a building outline of this name is on the map (1 footprint)
wadialsafa5,Wadi Al Safa 5,Rise by Athlon 2,wadialsafa5|rise,4045,ACTIVE,303,303,,,building,,,,a building outline of this name is on the map (1 footprint)
wadialsafa5,Wadi Al Safa 5,Rise by Athlon 3,wadialsafa5|rise,4046,ACTIVE,113,113,,,building,,,,a building outline of this name is on the map (1 footprint)
wadialsafa5,Wadi Al Safa 5,Rise by Athlon 4,wadialsafa5|rise,4047,ACTIVE,52,52,,,building,,,,a building outline of this name is on the map (1 footprint)
wadialsafa5,Wadi Al Safa 5,Rivo,wadialsafa5|rivo,4004,,82,82,,,building,,,,a building outline of this name is on the map (1 footprint)
wadialsafa5,Wadi Al Safa 5,Samana Boulevard Heights,wadialsafa5|samanaboulevardheights,3205,,502,496,,,building,,,,a building outline of this name is on the map (1 footprint)
wadialsafa5,Wadi Al Safa 5,Shorooq Land 2,wadialsafa5|shorooqland2,1916,,6,6,,,building,,,,a building outline of this name is on the map (1 footprint)
wadialsafa5,Wadi Al Safa 5,Sky Courts,wadialsafa5|skycourts,794,,1967,266,,,building,,,,a building outline of this name is on the map (1 footprint)
wadialsafa5,Wadi Al Safa 5,Solitaire Cascades,wadialsafa5|solitairecascades,507,,42,0,,,building,,,,a building outline of this name is on the map (1 footprint)
wadialsafa5,Wadi Al Safa 5,Sondos Rosa,wadialsafa5|sondosrosa,4009,,50,0,,,building,,,,a building outline of this name is on the map (1 footprint)
wadialsafa5,Wadi Al Safa 5,Sondos Sage,wadialsafa5|sondossage,3188,,202,0,,,building,,,,a building outline of this name is on the map (1 footprint)
wadialsafa5,Wadi Al Safa 5,Time 1,wadialsafa5|time1,1973,,419,30,,,building,,,,a building outline of this name is on the map (1 footprint)
wadialsafa5,Wadi Al Safa 5,Weston,wadialsafa5|weston,3188,ACTIVE,245,0,,,building,,,,a building outline of this name is on the map (1 footprint)
wadialsafa5,Wadi Al Safa 5,Weybridge Gardens,wadialsafa5|weybridgegardens,2787,ACTIVE,195,14,,,building,,,,a building outline of this name is on the map (2 footprints)
wadialsafa5,Wadi Al Safa 5,Weybridge Gardens 2,wadialsafa5|weybridgegardens2,3007,,287,28,,,building,,,,a building outline of this name is on the map (1 footprint)
wadialsafa5,Wadi Al Safa 5,Weybridge Gardens 3,wadialsafa5|weybridgegardens3,3164,,209,29,,,building,,,,a building outline of this name is on the map (1 footprint)
alhebiahfifth,Al Hebiah 5,Damac Lagoons - Lagoon Views 1,alhebiahfifth|damaclagoonslagoonviews1,2925,ACTIVE,161,0,DAMAC Lagoons (Al Hebiah Fifth),district,community centre,Al Hebiah Fifth,683,Dubai Municipality community name (text inside brackets),the middle of the card's own community; the exact plot is not in our data yet
alhebiahfifth,Al Hebiah 5,Damac Lagoons - Lagoon Views 10,alhebiahfifth|damaclagoonslagoonviews10,3118,ACTIVE,112,4,DAMAC Lagoons (Al Hebiah Fifth),district,community centre,Al Hebiah Fifth,683,Dubai Municipality community name (text inside brackets),the middle of the card's own community; the exact plot is not in our data yet
alhebiahfifth,Al Hebiah 5,Damac Lagoons - Lagoon Views 11,alhebiahfifth|damaclagoonslagoonviews11,3178,NOT_STARTED,322,18,DAMAC Lagoons,register_master,community centre,DAMAC Lagoons (Al Hebiah Fifth),683,register master community,the middle of the card's own community; the exact plot is not in our data yet
alhebiahfifth,Al Hebiah 5,Damac Lagoons - Lagoon Views 12,alhebiahfifth|damaclagoonslagoonviews12,3214,NOT_STARTED,321,20,DAMAC Lagoons,register_master,community centre,DAMAC Lagoons (Al Hebiah Fifth),683,register master community,the middle of the card's own community; the exact plot is not in our data yet
alhebiahfifth,Al Hebiah 5,Damac Lagoons - Lagoon Views 13,alhebiahfifth|damaclagoonslagoonviews13,3204,NOT_STARTED,859,495,DAMAC Lagoons,register_master,community centre,DAMAC Lagoons (Al Hebiah Fifth),683,register master community,the middle of the card's own community; the exact plot is not in our data yet
alhebiahfifth,Al Hebiah 5,Damac Lagoons - Lagoon Views 2,alhebiahfifth|damaclagoonslagoonviews2,2926,ACTIVE,163,0,DAMAC Lagoons (Al Hebiah Fifth),district,community centre,Al Hebiah Fifth,683,Dubai Municipality community name (text inside brackets),the middle of the card's own community; the exact plot is not in our data yet
alhebiahfifth,Al Hebiah 5,Damac Lagoons - Lagoon Views 3,alhebiahfifth|damaclagoonslagoonviews3,2942,ACTIVE,165,0,DAMAC Lagoons (Al Hebiah Fifth),district,community centre,Al Hebiah Fifth,683,Dubai Municipality community name (text inside brackets),the middle of the card's own community; the exact plot is not in our data yet
alhebiahfifth,Al Hebiah 5,Damac Lagoons - Lagoon Views 4,alhebiahfifth|damaclagoonslagoonviews4,2943,ACTIVE,148,0,DAMAC Lagoons (Al Hebiah Fifth),district,community centre,Al Hebiah Fifth,683,Dubai Municipality community name (text inside brackets),the middle of the card's own community; the exact plot is not in our data yet
alhebiahfifth,Al Hebiah 5,Damac Lagoons - Lagoon Views 5,alhebiahfifth|damaclagoonslagoonviews5,2944,ACTIVE,50,0,DAMAC Lagoons (Al Hebiah Fifth),district,community centre,Al Hebiah Fifth,683,Dubai Municipality community name (text inside brackets),the middle of the card's own community; the exact plot is not in our data yet
alhebiahfifth,Al Hebiah 5,Damac Lagoons - Lagoon Views 6,alhebiahfifth|damaclagoonslagoonviews6,2945,ACTIVE,48,0,DAMAC Lagoons (Al Hebiah Fifth),district,community centre,Al Hebiah Fifth,683,Dubai Municipality community name (text inside brackets),the middle of the card's own community; the exact plot is not in our data yet
alhebiahfifth,Al Hebiah 5,Damac Lagoons - Lagoon Views 7,alhebiahfifth|damaclagoonslagoonviews7,2946,ACTIVE,98,0,DAMAC Lagoons (Al Hebiah Fifth),district,community centre,Al Hebiah Fifth,683,Dubai Municipality community name (text inside brackets),the middle of the card's own community; the exact plot is not in our data yet
alhebiahfifth,Al Hebiah 5,Damac Lagoons - Lagoon Views 8,alhebiahfifth|damaclagoonslagoonviews8,2947,ACTIVE,101,4,DAMAC Lagoons (Al Hebiah Fifth),district,community centre,Al Hebiah Fifth,683,Dubai Municipality community name (text inside brackets),the middle of the card's own community; the exact plot is not in our data yet
alhebiahfifth,Al Hebiah 5,Damac Lagoons - Lagoon Views 9,alhebiahfifth|damaclagoonslagoonviews9,3116,ACTIVE,109,0,DAMAC Lagoons (Al Hebiah Fifth),district,community centre,Al Hebiah Fifth,683,Dubai Municipality community name (text inside brackets),the middle of the card's own community; the exact plot is not in our data yet
alhebiahfifth,Al Hebiah 5,Paradise Hills,alhebiahfifth|paradisehills,1585,ACTIVE,76,5,DAMAC Lagoons (Al Hebiah Fifth),district,community centre,Al Hebiah Fifth,683,Dubai Municipality community name (text inside brackets),the middle of the card's own community; the exact plot is not in our data yet
alhebiahfifth,Al Hebiah 5,REMRAAM,alhebiahfifth|remraam,975,FINISHED,2143,256,Remraam,register_master,community centre,Remraam (Al Hebiah Fifth),683,register master community,the middle of the card's own community; the exact plot is not in our data yet
alhebiahfifth,Al Hebiah 5,Remraam - Al Ramth,alhebiahfifth|remraamalramth,1924,FINISHED,412,36,Remraam,register_master,community centre,Remraam (Al Hebiah Fifth),683,register master community,the middle of the card's own community; the exact plot is not in our data yet
alhebiahfifth,Al Hebiah 5,Reportage Hills,alhebiahfifth|reportagehills,3465,NOT_STARTED,324,284,DAMAC Lagoons (Al Hebiah Fifth),district,community centre,Al Hebiah Fifth,683,Dubai Municipality community name (text inside brackets),the middle of the card's own community; the exact plot is not in our data yet
alkhairanfirst,Dubai Creek Harbour,Aeon,alkhairanfirst|aeon,2882,ACTIVE,270,8,Dubai Creek Harbour (Al Khairan First),district,community centre,Dubai Creek Harbour (Al Kheeran First),415,register master community (text before brackets),the middle of the card's own community; the exact plot is not in our data yet
alkhairanfirst,Dubai Creek Harbour,Altan,alkhairanfirst|altan,3608,ACTIVE,452,80,Dubai Creek Harbour (Al Khairan First),district,community centre,Dubai Creek Harbour (Al Kheeran First),415,register master community (text before brackets),the middle of the card's own community; the exact plot is not in our data yet
alkhairanfirst,Dubai Creek Harbour,Altus,alkhairanfirst|altus,3184,ACTIVE,294,16,Dubai Creek Harbour (Al Khairan First),district,community centre,Dubai Creek Harbour (Al Kheeran First),415,register master community (text before brackets),the middle of the card's own community; the exact plot is not in our data yet
alkhairanfirst,Dubai Creek Harbour,Arlo,alkhairanfirst|arlo,3104,ACTIVE,446,11,Dubai Creek Harbour (Al Khairan First),district,community centre,Dubai Creek Harbour (Al Kheeran First),415,register master community (text before brackets),the middle of the card's own community; the exact plot is not in our data yet
alkhairanfirst,Dubai Creek Harbour,Creek Beach - Bayshore,alkhairanfirst|creekbeachbayshore,2135,FINISHED,503,29,Dubai Creek Harbour (Al Khairan First),district,community centre,Dubai Creek Harbour (Al Kheeran First),415,register master community (text before brackets),the middle of the card's own community; the exact plot is not in our data yet
alkhairanfirst,Dubai Creek Harbour,Creek Beach - Breeze,alkhairanfirst|creekbeachbreeze,2096,FINISHED,37,13,Dubai Creek Harbour (Al Khairan First),district,community centre,Dubai Creek Harbour (Al Kheeran First),415,register master community (text before brackets),the middle of the card's own community; the exact plot is not in our data yet
alkhairanfirst,Dubai Creek Harbour,Creek Beach - Canopy - Moor,alkhairanfirst|creekbeachcanopymoor,2555,ACTIVE,334,100,Dubai Creek Harbour (Al Khairan First),district,community centre,Dubai Creek Harbour (Al Kheeran First),415,register master community (text before brackets),the middle of the card's own community; the exact plot is not in our data yet
alkhairanfirst,Dubai Creek Harbour,Creek Beach - Grove,alkhairanfirst|creekbeachgrove,2189,FINISHED,143,32,Dubai Creek Harbour (Al Khairan First),district,community centre,Dubai Creek Harbour (Al Kheeran First),415,register master community (text before brackets),the middle of the card's own community; the exact plot is not in our data yet
alkhairanfirst,Dubai Creek Harbour,Creek Beach - Lotus,alkhairanfirst|creekbeachlotus,2377,FINISHED,132,33,Dubai Creek Harbour (Al Khairan First),district,community centre,Dubai Creek Harbour (Al Kheeran First),415,register master community (text before brackets),the middle of the card's own community; the exact plot is not in our data yet
alkhairanfirst,Dubai Creek Harbour,Creek Beach - Orchid,alkhairanfirst|creekbeachorchid,2383,FINISHED,115,26,Dubai Creek Harbour (Al Khairan First),district,community centre,Dubai Creek Harbour (Al Kheeran First),415,register master community (text before brackets),the middle of the card's own community; the exact plot is not in our data yet
alkhairanfirst,Dubai Creek Harbour,Creek Beach - Rosewater,alkhairanfirst|creekbeachrosewater,2193,FINISHED,93,43,Dubai Creek Harbour (Al Khairan First),district,community centre,Dubai Creek Harbour (Al Kheeran First),415,register master community (text before brackets),the middle of the card's own community; the exact plot is not in our data yet
alkhairanfirst,Dubai Creek Harbour,Creek Beach - Savanna-Cedar-Mangrove,alkhairanfirst|creekbeachsavannacedarmangrove,2551,ACTIVE,703,81,Dubai Creek Harbour (Al Khairan First),district,community centre,Dubai Creek Harbour (Al Kheeran First),415,register master community (text before brackets),the middle of the card's own community; the exact plot is not in our data yet
alkhairanfirst,Dubai Creek Harbour,Creek Beach - Summer,alkhairanfirst|creekbeachsummer,2150,FINISHED,500,12,Dubai Creek Harbour (Al Khairan First),district,community centre,Dubai Creek Harbour (Al Kheeran First),415,register master community (text before brackets),the middle of the card's own community; the exact plot is not in our data yet
alkhairanfirst,Dubai Creek Harbour,Creek Beach - Surf,alkhairanfirst|creekbeachsurf,2168,FINISHED,58,14,Dubai Creek Harbour (Al Khairan First),district,community centre,Dubai Creek Harbour (Al Kheeran First),415,register master community (text before brackets),the middle of the card's own community; the exact plot is not in our data yet
alkhairanfirst,Dubai Creek Harbour,Creek Haven,alkhairanfirst|creekhaven,4225,ACTIVE,465,460,Dubai Creek Harbour (Al Khairan First),district,community centre,Dubai Creek Harbour (Al Kheeran First),415,register master community (text before brackets),the middle of the card's own community; the exact plot is not in our data yet
alkhairanfirst,Dubai Creek Harbour,Creek Palace,alkhairanfirst|creekpalace,2191,FINISHED,542,50,Dubai Creek Harbour (Al Khairan First),district,community centre,Dubai Creek Harbour (Al Kheeran First),415,register master community (text before brackets),the middle of the card's own community; the exact plot is not in our data yet
alkhairanfirst,Dubai Creek Harbour,Creek Waters,alkhairanfirst|creekwaters,2614,ACTIVE,528,41,Dubai Creek Harbour (Al Khairan First),district,community centre,Dubai Creek Harbour (Al Kheeran First),415,register master community (text before brackets),the middle of the card's own community; the exact plot is not in our data yet
alkhairanfirst,Dubai Creek Harbour,Creek Waters 2,alkhairanfirst|creekwaters2,2634,ACTIVE,534,46,Dubai Creek Harbour (Al Khairan First),district,community centre,Dubai Creek Harbour (Al Kheeran First),415,register master community (text before brackets),the middle of the card's own community; the exact plot is not in our data yet
alkhairanfirst,Dubai Creek Harbour,Lyvia by Palace,alkhairanfirst|lyvia,4098,NOT_STARTED,464,463,Dubai Creek Harbour (Al Khairan First),district,community centre,Dubai Creek Harbour (Al Kheeran First),415,register master community (text before brackets),the middle of the card's own community; the exact plot is not in our data yet
alkhairanfirst,Dubai Creek Harbour,Montiva,alkhairanfirst|montiva,3744,NOT_STARTED,465,463,Dubai Creek Harbour (Al Khairan First),district,community centre,Dubai Creek Harbour (Al Kheeran First),415,register master community (text before brackets),the middle of the card's own community; the exact plot is not in our data yet
alkhairanfirst,Dubai Creek Harbour,Oria,alkhairanfirst|oria,2941,ACTIVE,175,8,Dubai Creek Harbour (Al Khairan First),district,community centre,Dubai Creek Harbour (Al Kheeran First),415,register master community (text before brackets),the middle of the card's own community; the exact plot is not in our data yet
alkhairanfirst,Dubai Creek Harbour,Palace Residences - North,alkhairanfirst|palaceresidencesnorth,2562,FINISHED,469,74,Dubai Creek Harbour (Al Khairan First),district,community centre,Dubai Creek Harbour (Al Kheeran First),415,register master community (text before brackets),the middle of the card's own community; the exact plot is not in our data yet
alkhairanfirst,Dubai Creek Harbour,Palace Residences Creek Blue,alkhairanfirst|palaceresidencescreekblue,3147,ACTIVE,525,12,Dubai Creek Harbour (Al Khairan First),district,community centre,Dubai Creek Harbour (Al Kheeran First),415,register master community (text before brackets),the middle of the card's own community; the exact plot is not in our data yet
alkhairanfirst,Dubai Creek Harbour,The Cove,alkhairanfirst|thecove,1826,FINISHED,30,30,Dubai Creek Harbour (Al Khairan First),district,community centre,Dubai Creek Harbour (Al Kheeran First),415,register master community (text before brackets),the middle of the card's own community; the exact plot is not in our data yet
alkhairanfirst,Dubai Creek Harbour,Valia,alkhairanfirst|valia,4448,ACTIVE,267,61,Dubai Creek Harbour (Al Khairan First),district,community centre,Dubai Creek Harbour (Al Kheeran First),415,register master community (text before brackets),the middle of the card's own community; the exact plot is not in our data yet
alsatwa,Al Satwa,161 Jumeirah Lane,alsatwa|161jumeirahlane,3084,ACTIVE,147,21,Jumeirah Garden City,register_master,community centre,Jumeirah Garden City (Al Satwa),334,register master community,the middle of the card's own community; the exact plot is not in our data yet
alsatwa,Al Satwa,171 Garden Heights,alsatwa|171gardenheights,3127,ACTIVE,142,25,Jumeirah Garden City,register_master,community centre,Jumeirah Garden City (Al Satwa),334,register master community,the middle of the card's own community; the exact plot is not in our data yet
alsatwa,Al Satwa,Coral by Vision,alsatwa|coral,3037,ACTIVE,79,34,Jumeirah Garden City,register_master,community centre,Jumeirah Garden City (Al Satwa),334,register master community,the middle of the card's own community; the exact plot is not in our data yet
alsatwa,Al Satwa,Holm One,alsatwa|holmone,4181,,178,178,Jumeirah Garden City,register_master,community centre,Jumeirah Garden City (Al Satwa),334,register master community,the middle of the card's own community; the exact plot is not in our data yet
alsatwa,Al Satwa,JAD 288,alsatwa|jad288,3798,PENDING,55,55,Jumeirah Garden City,register_master,community centre,Jumeirah Garden City (Al Satwa),334,register master community,the middle of the card's own community; the exact plot is not in our data yet
alsatwa,Al Satwa,Jardin Astral,alsatwa|jardinastral,3061,ACTIVE,11,11,Jumeirah Garden City,register_master,community centre,Jumeirah Garden City (Al Satwa),334,register master community,the middle of the card's own community; the exact plot is not in our data yet
alsatwa,Al Satwa,KORO ONE,alsatwa|koroone,3644,ACTIVE,143,44,Jumeirah Garden City,register_master,community centre,Jumeirah Garden City (Al Satwa),334,register master community,the middle of the card's own community; the exact plot is not in our data yet
alsatwa,Al Satwa,Linea by Holm,alsatwa|linea,4331,ACTIVE,192,192,Jumeirah Garden City,register_master,community centre,Jumeirah Garden City (Al Satwa),334,register master community,the middle of the card's own community; the exact plot is not in our data yet
alsatwa,Al Satwa,Prestige Gardens by Prestige One,alsatwa|prestigegardens,4398,,11,11,Jumeirah Garden City,register_master,community centre,Jumeirah Garden City (Al Satwa),334,register master community,the middle of the card's own community; the exact plot is not in our data yet
alsatwa,Al Satwa,Rabdan Gardens,alsatwa|rabdangardens,4314,ACTIVE,76,76,Jumeirah Garden City,register_master,community centre,Jumeirah Garden City (Al Satwa),334,register master community,the middle of the card's own community; the exact plot is not in our data yet
alsatwa,Al Satwa,Rose Gardens 1,alsatwa|rosegardens1,3506,ACTIVE,57,47,Jumeirah Garden City,register_master,community centre,Jumeirah Garden City (Al Satwa),334,register master community,the middle of the card's own community; the exact plot is not in our data yet
alsatwa,Al Satwa,STAMN YUNI,alsatwa|stamnyuni,3596,NOT_STARTED,46,20,Jumeirah Garden City,register_master,community centre,Jumeirah Garden City (Al Satwa),334,register master community,the middle of the card's own community; the exact plot is not in our data yet
alsatwa,Al Satwa,THE ELYSIAN,alsatwa|theelysian,3557,NOT_STARTED,49,49,Jumeirah Garden City,register_master,community centre,Jumeirah Garden City (Al Satwa),334,register master community,the middle of the card's own community; the exact plot is not in our data yet
alsatwa,Al Satwa,The Grandala,alsatwa|thegrandala,3046,ACTIVE,77,16,Jumeirah Garden City,register_master,community centre,Jumeirah Garden City (Al Satwa),334,register master community,the middle of the card's own community; the exact plot is not in our data yet
alsatwa,Al Satwa,VIBE,alsatwa|vibe,4083,PENDING,41,41,Jumeirah Garden City,register_master,community centre,Jumeirah Garden City (Al Satwa),334,register master community,the middle of the card's own community; the exact plot is not in our data yet
alsatwa,Al Satwa,Villea West,alsatwa|villeawest,3720,NOT_STARTED,78,78,Jumeirah Garden City,register_master,community centre,Jumeirah Garden City (Al Satwa),334,register master community,the middle of the card's own community; the exact plot is not in our data yet
alsatwa,Al Satwa,West 5 Residences,alsatwa|west5residences,3521,NOT_STARTED,34,34,Jumeirah Garden City,register_master,community centre,Jumeirah Garden City (Al Satwa),334,register master community,the middle of the card's own community; the exact plot is not in our data yet
alsatwa,Al Satwa,Whitestone Residence,alsatwa|whitestoneresidence,3536,NOT_STARTED,14,14,Jumeirah Garden City,register_master,community centre,Jumeirah Garden City (Al Satwa),334,register master community,the middle of the card's own community; the exact plot is not in our data yet
althanyahfifth,JLT / Al Thanyah 5,V3,althanyahfifth|v3,1179,,639,0,Jumeirah Lakes Towers,sales_area,community centre,Jumeirah Lakes Towers (Al Thanyah Fifth),393,register master community,the middle of the card's own community; the exact plot is not in our data yet
alwasl,Al Wasl,Celadon,alwasl|celadon,2325,FINISHED,15,15,City Walk,register_master,community centre,City Walk (Al Wasl),343,register master community,the middle of the card's own community; the exact plot is not in our data yet
alwasl,Al Wasl,City Walk Crestlane 1,alwasl|citywalkcrestlane1,3801,NOT_STARTED,164,125,City Walk,register_master,community centre,City Walk (Al Wasl),343,register master community,the middle of the card's own community; the exact plot is not in our data yet
alwasl,Al Wasl,City Walk Crestlane 3,alwasl|citywalkcrestlane3,3531,NOT_STARTED,4,4,City Walk,register_master,community centre,City Walk (Al Wasl),343,register master community,the middle of the card's own community; the exact plot is not in our data yet
alwasl,Al Wasl,City Walk Residences,alwasl|citywalkresidences,1781;3530,,176,0,City Walk,register_master,community centre,City Walk (Al Wasl),343,register master community,the middle of the card's own community; the exact plot is not in our data yet
alwasl,Al Wasl,"NO. 4A, NO.4B, NO.5 CITYWALK RESIDENTIAL",alwasl|no4ano4bno5citywalkresidential,1718,FINISHED,17,17,City Walk,register_master,community centre,City Walk (Al Wasl),343,register master community,the middle of the card's own community; the exact plot is not in our data yet
alwasl,Al Wasl,Verve City Walk,alwasl|vervecitywalk,3152,ACTIVE,454,19,City Walk,register_master,community centre,City Walk (Al Wasl),343,register master community,the middle of the card's own community; the exact plot is not in our data yet
alyelayiss1,Al Yelayiss 1,Cherrywoods,alyelayiss1|cherrywoods,2171,FINISHED,628,25,DAMAC Islands (Al Yelayiss 1),district,community centre,Al Yelayiss 1 (Al Yalayis 1),921,app district (text inside brackets),the middle of the card's own community; the exact plot is not in our data yet
alyelayiss1,Al Yelayiss 1,DAMAC ISLANDS 2 - ANTIGUA 1,alyelayiss1|damacislands2antigua1,4369,ACTIVE,134,134,DAMAC Islands (Al Yelayiss 1),district,community centre,Al Yelayiss 1 (Al Yalayis 1),921,app district (text inside brackets),the middle of the card's own community; the exact plot is not in our data yet
alyelayiss1,Al Yelayiss 1,DAMAC ISLANDS 2 - BAHAMAS 1,alyelayiss1|damacislands2bahamas1,4243,ACTIVE,455,455,DAMAC Islands (Al Yelayiss 1),district,community centre,Al Yelayiss 1 (Al Yalayis 1),921,app district (text inside brackets),the middle of the card's own community; the exact plot is not in our data yet
alyelayiss1,Al Yelayiss 1,DAMAC ISLANDS 2 - BAHAMAS 2,alyelayiss1|damacislands2bahamas2,4244,ACTIVE,487,487,DAMAC Islands (Al Yelayiss 1),district,community centre,Al Yelayiss 1 (Al Yalayis 1),921,app district (text inside brackets),the middle of the card's own community; the exact plot is not in our data yet
alyelayiss1,Al Yelayiss 1,DAMAC ISLANDS 2 - BARBADOS 1,alyelayiss1|damacislands2barbados1,4294,ACTIVE,317,317,DAMAC Islands (Al Yelayiss 1),district,community centre,Al Yelayiss 1 (Al Yalayis 1),921,app district (text inside brackets),the middle of the card's own community; the exact plot is not in our data yet
alyelayiss1,Al Yelayiss 1,DAMAC ISLANDS 2 - BARBADOS 2,alyelayiss1|damacislands2barbados2,4295,ACTIVE,270,270,DAMAC Islands (Al Yelayiss 1),district,community centre,Al Yelayiss 1 (Al Yalayis 1),921,app district (text inside brackets),the middle of the card's own community; the exact plot is not in our data yet
alyelayiss1,Al Yelayiss 1,DAMAC ISLANDS 2 - BERMUDA,alyelayiss1|damacislands2bermuda,4291,ACTIVE,390,390,DAMAC Islands (Al Yelayiss 1),district,community centre,Al Yelayiss 1 (Al Yalayis 1),921,app district (text inside brackets),the middle of the card's own community; the exact plot is not in our data yet
alyelayiss1,Al Yelayiss 1,DAMAC ISLANDS 2 - CUBA,alyelayiss1|damacislands2cuba,4292,ACTIVE,432,432,DAMAC Islands (Al Yelayiss 1),district,community centre,Al Yelayiss 1 (Al Yalayis 1),921,app district (text inside brackets),the middle of the card's own community; the exact plot is not in our data yet
alyelayiss1,Al Yelayiss 1,DAMAC ISLANDS 2 - MAUI,alyelayiss1|damacislands2maui,4296,ACTIVE,344,344,DAMAC Islands (Al Yelayiss 1),district,community centre,Al Yelayiss 1 (Al Yalayis 1),921,app district (text inside brackets),the middle of the card's own community; the exact plot is not in our data yet
alyelayiss1,Al Yelayiss 1,DAMAC ISLANDS 2 - TAHITI 1,alyelayiss1|damacislands2tahiti1,4262,ACTIVE,250,250,DAMAC Islands (Al Yelayiss 1),district,community centre,Al Yelayiss 1 (Al Yalayis 1),921,app district (text inside brackets),the middle of the card's own community; the exact plot is not in our data yet
alyelayiss1,Al Yelayiss 1,DAMAC ISLANDS 2 - TAHITI 2,alyelayiss1|damacislands2tahiti2,4263,ACTIVE,375,375,DAMAC Islands (Al Yelayiss 1),district,community centre,Al Yelayiss 1 (Al Yalayis 1),921,app district (text inside brackets),the middle of the card's own community; the exact plot is not in our data yet
alyelayiss2,Town Square,Alton,alyelayiss2|alton,3685,NOT_STARTED,115,63,Town Square,district,community centre,Town Square (Al Yalayis 2),922,register master community,the middle of the card's own community; the exact plot is not in our data yet
alyelayiss2,Town Square,Ascot Residences,alyelayiss2|ascotresidences,2523,FINISHED,72,19,Town Square,district,community centre,Town Square (Al Yalayis 2),922,register master community,the middle of the card's own community; the exact plot is not in our data yet
alyelayiss2,Town Square,Augusta,alyelayiss2|augusta,3649,NOT_STARTED,140,24,Town Square,district,community centre,Town Square (Al Yalayis 2),922,register master community,the middle of the card's own community; the exact plot is not in our data yet
alyelayiss2,Town Square,Berkshire Park,alyelayiss2|berkshirepark,3312,NOT_STARTED,134,22,Town Square,district,community centre,Town Square (Al Yalayis 2),922,register master community,the middle of the card's own community; the exact plot is not in our data yet
alyelayiss2,Town Square,Camden,alyelayiss2|camden,3839,NOT_STARTED,124,108,Town Square,district,community centre,Town Square (Al Yalayis 2),922,register master community,the middle of the card's own community; the exact plot is not in our data yet
alyelayiss2,Town Square,Elaya,alyelayiss2|elaya,2986,ACTIVE,163,12,Town Square,district,community centre,Town Square (Al Yalayis 2),922,register master community,the middle of the card's own community; the exact plot is not in our data yet
alyelayiss2,Town Square,Ellison,alyelayiss2|ellison,3451,NOT_STARTED,137,18,Town Square,district,community centre,Town Square (Al Yalayis 2),922,register master community,the middle of the card's own community; the exact plot is not in our data yet
alyelayiss2,Town Square,Evelyn on the Park,alyelayiss2|evelynonthepark,4150,ACTIVE,167,167,Town Square,district,community centre,Town Square (Al Yalayis 2),922,register master community,the middle of the card's own community; the exact plot is not in our data yet
alyelayiss2,Town Square,Fia,alyelayiss2|fia,3000,ACTIVE,194,8,Town Square,district,community centre,Town Square (Al Yalayis 2),922,register master community,the middle of the card's own community; the exact plot is not in our data yet
alyelayiss2,Town Square,Fiori,alyelayiss2|fiori,4028,ACTIVE,111,109,Town Square,district,community centre,Town Square (Al Yalayis 2),922,register master community,the middle of the card's own community; the exact plot is not in our data yet
alyelayiss2,Town Square,Grove,alyelayiss2|grove,2850,NOT_STARTED,416,41,Town Square,district,community centre,Town Square (Al Yalayis 2),922,register master community,the middle of the card's own community; the exact plot is not in our data yet
alyelayiss2,Town Square,Haya on the Park,alyelayiss2|hayaonthepark,3050,ACTIVE,192,16,Town Square,district,community centre,Town Square (Al Yalayis 2),922,register master community,the middle of the card's own community; the exact plot is not in our data yet
alyelayiss2,Town Square,Hillcrest,alyelayiss2|hillcrest,3211,NOT_STARTED,163,16,Town Square,district,community centre,Town Square (Al Yalayis 2),922,register master community,the middle of the card's own community; the exact plot is not in our data yet
alyelayiss2,Town Square,Holland Gardens,alyelayiss2|hollandgardens,2526,ACTIVE,137,83,Town Square,district,community centre,Town Square (Al Yalayis 2),922,register master community,the middle of the card's own community; the exact plot is not in our data yet
alyelayiss2,Town Square,Kaya,alyelayiss2|kaya,2962,ACTIVE,179,13,Town Square,district,community centre,Town Square (Al Yalayis 2),922,register master community,the middle of the card's own community; the exact plot is not in our data yet
alyelayiss2,Town Square,Lana on the Park,alyelayiss2|lanaonthepark,3049,ACTIVE,207,17,Town Square,district,community centre,Town Square (Al Yalayis 2),922,register master community,the middle of the card's own community; the exact plot is not in our data yet
alyelayiss2,Town Square,Lexington,alyelayiss2|lexington,3364,NOT_STARTED,138,13,Town Square,district,community centre,Town Square (Al Yalayis 2),922,register master community,the middle of the card's own community; the exact plot is not in our data yet
alyelayiss2,Town Square,Liva,alyelayiss2|liva,2492,FINISHED,626,80,Town Square,district,community centre,Town Square (Al Yalayis 2),922,register master community,the middle of the card's own community; the exact plot is not in our data yet
alyelayiss2,Town Square,MAHA TOWNHOUSES,alyelayiss2|mahatownhouses,2490,FINISHED,790,115,Town Square,district,community centre,Town Square (Al Yalayis 2),922,register master community,the middle of the card's own community; the exact plot is not in our data yet
alyelayiss2,Town Square,NASEEM TOWNHOUSES,alyelayiss2|naseemtownhouses,1936,FINISHED,15,15,Town Square,district,community centre,Town Square (Al Yalayis 2),922,register master community,the middle of the card's own community; the exact plot is not in our data yet
alyelayiss2,Town Square,NOOR TOWNHOUSES,alyelayiss2|noortownhouses,1823,FINISHED,44,44,Town Square,district,community centre,Town Square (Al Yalayis 2),922,register master community,the middle of the card's own community; the exact plot is not in our data yet
alyelayiss2,Town Square,Oakmont,alyelayiss2|oakmont,4337,ACTIVE,42,42,Town Square,district,community centre,Town Square (Al Yalayis 2),922,register master community,the middle of the card's own community; the exact plot is not in our data yet
alyelayiss2,Town Square,Odessa,alyelayiss2|odessa,3450,NOT_STARTED,163,45,Town Square,district,community centre,Town Square (Al Yalayis 2),922,register master community,the middle of the card's own community; the exact plot is not in our data yet
alyelayiss2,Town Square,Olbia,alyelayiss2|olbia,3749,ACTIVE,133,133,Town Square,district,community centre,Town Square (Al Yalayis 2),922,register master community,the middle of the card's own community; the exact plot is not in our data yet
alyelayiss2,Town Square,Ora,alyelayiss2|ora,3003,ACTIVE,164,12,Town Square,district,community centre,Town Square (Al Yalayis 2),922,register master community,the middle of the card's own community; the exact plot is not in our data yet
alyelayiss2,Town Square,Rosewell,alyelayiss2|rosewell,4149,ACTIVE,175,174,Town Square,district,community centre,Town Square (Al Yalayis 2),922,register master community,the middle of the card's own community; the exact plot is not in our data yet
alyelayiss2,Town Square,SAFI TOWNHOUSES,alyelayiss2|safitownhouses,1787,FINISHED,22,22,Town Square,district,community centre,Town Square (Al Yalayis 2),922,register master community,the middle of the card's own community; the exact plot is not in our data yet
alyelayiss2,Town Square,SAMA TOWNHOUSES,alyelayiss2|samatownhouses,2084,FINISHED,13,13,Town Square,district,community centre,Town Square (Al Yalayis 2),922,register master community,the middle of the card's own community; the exact plot is not in our data yet
alyelayiss2,Town Square,SHAMS TOWNHOUSES,alyelayiss2|shamstownhouses,2405,FINISHED,15,15,Town Square,district,community centre,Town Square (Al Yalayis 2),922,register master community,the middle of the card's own community; the exact plot is not in our data yet
alyelayiss2,Town Square,Savannah,alyelayiss2|savannah,3144,NOT_STARTED,155,10,Town Square,district,community centre,Town Square (Al Yalayis 2),922,register master community,the middle of the card's own community; the exact plot is not in our data yet
alyelayiss2,Town Square,Symphony,alyelayiss2|symphony,2786,ACTIVE,435,44,Town Square,district,community centre,Town Square (Al Yalayis 2),922,register master community,the middle of the card's own community; the exact plot is not in our data yet
alyelayiss2,Town Square,TOWN SQUARE HAYAT,alyelayiss2|townsquarehayat,1638,FINISHED,35,35,Town Square,district,community centre,Town Square (Al Yalayis 2),922,register master community,the middle of the card's own community; the exact plot is not in our data yet
alyelayiss2,Town Square,TOWN SQUARE JENNA AND WARDA,alyelayiss2|townsquarejennaandwarda,1677,FINISHED,61,61,Town Square,district,community centre,Town Square (Al Yalayis 2),922,register master community,the middle of the card's own community; the exact plot is not in our data yet
alyelayiss2,Town Square,The Baltimore,alyelayiss2|thebaltimore,3365,NOT_STARTED,163,33,Town Square,district,community centre,Town Square (Al Yalayis 2),922,register master community,the middle of the card's own community; the exact plot is not in our data yet
alyelayiss2,Town Square,The Diplomat Residences,alyelayiss2|thediplomatresidences,2524,FINISHED,74,21,Town Square,district,community centre,Town Square (Al Yalayis 2),922,register master community,the middle of the card's own community; the exact plot is not in our data yet
alyelayiss2,Town Square,The Hamilton,alyelayiss2|thehamilton,2700,ACTIVE,186,89,Town Square,district,community centre,Town Square (Al Yalayis 2),922,register master community,the middle of the card's own community; the exact plot is not in our data yet
alyelayiss2,Town Square,The Mayfair,alyelayiss2|themayfair,2723,ACTIVE,232,50,Town Square,district,community centre,Town Square (Al Yalayis 2),922,register master community,the middle of the card's own community; the exact plot is not in our data yet
alyelayiss2,Town Square,UNA,alyelayiss2|una,1979,FINISHED,38,38,Town Square,district,community centre,Town Square (Al Yalayis 2),922,register master community,the middle of the card's own community; the exact plot is not in our data yet
alyufrah1,The Valley,The Valley - Alana,alyufrah1|thevalleyalana,2803,ACTIVE,31,31,The Valley (Al Yufrah 1),district,community centre,Al Yufrah 1,915,Dubai Municipality community name (text inside brackets),the middle of the card's own community; the exact plot is not in our data yet
alyufrah1,The Valley,The Valley - Avena,alyufrah1|thevalleyavena,3158,ACTIVE,12,12,The Valley (Al Yufrah 1),district,community centre,Al Yufrah 1,915,Dubai Municipality community name (text inside brackets),the middle of the card's own community; the exact plot is not in our data yet
alyufrah1,The Valley,The Valley - Avena 2,alyufrah1|thevalleyavena2,3159,ACTIVE,7,7,The Valley (Al Yufrah 1),district,community centre,Al Yufrah 1,915,Dubai Municipality community name (text inside brackets),the middle of the card's own community; the exact plot is not in our data yet
alyufrah1,The Valley,The Valley - Eden,alyufrah1|thevalleyeden,2196,FINISHED,13,13,The Valley (Al Yufrah 1),district,community centre,Al Yufrah 1,915,Dubai Municipality community name (text inside brackets),the middle of the card's own community; the exact plot is not in our data yet
alyufrah1,The Valley,The Valley - Elora,alyufrah1|thevalleyelora,2511,ACTIVE,45,45,The Valley (Al Yufrah 1),district,community centre,Al Yufrah 1,915,Dubai Municipality community name (text inside brackets),the middle of the card's own community; the exact plot is not in our data yet
alyufrah1,The Valley,The Valley - Elva,alyufrah1|thevalleyelva,3462,ACTIVE,11,11,The Valley (Al Yufrah 1),district,community centre,Al Yufrah 1,915,Dubai Municipality community name (text inside brackets),the middle of the card's own community; the exact plot is not in our data yet
alyufrah1,The Valley,The Valley - Farm Grove,alyufrah1|thevalleyfarmgrove,3430,ACTIVE,16,16,The Valley (Al Yufrah 1),district,community centre,Al Yufrah 1,915,Dubai Municipality community name (text inside brackets),the middle of the card's own community; the exact plot is not in our data yet
alyufrah1,The Valley,The Valley - Farm Grove 2,alyufrah1|thevalleyfarmgrove2,3431,ACTIVE,9,9,The Valley (Al Yufrah 1),district,community centre,Al Yufrah 1,915,Dubai Municipality community name (text inside brackets),the middle of the card's own community; the exact plot is not in our data yet
alyufrah1,The Valley,The Valley - Kaia,alyufrah1|thevalleykaia,3405,NOT_STARTED,4,4,The Valley (Al Yufrah 1),district,community centre,Al Yufrah 1,915,Dubai Municipality community name (text inside brackets),the middle of the card's own community; the exact plot is not in our data yet
alyufrah1,The Valley,The Valley - Lillia,alyufrah1|thevalleylillia,2992,ACTIVE,41,41,The Valley (Al Yufrah 1),district,community centre,Al Yufrah 1,915,Dubai Municipality community name (text inside brackets),the middle of the card's own community; the exact plot is not in our data yet
alyufrah1,The Valley,The Valley - Nima,alyufrah1|thevalleynima,2771,ACTIVE,657,45,The Valley (Al Yufrah 1),district,community centre,Al Yufrah 1,915,Dubai Municipality community name (text inside brackets),the middle of the card's own community; the exact plot is not in our data yet
alyufrah1,The Valley,The Valley - Orania,alyufrah1|thevalleyorania,2409,FINISHED,85,85,The Valley (Al Yufrah 1),district,community centre,Al Yufrah 1,915,Dubai Municipality community name (text inside brackets),the middle of the card's own community; the exact plot is not in our data yet
alyufrah1,The Valley,The Valley - Rivana,alyufrah1|thevalleyrivana,2704,ACTIVE,637,45,The Valley (Al Yufrah 1),district,community centre,Al Yufrah 1,915,Dubai Municipality community name (text inside brackets),the middle of the card's own community; the exact plot is not in our data yet
alyufrah1,The Valley,The Valley - Rivera,alyufrah1|thevalleyrivera,3174,NOT_STARTED,12,12,The Valley (Al Yufrah 1),district,community centre,Al Yufrah 1,915,Dubai Municipality community name (text inside brackets),the middle of the card's own community; the exact plot is not in our data yet
alyufrah1,The Valley,The Valley - Talia,alyufrah1|thevalleytalia,2303,FINISHED,74,74,The Valley (Al Yufrah 1),district,community centre,Al Yufrah 1,915,Dubai Municipality community name (text inside brackets),the middle of the card's own community; the exact plot is not in our data yet
alyufrah1,The Valley,The Valley - Velora,alyufrah1|thevalleyvelora,3153,ACTIVE,21,21,The Valley (Al Yufrah 1),district,community centre,Al Yufrah 1,915,Dubai Municipality community name (text inside brackets),the middle of the card's own community; the exact plot is not in our data yet
alyufrah1,The Valley,The Valley - Velora 2,alyufrah1|thevalleyvelora2,3161,ACTIVE,13,13,The Valley (Al Yufrah 1),district,community centre,Al Yufrah 1,915,Dubai Municipality community name (text inside brackets),the middle of the card's own community; the exact plot is not in our data yet
alyufrah1,The Valley,The Valley - Venera,alyufrah1|thevalleyvenera,3157,ACTIVE,726,30,The Valley (Al Yufrah 1),district,community centre,Al Yufrah 1,915,Dubai Municipality community name (text inside brackets),the middle of the card's own community; the exact plot is not in our data yet
alyufrah1,The Valley,The Valley - Vindera,alyufrah1|thevalleyvindera,3175,NOT_STARTED,576,576,The Valley (Al Yufrah 1),district,community centre,Al Yufrah 1,915,Dubai Municipality community name (text inside brackets),the middle of the card's own community; the exact plot is not in our data yet
alyufrah1,The Valley,The Valley-Nara,alyufrah1|thevalleynara,2274,FINISHED,663,88,The Valley (Al Yufrah 1),district,community centre,Al Yufrah 1,915,Dubai Municipality community name (text inside brackets),the middle of the card's own community; the exact plot is not in our data yet
alyufrah1,The Valley,The Woods,alyufrah1|thewoods,4485,,201,142,The Valley (Al Yufrah 1),district,community centre,Al Yufrah 1,915,Dubai Municipality community name (text inside brackets),the middle of the card's own community; the exact plot is not in our data yet
arjan,Arjan,48 PARKSIDE,arjan|48parkside,2831,ACTIVE,208,56,Arjan,district,community centre,Arjan (Al Barsha South Third),673,register master community,the middle of the card's own community; the exact plot is not in our data yet
arjan,Arjan,Art House Hills by Adaan and Tuscany,arjan|arthousehills,4235,ACTIVE,61,61,Arjan,district,community centre,Arjan (Al Barsha South Third),673,register master community,the middle of the card's own community; the exact plot is not in our data yet
arjan,Arjan,Ashley Hills,arjan|ashleyhills,3723,ACTIVE,211,211,Arjan,district,community centre,Arjan (Al Barsha South Third),673,register master community,the middle of the card's own community; the exact plot is not in our data yet
arjan,Arjan,BEVERLY BOULEVARD,arjan|beverlyboulevard,2504,FINISHED,384,50,Arjan,district,community centre,Arjan (Al Barsha South Third),673,register master community,the middle of the card's own community; the exact plot is not in our data yet
arjan,Arjan,Building 88,arjan|building88,,,83,0,Arjan,district,community centre,Arjan (Al Barsha South Third),673,register master community,the middle of the card's own community; the exact plot is not in our data yet
arjan,Arjan,ELANO BY ORO24,arjan|elano,2620,ACTIVE,358,14,Arjan,district,community centre,Arjan (Al Barsha South Third),673,register master community,the middle of the card's own community; the exact plot is not in our data yet
arjan,Arjan,Floarea Residence,arjan|floarearesidence,2651,FINISHED,288,68,Arjan,district,community centre,Arjan (Al Barsha South Third),673,register master community,the middle of the card's own community; the exact plot is not in our data yet
arjan,Arjan,GARDENS 2,arjan|gardens2,2938,ACTIVE,228,25,Arjan,district,community centre,Arjan (Al Barsha South Third),673,register master community,the middle of the card's own community; the exact plot is not in our data yet
arjan,Arjan,Gharbi I Residences,arjan|gharbiiresidences,2989,ACTIVE,166,22,Arjan,district,community centre,Arjan (Al Barsha South Third),673,register master community,the middle of the card's own community; the exact plot is not in our data yet
arjan,Arjan,KYOTO BY ORO24,arjan|kyoto,2702,ACTIVE,583,11,Arjan,district,community centre,Arjan (Al Barsha South Third),673,register master community,the middle of the card's own community; the exact plot is not in our data yet
arjan,Arjan,LEGACY BY SUNRISE,arjan|legacy,2632,FINISHED,164,8,Arjan,district,community centre,Arjan (Al Barsha South Third),673,register master community,the middle of the card's own community; the exact plot is not in our data yet
arjan,Arjan,MARQUIS ELEGANCE,arjan|marquiselegance,2739,ACTIVE,112,3,Arjan,district,community centre,Arjan (Al Barsha South Third),673,register master community,the middle of the card's own community; the exact plot is not in our data yet
arjan,Arjan,Marquis Insignia,arjan|marquisinsignia,2880,ACTIVE,192,10,Arjan,district,community centre,Arjan (Al Barsha South Third),673,register master community,the middle of the card's own community; the exact plot is not in our data yet
arjan,Arjan,Marquis One,arjan|marquisone,3702,NOT_STARTED,380,380,Arjan,district,community centre,Arjan (Al Barsha South Third),673,register master community,the middle of the card's own community; the exact plot is not in our data yet
arjan,Arjan,NAS3,arjan|nas3,2760,ACTIVE,294,13,Arjan,district,community centre,Arjan (Al Barsha South Third),673,register master community,the middle of the card's own community; the exact plot is not in our data yet
arjan,Arjan,One Beverly,arjan|onebeverly,3163,ACTIVE,266,156,Arjan,district,community centre,Arjan (Al Barsha South Third),673,register master community,the middle of the card's own community; the exact plot is not in our data yet
arjan,Arjan,Parkside Boulevard,arjan|parksideboulevard,3326,ACTIVE,124,57,Arjan,district,community centre,Arjan (Al Barsha South Third),673,register master community,the middle of the card's own community; the exact plot is not in our data yet
arjan,Arjan,SAMANA HILLS,arjan|samanahills,2154,FINISHED,301,23,Arjan,district,community centre,Arjan (Al Barsha South Third),673,register master community,the middle of the card's own community; the exact plot is not in our data yet
arjan,Arjan,SAMANA MYKONOS SIGNATURE,arjan|samanamykonossignature,2587,ACTIVE,294,16,Arjan,district,community centre,Arjan (Al Barsha South Third),673,register master community,the middle of the card's own community; the exact plot is not in our data yet
arjan,Arjan,SAMANA SKYROS,arjan|samanaskyros,2608,ACTIVE,442,14,Arjan,district,community centre,Arjan (Al Barsha South Third),673,register master community,the middle of the card's own community; the exact plot is not in our data yet
arjan,Arjan,Samana Green,arjan|samanagreen,2032,FINISHED,209,14,Arjan,district,community centre,Arjan (Al Barsha South Third),673,register master community,the middle of the card's own community; the exact plot is not in our data yet
arjan,Arjan,THE WINGS,arjan|thewings,1948,FINISHED,430,21,Arjan,district,community centre,Arjan (Al Barsha South Third),673,register master community,the middle of the card's own community; the exact plot is not in our data yet
arjan,Arjan,Trinity By Karma,arjan|trinity,2933,ACTIVE,302,20,Arjan,district,community centre,Arjan (Al Barsha South Third),673,register master community,the middle of the card's own community; the exact plot is not in our data yet
arjan,Arjan,Vincitore Volare,arjan|vincitorevolare,2499,ACTIVE,416,18,Arjan,district,community centre,Arjan (Al Barsha South Third),673,register master community,the middle of the card's own community; the exact plot is not in our data yet
bukadra,Sobha Hartland II / Bukadra,310 Riverside Crescent,bukadra|310riversidecrescent,3067,,878,50,Sobha Hartland II / Bukadra,district,community centre,Sobha Hartland II / Bukadra (Bu Kadra),611,app district,the middle of the card's own community; the exact plot is not in our data yet
bukadra,Sobha Hartland II / Bukadra,320 Riverside Crescent,bukadra|320riversidecrescent,3088,,633,53,Sobha Hartland II / Bukadra,district,community centre,Sobha Hartland II / Bukadra (Bu Kadra),611,app district,the middle of the card's own community; the exact plot is not in our data yet
bukadra,Sobha Hartland II / Bukadra,330 Riverside Crescent,bukadra|330riversidecrescent,2788,,801,63,Sobha Hartland II / Bukadra,district,community centre,Sobha Hartland II / Bukadra (Bu Kadra),611,app district,the middle of the card's own community; the exact plot is not in our data yet
bukadra,Sobha Hartland II / Bukadra,340 Riverside Crescent,bukadra|340riversidecrescent,3082,,787,54,Sobha Hartland II / Bukadra,district,community centre,Sobha Hartland II / Bukadra (Bu Kadra),611,app district,the middle of the card's own community; the exact plot is not in our data yet
bukadra,Sobha Hartland II / Bukadra,350 Riverside Crescent,bukadra|350riversidecrescent,3083,,760,56,Sobha Hartland II / Bukadra,district,community centre,Sobha Hartland II / Bukadra (Bu Kadra),611,app district,the middle of the card's own community; the exact plot is not in our data yet
bukadra,Sobha Hartland II / Bukadra,360 Riverside Crescent,bukadra|360riversidecrescent,3079,,892,38,Sobha Hartland II / Bukadra,district,community centre,Sobha Hartland II / Bukadra (Bu Kadra),611,app district,the middle of the card's own community; the exact plot is not in our data yet
bukadra,Sobha Hartland II / Bukadra,Al Vista,bukadra|alvista,3802,,3,3,Sobha Hartland II / Bukadra,district,community centre,Sobha Hartland II / Bukadra (Bu Kadra),611,app district,the middle of the card's own community; the exact plot is not in our data yet
bukadra,Sobha Hartland II / Bukadra,Helvetia Verde,bukadra|helvetiaverde,4057,ACTIVE,9,9,Meydan Horizon,sales_area,community centre,Bu Kadra,611,the register's area of the card's project (Bukadra),the middle of the card's own community; the exact plot is not in our data yet
bukadra,Sobha Hartland II / Bukadra,R Home MH,bukadra|rhomemh,4214,ACTIVE,49,49,Meydan Horizon,sales_area,community centre,Bu Kadra,611,the register's area of the card's project (Bukadra),the middle of the card's own community; the exact plot is not in our data yet
bukadra,Sobha Hartland II / Bukadra,Skyscape,bukadra|skyscape,3160,,1463,413,Sobha Hartland II / Bukadra,district,community centre,Sobha Hartland II / Bukadra (Bu Kadra),611,app district,the middle of the card's own community; the exact plot is not in our data yet
bukadra,Sobha Hartland II / Bukadra,Skyvue,bukadra|skyvue,3435,,2085,864,Sobha Hartland II / Bukadra,district,community centre,Sobha Hartland II / Bukadra (Bu Kadra),611,app district,the middle of the card's own community; the exact plot is not in our data yet
bukadra,Sobha Hartland II / Bukadra,The Waterway by Prestige One,bukadra|thewaterway,3198,,108,15,Sobha Hartland II / Bukadra,district,community centre,Sobha Hartland II / Bukadra (Bu Kadra),611,app district,the middle of the card's own community; the exact plot is not in our data yet
burjkhalifa,Downtown Dubai,BACCARAT HOTEL & RESIDENCES,burjkhalifa|baccarathotelresidences,2724,,50,0,Downtown Dubai,district,community centre,Downtown Dubai (Burj Khalifa),345,register master community,the middle of the card's own community; the exact plot is not in our data yet
burjkhalifa,Downtown Dubai,BURJ AL NUJOOM,burjkhalifa|burjalnujoom,567,FINISHED,252,23,Downtown Dubai,district,community centre,Downtown Dubai (Burj Khalifa),345,register master community,the middle of the card's own community; the exact plot is not in our data yet
burjkhalifa,Downtown Dubai,BURJ KHALIFA TOWERS,burjkhalifa|burjkhalifatowers,1462,FINISHED,118,118,Downtown Dubai,district,community centre,Downtown Dubai (Burj Khalifa),345,register master community,the middle of the card's own community; the exact plot is not in our data yet
burjkhalifa,Downtown Dubai,CLAREN 1,burjkhalifa|claren1,1275,FINISHED,29,29,Downtown Dubai,district,community centre,Downtown Dubai (Burj Khalifa),345,register master community,the middle of the card's own community; the exact plot is not in our data yet
burjkhalifa,Downtown Dubai,Inaura Hotels & Residences,burjkhalifa|inaurahotelsresidences,4226,,24,24,Downtown Dubai,district,community centre,Downtown Dubai (Burj Khalifa),345,register master community,the middle of the card's own community; the exact plot is not in our data yet
burjkhalifa,Downtown Dubai,THE SIGNATURE,burjkhalifa|thesignature,413,FINISHED,234,33,Downtown Dubai,district,community centre,Downtown Dubai (Burj Khalifa),345,register master community,the middle of the card's own community; the exact plot is not in our data yet
burjkhalifa,Downtown Dubai,"The St. Regis Residences, Downtown Dubai",burjkhalifa|thestregisresidencesdowntowndubai,1816,ACTIVE,1558,133,Downtown Dubai,district,community centre,Downtown Dubai (Burj Khalifa),345,register master community,the middle of the card's own community; the exact plot is not in our data yet
burjkhalifa,Downtown Dubai,YANSOON 1,burjkhalifa|yansoon1,,,63,0,Downtown Dubai,district,community centre,Downtown Dubai (Burj Khalifa),345,register master community,the middle of the card's own community; the exact plot is not in our data yet
burjkhalifa,Downtown Dubai,ZAAFARAN 2,burjkhalifa|zaafaran2,,,113,0,Downtown Dubai,district,community centre,Downtown Dubai (Burj Khalifa),345,register master community,the middle of the card's own community; the exact plot is not in our data yet
burjkhalifa,Downtown Dubai,ZAAFARAN 5,burjkhalifa|zaafaran5,,,41,0,Downtown Dubai,district,community centre,Downtown Dubai (Burj Khalifa),345,register master community,the middle of the card's own community; the exact plot is not in our data yet
businessbay,Business Bay,AYKON CITY 2,businessbay|aykoncity2,1746,FINISHED,933,68,Business Bay,district,community centre,Business Bay,346,register master community,the middle of the card's own community; the exact plot is not in our data yet
businessbay,Business Bay,AYKON CITY 3,businessbay|aykoncity3,2200,ACTIVE,1363,63,Business Bay,district,community centre,Business Bay,346,register master community,the middle of the card's own community; the exact plot is not in our data yet
businessbay,Business Bay,Avarra by Palace,businessbay|avarra,4227,ACTIVE,154,154,Business Bay,district,community centre,Business Bay,346,register master community,the middle of the card's own community; the exact plot is not in our data yet
businessbay,Business Bay,Bayz 102 By Danube,businessbay|bayz102,3125,NOT_STARTED,711,180,Business Bay,district,community centre,Business Bay,346,register master community,the middle of the card's own community; the exact plot is not in our data yet
businessbay,Business Bay,CAPITAL BAY  A,businessbay|capitalbaya,448,FINISHED,19,19,Business Bay,district,community centre,Business Bay,346,register master community,the middle of the card's own community; the exact plot is not in our data yet
businessbay,Business Bay,CAPITAL BAY B,businessbay|capitalbayb,1264,FINISHED,30,30,Business Bay,district,community centre,Business Bay,346,register master community,the middle of the card's own community; the exact plot is not in our data yet
businessbay,Business Bay,Dorchester Collection Dubai,businessbay|dorchestercollectiondubai,2052,FINISHED,52,5,Business Bay,district,community centre,Business Bay,346,register master community,the middle of the card's own community; the exact plot is not in our data yet
businessbay,Business Bay,Downtown Residences,businessbay|downtownresidences,3777,NOT_STARTED,391,388,Business Bay,district,community centre,Business Bay,346,register master community,the middle of the card's own community; the exact plot is not in our data yet
businessbay,Business Bay,Elire,businessbay|elire,3467,NOT_STARTED,3,3,Business Bay,district,community centre,Business Bay,346,register master community,the middle of the card's own community; the exact plot is not in our data yet
businessbay,Business Bay,J ONE,businessbay|jone,1913,FINISHED,348,32,Business Bay,district,community centre,Business Bay,346,register master community,the middle of the card's own community; the exact plot is not in our data yet
businessbay,Business Bay,MERANO TOWER,businessbay|meranotower,1680,FINISHED,41,41,Business Bay,district,community centre,Business Bay,346,register master community,the middle of the card's own community; the exact plot is not in our data yet
businessbay,Business Bay,One.B Tower,businessbay|onebtower,3206,ACTIVE,176,41,Business Bay,district,community centre,Business Bay,346,register master community,the middle of the card's own community; the exact plot is not in our data yet
businessbay,Business Bay,TERRACES MARASI DRIVE,businessbay|terracesmarasidrive,2568,FINISHED,154,19,Business Bay,district,community centre,Business Bay,346,register master community,the middle of the card's own community; the exact plot is not in our data yet
businessbay,Business Bay,THE COURT,businessbay|thecourt,488,FINISHED,114,9,Business Bay,district,community centre,Business Bay,346,register master community,the middle of the card's own community; the exact plot is not in our data yet
businessbay,Business Bay,THE RESIDENCE AT BUSINESS CENTRAL,businessbay|theresidenceatbusinesscentral,449,FINISHED,14,14,Business Bay,district,community centre,Business Bay,346,register master community,the middle of the card's own community; the exact plot is not in our data yet
businessbay,Business Bay,UPSIDE Living,businessbay|upsideliving,2164,FINISHED,554,54,Business Bay,district,community centre,Business Bay,346,register master community,the middle of the card's own community; the exact plot is not in our data yet
damachills,DAMAC Hills,DAMAC HILLS -  TOPANGA,damachills|damachillstopanga,1397,FINISHED,8,8,DAMAC Hills,district,community centre,DAMAC Hills (Al Hebiah Third),676,register master community,the middle of the card's own community; the exact plot is not in our data yet
damachills,DAMAC Hills,DAMAC HILLS - BROOKFIELD-1,damachills|damachillsbrookfield1,1349,FINISHED,4,4,DAMAC Hills,district,community centre,DAMAC Hills (Al Hebiah Third),676,register master community,the middle of the card's own community; the exact plot is not in our data yet
damachills,DAMAC Hills,DAMAC HILLS - BROOKFIELD-2,damachills|damachillsbrookfield2,1347,FINISHED,3,3,DAMAC Hills,district,community centre,DAMAC Hills (Al Hebiah Third),676,register master community,the middle of the card's own community; the exact plot is not in our data yet
damachills,DAMAC Hills,DAMAC HILLS - PHOENIX,damachills|damachillsphoenix,1412,FINISHED,4,4,DAMAC Hills,district,community centre,DAMAC Hills (Al Hebiah Third),676,register master community,the middle of the card's own community; the exact plot is not in our data yet
damachills,DAMAC Hills,DAMAC HILLS - PICCADILLY GREEN,damachills|damachillspiccadillygreen,1357,FINISHED,14,14,DAMAC Hills,district,community centre,DAMAC Hills (Al Hebiah Third),676,register master community,the middle of the card's own community; the exact plot is not in our data yet
damachills,DAMAC Hills,DAMAC HILLS - QUEENS MEADOW,damachills|damachillsqueensmeadow,1355,FINISHED,5,5,DAMAC Hills,district,community centre,DAMAC Hills (Al Hebiah Third),676,register master community,the middle of the card's own community; the exact plot is not in our data yet
damachills,DAMAC Hills,DAMAC HILLS - ROCHESTER,damachills|damachillsrochester,1410,FINISHED,12,12,DAMAC Hills,district,community centre,DAMAC Hills (Al Hebiah Third),676,register master community,the middle of the card's own community; the exact plot is not in our data yet
damachills,DAMAC Hills,DAMAC HILLS - ROCKWOOD,damachills|damachillsrockwood,1396,FINISHED,12,12,DAMAC Hills,district,community centre,DAMAC Hills (Al Hebiah Third),676,register master community,the middle of the card's own community; the exact plot is not in our data yet
damachills,DAMAC Hills,DAMAC HILLS - SILVER SPRINGS,damachills|damachillssilversprings,1354,FINISHED,14,14,DAMAC Hills,district,community centre,DAMAC Hills (Al Hebiah Third),676,register master community,the middle of the card's own community; the exact plot is not in our data yet
damachills,DAMAC Hills,DAMAC HILLS - THE FIELD,damachills|damachillsthefield,1389,FINISHED,4,4,DAMAC Hills,district,community centre,DAMAC Hills (Al Hebiah Third),676,register master community,the middle of the card's own community; the exact plot is not in our data yet
damachills,DAMAC Hills,DAMAC HILLS - THE FLORA,damachills|damachillstheflora,1388,FINISHED,5,5,DAMAC Hills,district,community centre,DAMAC Hills (Al Hebiah Third),676,register master community,the middle of the card's own community; the exact plot is not in our data yet
damachills,DAMAC Hills,DAMAC HILLS - THE TURF,damachills|damachillstheturf,1387,FINISHED,3,3,DAMAC Hills,district,community centre,DAMAC Hills (Al Hebiah Third),676,register master community,the middle of the card's own community; the exact plot is not in our data yet
damachills,DAMAC Hills,DAMAC HILLS - TRINITY,damachills|damachillstrinity,1407,FINISHED,6,6,DAMAC Hills,district,community centre,DAMAC Hills (Al Hebiah Third),676,register master community,the middle of the card's own community; the exact plot is not in our data yet
damachills,DAMAC Hills,DAMAC HILLS - WHITEFIELD,damachills|damachillswhitefield,1348,FINISHED,7,7,DAMAC Hills,district,community centre,DAMAC Hills (Al Hebiah Third),676,register master community,the middle of the card's own community; the exact plot is not in our data yet
damachills,DAMAC Hills,DAMAC HILLS- PELHAM,damachills|damachillspelham,1411,FINISHED,16,16,DAMAC Hills,district,community centre,DAMAC Hills (Al Hebiah Third),676,register master community,the middle of the card's own community; the exact plot is not in our data yet
dubaihills,Dubai Hills Estate,Address Residences l Dubai Hills Estate,dubaihills|addressresidencesldubaihillsestate,3228,ACTIVE,27,27,Dubai Hills Estate,district,community centre,Dubai Hills Estate (Hadaeq Sheikh Mohammed Bin Rashid),631,register master community,the middle of the card's own community; the exact plot is not in our data yet
dubaihills,Dubai Hills Estate,City View Dubai Hills Residences,dubaihills|cityviewdubaihillsresidences,3148,ACTIVE,228,71,Dubai Hills Estate,district,community centre,Dubai Hills Estate (Hadaeq Sheikh Mohammed Bin Rashid),631,register master community,the middle of the card's own community; the exact plot is not in our data yet
dubaihills,Dubai Hills Estate,Club Drive,dubaihills|clubdrive,2769,ACTIVE,20,20,Dubai Hills Estate,district,community centre,Dubai Hills Estate (Hadaeq Sheikh Mohammed Bin Rashid),631,register master community,the middle of the card's own community; the exact plot is not in our data yet
dubaihills,Dubai Hills Estate,Club Villas at Dubai Hills,dubaihills|clubvillasatdubaihills,1992,FINISHED,6,6,Dubai Hills - Club Villas,register_master,community centre,Dubai Hills - Club Villas (Hadaeq Sheikh Mohammed Bin Rashid),631,register master community,the middle of the card's own community; the exact plot is not in our data yet
dubaihills,Dubai Hills Estate,ELLINGTON HOUSE,dubaihills|ellingtonhouse,2439,FINISHED,260,67,Dubai Hills Estate,district,community centre,Dubai Hills Estate (Hadaeq Sheikh Mohammed Bin Rashid),631,register master community,the middle of the card's own community; the exact plot is not in our data yet
dubaihills,Dubai Hills Estate,ELLINGTON HOUSE II,dubaihills|ellingtonhouseii,2464,ACTIVE,252,46,Dubai Hills Estate,district,community centre,Dubai Hills Estate (Hadaeq Sheikh Mohammed Bin Rashid),631,register master community,the middle of the card's own community; the exact plot is not in our data yet
dubaihills,Dubai Hills Estate,ELLINGTON HOUSE III,dubaihills|ellingtonhouseiii,2581,ACTIVE,126,11,Dubai Hills Estate,district,community centre,Dubai Hills Estate (Hadaeq Sheikh Mohammed Bin Rashid),631,register master community,the middle of the card's own community; the exact plot is not in our data yet
dubaihills,Dubai Hills Estate,ELLINGTON HOUSE IV,dubaihills|ellingtonhouseiv,2790,ACTIVE,111,11,Dubai Hills Estate,district,community centre,Dubai Hills Estate (Hadaeq Sheikh Mohammed Bin Rashid),631,register master community,the middle of the card's own community; the exact plot is not in our data yet
dubaihills,Dubai Hills Estate,FAIRWAY VISTAS,dubaihills|fairwayvistas,1751,FINISHED,8,8,Dubai Hills - Fairway Vistas,register_master,community centre,Dubai Hills - Fairway Vistas (Hadaeq Sheikh Mohammed Bin Rashid),631,register master community,the middle of the card's own community; the exact plot is not in our data yet
dubaihills,Dubai Hills Estate,Golf Grand,dubaihills|golfgrand,2599,ACTIVE,44,44,Dubai Hills Estate,district,community centre,Dubai Hills Estate (Hadaeq Sheikh Mohammed Bin Rashid),631,register master community,the middle of the card's own community; the exact plot is not in our data yet
dubaihills,Dubai Hills Estate,Golf Grove,dubaihills|golfgrove,2133,FINISHED,15,15,Dubai Hills - Golf Grove,register_master,community centre,Dubai Hills - Golf Grove (Hadaeq Sheikh Mohammed Bin Rashid),631,register master community,the middle of the card's own community; the exact plot is not in our data yet
dubaihills,Dubai Hills Estate,Golf Residences by Fortimo,dubaihills|golfresidences,2706,ACTIVE,249,39,Dubai Hills Estate,district,community centre,Dubai Hills Estate (Hadaeq Sheikh Mohammed Bin Rashid),631,register master community,the middle of the card's own community; the exact plot is not in our data yet
dubaihills,Dubai Hills Estate,Greencrest,dubaihills|greencrest,4136,,141,141,Dubai Hills Estate,district,community centre,Dubai Hills Estate (Hadaeq Sheikh Mohammed Bin Rashid),631,register master community,the middle of the card's own community; the exact plot is not in our data yet
dubaihills,Dubai Hills Estate,Greenside Residence,dubaihills|greensideresidence,2705,ACTIVE,50,50,Dubai Hills Estate,district,community centre,Dubai Hills Estate (Hadaeq Sheikh Mohammed Bin Rashid),631,register master community,the middle of the card's own community; the exact plot is not in our data yet
dubaihills,Dubai Hills Estate,Hillsedge,dubaihills|hillsedge,3411,ACTIVE,52,52,Dubai Hills Estate,district,community centre,Dubai Hills Estate (Hadaeq Sheikh Mohammed Bin Rashid),631,register master community,the middle of the card's own community; the exact plot is not in our data yet
dubaihills,Dubai Hills Estate,Lime Gardens,dubaihills|limegardens,2418,FINISHED,60,60,Dubai Hills Estate,district,community centre,Dubai Hills Estate (Hadaeq Sheikh Mohammed Bin Rashid),631,register master community,the middle of the card's own community; the exact plot is not in our data yet
dubaihills,Dubai Hills Estate,MAG EYE Phase 1,dubaihills|mageyephase1,2033,FINISHED,2303,108,Hadaeq Sheikh Mohammed Bin Rashid - Disrict 7,register_master,community centre,Hadaeq Sheikh Mohammed Bin Rashid - Disrict 7 (Hadaeq Sheikh Mohammed Bin Rashid),631,register master community,the middle of the card's own community; the exact plot is not in our data yet
dubaihills,Dubai Hills Estate,Mallside Residence,dubaihills|mallsideresidence,2856,ACTIVE,152,8,Dubai Hills Estate,district,community centre,Dubai Hills Estate (Hadaeq Sheikh Mohammed Bin Rashid),631,register master community,the middle of the card's own community; the exact plot is not in our data yet
dubaihills,Dubai Hills Estate,Maple III,dubaihills|mapleiii,1899,FINISHED,36,36,Dubai Hills - Maple 3,register_master,community centre,Dubai Hills - Maple 3 (Hadaeq Sheikh Mohammed Bin Rashid),631,register master community,the middle of the card's own community; the exact plot is not in our data yet
dubaihills,Dubai Hills Estate,Palace Residences Hillside A,dubaihills|palaceresidenceshillsidea,4015,NOT_STARTED,335,335,Dubai Hills Estate,district,community centre,Dubai Hills Estate (Hadaeq Sheikh Mohammed Bin Rashid),631,register master community,the middle of the card's own community; the exact plot is not in our data yet
dubaihills,Dubai Hills Estate,Park Field,dubaihills|parkfield,2404,FINISHED,54,54,Dubai Hills Estate,district,community centre,Dubai Hills Estate (Hadaeq Sheikh Mohammed Bin Rashid),631,register master community,the middle of the card's own community; the exact plot is not in our data yet
dubaihills,Dubai Hills Estate,Park Horizon,dubaihills|parkhorizon,2483,ACTIVE,56,56,Dubai Hills Estate,district,community centre,Dubai Hills Estate (Hadaeq Sheikh Mohammed Bin Rashid),631,register master community,the middle of the card's own community; the exact plot is not in our data yet
dubaihills,Dubai Hills Estate,Park Lane ? Building 1B,dubaihills|parklanebuilding1b,2775,,196,0,Dubai Hills,sales_area,community centre,Dubai Hills (Hadaeq Sheikh Mohammed Bin Rashid),631,register master community,the middle of the card's own community; the exact plot is not in our data yet
dubaihills,Dubai Hills Estate,Parkland,dubaihills|parkland,3139,ACTIVE,5,5,Dubai Hills Estate,district,community centre,Dubai Hills Estate (Hadaeq Sheikh Mohammed Bin Rashid),631,register master community,the middle of the card's own community; the exact plot is not in our data yet
dubaihills,Dubai Hills Estate,Parkside Hills,dubaihills|parksidehills,2741,ACTIVE,20,20,Dubai Hills Estate,district,community centre,Dubai Hills Estate (Hadaeq Sheikh Mohammed Bin Rashid),631,register master community,the middle of the card's own community; the exact plot is not in our data yet
dubaihills,Dubai Hills Estate,Parkway Vistas,dubaihills|parkwayvistas,1768,FINISHED,5,5,Dubai Hills - Parkway Vistas,register_master,community centre,Dubai Hills - Parkway Vistas (Hadaeq Sheikh Mohammed Bin Rashid),631,register master community,the middle of the card's own community; the exact plot is not in our data yet
dubaihills,Dubai Hills Estate,Parkwood,dubaihills|parkwood,3488,NOT_STARTED,83,83,Dubai Hills Estate,district,community centre,Dubai Hills Estate (Hadaeq Sheikh Mohammed Bin Rashid),631,register master community,the middle of the card's own community; the exact plot is not in our data yet
dubaihills,Dubai Hills Estate,SIDRA,dubaihills|sidra,1727,FINISHED,14,14,Dubai Hills - Sidra 1,register_master,community centre,Dubai Hills - Sidra 1 (Hadaeq Sheikh Mohammed Bin Rashid),631,register master community,the middle of the card's own community; the exact plot is not in our data yet
dubaihills,Dubai Hills Estate,Sidra 2,dubaihills|sidra2,1841,FINISHED,29,29,Dubai Hills - Sidra 2,register_master,community centre,Dubai Hills - Sidra 2 (Hadaeq Sheikh Mohammed Bin Rashid),631,register master community,the middle of the card's own community; the exact plot is not in our data yet
dubaihills,Dubai Hills Estate,Vida Residences Dubai Hills Estate,dubaihills|vidaresidencesdubaihillsestate,2795,ACTIVE,10,10,Dubai Hills Estate,district,community centre,Dubai Hills Estate (Hadaeq Sheikh Mohammed Bin Rashid),631,register master community,the middle of the card's own community; the exact plot is not in our data yet
dubaihills,Dubai Hills Estate,Vida Residences Hillside,dubaihills|vidaresidenceshillside,3534,ACTIVE,132,132,Dubai Hills Estate,district,community centre,Dubai Hills Estate (Hadaeq Sheikh Mohammed Bin Rashid),631,register master community,the middle of the card's own community; the exact plot is not in our data yet
dubaiinvestmentparkfirst,Dubai Investments Park,GARDEN APARTMENTS EAST C,dubaiinvestmentparkfirst|gardenapartmentseastc,,,29,0,Dubai Investments Park,district,community centre,Dubai Investments Park (Dubai Investment Park First),598,app district,the middle of the card's own community; the exact plot is not in our data yet
dubaiinvestmentparkfirst,Dubai Investments Park,Garden Apartments East G,dubaiinvestmentparkfirst|gardenapartmentseastg,,,3,0,Dubai Investments Park,district,community centre,Dubai Investments Park (Dubai Investment Park First),598,app district,the middle of the card's own community; the exact plot is not in our data yet
dubaiinvestmentparkfirst,Dubai Investments Park,Garden Apartments East I,dubaiinvestmentparkfirst|gardenapartmentseasti,,,3,0,Dubai Investments Park,district,community centre,Dubai Investments Park (Dubai Investment Park First),598,app district,the middle of the card's own community; the exact plot is not in our data yet
dubaiinvestmentparkfirst,Dubai Investments Park,Garden Apartments West A,dubaiinvestmentparkfirst|gardenapartmentswesta,,,6,0,Dubai Investments Park,district,community centre,Dubai Investments Park (Dubai Investment Park First),598,app district,the middle of the card's own community; the exact plot is not in our data yet
dubaiinvestmentparkfirst,Dubai Investments Park,Garden Apartments West B,dubaiinvestmentparkfirst|gardenapartmentswestb,,,4,0,Dubai Investments Park,district,community centre,Dubai Investments Park (Dubai Investment Park First),598,app district,the middle of the card's own community; the exact plot is not in our data yet
dubaiinvestmentparkfirst,Dubai Investments Park,Garden Apartments West C,dubaiinvestmentparkfirst|gardenapartmentswestc,,,3,0,Dubai Investments Park,district,community centre,Dubai Investments Park (Dubai Investment Park First),598,app district,the middle of the card's own community; the exact plot is not in our data yet
dubaiinvestmentparkfirst,Dubai Investments Park,Garden Apartments West E,dubaiinvestmentparkfirst|gardenapartmentsweste,,,5,0,Dubai Investments Park,district,community centre,Dubai Investments Park (Dubai Investment Park First),598,app district,the middle of the card's own community; the exact plot is not in our data yet
dubaiinvestmentparkfirst,Dubai Investments Park,Garden Apartments West G,dubaiinvestmentparkfirst|gardenapartmentswestg,,,5,0,Dubai Investments Park,district,community centre,Dubai Investments Park (Dubai Investment Park First),598,app district,the middle of the card's own community; the exact plot is not in our data yet
dubaiinvestmentparkfirst,Dubai Investments Park,Garden Apartments West I,dubaiinvestmentparkfirst|gardenapartmentswesti,,,5,0,Dubai Investments Park,district,community centre,Dubai Investments Park (Dubai Investment Park First),598,app district,the middle of the card's own community; the exact plot is not in our data yet
dubaiinvestmentparkfirst,Dubai Investments Park,Garden Apartments West J,dubaiinvestmentparkfirst|gardenapartmentswestj,,,3,0,Dubai Investments Park,district,community centre,Dubai Investments Park (Dubai Investment Park First),598,app district,the middle of the card's own community; the exact plot is not in our data yet
dubaiinvestmentparkfirst,Dubai Investments Park,NORTH WEST APARTMENTS 1,dubaiinvestmentparkfirst|northwestapartments1,,,40,0,Dubai Investments Park,district,community centre,Dubai Investments Park (Dubai Investment Park First),598,app district,the middle of the card's own community; the exact plot is not in our data yet
dubaiinvestmentparkfirst,Dubai Investments Park,North West Apartments 2,dubaiinvestmentparkfirst|northwestapartments2,,,6,0,Dubai Investments Park,district,community centre,Dubai Investments Park (Dubai Investment Park First),598,app district,the middle of the card's own community; the exact plot is not in our data yet
dubaiinvestmentparkfirst,Dubai Investments Park,North West Apartments 3,dubaiinvestmentparkfirst|northwestapartments3,,,7,0,Dubai Investments Park,district,community centre,Dubai Investments Park (Dubai Investment Park First),598,app district,the middle of the card's own community; the exact plot is not in our data yet
dubaiinvestmentparkfirst,Dubai Investments Park,North West Apartments 5,dubaiinvestmentparkfirst|northwestapartments5,,,6,0,Dubai Investments Park,district,community centre,Dubai Investments Park (Dubai Investment Park First),598,app district,the middle of the card's own community; the exact plot is not in our data yet
dubaiinvestmentparkfirst,Dubai Investments Park,North West Apartments 8,dubaiinvestmentparkfirst|northwestapartments8,,,4,0,Dubai Investments Park,district,community centre,Dubai Investments Park (Dubai Investment Park First),598,app district,the middle of the card's own community; the exact plot is not in our data yet
dubaiinvestmentparkfirst,Dubai Investments Park,Olivia Residences,dubaiinvestmentparkfirst|oliviaresidences,2752,ACTIVE,233,0,Dubai Investments Park,district,community centre,Dubai Investments Park (Dubai Investment Park First),598,app district,the middle of the card's own community; the exact plot is not in our data yet
dubaiinvestmentparkfirst,Dubai Investments Park,South West Apartments 8,dubaiinvestmentparkfirst|southwestapartments8,,,7,0,Dubai Investments Park,district,community centre,Dubai Investments Park (Dubai Investment Park First),598,app district,the middle of the card's own community; the exact plot is not in our data yet
dubaiinvestmentparkfirst,Dubai Investments Park,Terrace Apartment 1,dubaiinvestmentparkfirst|terraceapartment1,,,12,0,Dubai Investments Park,district,community centre,Dubai Investments Park (Dubai Investment Park First),598,app district,the middle of the card's own community; the exact plot is not in our data yet
dubaiinvestmentparkfirst,Dubai Investments Park,Terrace Apartment 2,dubaiinvestmentparkfirst|terraceapartment2,,,5,0,Dubai Investments Park,district,community centre,Dubai Investments Park (Dubai Investment Park First),598,app district,the middle of the card's own community; the exact plot is not in our data yet
dubaiinvestmentparksecond,Dubai Investments Park 2,DAMAC RIVERSIDE - IVY,dubaiinvestmentparksecond|damacriversideivy,3170,ACTIVE,611,43,Dubai Investments Park 2,district,community centre,Dubai Investments Park 2 (Dubai Investment Park Second),597,app district,the middle of the card's own community; the exact plot is not in our data yet
dubaiinvestmentparksecond,Dubai Investments Park 2,DAMAC RIVERSIDE - LUSH,dubaiinvestmentparksecond|damacriversidelush,3169,ACTIVE,783,39,Dubai Investments Park 2,district,community centre,Dubai Investments Park 2 (Dubai Investment Park Second),597,app district,the middle of the card's own community; the exact plot is not in our data yet
dubaiinvestmentparksecond,Dubai Investments Park 2,DAMAC RIVERSIDE - OLIVE,dubaiinvestmentparksecond|damacriversideolive,3690,NOT_STARTED,160,160,Dubai Investments Park 2,district,community centre,Dubai Investments Park 2 (Dubai Investment Park Second),597,app district,the middle of the card's own community; the exact plot is not in our data yet
dubaiinvestmentparksecond,Dubai Investments Park 2,DAMAC RIVERSIDE - SAGE,dubaiinvestmentparksecond|damacriversidesage,3171,ACTIVE,31,31,Dubai Investments Park 2,district,community centre,Dubai Investments Park 2 (Dubai Investment Park Second),597,app district,the middle of the card's own community; the exact plot is not in our data yet
dubaiinvestmentparksecond,Dubai Investments Park 2,Grand Polo - Equestra,dubaiinvestmentparksecond|grandpoloequestra,4186,ACTIVE,308,308,Dubai Investments Park 2,district,community centre,Dubai Investments Park 2 (Dubai Investment Park Second),597,app district,the middle of the card's own community; the exact plot is not in our data yet
dubaiinvestmentparksecond,Dubai Investments Park 2,Grand Polo - Equiterra,dubaiinvestmentparksecond|grandpoloequiterra,4185,ACTIVE,505,505,Dubai Investments Park 2,district,community centre,Dubai Investments Park 2 (Dubai Investment Park Second),597,app district,the middle of the card's own community; the exact plot is not in our data yet
dubaiinvestmentparksecond,Dubai Investments Park 2,Grand Polo - Equiterra 2,dubaiinvestmentparksecond|grandpoloequiterra2,4162,ACTIVE,379,379,Dubai Investments Park 2,district,community centre,Dubai Investments Park 2 (Dubai Investment Park Second),597,app district,the middle of the card's own community; the exact plot is not in our data yet
dubaimarina,Dubai Marina,52 42,dubaimarina|5242,1747,,515,0,Dubai Marina,district,community centre,Dubai Marina (Marsa Dubai),392,register master community,the middle of the card's own community; the exact plot is not in our data yet
dubaimarina,Dubai Marina,5242,dubaimarina|5242,1747,,25,25,Dubai Marina,district,community centre,Dubai Marina (Marsa Dubai),392,register master community,the middle of the card's own community; the exact plot is not in our data yet
dubaimarina,Dubai Marina,Address Residences The Bay,dubaimarina|addressresidencesthebay,2397,,624,0,Dubai Harbour,sales_area,community centre,Dubai Harbour (Marsa Dubai),392,register master community,the middle of the card's own community; the exact plot is not in our data yet
dubaimarina,Dubai Marina,BAYSIDE RESIDENCE,dubaimarina|baysideresidence,1449,FINISHED,86,4,Dubai Marina,district,community centre,Dubai Marina (Marsa Dubai),392,register master community,the middle of the card's own community; the exact plot is not in our data yet
dubaimarina,Dubai Marina,BAYVIEW,dubaimarina|bayview,2646,ACTIVE,33,33,Dubai Harbour,register_master,community centre,Dubai Harbour (Marsa Dubai),392,register master community,the middle of the card's own community; the exact plot is not in our data yet
dubaimarina,Dubai Marina,Beachgate by Address,dubaimarina|beachgate,2430,ACTIVE,14,14,Dubai Harbour,register_master,community centre,Dubai Harbour (Marsa Dubai),392,register master community,the middle of the card's own community; the exact plot is not in our data yet
dubaimarina,Dubai Marina,DAMAC BAY,dubaimarina|damacbay,2559,ACTIVE,1119,50,Dubai Harbour,register_master,community centre,Dubai Harbour (Marsa Dubai),392,register master community,the middle of the card's own community; the exact plot is not in our data yet
dubaimarina,Dubai Marina,DAMAC BAY 2,dubaimarina|damacbay2,2644,ACTIVE,629,50,Dubai Harbour,register_master,community centre,Dubai Harbour (Marsa Dubai),392,register master community,the middle of the card's own community; the exact plot is not in our data yet
dubaimarina,Dubai Marina,Dubai Harbour Residences (Area 1),dubaimarina|dubaiharbourresidencesarea1,3133,ACTIVE,194,41,Dubai Harbour,register_master,community centre,Dubai Harbour (Marsa Dubai),392,register master community,the middle of the card's own community; the exact plot is not in our data yet
dubaimarina,Dubai Marina,Dubai Harbour Residences (Area 3),dubaimarina|dubaiharbourresidencesarea3,3134,ACTIVE,126,39,Dubai Harbour,register_master,community centre,Dubai Harbour (Marsa Dubai),392,register master community,the middle of the card's own community; the exact plot is not in our data yet
dubaimarina,Dubai Marina,LIV LUX,dubaimarina|livlux,2502,ACTIVE,247,15,Dubai Marina,district,community centre,Dubai Marina (Marsa Dubai),392,register master community,the middle of the card's own community; the exact plot is not in our data yet
dubaimarina,Dubai Marina,LIV MARINA,dubaimarina|livmarina,2352,FINISHED,326,51,Dubai Marina,district,community centre,Dubai Marina (Marsa Dubai),392,register master community,the middle of the card's own community; the exact plot is not in our data yet
dubaimarina,Dubai Marina,MARINA QUAYS,dubaimarina|marinaquays,1456,FINISHED,25,25,Dubai Marina,district,community centre,Dubai Marina (Marsa Dubai),392,register master community,the middle of the card's own community; the exact plot is not in our data yet
dubaimarina,Dubai Marina,MARINA SHORES,dubaimarina|marinashores,2425,ACTIVE,37,37,Dubai Marina,district,community centre,Dubai Marina (Marsa Dubai),392,register master community,the middle of the card's own community; the exact plot is not in our data yet
dubaimarina,Dubai Marina,MARINASCAPE,dubaimarina|marinascape,1450,FINISHED,121,14,Dubai Marina,district,community centre,Dubai Marina (Marsa Dubai),392,register master community,the middle of the card's own community; the exact plot is not in our data yet
dubaimarina,Dubai Marina,Palace Beach Residence,dubaimarina|palacebeachresidence,2240,FINISHED,1072,71,Dubai Harbour,register_master,community centre,Dubai Harbour (Marsa Dubai),392,register master community,the middle of the card's own community; the exact plot is not in our data yet
dubaimarina,Dubai Marina,SEAPOINT,dubaimarina|seapoint,2633,ACTIVE,26,26,Dubai Harbour,register_master,community centre,Dubai Harbour (Marsa Dubai),392,register master community,the middle of the card's own community; the exact plot is not in our data yet
dubaimarina,Dubai Marina,Sobha Seahaven Tower B & C,dubaimarina|sobhaseahaventowerbc,2762,ACTIVE,369,39,Dubai Harbour,register_master,community centre,Dubai Harbour (Marsa Dubai),392,register master community,the middle of the card's own community; the exact plot is not in our data yet
dubaimarina,Dubai Marina,THE ATLANTIC,dubaimarina|theatlantic,513,FINISHED,6,6,Dubai Marina,district,community centre,Dubai Marina (Marsa Dubai),392,register master community,the middle of the card's own community; the exact plot is not in our data yet
dubaimarina,Dubai Marina,THE RESIDENCES AT MARINA GATE 1,dubaimarina|theresidencesatmarinagate1,1495,FINISHED,21,21,Dubai Marina,district,community centre,Dubai Marina (Marsa Dubai),392,register master community,the middle of the card's own community; the exact plot is not in our data yet
dubaimarina,Dubai Marina,THE RESIDENCES AT MARINA GATE 2,dubaimarina|theresidencesatmarinagate2,1547,FINISHED,457,33,Dubai Marina,district,community centre,Dubai Marina (Marsa Dubai),392,register master community,the middle of the card's own community; the exact plot is not in our data yet
dubaimarina,Dubai Marina,THE ZEN,dubaimarina|thezen,525,FINISHED,5,5,Dubai Marina,district,community centre,Dubai Marina (Marsa Dubai),392,register master community,the middle of the card's own community; the exact plot is not in our data yet
dubaimarina,Dubai Marina,The Residences at Marina Gate II,dubaimarina|theresidencesatmarinagateii,1790,,922,0,Dubai Marina,district,community centre,Dubai Marina (Marsa Dubai),392,register master community,the middle of the card's own community; the exact plot is not in our data yet
dubaimarina,Dubai Marina,"The Residences, Al Habtoor Grand",dubaimarina|theresidencesalhabtoorgrand,2892,ACTIVE,60,41,Dubai Marina,district,community centre,Dubai Marina (Marsa Dubai),392,register master community,the middle of the card's own community; the exact plot is not in our data yet
dubaimarina,Dubai Marina,The Royal Oceanic,dubaimarina|theroyaloceanic,256,,749,0,Dubai Marina,district,community centre,Dubai Marina (Marsa Dubai),392,register master community,the middle of the card's own community; the exact plot is not in our data yet
dubaimarina,Dubai Marina,The Torch,dubaimarina|thetorch,257,,2056,0,Dubai Marina,district,community centre,Dubai Marina (Marsa Dubai),392,register master community,the middle of the card's own community; the exact plot is not in our data yet
dubaimarina,Dubai Marina,W Residences at Dubai Harbour,dubaimarina|wresidencesatdubaiharbour,3317,NOT_STARTED,335,124,Dubai Harbour,register_master,community centre,Dubai Harbour (Marsa Dubai),392,register master community,the middle of the card's own community; the exact plot is not in our data yet
dubaimaritimecity,Dubai Maritime City,ANWA ARIA,dubaimaritimecity|anwaaria,,,349,0,Dubai Maritime City,district,community centre,Dubai Maritime City (Madinat Dubai Al Melaheyah),321,register master community,the middle of the card's own community; the exact plot is not in our data yet
dubaimaritimecity,Dubai Maritime City,Aria By Beyond,dubaimaritimecity|aria,2726,ACTIVE,159,15,Dubai Maritime City,district,community centre,Dubai Maritime City (Madinat Dubai Al Melaheyah),321,register master community,the middle of the card's own community; the exact plot is not in our data yet
dubaimaritimecity,Dubai Maritime City,Aurea,dubaimaritimecity|aurea,4115,ACTIVE,158,158,Mina Rashid,register_master,community centre,Mina Rashid (Madinat Dubai Al Melaheyah),321,register master community,the middle of the card's own community; the exact plot is not in our data yet
dubaimaritimecity,Dubai Maritime City,Avonlea,dubaimaritimecity|avonlea,2838,ACTIVE,9,9,Mina Rashid,register_master,community centre,Mina Rashid (Madinat Dubai Al Melaheyah),321,register master community,the middle of the card's own community; the exact plot is not in our data yet
dubaimaritimecity,Dubai Maritime City,Bayline,dubaimaritimecity|bayline,2813,ACTIVE,15,15,Mina Rashid,register_master,community centre,Mina Rashid (Madinat Dubai Al Melaheyah),321,register master community,the middle of the card's own community; the exact plot is not in our data yet
dubaimaritimecity,Dubai Maritime City,Baystar by VIDA,dubaimaritimecity|baystar,4002,NOT_STARTED,205,205,Mina Rashid,register_master,community centre,Mina Rashid (Madinat Dubai Al Melaheyah),321,register master community,the middle of the card's own community; the exact plot is not in our data yet
dubaimaritimecity,Dubai Maritime City,CHELSEA RESIDENCES 2 BY DAMAC,dubaimaritimecity|chelsearesidences2,3743,NOT_STARTED,868,606,Dubai Maritime City,district,community centre,Dubai Maritime City (Madinat Dubai Al Melaheyah),321,register master community,the middle of the card's own community; the exact plot is not in our data yet
dubaimaritimecity,Dubai Maritime City,CHELSEA RESIDENCES BY DAMAC,dubaimaritimecity|chelsearesidences,3719,NOT_STARTED,298,146,Dubai Maritime City,district,community centre,Dubai Maritime City (Madinat Dubai Al Melaheyah),321,register master community,the middle of the card's own community; the exact plot is not in our data yet
dubaimaritimecity,Dubai Maritime City,CORAL REEF,dubaimaritimecity|coralreef,2729,ACTIVE,289,4,Dubai Maritime City,district,community centre,Dubai Maritime City (Madinat Dubai Al Melaheyah),321,register master community,the middle of the card's own community; the exact plot is not in our data yet
dubaimaritimecity,Dubai Maritime City,Clearpoint,dubaimaritimecity|clearpoint,2743,ACTIVE,512,21,Mina Rashid,register_master,community centre,Mina Rashid (Madinat Dubai Al Melaheyah),321,register master community,the middle of the card's own community; the exact plot is not in our data yet
dubaimaritimecity,Dubai Maritime City,Franck Muller Yachting,dubaimaritimecity|franckmulleryachting,4017,NOT_STARTED,566,566,Dubai Maritime City,district,community centre,Dubai Maritime City (Madinat Dubai Al Melaheyah),321,register master community,the middle of the card's own community; the exact plot is not in our data yet
dubaimaritimecity,Dubai Maritime City,HARBOUR LIGHTS,dubaimaritimecity|harbourlights,2516,ACTIVE,336,15,Dubai Maritime City,district,community centre,Dubai Maritime City (Madinat Dubai Al Melaheyah),321,register master community,the middle of the card's own community; the exact plot is not in our data yet
dubaimaritimecity,Dubai Maritime City,IL VENTO,dubaimaritimecity|ilvento,4003,PENDING,15,15,Dubai Maritime City,district,community centre,Dubai Maritime City (Madinat Dubai Al Melaheyah),321,register master community,the middle of the card's own community; the exact plot is not in our data yet
dubaimaritimecity,Dubai Maritime City,LIV MARITIME,dubaimaritimecity|livmaritime,3391,ACTIVE,248,52,Dubai Maritime City,district,community centre,Dubai Maritime City (Madinat Dubai Al Melaheyah),321,register master community,the middle of the card's own community; the exact plot is not in our data yet
dubaimaritimecity,Dubai Maritime City,MAR CASA,dubaimaritimecity|marcasa,2589,ACTIVE,665,34,Dubai Maritime City,district,community centre,Dubai Maritime City (Madinat Dubai Al Melaheyah),321,register master community,the middle of the card's own community; the exact plot is not in our data yet
dubaimaritimecity,Dubai Maritime City,Marina Views,dubaimaritimecity|marinaviews,3172,ACTIVE,559,12,Mina Rashid,register_master,community centre,Mina Rashid (Madinat Dubai Al Melaheyah),321,register master community,the middle of the card's own community; the exact plot is not in our data yet
dubaimaritimecity,Dubai Maritime City,Nautica One,dubaimaritimecity|nauticaone,2781,ACTIVE,364,17,Dubai Maritime City,district,community centre,Dubai Maritime City (Madinat Dubai Al Melaheyah),321,register master community,the middle of the card's own community; the exact plot is not in our data yet
dubaimaritimecity,Dubai Maritime City,Nautica Two,dubaimaritimecity|nauticatwo,2783,ACTIVE,342,6,Dubai Maritime City,district,community centre,Dubai Maritime City (Madinat Dubai Al Melaheyah),321,register master community,the middle of the card's own community; the exact plot is not in our data yet
dubaimaritimecity,Dubai Maritime City,Ocean Cove,dubaimaritimecity|oceancove,3173,ACTIVE,6,6,Mina Rashid,register_master,community centre,Mina Rashid (Madinat Dubai Al Melaheyah),321,register master community,the middle of the card's own community; the exact plot is not in our data yet
dubaimaritimecity,Dubai Maritime City,Ocean Star,dubaimaritimecity|oceanstar,3010,ACTIVE,12,12,Mina Rashid,register_master,community centre,Mina Rashid (Madinat Dubai Al Melaheyah),321,register master community,the middle of the card's own community; the exact plot is not in our data yet
dubaimaritimecity,Dubai Maritime City,Oceanz 1 By Danube,dubaimaritimecity|oceanz1,2755,ACTIVE,525,15,Dubai Maritime City,district,community centre,Dubai Maritime City (Madinat Dubai Al Melaheyah),321,register master community,the middle of the card's own community; the exact plot is not in our data yet
dubaimaritimecity,Dubai Maritime City,Oceanz 2 By Danube,dubaimaritimecity|oceanz2,2756,ACTIVE,743,63,Dubai Maritime City,district,community centre,Dubai Maritime City (Madinat Dubai Al Melaheyah),321,register master community,the middle of the card's own community; the exact plot is not in our data yet
dubaimaritimecity,Dubai Maritime City,Oceanz 3 By Danube,dubaimaritimecity|oceanz3,2867,ACTIVE,380,11,Dubai Maritime City,district,community centre,Dubai Maritime City (Madinat Dubai Al Melaheyah),321,register master community,the middle of the card's own community; the exact plot is not in our data yet
dubaimaritimecity,Dubai Maritime City,Orise,dubaimaritimecity|orise,3425,ACTIVE,527,5,Dubai Maritime City,district,community centre,Dubai Maritime City (Madinat Dubai Al Melaheyah),321,register master community,the middle of the card's own community; the exact plot is not in our data yet
dubaimaritimecity,Dubai Maritime City,Porto View,dubaimaritimecity|portoview,3306,NOT_STARTED,3,3,Mina Rashid,register_master,community centre,Mina Rashid (Madinat Dubai Al Melaheyah),321,register master community,the middle of the card's own community; the exact plot is not in our data yet
dubaimaritimecity,Dubai Maritime City,Prestige One Residences,dubaimaritimecity|prestigeoneresidences,4190,ACTIVE,28,28,Dubai Maritime City,district,community centre,Dubai Maritime City (Madinat Dubai Al Melaheyah),321,register master community,the middle of the card's own community; the exact plot is not in our data yet
dubaimaritimecity,Dubai Maritime City,Riva Residence,dubaimaritimecity|rivaresidence,3034,ACTIVE,114,21,Dubai Maritime City,district,community centre,Dubai Maritime City (Madinat Dubai Al Melaheyah),321,register master community,the middle of the card's own community; the exact plot is not in our data yet
dubaimaritimecity,Dubai Maritime City,SERA 1,dubaimaritimecity|sera1,4031,ACTIVE,34,34,Mina Rashid,register_master,community centre,Mina Rashid (Madinat Dubai Al Melaheyah),321,register master community,the middle of the card's own community; the exact plot is not in our data yet
dubaimaritimecity,Dubai Maritime City,SERA 2,dubaimaritimecity|sera2,4032,ACTIVE,112,112,Mina Rashid,register_master,community centre,Mina Rashid (Madinat Dubai Al Melaheyah),321,register master community,the middle of the card's own community; the exact plot is not in our data yet
dubaimaritimecity,Dubai Maritime City,Saria,dubaimaritimecity|saria,3115,ACTIVE,357,5,Dubai Maritime City,district,community centre,Dubai Maritime City (Madinat Dubai Al Melaheyah),321,register master community,the middle of the card's own community; the exact plot is not in our data yet
dubaimaritimecity,Dubai Maritime City,Seagate,dubaimaritimecity|seagate,2163,FINISHED,381,22,Mina Rashid,register_master,community centre,Mina Rashid (Madinat Dubai Al Melaheyah),321,register master community,the middle of the card's own community; the exact plot is not in our data yet
dubaimaritimecity,Dubai Maritime City,Seascape,dubaimaritimecity|seascape,2513,ACTIVE,479,31,Mina Rashid,register_master,community centre,Mina Rashid (Madinat Dubai Al Melaheyah),321,register master community,the middle of the card's own community; the exact plot is not in our data yet
dubaimaritimecity,Dubai Maritime City,Sensia,dubaimaritimecity|sensia,3577,NOT_STARTED,272,1,Dubai Maritime City,district_of_card,community centre,Dubai Maritime City (Madinat Dubai Al Melaheyah),321,register master community (the card's district),the middle of the card's own community; the exact plot is not in our data yet
dubaimaritimecity,Dubai Maritime City,Soulever' By Beyond,dubaimaritimecity|soulever,4084,ACTIVE,228,228,Dubai Maritime City,district,community centre,Dubai Maritime City (Madinat Dubai Al Melaheyah),321,register master community,the middle of the card's own community; the exact plot is not in our data yet
dubaimaritimecity,Dubai Maritime City,Sunridge,dubaimaritimecity|sunridge,2678,ACTIVE,3,3,Mina Rashid,register_master,community centre,Mina Rashid (Madinat Dubai Al Melaheyah),321,register master community,the middle of the card's own community; the exact plot is not in our data yet
dubaimaritimecity,Dubai Maritime City,Talea,dubaimaritimecity|talea,3869,ACTIVE,327,208,Dubai Maritime City,district,community centre,Dubai Maritime City (Madinat Dubai Al Melaheyah),321,register master community,the middle of the card's own community; the exact plot is not in our data yet
dubaimaritimecity,Dubai Maritime City,The Mural,dubaimaritimecity|themural,3650,NOT_STARTED,265,17,Dubai Maritime City,district,community centre,Dubai Maritime City (Madinat Dubai Al Melaheyah),321,register master community,the middle of the card's own community; the exact plot is not in our data yet
dubaimaritimecity,Dubai Maritime City,The Pier,dubaimaritimecity|thepier,3110,ACTIVE,259,35,Dubai Maritime City,district,community centre,Dubai Maritime City (Madinat Dubai Al Melaheyah),321,register master community,the middle of the card's own community; the exact plot is not in our data yet
dubaiproductioncity,Dubai Production City,ALDER AT PARK FIVE,dubaiproductioncity|alderatparkfive,4052,ACTIVE,66,66,International Media Production Zone,register_master,community centre,International Media Production Zone (Me'aisem First),685,register master community,the middle of the card's own community; the exact plot is not in our data yet
dubaiproductioncity,Dubai Production City,ALandalus Townhouse,dubaiproductioncity|alandalustownhouse,1856,FINISHED,7,7,Jumeirah Golf Estates,register_master,community centre,Jumeirah Golf Estates (Me'aisem First),685,register master community,the middle of the card's own community; the exact plot is not in our data yet
dubaiproductioncity,Dubai Production City,EIRA,dubaiproductioncity|eira,4437,,9,9,International Media Production Zone,register_master,community centre,International Media Production Zone (Me'aisem First),685,register master community,the middle of the card's own community; the exact plot is not in our data yet
dubaiproductioncity,Dubai Production City,ELM AT PARK FIVE,dubaiproductioncity|elmatparkfive,3343,NOT_STARTED,529,169,International Media Production Zone,register_master,community centre,International Media Production Zone (Me'aisem First),685,register master community,the middle of the card's own community; the exact plot is not in our data yet
dubaiproductioncity,Dubai Production City,EMBER AT PARK FIVE,dubaiproductioncity|emberatparkfive,3344,NOT_STARTED,130,130,International Media Production Zone,register_master,community centre,International Media Production Zone (Me'aisem First),685,register master community,the middle of the card's own community; the exact plot is not in our data yet
dubaiproductioncity,Dubai Production City,Golf Grove by Regent,dubaiproductioncity|golfgrove,3245,NOT_STARTED,87,31,International Media Production Zone,register_master,community centre,International Media Production Zone (Me'aisem First),685,register master community,the middle of the card's own community; the exact plot is not in our data yet
dubaiproductioncity,Dubai Production City,Golf Terrace Residences By ASAK,dubaiproductioncity|golfterraceresidences,4304,ACTIVE,86,86,International Media Production Zone,register_master,community centre,International Media Production Zone (Me'aisem First),685,register master community,the middle of the card's own community; the exact plot is not in our data yet
dubaiproductioncity,Dubai Production City,IVY AT PARK FIVE,dubaiproductioncity|ivyatparkfive,4051,PENDING,171,171,International Media Production Zone,register_master,community centre,International Media Production Zone (Me'aisem First),685,register master community,the middle of the card's own community; the exact plot is not in our data yet
dubaiproductioncity,Dubai Production City,JASMINE LANE,dubaiproductioncity|jasminelane,2265,FINISHED,214,34,Jumeirah Golf Estates,register_master,community centre,Jumeirah Golf Estates (Me'aisem First),685,register master community,the middle of the card's own community; the exact plot is not in our data yet
dubaiproductioncity,Dubai Production City,Jumeirah Luxury,dubaiproductioncity|jumeirahluxury,1947,FINISHED,228,16,Jumeirah Golf Estates,register_master,community centre,Jumeirah Golf Estates (Me'aisem First),685,register master community,the middle of the card's own community; the exact plot is not in our data yet
dubaiproductioncity,Dubai Production City,NEEM AT PARK FIVE,dubaiproductioncity|neematparkfive,3496,NOT_STARTED,110,110,International Media Production Zone,register_master,community centre,International Media Production Zone (Me'aisem First),685,register master community,the middle of the card's own community; the exact plot is not in our data yet
dubaiproductioncity,Dubai Production City,NOOR 2,dubaiproductioncity|noor2,2210,,129,0,International Media Production Zone,register_master,community centre,International Media Production Zone (Me'aisem First),685,register master community,the middle of the card's own community; the exact plot is not in our data yet
dubaiproductioncity,Dubai Production City,Nirvana Residences - I,dubaiproductioncity|nirvanaresidencesi,4313,ACTIVE,6,6,International Media Production Zone,register_master,community centre,International Media Production Zone (Me'aisem First),685,register master community,the middle of the card's own community; the exact plot is not in our data yet
dubaiproductioncity,Dubai Production City,OLIVE POINT,dubaiproductioncity|olivepoint,617,FINISHED,7,7,Jumeirah Golf Estates,register_master,community centre,Jumeirah Golf Estates (Me'aisem First),685,register master community,the middle of the card's own community; the exact plot is not in our data yet
dubaiproductioncity,Dubai Production City,ORANGE LAKE,dubaiproductioncity|orangelake,171,FINISHED,64,4,Jumeirah Golf Estates,register_master,community centre,Jumeirah Golf Estates (Me'aisem First),685,register master community,the middle of the card's own community; the exact plot is not in our data yet
dubaiproductioncity,Dubai Production City,RED WOOD PARK,dubaiproductioncity|redwoodpark,1584,FINISHED,3,3,Jumeirah Golf Estates,register_master,community centre,Jumeirah Golf Estates (Me'aisem First),685,register master community,the middle of the card's own community; the exact plot is not in our data yet
dubaiproductioncity,Dubai Production City,Reef 996,dubaiproductioncity|reef996,4062,PENDING,203,203,International Media Production Zone,register_master,community centre,International Media Production Zone (Me'aisem First),685,register master community,the middle of the card's own community; the exact plot is not in our data yet
dubaiproductioncity,Dubai Production City,SIENNA  LAKES,dubaiproductioncity|siennalakes,174,FINISHED,67,6,Jumeirah Golf Estates,register_master,community centre,Jumeirah Golf Estates (Me'aisem First),685,register master community,the middle of the card's own community; the exact plot is not in our data yet
dubaiproductioncity,Dubai Production City,Samana Portofino,dubaiproductioncity|samanaportofino,2750,ACTIVE,216,9,International Media Production Zone,register_master,community centre,International Media Production Zone (Me'aisem First),685,register master community,the middle of the card's own community; the exact plot is not in our data yet
dubaiproductioncity,Dubai Production City,Sera Gardens by Vision,dubaiproductioncity|seragardens,4455,ACTIVE,99,99,International Media Production Zone,register_master,community centre,International Media Production Zone (Me'aisem First),685,register master community,the middle of the card's own community; the exact plot is not in our data yet
dubaiproductioncity,Dubai Production City,Soul by vision,dubaiproductioncity|soul,3680,NOT_STARTED,176,152,International Media Production Zone,register_master,community centre,International Media Production Zone (Me'aisem First),685,register master community,the middle of the card's own community; the exact plot is not in our data yet
dubaiproductioncity,Dubai Production City,Terra Golf Collection,dubaiproductioncity|terragolfcollection,2877,ACTIVE,22,22,Jumeirah Golf Estates,register_master,community centre,Jumeirah Golf Estates (Me'aisem First),685,register master community,the middle of the card's own community; the exact plot is not in our data yet
dubaiproductioncity,Dubai Production City,Viera Residences,dubaiproductioncity|vieraresidences,3294,ACTIVE,140,76,International Media Production Zone,register_master,community centre,International Media Production Zone (Me'aisem First),685,register master community,the middle of the card's own community; the exact plot is not in our data yet
dubaiproductioncity,Dubai Production City,Vista by Vision,dubaiproductioncity|vista,4175,ACTIVE,301,301,International Media Production Zone,register_master,community centre,International Media Production Zone (Me'aisem First),685,register master community,the middle of the card's own community; the exact plot is not in our data yet
dubaisciencepark,Dubai Science Park,11 Hills Park,dubaisciencepark|11hillspark,3324,ACTIVE,218,55,Dubai Science Park,district,community centre,Dubai Science Park (Al Barsha South Second),672,register master community,the middle of the card's own community; the exact plot is not in our data yet
dubaisciencepark,Dubai Science Park,Nova Tower,dubaisciencepark|novatower,3870,ACTIVE,53,53,Dubai Science Park,district,community centre,Dubai Science Park (Al Barsha South Second),672,register master community,the middle of the card's own community; the exact plot is not in our data yet
dubaisciencepark,Dubai Science Park,SAAS Hills,dubaisciencepark|saashills,3225,ACTIVE,452,282,Dubai Science Park,district,community centre,Dubai Science Park (Al Barsha South Second),672,register master community,the middle of the card's own community; the exact plot is not in our data yet
dubaisciencepark,Dubai Science Park,Villa Lantana 1,dubaisciencepark|villalantana1,1526,FINISHED,120,6,Dubai Science Park,district,community centre,Dubai Science Park (Al Barsha South Second),672,register master community,the middle of the card's own community; the exact plot is not in our data yet
dubaisciencepark,Dubai Science Park,Villa Lantana 2,dubaisciencepark|villalantana2,1525,FINISHED,71,4,Dubai Science Park,district,community centre,Dubai Science Park (Al Barsha South Second),672,register master community,the middle of the card's own community; the exact plot is not in our data yet
dubaisciencepark,Dubai Science Park,Vincitore Aqua Dimore,dubaisciencepark|vincitoreaquadimore,2855,CONDITIONAL_ACTIVATING,882,187,Dubai Science Park,district,community centre,Dubai Science Park (Al Barsha South Second),672,register master community,the middle of the card's own community; the exact plot is not in our data yet
dubaisciencepark,Dubai Science Park,Vincitore Aqua Flora,dubaisciencepark|vincitoreaquaflora,3154,NOT_STARTED,391,173,Dubai Science Park,district,community centre,Dubai Science Park (Al Barsha South Second),672,register master community,the middle of the card's own community; the exact plot is not in our data yet
dubaisportscity,Dubai Sports City,AMARA,dubaisportscity|amara,2858,ACTIVE,145,20,Tilal Al Ghaf,register_master,community centre,Tilal Al Ghaf (Al Hebiah Fourth),682,register master community,the middle of the card's own community; the exact plot is not in our data yet
dubaisportscity,Dubai Sports City,ASPIRZ By Danube,dubaisportscity|aspirz,3838,NOT_STARTED,243,243,Dubai Sports City,district,community centre,Dubai Sports City (Al Hebiah Fourth),682,register master community,the middle of the card's own community; the exact plot is not in our data yet
dubaisportscity,Dubai Sports City,AURELIA RESIDENCE,dubaisportscity|aureliaresidence,3768,NOT_STARTED,69,69,Dubai Sports City,district,community centre,Dubai Sports City (Al Hebiah Fourth),682,register master community,the middle of the card's own community; the exact plot is not in our data yet
dubaisportscity,Dubai Sports City,Alicante villas,dubaisportscity|alicantevillas,2627,FINISHED,17,3,Dubai Sports City,district,community centre,Dubai Sports City (Al Hebiah Fourth),682,register master community,the middle of the card's own community; the exact plot is not in our data yet
dubaisportscity,Dubai Sports City,Aura,dubaisportscity|aura,2259,ACTIVE,1413,136,Tilal Al Ghaf,register_master,community centre,Tilal Al Ghaf (Al Hebiah Fourth),682,register master community,the middle of the card's own community; the exact plot is not in our data yet
dubaisportscity,Dubai Sports City,Azizi Grand,dubaisportscity|azizigrand,2036,ACTIVE,392,199,Dubai Sports City,district,community centre,Dubai Sports City (Al Hebiah Fourth),682,register master community,the middle of the card's own community; the exact plot is not in our data yet
dubaisportscity,Dubai Sports City,BLOOMINGDALE,dubaisportscity|bloomingdale,1493,FINISHED,63,4,Dubai Sports City,district,community centre,Dubai Sports City (Al Hebiah Fourth),682,register master community,the middle of the card's own community; the exact plot is not in our data yet
dubaisportscity,Dubai Sports City,CANAL RESIDENCE WEST (PHASE 1),dubaisportscity|canalresidencewestphase1,323,FINISHED,349,49,Dubai Sports City,district,community centre,Dubai Sports City (Al Hebiah Fourth),682,register master community,the middle of the card's own community; the exact plot is not in our data yet
dubaisportscity,Dubai Sports City,ELITE 10 SPORTS RESIDENCE,dubaisportscity|elite10sportsresidence,1607,FINISHED,395,79,Dubai Sports City,district,community centre,Dubai Sports City (Al Hebiah Fourth),682,register master community,the middle of the card's own community; the exact plot is not in our data yet
dubaisportscity,Dubai Sports City,ELITE 4 SPORTS RESIDENCE,dubaisportscity|elite4sportsresidence,332,FINISHED,14,14,Dubai Sports City,district,community centre,Dubai Sports City (Al Hebiah Fourth),682,register master community,the middle of the card's own community; the exact plot is not in our data yet
dubaisportscity,Dubai Sports City,Elan,dubaisportscity|elan,2205,FINISHED,1616,64,Tilal Al Ghaf,register_master,community centre,Tilal Al Ghaf (Al Hebiah Fourth),682,register master community,the middle of the card's own community; the exact plot is not in our data yet
dubaisportscity,Dubai Sports City,GOLF RESIDENCES BY PRESTIGE ONE,dubaisportscity|golfresidences,3131,ACTIVE,165,37,Dubai Sports City,district,community centre,Dubai Sports City (Al Hebiah Fourth),682,register master community,the middle of the card's own community; the exact plot is not in our data yet
dubaisportscity,Dubai Sports City,GOLF VIEW RESIDENCE,dubaisportscity|golfviewresidence,719,FINISHED,81,18,Dubai Sports City,district,community centre,Dubai Sports City (Al Hebiah Fourth),682,register master community,the middle of the card's own community; the exact plot is not in our data yet
dubaisportscity,Dubai Sports City,Hadley Heights 2,dubaisportscity|hadleyheights2,4034,NOT_STARTED,192,192,Dubai Sports City,district,community centre,Dubai Sports City (Al Hebiah Fourth),682,register master community,the middle of the card's own community; the exact plot is not in our data yet
dubaisportscity,Dubai Sports City,Intima villas,dubaisportscity|intimavillas,2229,FINISHED,27,1,Dubai Sports City,district_of_card,community centre,Dubai Sports City (Al Hebiah Fourth),682,register master community (the card's district),the middle of the card's own community; the exact plot is not in our data yet
dubaisportscity,Dubai Sports City,Plagette 32,dubaisportscity|plagette32,2827,ACTIVE,35,1,Dubai Sports City,district_of_card,community centre,Dubai Sports City (Al Hebiah Fourth),682,register master community (the card's district),the middle of the card's own community; the exact plot is not in our data yet
dubaisportscity,Dubai Sports City,Sportz By Danube,dubaisportscity|sportz,2845,ACTIVE,1132,52,Dubai Sports City,district,community centre,Dubai Sports City (Al Hebiah Fourth),682,register master community,the middle of the card's own community; the exact plot is not in our data yet
dubaisportscity,Dubai Sports City,V2,dubaisportscity|v2,2045,,205,13,Dubai Sports City,district,community centre,Dubai Sports City (Al Hebiah Fourth),682,register master community,the middle of the card's own community; the exact plot is not in our data yet
dubaisportscity,Dubai Sports City,VERDE BY VISION,dubaisportscity|verde,4124,PENDING,225,225,Dubai Sports City,district,community centre,Dubai Sports City (Al Hebiah Fourth),682,register master community,the middle of the card's own community; the exact plot is not in our data yet
dubaisportscity,Dubai Sports City,Vista by Prestige One,dubaisportscity|vista,2661,ACTIVE,180,35,Dubai Sports City,district,community centre,Dubai Sports City (Al Hebiah Fourth),682,register master community,the middle of the card's own community; the exact plot is not in our data yet
dubaistudiocity,Dubai Studio City,Arisha Terraces,dubaistudiocity|arishaterraces,3216,ACTIVE,330,205,Dubai Studio City,district,community centre,Dubai Studio City (Al Hebiah Second),675,register master community,the middle of the card's own community; the exact plot is not in our data yet
dubaistudiocity,Dubai Studio City,BEACH OASIS 2,dubaistudiocity|beachoasis2,3043,ACTIVE,459,308,Dubai Studio City,district,community centre,Dubai Studio City (Al Hebiah Second),675,register master community,the middle of the card's own community; the exact plot is not in our data yet
dubaistudiocity,Dubai Studio City,CELIA RESIDENCE,dubaistudiocity|celiaresidence,2426,FINISHED,137,6,Dubai Studio City,district,community centre,Dubai Studio City (Al Hebiah Second),675,register master community,the middle of the card's own community; the exact plot is not in our data yet
dubaistudiocity,Dubai Studio City,Divine Residencia,dubaistudiocity|divineresidencia,2849,ACTIVE,73,6,Dubai Studio City,district,community centre,Dubai Studio City (Al Hebiah Second),675,register master community,the middle of the card's own community; the exact plot is not in our data yet
dubaistudiocity,Dubai Studio City,GHAFF LAND RESIDENCE,dubaistudiocity|ghafflandresidence,3307,ACTIVE,69,69,Dubai Studio City,district,community centre,Dubai Studio City (Al Hebiah Second),675,register master community,the middle of the card's own community; the exact plot is not in our data yet
dubaistudiocity,Dubai Studio City,LAYA COURTYARD,dubaistudiocity|layacourtyard,2871,ACTIVE,152,113,Dubai Studio City,district,community centre,Dubai Studio City (Al Hebiah Second),675,register master community,the middle of the card's own community; the exact plot is not in our data yet
dubaistudiocity,Dubai Studio City,POLO HOMES,dubaistudiocity|polohomes,1273,FINISHED,5,5,Arabian Ranches - Polo Homes,register_master,community centre,Arabian Ranches - Polo Homes (Al Hebiah Second),675,register master community,the middle of the card's own community; the exact plot is not in our data yet
dubaistudiocity,Dubai Studio City,RYAH LIVING by ALYAKKA,dubaistudiocity|ryahliving,4082,PENDING,88,88,Dubai Studio City,district,community centre,Dubai Studio City (Al Hebiah Second),675,register master community,the middle of the card's own community; the exact plot is not in our data yet
dubaistudiocity,Dubai Studio City,SAMANA GOLF AVENUE,dubaistudiocity|samanagolfavenue,2202,FINISHED,312,20,Dubai Studio City,district,community centre,Dubai Studio City (Al Hebiah Second),675,register master community,the middle of the card's own community; the exact plot is not in our data yet
dubaistudiocity,Dubai Studio City,Samana Mykonos,dubaistudiocity|samanamykonos,2561,ACTIVE,200,15,Dubai Studio City,district,community centre,Dubai Studio City (Al Hebiah Second),675,register master community,the middle of the card's own community; the exact plot is not in our data yet
dubaistudiocity,Dubai Studio City,Samana Santorini,dubaistudiocity|samanasantorini,2466,ACTIVE,179,19,Dubai Studio City,district,community centre,Dubai Studio City (Al Hebiah Second),675,register master community,the middle of the card's own community; the exact plot is not in our data yet
dubaistudiocity,Dubai Studio City,Verano By Prescott,dubaistudiocity|verano,3339,ACTIVE,230,39,Dubai Studio City,district,community centre,Dubai Studio City (Al Hebiah Second),675,register master community,the middle of the card's own community; the exact plot is not in our data yet
jabalalifirst,Jebel Ali,999 Residences by Reef Luxury Development,jabalalifirst|999residences,3400,NOT_STARTED,77,77,Al Furjan,register_master,community centre,Al Furjan (Jabal Ali First),591,register master community,the middle of the card's own community; the exact plot is not in our data yet
jabalalifirst,Jebel Ali,999 Residences by Reef Luxury Development - 2,jabalalifirst|999residences,3400,NOT_STARTED,65,0,Al Furjan,sales_area,community centre,Al Furjan (Jabal Ali First),591,register master community,the middle of the card's own community; the exact plot is not in our data yet
jabalalifirst,Jebel Ali,ALFURJAN PACKAGE 4,jabalalifirst|alfurjanpackage4,1686,FINISHED,133,13,Al Furjan,register_master,community centre,Al Furjan (Jabal Ali First),591,register master community,the middle of the card's own community; the exact plot is not in our data yet
jabalalifirst,Jebel Ali,ALFURJAN PACKAGE 6,jabalalifirst|alfurjanpackage6,1661,FINISHED,185,14,Al Furjan,register_master,community centre,Al Furjan (Jabal Ali First),591,register master community,the middle of the card's own community; the exact plot is not in our data yet
jabalalifirst,Jebel Ali,AVENUE RESIDENCE 5,jabalalifirst|avenueresidence5,2744,ACTIVE,119,32,Al Furjan,register_master,community centre,Al Furjan (Jabal Ali First),591,register master community,the middle of the card's own community; the exact plot is not in our data yet
jabalalifirst,Jebel Ali,AZIZI ZAIN,jabalalifirst|azizizain,3335,ACTIVE,108,86,Al Furjan,register_master,community centre,Al Furjan (Jabal Ali First),591,register master community,the middle of the card's own community; the exact plot is not in our data yet
jabalalifirst,Jebel Ali,Almaara Residences,jabalalifirst|almaararesidences,3509,NOT_STARTED,15,15,Al Furjan,register_master,community centre,Al Furjan (Jabal Ali First),591,register master community,the middle of the card's own community; the exact plot is not in our data yet
jabalalifirst,Jebel Ali,Avenue Residence 6,jabalalifirst|avenueresidence6,2936,ACTIVE,104,6,Al Furjan,register_master,community centre,Al Furjan (Jabal Ali First),591,register master community,the middle of the card's own community; the exact plot is not in our data yet
jabalalifirst,Jebel Ali,Avenue Residence 7 By Nabni,jabalalifirst|avenueresidence7,3300,NOT_STARTED,124,39,Al Furjan,register_master,community centre,Al Furjan (Jabal Ali First),591,register master community,the middle of the card's own community; the exact plot is not in our data yet
jabalalifirst,Jebel Ali,Avenue Residence 8,jabalalifirst|avenueresidence8,3551,NOT_STARTED,106,24,Al Furjan,register_master,community centre,Al Furjan (Jabal Ali First),591,register master community,the middle of the card's own community; the exact plot is not in our data yet
jabalalifirst,Jebel Ali,Azizi Amber,jabalalifirst|aziziamber,2624,FINISHED,125,20,Al Furjan,register_master,community centre,Al Furjan (Jabal Ali First),591,register master community,the middle of the card's own community; the exact plot is not in our data yet
jabalalifirst,Jebel Ali,Azizi Amir,jabalalifirst|aziziamir,3844,NOT_STARTED,50,49,Al Furjan,register_master,community centre,Al Furjan (Jabal Ali First),591,register master community,the middle of the card's own community; the exact plot is not in our data yet
jabalalifirst,Jebel Ali,Azizi Central,jabalalifirst|azizicentral,2721,ACTIVE,103,87,Al Furjan,register_master,community centre,Al Furjan (Jabal Ali First),591,register master community,the middle of the card's own community; the exact plot is not in our data yet
jabalalifirst,Jebel Ali,Bellavion by Sunrise,jabalalifirst|bellavion,3472,NOT_STARTED,159,140,Wasl Gate,register_master,community centre,Wasl Gate (Jabal Ali First),591,register master community,the middle of the card's own community; the exact plot is not in our data yet
jabalalifirst,Jebel Ali,Beverly Gardens By Aa And Hmb Real Estate Development,jabalalifirst|beverlygardens,3029,ACTIVE,203,34,Discovery Gardens,register_master,community centre,Discovery Gardens (Jabal Ali First),591,register master community,the middle of the card's own community; the exact plot is not in our data yet
jabalalifirst,Jebel Ali,Boulevard Park 1,jabalalifirst|boulevardpark1,4184,ACTIVE,180,166,Wasl Gate,register_master,community centre,Wasl Gate (Jabal Ali First),591,register master community,the middle of the card's own community; the exact plot is not in our data yet
jabalalifirst,Jebel Ali,Boulevard Park 2,jabalalifirst|boulevardpark2,4211,ACTIVE,287,272,Wasl Gate,register_master,community centre,Wasl Gate (Jabal Ali First),591,register master community,the middle of the card's own community; the exact plot is not in our data yet
jabalalifirst,Jebel Ali,California 2 by SD,jabalalifirst|california2,2883,ACTIVE,156,0,Discovery Gardens,register_master,community centre,Discovery Gardens (Jabal Ali First),591,register master community,the middle of the card's own community; the exact plot is not in our data yet
jabalalifirst,Jebel Ali,California by SD,jabalalifirst|california,2666,ACTIVE,179,0,Discovery Gardens,register_master,community centre,Discovery Gardens (Jabal Ali First),591,register master community,the middle of the card's own community; the exact plot is not in our data yet
jabalalifirst,Jebel Ali,Con 111,jabalalifirst|con111,,,56,0,Discovery Gardens,register_master,community centre,Discovery Gardens (Jabal Ali First),591,register master community,the middle of the card's own community; the exact plot is not in our data yet
jabalalifirst,Jebel Ali,Con 113,jabalalifirst|con113,,,35,0,Discovery Gardens,register_master,community centre,Discovery Gardens (Jabal Ali First),591,register master community,the middle of the card's own community; the exact plot is not in our data yet
jabalalifirst,Jebel Ali,Con 131,jabalalifirst|con131,,,14,0,Discovery Gardens,register_master,community centre,Discovery Gardens (Jabal Ali First),591,register master community,the middle of the card's own community; the exact plot is not in our data yet
jabalalifirst,Jebel Ali,Con 157,jabalalifirst|con157,,,8,0,Discovery Gardens,register_master,community centre,Discovery Gardens (Jabal Ali First),591,register master community,the middle of the card's own community; the exact plot is not in our data yet
jabalalifirst,Jebel Ali,DREAMZ,jabalalifirst|dreamz,1534,FINISHED,18,18,Al Furjan,register_master,community centre,Al Furjan (Jabal Ali First),591,register master community,the middle of the card's own community; the exact plot is not in our data yet
jabalalifirst,Jebel Ali,EQUITI ARCADE,jabalalifirst|equitiarcade,2491,FINISHED,97,11,Al Furjan,register_master,community centre,Al Furjan (Jabal Ali First),591,register master community,the middle of the card's own community; the exact plot is not in our data yet
jabalalifirst,Jebel Ali,EQUITI GARDEN,jabalalifirst|equitigarden,3242,ACTIVE,108,28,Al Furjan,register_master,community centre,Al Furjan (Jabal Ali First),591,register master community,the middle of the card's own community; the exact plot is not in our data yet
jabalalifirst,Jebel Ali,EQUITI RESIDENCE,jabalalifirst|equitiresidence,2497,FINISHED,108,8,Al Furjan,register_master,community centre,Al Furjan (Jabal Ali First),591,register master community,the middle of the card's own community; the exact plot is not in our data yet
jabalalifirst,Jebel Ali,Enqlave By Aqasa,jabalalifirst|enqlave,2959,ACTIVE,157,9,Discovery Gardens,register_master,community centre,Discovery Gardens (Jabal Ali First),591,register master community,the middle of the card's own community; the exact plot is not in our data yet
jabalalifirst,Jebel Ali,Floarea Vista,jabalalifirst|floareavista,3028,ACTIVE,160,7,Discovery Gardens,register_master,community centre,Discovery Gardens (Jabal Ali First),591,register master community,the middle of the card's own community; the exact plot is not in our data yet
jabalalifirst,Jebel Ali,Florus Residences,jabalalifirst|florusresidences,,,42,0,Al Furjan,register_master,community centre,Al Furjan (Jabal Ali First),591,register master community,the middle of the card's own community; the exact plot is not in our data yet
jabalalifirst,Jebel Ali,GEMZ by Danube,jabalalifirst|gemz,2395,FINISHED,344,34,Al Furjan,register_master,community centre,Al Furjan (Jabal Ali First),591,register master community,the middle of the card's own community; the exact plot is not in our data yet
jabalalifirst,Jebel Ali,GardeniaTownHomes @ wasl gate,jabalalifirst|gardeniatownhomeswaslgate,2075,FINISHED,388,11,Wasl Gate,register_master,community centre,Wasl Gate (Jabal Ali First),591,register master community,the middle of the card's own community; the exact plot is not in our data yet
jabalalifirst,Jebel Ali,Hammock Park,jabalalifirst|hammockpark,2920,ACTIVE,216,13,Wasl Gate,register_master,community centre,Wasl Gate (Jabal Ali First),591,register master community,the middle of the card's own community; the exact plot is not in our data yet
jabalalifirst,Jebel Ali,Havelock Residences,jabalalifirst|havelockresidences,3213,CONDITIONAL_ACTIVATING,219,23,Discovery Gardens,register_master,community centre,Discovery Gardens (Jabal Ali First),591,register master community,the middle of the card's own community; the exact plot is not in our data yet
jabalalifirst,Jebel Ali,Hills View at Wasl Gate,jabalalifirst|hillsviewatwaslgate,3627,NOT_STARTED,252,252,Wasl Gate,register_master,community centre,Wasl Gate (Jabal Ali First),591,register master community,the middle of the card's own community; the exact plot is not in our data yet
jabalalifirst,Jebel Ali,Hillside Residences 1,jabalalifirst|hillsideresidences1,2808,ACTIVE,247,18,Wasl Gate,register_master,community centre,Wasl Gate (Jabal Ali First),591,register master community,the middle of the card's own community; the exact plot is not in our data yet
jabalalifirst,Jebel Ali,Hillside Residences 2,jabalalifirst|hillsideresidences2,2809,ACTIVE,286,15,Wasl Gate,register_master,community centre,Wasl Gate (Jabal Ali First),591,register master community,the middle of the card's own community; the exact plot is not in our data yet
jabalalifirst,Jebel Ali,Hillside Residences 3,jabalalifirst|hillsideresidences3,2810,ACTIVE,267,18,Wasl Gate,register_master,community centre,Wasl Gate (Jabal Ali First),591,register master community,the middle of the card's own community; the exact plot is not in our data yet
jabalalifirst,Jebel Ali,KINGDOM GATE,jabalalifirst|kingdomgate,3826,PENDING,13,13,Al Furjan,register_master,community centre,Al Furjan (Jabal Ali First),591,register master community,the middle of the card's own community; the exact plot is not in our data yet
jabalalifirst,Jebel Ali,Manam Pearl,jabalalifirst|manampearl,3831,NOT_STARTED,4,4,Al Furjan,register_master,community centre,Al Furjan (Jabal Ali First),591,register master community,the middle of the card's own community; the exact plot is not in our data yet
jabalalifirst,Jebel Ali,Massakin Block D,jabalalifirst|massakinblockd,,,10,0,Al Furjan,register_master,community centre,Al Furjan (Jabal Ali First),591,register master community,the middle of the card's own community; the exact plot is not in our data yet
jabalalifirst,Jebel Ali,Massakin Block E,jabalalifirst|massakinblocke,,,12,0,Al Furjan,register_master,community centre,Al Furjan (Jabal Ali First),591,register master community,the middle of the card's own community; the exact plot is not in our data yet
jabalalifirst,Jebel Ali,Massakin Block G,jabalalifirst|massakinblockg,,,3,0,Al Furjan,register_master,community centre,Al Furjan (Jabal Ali First),591,register master community,the middle of the card's own community; the exact plot is not in our data yet
jabalalifirst,Jebel Ali,Med 100,jabalalifirst|med100,,,17,0,Discovery Gardens,register_master,community centre,Discovery Gardens (Jabal Ali First),591,register master community,the middle of the card's own community; the exact plot is not in our data yet
jabalalifirst,Jebel Ali,Med 101,jabalalifirst|med101,,,21,0,Discovery Gardens,register_master,community centre,Discovery Gardens (Jabal Ali First),591,register master community,the middle of the card's own community; the exact plot is not in our data yet
jabalalifirst,Jebel Ali,Med 102,jabalalifirst|med102,,,14,0,Discovery Gardens,register_master,community centre,Discovery Gardens (Jabal Ali First),591,register master community,the middle of the card's own community; the exact plot is not in our data yet
jabalalifirst,Jebel Ali,Med 103,jabalalifirst|med103,,,24,0,Discovery Gardens,register_master,community centre,Discovery Gardens (Jabal Ali First),591,register master community,the middle of the card's own community; the exact plot is not in our data yet
jabalalifirst,Jebel Ali,Med 105,jabalalifirst|med105,,,24,0,Discovery Gardens,register_master,community centre,Discovery Gardens (Jabal Ali First),591,register master community,the middle of the card's own community; the exact plot is not in our data yet
jabalalifirst,Jebel Ali,Med 106,jabalalifirst|med106,,,26,0,Discovery Gardens,register_master,community centre,Discovery Gardens (Jabal Ali First),591,register master community,the middle of the card's own community; the exact plot is not in our data yet
jabalalifirst,Jebel Ali,Med 38,jabalalifirst|med38,,,25,0,Discovery Gardens,register_master,community centre,Discovery Gardens (Jabal Ali First),591,register master community,the middle of the card's own community; the exact plot is not in our data yet
jabalalifirst,Jebel Ali,Med 39,jabalalifirst|med39,,,23,0,Discovery Gardens,register_master,community centre,Discovery Gardens (Jabal Ali First),591,register master community,the middle of the card's own community; the exact plot is not in our data yet
jabalalifirst,Jebel Ali,Med 41,jabalalifirst|med41,,,24,0,Discovery Gardens,register_master,community centre,Discovery Gardens (Jabal Ali First),591,register master community,the middle of the card's own community; the exact plot is not in our data yet
jabalalifirst,Jebel Ali,Med 42,jabalalifirst|med42,,,19,0,Discovery Gardens,register_master,community centre,Discovery Gardens (Jabal Ali First),591,register master community,the middle of the card's own community; the exact plot is not in our data yet
jabalalifirst,Jebel Ali,Med 45,jabalalifirst|med45,,,16,0,Discovery Gardens,register_master,community centre,Discovery Gardens (Jabal Ali First),591,register master community,the middle of the card's own community; the exact plot is not in our data yet
jabalalifirst,Jebel Ali,Med 46,jabalalifirst|med46,,,16,0,Discovery Gardens,register_master,community centre,Discovery Gardens (Jabal Ali First),591,register master community,the middle of the card's own community; the exact plot is not in our data yet
jabalalifirst,Jebel Ali,Med 47,jabalalifirst|med47,,,40,0,Discovery Gardens,register_master,community centre,Discovery Gardens (Jabal Ali First),591,register master community,the middle of the card's own community; the exact plot is not in our data yet
jabalalifirst,Jebel Ali,Med 49,jabalalifirst|med49,,,27,0,Discovery Gardens,register_master,community centre,Discovery Gardens (Jabal Ali First),591,register master community,the middle of the card's own community; the exact plot is not in our data yet
jabalalifirst,Jebel Ali,Med 50,jabalalifirst|med50,,,18,0,Discovery Gardens,register_master,community centre,Discovery Gardens (Jabal Ali First),591,register master community,the middle of the card's own community; the exact plot is not in our data yet
jabalalifirst,Jebel Ali,Med 52,jabalalifirst|med52,,,19,0,Discovery Gardens,register_master,community centre,Discovery Gardens (Jabal Ali First),591,register master community,the middle of the card's own community; the exact plot is not in our data yet
jabalalifirst,Jebel Ali,Med 53,jabalalifirst|med53,,,19,0,Discovery Gardens,register_master,community centre,Discovery Gardens (Jabal Ali First),591,register master community,the middle of the card's own community; the exact plot is not in our data yet
jabalalifirst,Jebel Ali,Med 56,jabalalifirst|med56,,,23,0,Discovery Gardens,register_master,community centre,Discovery Gardens (Jabal Ali First),591,register master community,the middle of the card's own community; the exact plot is not in our data yet
jabalalifirst,Jebel Ali,Med 58,jabalalifirst|med58,,,21,0,Discovery Gardens,register_master,community centre,Discovery Gardens (Jabal Ali First),591,register master community,the middle of the card's own community; the exact plot is not in our data yet
jabalalifirst,Jebel Ali,Med 59,jabalalifirst|med59,,,36,0,Discovery Gardens,register_master,community centre,Discovery Gardens (Jabal Ali First),591,register master community,the middle of the card's own community; the exact plot is not in our data yet
jabalalifirst,Jebel Ali,Med 60,jabalalifirst|med60,,,38,0,Discovery Gardens,register_master,community centre,Discovery Gardens (Jabal Ali First),591,register master community,the middle of the card's own community; the exact plot is not in our data yet
jabalalifirst,Jebel Ali,Med 62,jabalalifirst|med62,,,23,0,Discovery Gardens,register_master,community centre,Discovery Gardens (Jabal Ali First),591,register master community,the middle of the card's own community; the exact plot is not in our data yet
jabalalifirst,Jebel Ali,Med 64,jabalalifirst|med64,,,31,0,Discovery Gardens,register_master,community centre,Discovery Gardens (Jabal Ali First),591,register master community,the middle of the card's own community; the exact plot is not in our data yet
jabalalifirst,Jebel Ali,Med 65,jabalalifirst|med65,,,18,0,Discovery Gardens,register_master,community centre,Discovery Gardens (Jabal Ali First),591,register master community,the middle of the card's own community; the exact plot is not in our data yet
jabalalifirst,Jebel Ali,Med 68,jabalalifirst|med68,,,17,0,Discovery Gardens,register_master,community centre,Discovery Gardens (Jabal Ali First),591,register master community,the middle of the card's own community; the exact plot is not in our data yet
jabalalifirst,Jebel Ali,Med 69,jabalalifirst|med69,,,23,0,Discovery Gardens,register_master,community centre,Discovery Gardens (Jabal Ali First),591,register master community,the middle of the card's own community; the exact plot is not in our data yet
jabalalifirst,Jebel Ali,Med 70,jabalalifirst|med70,,,31,0,Discovery Gardens,register_master,community centre,Discovery Gardens (Jabal Ali First),591,register master community,the middle of the card's own community; the exact plot is not in our data yet
jabalalifirst,Jebel Ali,Med 71,jabalalifirst|med71,,,21,0,Discovery Gardens,register_master,community centre,Discovery Gardens (Jabal Ali First),591,register master community,the middle of the card's own community; the exact plot is not in our data yet
jabalalifirst,Jebel Ali,Med 73,jabalalifirst|med73,,,23,0,Discovery Gardens,register_master,community centre,Discovery Gardens (Jabal Ali First),591,register master community,the middle of the card's own community; the exact plot is not in our data yet
jabalalifirst,Jebel Ali,Med 75,jabalalifirst|med75,,,26,0,Discovery Gardens,register_master,community centre,Discovery Gardens (Jabal Ali First),591,register master community,the middle of the card's own community; the exact plot is not in our data yet
jabalalifirst,Jebel Ali,Med 77,jabalalifirst|med77,,,20,0,Discovery Gardens,register_master,community centre,Discovery Gardens (Jabal Ali First),591,register master community,the middle of the card's own community; the exact plot is not in our data yet
jabalalifirst,Jebel Ali,Med 78,jabalalifirst|med78,,,26,0,Discovery Gardens,register_master,community centre,Discovery Gardens (Jabal Ali First),591,register master community,the middle of the card's own community; the exact plot is not in our data yet
jabalalifirst,Jebel Ali,Med 80,jabalalifirst|med80,,,23,0,Discovery Gardens,register_master,community centre,Discovery Gardens (Jabal Ali First),591,register master community,the middle of the card's own community; the exact plot is not in our data yet
jabalalifirst,Jebel Ali,Med 83,jabalalifirst|med83,,,18,0,Discovery Gardens,register_master,community centre,Discovery Gardens (Jabal Ali First),591,register master community,the middle of the card's own community; the exact plot is not in our data yet
jabalalifirst,Jebel Ali,Med 84,jabalalifirst|med84,,,50,0,Discovery Gardens,register_master,community centre,Discovery Gardens (Jabal Ali First),591,register master community,the middle of the card's own community; the exact plot is not in our data yet
jabalalifirst,Jebel Ali,Med 85,jabalalifirst|med85,,,27,0,Discovery Gardens,register_master,community centre,Discovery Gardens (Jabal Ali First),591,register master community,the middle of the card's own community; the exact plot is not in our data yet
jabalalifirst,Jebel Ali,Med 88,jabalalifirst|med88,,,20,0,Discovery Gardens,register_master,community centre,Discovery Gardens (Jabal Ali First),591,register master community,the middle of the card's own community; the exact plot is not in our data yet
jabalalifirst,Jebel Ali,Med 89,jabalalifirst|med89,,,19,0,Discovery Gardens,register_master,community centre,Discovery Gardens (Jabal Ali First),591,register master community,the middle of the card's own community; the exact plot is not in our data yet
jabalalifirst,Jebel Ali,Med 90,jabalalifirst|med90,,,24,0,Discovery Gardens,register_master,community centre,Discovery Gardens (Jabal Ali First),591,register master community,the middle of the card's own community; the exact plot is not in our data yet
jabalalifirst,Jebel Ali,Med 93,jabalalifirst|med93,,,14,0,Discovery Gardens,register_master,community centre,Discovery Gardens (Jabal Ali First),591,register master community,the middle of the card's own community; the exact plot is not in our data yet
jabalalifirst,Jebel Ali,Med 94,jabalalifirst|med94,,,24,0,Discovery Gardens,register_master,community centre,Discovery Gardens (Jabal Ali First),591,register master community,the middle of the card's own community; the exact plot is not in our data yet
jabalalifirst,Jebel Ali,Med 99,jabalalifirst|med99,,,4,0,Discovery Gardens,register_master,community centre,Discovery Gardens (Jabal Ali First),591,register master community,the middle of the card's own community; the exact plot is not in our data yet
jabalalifirst,Jebel Ali,Minati Homes 1,jabalalifirst|minatihomes1,3047,ACTIVE,73,56,Al Furjan,register_master,community centre,Al Furjan (Jabal Ali First),591,register master community,the middle of the card's own community; the exact plot is not in our data yet
jabalalifirst,Jebel Ali,Mog 183,jabalalifirst|mog183,,,73,0,Discovery Gardens,register_master,community centre,Discovery Gardens (Jabal Ali First),591,register master community,the middle of the card's own community; the exact plot is not in our data yet
jabalalifirst,Jebel Ali,Mog 197,jabalalifirst|mog197,,,42,0,Discovery Gardens,register_master,community centre,Discovery Gardens (Jabal Ali First),591,register master community,the middle of the card's own community; the exact plot is not in our data yet
jabalalifirst,Jebel Ali,Mog 198,jabalalifirst|mog198,,,15,0,Discovery Gardens,register_master,community centre,Discovery Gardens (Jabal Ali First),591,register master community,the middle of the card's own community; the exact plot is not in our data yet
jabalalifirst,Jebel Ali,Mog 202,jabalalifirst|mog202,,,28,0,Discovery Gardens,register_master,community centre,Discovery Gardens (Jabal Ali First),591,register master community,the middle of the card's own community; the exact plot is not in our data yet
jabalalifirst,Jebel Ali,Mog 204,jabalalifirst|mog204,,,29,0,Discovery Gardens,register_master,community centre,Discovery Gardens (Jabal Ali First),591,register master community,the middle of the card's own community; the exact plot is not in our data yet
jabalalifirst,Jebel Ali,Mog 206,jabalalifirst|mog206,,,118,0,Discovery Gardens,register_master,community centre,Discovery Gardens (Jabal Ali First),591,register master community,the middle of the card's own community; the exact plot is not in our data yet
jabalalifirst,Jebel Ali,Omya Residences,jabalalifirst|omyaresidences,4248,ACTIVE,96,83,Voxa Residences,register_master,community centre,Jabal Ali First,591,the register's area of the card's project (Jabal Ali First),the middle of the card's own community; the exact plot is not in our data yet
jabalalifirst,Jebel Ali,PG Maison,jabalalifirst|pgmaison,3151,ACTIVE,82,4,Al Furjan,register_master,community centre,Al Furjan (Jabal Ali First),591,register master community,the middle of the card's own community; the exact plot is not in our data yet
jabalalifirst,Jebel Ali,Pg One At Al Furjan,jabalalifirst|pgoneatalfurjan,2818,ACTIVE,149,25,Al Furjan,register_master,community centre,Al Furjan (Jabal Ali First),591,register master community,the middle of the card's own community; the exact plot is not in our data yet
jabalalifirst,Jebel Ali,Prime Townhouses,jabalalifirst|primetownhouses,2362,FINISHED,11,0,Jebel Ali,district_of_card,community centre,Jebel Ali (Jabal Ali First),591,app district (the card's district),the middle of the card's own community; the exact plot is not in our data yet
jabalalifirst,Jebel Ali,Primero Residences by Main Realty,jabalalifirst|primeroresidences,3005,CONDITIONAL_ACTIVATING,83,1,Jebel Ali,district_of_card,community centre,Jebel Ali (Jabal Ali First),591,app district (the card's district),the middle of the card's own community; the exact plot is not in our data yet
jabalalifirst,Jebel Ali,Pristine by Zoya,jabalalifirst|pristine,3069,NOT_STARTED,62,19,Al Furjan,register_master,community centre,Al Furjan (Jabal Ali First),591,register master community,the middle of the card's own community; the exact plot is not in our data yet
jabalalifirst,Jebel Ali,Raffi By Azizi,jabalalifirst|raffi,3508,NOT_STARTED,68,63,Al Furjan,register_master,community centre,Al Furjan (Jabal Ali First),591,register master community,the middle of the card's own community; the exact plot is not in our data yet
jabalalifirst,Jebel Ali,Repose Residence,jabalalifirst|reposeresidence,4012,NOT_STARTED,25,25,Al Furjan,register_master,community centre,Al Furjan (Jabal Ali First),591,register master community,the middle of the card's own community; the exact plot is not in our data yet
jabalalifirst,Jebel Ali,Residence 110,jabalalifirst|residence110,,,28,0,Jebel Ali,district,community centre,Jebel Ali (Jabal Ali First),591,app district,the middle of the card's own community; the exact plot is not in our data yet
jabalalifirst,Jebel Ali,Rosalia Residences,jabalalifirst|rosaliaresidences,2911,ACTIVE,124,4,Al Furjan,register_master,community centre,Al Furjan (Jabal Ali First),591,register master community,the middle of the card's own community; the exact plot is not in our data yet
jabalalifirst,Jebel Ali,SPARKLZ by Danube,jabalalifirst|sparklz,3611,NOT_STARTED,320,125,Al Furjan,register_master,community centre,Al Furjan (Jabal Ali First),591,register master community,the middle of the card's own community; the exact plot is not in our data yet
jabalalifirst,Jebel Ali,Sola Residences,jabalalifirst|solaresidences,3513,NOT_STARTED,237,118,Wasl Gate,register_master,community centre,Wasl Gate (Jabal Ali First),591,register master community,the middle of the card's own community; the exact plot is not in our data yet
jabalalifirst,Jebel Ali,South Garden A,jabalalifirst|southgardena,3138,ACTIVE,240,39,Wasl Gate,register_master,community centre,Wasl Gate (Jabal Ali First),591,register master community,the middle of the card's own community; the exact plot is not in our data yet
jabalalifirst,Jebel Ali,South Garden B,jabalalifirst|southgardenb,3140,ACTIVE,234,44,Wasl Gate,register_master,community centre,Wasl Gate (Jabal Ali First),591,register master community,the middle of the card's own community; the exact plot is not in our data yet
jabalalifirst,Jebel Ali,South Garden C,jabalalifirst|southgardenc,3141,ACTIVE,252,27,Wasl Gate,register_master,community centre,Wasl Gate (Jabal Ali First),591,register master community,the middle of the card's own community; the exact plot is not in our data yet
jabalalifirst,Jebel Ali,Sunvale,jabalalifirst|sunvale,4196,ACTIVE,35,35,Al Furjan,register_master,community centre,Al Furjan (Jabal Ali First),591,register master community,the middle of the card's own community; the exact plot is not in our data yet
jabalalifirst,Jebel Ali,Symbolic Aura,jabalalifirst|symbolicaura,2988,ACTIVE,71,0,Al Furjan,register_master,community centre,Al Furjan (Jabal Ali First),591,register master community,the middle of the card's own community; the exact plot is not in our data yet
jabalalifirst,Jebel Ali,Symbolic Zen Residences,jabalalifirst|symboliczenresidences,3755,NOT_STARTED,30,29,Al Furjan,register_master,community centre,Al Furjan (Jabal Ali First),591,register master community,the middle of the card's own community; the exact plot is not in our data yet
jabalalifirst,Jebel Ali,Taiyo Residences,jabalalifirst|taiyoresidences,3757,NOT_STARTED,353,302,Wasl Gate,register_master,community centre,Wasl Gate (Jabal Ali First),591,register master community,the middle of the card's own community; the exact plot is not in our data yet
jabalalifirst,Jebel Ali,The Hub Residences by ZaZEN,jabalalifirst|thehubresidences,3419,ACTIVE,107,2,Al Furjan,sales_area,community centre,Al Furjan (Jabal Ali First),591,register master community,the middle of the card's own community; the exact plot is not in our data yet
jabalalifirst,Jebel Ali,The Nook,jabalalifirst|thenook,2086,FINISHED,785,55,Wasl Gate,register_master,community centre,Wasl Gate (Jabal Ali First),591,register master community,the middle of the card's own community; the exact plot is not in our data yet
jabalalifirst,Jebel Ali,Trussardi Residences,jabalalifirst|trussardiresidences,2900,ACTIVE,133,6,Al Furjan,register_master,community centre,Al Furjan (Jabal Ali First),591,register master community,the middle of the card's own community; the exact plot is not in our data yet
jabalalifirst,Jebel Ali,Trussardi Residences 2,jabalalifirst|trussardiresidences2,3556,NOT_STARTED,82,57,Discovery Gardens,register_master,community centre,Discovery Gardens (Jabal Ali First),591,register master community,the middle of the card's own community; the exact plot is not in our data yet
jabalalifirst,Jebel Ali,Valores Residences,jabalalifirst|valoresresidences,3068,ACTIVE,78,12,Al Furjan,register_master,community centre,Al Furjan (Jabal Ali First),591,register master community,the middle of the card's own community; the exact plot is not in our data yet
jabalalifirst,Jebel Ali,Vistara House,jabalalifirst|vistarahouse,3448,ACTIVE,108,39,Al Furjan,register_master,community centre,Al Furjan (Jabal Ali First),591,register master community,the middle of the card's own community; the exact plot is not in our data yet
jabalalifirst,Jebel Ali,Vistara House 2,jabalalifirst|vistarahouse2,3766,NOT_STARTED,39,29,Al Furjan,register_master,community centre,Al Furjan (Jabal Ali First),591,register master community,the middle of the card's own community; the exact plot is not in our data yet
jabalalifirst,Jebel Ali,ZaZEN Ivy,jabalalifirst|zazenivy,3109,ACTIVE,83,11,Al Furjan,register_master,community centre,Al Furjan (Jabal Ali First),591,register master community,the middle of the card's own community; the exact plot is not in our data yet
jabalalifirst,Jebel Ali,Zazen Gardens,jabalalifirst|zazengardens,2474,FINISHED,202,5,Al Furjan,register_master,community centre,Al Furjan (Jabal Ali First),591,register master community,the middle of the card's own community; the exact plot is not in our data yet
jabalalifirst,Jebel Ali,Zen2-20,jabalalifirst|zen220,,,28,0,Discovery Gardens,register_master,community centre,Discovery Gardens (Jabal Ali First),591,register master community,the middle of the card's own community; the exact plot is not in our data yet
jabalaliindustrialsecond,Jebel Ali Industrial 2,Azizi Gabriel,jabalaliindustrialsecond|azizigabriel,4232,ACTIVE,150,150,Down Town Jabal Ali,register_master,community centre,Down Town Jabal Ali (Jabal Ali Industrial Second),518,register master community,the middle of the card's own community; the exact plot is not in our data yet
jabalaliindustrialsecond,Jebel Ali Industrial 2,Azizi Lina,jabalaliindustrialsecond|azizilina,4141,ACTIVE,152,152,Down Town Jabal Ali,register_master,community centre,Down Town Jabal Ali (Jabal Ali Industrial Second),518,register master community,the middle of the card's own community; the exact plot is not in our data yet
jabalaliindustrialsecond,Jebel Ali Industrial 2,Azizi Noura,jabalaliindustrialsecond|azizinoura,4230,ACTIVE,168,168,Down Town Jabal Ali,register_master,community centre,Down Town Jabal Ali (Jabal Ali Industrial Second),518,register master community,the middle of the card's own community; the exact plot is not in our data yet
jabalaliindustrialsecond,Jebel Ali Industrial 2,Azizi Rose,jabalaliindustrialsecond|azizirose,4403,ACTIVE,10,10,Down Town Jabal Ali,register_master,community centre,Down Town Jabal Ali (Jabal Ali Industrial Second),518,register master community,the middle of the card's own community; the exact plot is not in our data yet
jabalaliindustrialsecond,Jebel Ali Industrial 2,Azizi Wares,jabalaliindustrialsecond|aziziwares,4076,ACTIVE,143,143,Down Town Jabal Ali,register_master,community centre,Down Town Jabal Ali (Jabal Ali Industrial Second),518,register master community,the middle of the card's own community; the exact plot is not in our data yet
jabalaliindustrialsecond,Jebel Ali Industrial 2,ELEVE BY DEYAAR,jabalaliindustrialsecond|eleve,2965,NOT_STARTED,143,143,Down Town Jabal Ali,register_master,community centre,Down Town Jabal Ali (Jabal Ali Industrial Second),518,register master community,the middle of the card's own community; the exact plot is not in our data yet
jabalaliindustrialsecond,Jebel Ali Industrial 2,EQUITI GATES,jabalaliindustrialsecond|equitigates,2839,ACTIVE,254,21,Down Town Jabal Ali,register_master,community centre,Down Town Jabal Ali (Jabal Ali Industrial Second),518,register master community,the middle of the card's own community; the exact plot is not in our data yet
jabalaliindustrialsecond,Jebel Ali Industrial 2,PEACE AVENUE BY PEACE HOMES,jabalaliindustrialsecond|peaceavenue,4146,ACTIVE,68,68,Down Town Jabal Ali,register_master,community centre,Down Town Jabal Ali (Jabal Ali Industrial Second),518,register master community,the middle of the card's own community; the exact plot is not in our data yet
jabalaliindustrialsecond,Jebel Ali Industrial 2,SUBERBIA,jabalaliindustrialsecond|suberbia,422,FINISHED,212,43,Down Town Jabal Ali,register_master,community centre,Down Town Jabal Ali (Jabal Ali Industrial Second),518,register master community,the middle of the card's own community; the exact plot is not in our data yet
jabalaliindustrialsecond,Jebel Ali Industrial 2,SUBURBIA A,jabalaliindustrialsecond|suburbiaa,422,,264,0,Down Town Jabal Ali,sales_area,community centre,Down Town Jabal Ali (Jabal Ali Industrial Second),518,register master community,the middle of the card's own community; the exact plot is not in our data yet
jltnorth,Jumeirah Lake Towers,ELTIERA HEIGHTS,jltnorth|eltieraheights,3852,NOT_STARTED,297,297,Jumeirah Islands,register_master,community centre,Jumeirah Islands (Al Thanyah Fifth),393,register master community,the middle of the card's own community; the exact plot is not in our data yet
jltnorth,Jumeirah Lake Towers,ELTIERA VIEWS,jltnorth|eltieraviews,4116,ACTIVE,590,590,Jumeirah Islands,register_master,community centre,Jumeirah Islands (Al Thanyah Fifth),393,register master community,the middle of the card's own community; the exact plot is not in our data yet
jltnorth,Jumeirah Lake Towers,JUMEIRAH HEIGHTS CLUSTERS,jltnorth|jumeirahheightsclusters,1103,,15,15,Jumeirah Islands,register_master,community centre,Jumeirah Islands (Al Thanyah Fifth),393,register master community,the middle of the card's own community; the exact plot is not in our data yet
jltnorth,Jumeirah Lake Towers,SERENIA DISTRICT - EAST,jltnorth|sereniadistricteast,4281,ACTIVE,98,98,Jumeirah Islands,register_master,community centre,Jumeirah Islands (Al Thanyah Fifth),393,register master community,the middle of the card's own community; the exact plot is not in our data yet
jltnorth,Jumeirah Lake Towers,SERENIA DISTRICT - WEST,jltnorth|sereniadistrictwest,3408,NOT_STARTED,57,57,Jumeirah Islands,register_master,community centre,Jumeirah Islands (Al Thanyah Fifth),393,register master community,the middle of the card's own community; the exact plot is not in our data yet
jltsouth,Jumeirah Islands,Golf Heights,jltsouth|golfheights,2469,ACTIVE,393,47,The Greens,register_master,community centre,The Greens (Al Thanyah Third),388,register master community,the middle of the card's own community; the exact plot is not in our data yet
jltsouth,Jumeirah Islands,MOSELA,jltsouth|mosela,1457,FINISHED,149,18,The Greens,register_master,community centre,The Greens (Al Thanyah Third),388,register master community,the middle of the card's own community; the exact plot is not in our data yet
jltsouth,Jumeirah Islands,PANORAMA,jltsouth|panorama,1315,FINISHED,8,8,The Greens,register_master,community centre,The Greens (Al Thanyah Third),388,register master community,the middle of the card's own community; the exact plot is not in our data yet
jltsouth,Jumeirah Islands,TANARO,jltsouth|tanaro,1459,FINISHED,18,18,The Greens,register_master,community centre,The Greens (Al Thanyah Third),388,register master community,the middle of the card's own community; the exact plot is not in our data yet
jltsouth,Jumeirah Islands,THE ONYX,jltsouth|theonyx,147,FINISHED,77,1,Jumeirah Islands,district_of_card,community centre,Jumeirah Islands (Al Thanyah Fifth),393,register master community (the card's district),the middle of the card's own community; the exact plot is not in our data yet
jltsouth,Jumeirah Islands,The Hills,jltsouth|thehills,1346,FINISHED,282,29,Jumeirah Islands,district,community centre,Jumeirah Islands (Al Thanyah Fifth),393,register master community,the middle of the card's own community; the exact plot is not in our data yet
jltsouth,Jumeirah Islands,The Lakes Ghadeer,jltsouth|thelakesghadeer,1061,FINISHED,10,10,Lakes - Ghadeer,register_master,community centre,Lakes - Ghadeer (Al Thanyah Third),388,register master community,the middle of the card's own community; the exact plot is not in our data yet
jltsouth,Jumeirah Islands,The Lakes Zulal,jltsouth|thelakeszulal,1062,FINISHED,205,13,Jumeirah Islands,district,community centre,Jumeirah Islands (Al Thanyah Fifth),393,register master community,the middle of the card's own community; the exact plot is not in our data yet
jumeirahvillagecircle,Jumeirah Village Circle,1WOOD RESIDENCE,jumeirahvillagecircle|1woodresidence,2907,ACTIVE,224,37,Jumeirah Village Circle,district,community centre,Jumeirah Village Circle (Al Barsha South Fourth),681,register master community,the middle of the card's own community; the exact plot is not in our data yet
jumeirahvillagecircle,Jumeirah Village Circle,1WOOD RESIDENCE 2,jumeirahvillagecircle|1woodresidence2,4435,ACTIVE,4,4,Jumeirah Village Circle,district,community centre,Jumeirah Village Circle (Al Barsha South Fourth),681,register master community,the middle of the card's own community; the exact plot is not in our data yet
jumeirahvillagecircle,Jumeirah Village Circle,311 Boulevard by Bam Eskan,jumeirahvillagecircle|311boulevard,3320,NOT_STARTED,230,210,Jumeirah Village Circle,district,community centre,Jumeirah Village Circle (Al Barsha South Fourth),681,register master community,the middle of the card's own community; the exact plot is not in our data yet
jumeirahvillagecircle,Jumeirah Village Circle,368 Park Ln,jumeirahvillagecircle|368parkln,4176,ACTIVE,108,108,Jumeirah Village Circle,district,community centre,Jumeirah Village Circle (Al Barsha South Fourth),681,register master community,the middle of the card's own community; the exact plot is not in our data yet
jumeirahvillagecircle,Jumeirah Village Circle,99 PARK PLACE,jumeirahvillagecircle|99parkplace,2968,ACTIVE,89,17,Jumeirah Village Circle,district,community centre,Jumeirah Village Circle (Al Barsha South Fourth),681,register master community,the middle of the card's own community; the exact plot is not in our data yet
jumeirahvillagecircle,Jumeirah Village Circle,AB CAVALIER,jumeirahvillagecircle|abcavalier,2708,ACTIVE,162,56,Jumeirah Village Circle,district,community centre,Jumeirah Village Circle (Al Barsha South Fourth),681,register master community,the middle of the card's own community; the exact plot is not in our data yet
jumeirahvillagecircle,Jumeirah Village Circle,AL SERH RESIDENCES 11 BY ASAK REAL ESTATE DEVELOPMENT,jumeirahvillagecircle|alserhresidences11,3194,FINISHED,108,17,Jumeirah Village Circle,district,community centre,Jumeirah Village Circle (Al Barsha South Fourth),681,register master community,the middle of the card's own community; the exact plot is not in our data yet
jumeirahvillagecircle,Jumeirah Village Circle,ALCOVE,jumeirahvillagecircle|alcove,1730,FINISHED,42,8,Jumeirah Village Circle,district,community centre,Jumeirah Village Circle (Al Barsha South Fourth),681,register master community,the middle of the card's own community; the exact plot is not in our data yet
jumeirahvillagecircle,Jumeirah Village Circle,ALTA VIEW SKYHOMES,jumeirahvillagecircle|altaviewskyhomes,3842,NOT_STARTED,208,208,Jumeirah Village Circle,district,community centre,Jumeirah Village Circle (Al Barsha South Fourth),681,register master community,the middle of the card's own community; the exact plot is not in our data yet
jumeirahvillagecircle,Jumeirah Village Circle,ASTORIA RESIDNECE,jumeirahvillagecircle|astoriaresidnece,946,FINISHED,97,6,Jumeirah Village Circle,district,community centre,Jumeirah Village Circle (Al Barsha South Fourth),681,register master community,the middle of the card's own community; the exact plot is not in our data yet
jumeirahvillagecircle,Jumeirah Village Circle,AVANT GARDE RESIDENCES BY SKYLINE,jumeirahvillagecircle|avantgarderesidences,2798,ACTIVE,181,0,Jumeirah Village Circle,district_of_card,community centre,Jumeirah Village Circle (Al Barsha South Fourth),681,register master community (the card's district),the middle of the card's own community; the exact plot is not in our data yet
jumeirahvillagecircle,Jumeirah Village Circle,AVANT GARDE RESIDENCES II BY SKYLINE,jumeirahvillagecircle|avantgarderesidencesii,3792,NOT_STARTED,124,124,Jumeirah Village Circle,district,community centre,Jumeirah Village Circle (Al Barsha South Fourth),681,register master community,the middle of the card's own community; the exact plot is not in our data yet
jumeirahvillagecircle,Jumeirah Village Circle,Allura Residences by Citi Developers,jumeirahvillagecircle|alluraresidences,3289,NOT_STARTED,116,116,Jumeirah Village Circle,district,community centre,Jumeirah Village Circle (Al Barsha South Fourth),681,register master community,the middle of the card's own community; the exact plot is not in our data yet
jumeirahvillagecircle,Jumeirah Village Circle,Azurline Residences by MAAS Developers,jumeirahvillagecircle|azurlineresidences,3477,ACTIVE,125,54,Jumeirah Village Circle,district,community centre,Jumeirah Village Circle (Al Barsha South Fourth),681,register master community,the middle of the card's own community; the exact plot is not in our data yet
jumeirahvillagecircle,Jumeirah Village Circle,BELGRAVIA SQUARE,jumeirahvillagecircle|belgraviasquare,2100,FINISHED,375,24,Jumeirah Village Circle,district,community centre,Jumeirah Village Circle (Al Barsha South Fourth),681,register master community,the middle of the card's own community; the exact plot is not in our data yet
jumeirahvillagecircle,Jumeirah Village Circle,BOTANICA,jumeirahvillagecircle|botanica,1649,FINISHED,71,17,Jumeirah Village Circle,district,community centre,Jumeirah Village Circle (Al Barsha South Fourth),681,register master community,the middle of the card's own community; the exact plot is not in our data yet
jumeirahvillagecircle,Jumeirah Village Circle,Berkeley Square by Prestige One,jumeirahvillagecircle|berkeleysquare,3847,NOT_STARTED,197,197,Jumeirah Village Circle,district,community centre,Jumeirah Village Circle (Al Barsha South Fourth),681,register master community,the middle of the card's own community; the exact plot is not in our data yet
jumeirahvillagecircle,Jumeirah Village Circle,Beverly Residence,jumeirahvillagecircle|beverlyresidence,1987,FINISHED,298,15,Jumeirah Village Circle,district,community centre,Jumeirah Village Circle (Al Barsha South Fourth),681,register master community,the middle of the card's own community; the exact plot is not in our data yet
jumeirahvillagecircle,Jumeirah Village Circle,Beverly Residence 2,jumeirahvillagecircle|beverlyresidence2,2773,ACTIVE,112,13,Jumeirah Village Circle,district,community centre,Jumeirah Village Circle (Al Barsha South Fourth),681,register master community,the middle of the card's own community; the exact plot is not in our data yet
jumeirahvillagecircle,Jumeirah Village Circle,CITY APARTMENTS,jumeirahvillagecircle|cityapartments,1682,FINISHED,52,10,Jumeirah Village Circle,district,community centre,Jumeirah Village Circle (Al Barsha South Fourth),681,register master community,the middle of the card's own community; the exact plot is not in our data yet
jumeirahvillagecircle,Jumeirah Village Circle,CONCEPT 7 RESIDENCES,jumeirahvillagecircle|concept7residences,2603,FINISHED,200,18,Jumeirah Village Circle,district,community centre,Jumeirah Village Circle (Al Barsha South Fourth),681,register master community,the middle of the card's own community; the exact plot is not in our data yet
jumeirahvillagecircle,Jumeirah Village Circle,Casa Vista Residence By Golden Woods,jumeirahvillagecircle|casavistaresidence,2998,ACTIVE,76,36,Jumeirah Village Circle,district,community centre,Jumeirah Village Circle (Al Barsha South Fourth),681,register master community,the middle of the card's own community; the exact plot is not in our data yet
jumeirahvillagecircle,Jumeirah Village Circle,Celeste by Westar,jumeirahvillagecircle|celeste,2916,ACTIVE,13,5,Jumeirah Village Circle,district,community centre,Jumeirah Village Circle (Al Barsha South Fourth),681,register master community,the middle of the card's own community; the exact plot is not in our data yet
jumeirahvillagecircle,Jumeirah Village Circle,Cello Residences,jumeirahvillagecircle|celloresidences,2843,ACTIVE,33,33,Jumeirah Village Circle,district,community centre,Jumeirah Village Circle (Al Barsha South Fourth),681,register master community,the middle of the card's own community; the exact plot is not in our data yet
jumeirahvillagecircle,Jumeirah Village Circle,"DIAMOND VIEW 1,2,3,4",jumeirahvillagecircle|diamondview1234,25,FINISHED,3,3,Jumeirah Village Circle,district,community centre,Jumeirah Village Circle (Al Barsha South Fourth),681,register master community,the middle of the card's own community; the exact plot is not in our data yet
jumeirahvillagecircle,Jumeirah Village Circle,DIAMOND VIEWS 4,jumeirahvillagecircle|diamondviews4,218,FINISHED,98,9,Jumeirah Village Circle,district,community centre,Jumeirah Village Circle (Al Barsha South Fourth),681,register master community,the middle of the card's own community; the exact plot is not in our data yet
jumeirahvillagecircle,Jumeirah Village Circle,EMIRATES GARDEN 2 (MAPLE- MAGNOLA - MULBERRY),jumeirahvillagecircle|emiratesgarden2maplemagnolamulberry,1119,FINISHED,119,18,Jumeirah Village Circle,district,community centre,Jumeirah Village Circle (Al Barsha South Fourth),681,register master community,the middle of the card's own community; the exact plot is not in our data yet
jumeirahvillagecircle,Jumeirah Village Circle,EMIRATES GARDEN I - ROSE 1,jumeirahvillagecircle|emiratesgardenirose1,1434,FINISHED,16,16,Jumeirah Village Circle,district,community centre,Jumeirah Village Circle (Al Barsha South Fourth),681,register master community,the middle of the card's own community; the exact plot is not in our data yet
jumeirahvillagecircle,Jumeirah Village Circle,EMIRATES GARDEN II - MAPLE,jumeirahvillagecircle|emiratesgardeniimaple,1436,FINISHED,20,20,Jumeirah Village Circle,district,community centre,Jumeirah Village Circle (Al Barsha South Fourth),681,register master community,the middle of the card's own community; the exact plot is not in our data yet
jumeirahvillagecircle,Jumeirah Village Circle,Electra,jumeirahvillagecircle|electra,2881,ACTIVE,189,17,Jumeirah Village Circle,district,community centre,Jumeirah Village Circle (Al Barsha South Fourth),681,register master community,the middle of the card's own community; the exact plot is not in our data yet
jumeirahvillagecircle,Jumeirah Village Circle,Elegance by Chaimaa Holding,jumeirahvillagecircle|elegance,2515,ACTIVE,148,18,Jumeirah Village Circle,district,community centre,Jumeirah Village Circle (Al Barsha South Fourth),681,register master community,the middle of the card's own community; the exact plot is not in our data yet
jumeirahvillagecircle,Jumeirah Village Circle,Eleganz 2 By Danube,jumeirahvillagecircle|eleganz2,,,112,0,Jumeirah Village Circle,district,community centre,Jumeirah Village Circle (Al Barsha South Fourth),681,register master community,the middle of the card's own community; the exact plot is not in our data yet
jumeirahvillagecircle,Jumeirah Village Circle,Elitz 2 By Danube,jumeirahvillagecircle|elitz2,2693,ACTIVE,832,33,Jumeirah Village Circle,district,community centre,Jumeirah Village Circle (Al Barsha South Fourth),681,register master community,the middle of the card's own community; the exact plot is not in our data yet
jumeirahvillagecircle,Jumeirah Village Circle,Elitz 3 By Danube,jumeirahvillagecircle|elitz3,2722,ACTIVE,695,46,Jumeirah Village Circle,district,community centre,Jumeirah Village Circle (Al Barsha South Fourth),681,register master community,the middle of the card's own community; the exact plot is not in our data yet
jumeirahvillagecircle,Jumeirah Village Circle,Elitz By Danube,jumeirahvillagecircle|elitz,2533,ACTIVE,644,34,Jumeirah Village Circle,district,community centre,Jumeirah Village Circle (Al Barsha South Fourth),681,register master community,the middle of the card's own community; the exact plot is not in our data yet
jumeirahvillagecircle,Jumeirah Village Circle,Exotica by Al Marina,jumeirahvillagecircle|exotica,2823,ACTIVE,45,45,Jumeirah Village Circle,district,community centre,Jumeirah Village Circle (Al Barsha South Fourth),681,register master community,the middle of the card's own community; the exact plot is not in our data yet
jumeirahvillagecircle,Jumeirah Village Circle,GREYGATE RESIDENCES by ADE,jumeirahvillagecircle|greygateresidences,3232,NOT_STARTED,33,33,Jumeirah Village Circle,district,community centre,Jumeirah Village Circle (Al Barsha South Fourth),681,register master community,the middle of the card's own community; the exact plot is not in our data yet
jumeirahvillagecircle,Jumeirah Village Circle,Golden Wood Views 5,jumeirahvillagecircle|goldenwoodviews5,2539,ACTIVE,142,13,Jumeirah Village Circle,district,community centre,Jumeirah Village Circle (Al Barsha South Fourth),681,register master community,the middle of the card's own community; the exact plot is not in our data yet
jumeirahvillagecircle,Jumeirah Village Circle,Grand Glow,jumeirahvillagecircle|grandglow,2695,FINISHED,6,6,Jumeirah Village Circle,district,community centre,Jumeirah Village Circle (Al Barsha South Fourth),681,register master community,the middle of the card's own community; the exact plot is not in our data yet
jumeirahvillagecircle,Jumeirah Village Circle,HAMENI,jumeirahvillagecircle|hameni,1541,FINISHED,376,30,Jumeirah Village Circle,district,community centre,Jumeirah Village Circle (Al Barsha South Fourth),681,register master community,the middle of the card's own community; the exact plot is not in our data yet
jumeirahvillagecircle,Jumeirah Village Circle,HAMILTON HOUSE,jumeirahvillagecircle|hamiltonhouse,2538,FINISHED,11,11,Jumeirah Village Circle,district,community centre,Jumeirah Village Circle (Al Barsha South Fourth),681,register master community,the middle of the card's own community; the exact plot is not in our data yet
jumeirahvillagecircle,Jumeirah Village Circle,Hadley Heights,jumeirahvillagecircle|hadleyheights,2563,ACTIVE,258,30,Jumeirah Village Circle,district,community centre,Jumeirah Village Circle (Al Barsha South Fourth),681,register master community,the middle of the card's own community; the exact plot is not in our data yet
jumeirahvillagecircle,Jumeirah Village Circle,Havelock Heights,jumeirahvillagecircle|havelockheights,3135,CONDITIONAL_ACTIVATING,111,30,Jumeirah Village Circle,district,community centre,Jumeirah Village Circle (Al Barsha South Fourth),681,register master community,the middle of the card's own community; the exact plot is not in our data yet
jumeirahvillagecircle,Jumeirah Village Circle,INDIGO VILLE 1,jumeirahvillagecircle|indigoville1,692,FINISHED,8,2,Jumeirah Village Circle,district_of_card,community centre,Jumeirah Village Circle (Al Barsha South Fourth),681,register master community (the card's district),the middle of the card's own community; the exact plot is not in our data yet
jumeirahvillagecircle,Jumeirah Village Circle,INDIGO VILLE 2,jumeirahvillagecircle|indigoville2,694,FINISHED,10,0,Jumeirah Village Circle,district_of_card,community centre,Jumeirah Village Circle (Al Barsha South Fourth),681,register master community (the card's district),the middle of the card's own community; the exact plot is not in our data yet
jumeirahvillagecircle,Jumeirah Village Circle,INDIGO VILLE 8,jumeirahvillagecircle|indigoville8,693,FINISHED,8,0,Jumeirah Village Circle,district_of_card,community centre,Jumeirah Village Circle (Al Barsha South Fourth),681,register master community (the card's district),the middle of the card's own community; the exact plot is not in our data yet
jumeirahvillagecircle,Jumeirah Village Circle,IRIS PARK,jumeirahvillagecircle|irispark,400,FINISHED,14,1,Jumeirah Village Circle,district_of_card,community centre,Jumeirah Village Circle (Al Barsha South Fourth),681,register master community (the card's district),the middle of the card's own community; the exact plot is not in our data yet
jumeirahvillagecircle,Jumeirah Village Circle,J-Haus Residences,jumeirahvillagecircle|jhausresidences,3763,ACTIVE,9,9,Jumeirah Village Circle,district,community centre,Jumeirah Village Circle (Al Barsha South Fourth),681,register master community,the middle of the card's own community; the exact plot is not in our data yet
jumeirahvillagecircle,Jumeirah Village Circle,LA RESIDENZA,jumeirahvillagecircle|laresidenza,2659,FINISHED,61,3,Jumeirah Village Circle,district,community centre,Jumeirah Village Circle (Al Barsha South Fourth),681,register master community,the middle of the card's own community; the exact plot is not in our data yet
jumeirahvillagecircle,Jumeirah Village Circle,LA RIVIERA AZURE,jumeirahvillagecircle|larivieraazure,2268,FINISHED,116,7,Jumeirah Village Circle,district,community centre,Jumeirah Village Circle (Al Barsha South Fourth),681,register master community,the middle of the card's own community; the exact plot is not in our data yet
jumeirahvillagecircle,Jumeirah Village Circle,LAS CASAS,jumeirahvillagecircle|lascasas,1269,FINISHED,5,5,Jumeirah Village Circle,district,community centre,Jumeirah Village Circle (Al Barsha South Fourth),681,register master community,the middle of the card's own community; the exact plot is not in our data yet
jumeirahvillagecircle,Jumeirah Village Circle,LEVANTO BY ORO24,jumeirahvillagecircle|levanto,2517,ACTIVE,582,13,Jumeirah Village Circle,district,community centre,Jumeirah Village Circle (Al Barsha South Fourth),681,register master community,the middle of the card's own community; the exact plot is not in our data yet
jumeirahvillagecircle,Jumeirah Village Circle,LILAC PARK,jumeirahvillagecircle|lilacpark,404,FINISHED,7,7,Jumeirah Village Circle,district,community centre,Jumeirah Village Circle (Al Barsha South Fourth),681,register master community,the middle of the card's own community; the exact plot is not in our data yet
jumeirahvillagecircle,Jumeirah Village Circle,LUCKY ROYALE RESIDENCE,jumeirahvillagecircle|luckyroyaleresidence,2655,ACTIVE,158,7,Jumeirah Village Circle,district,community centre,Jumeirah Village Circle (Al Barsha South Fourth),681,register master community,the middle of the card's own community; the exact plot is not in our data yet
jumeirahvillagecircle,Jumeirah Village Circle,Le Parc Homes,jumeirahvillagecircle|leparchomes,2683,PENDING,8,8,Jumeirah Village Circle,district,community centre,Jumeirah Village Circle (Al Barsha South Fourth),681,register master community,the middle of the card's own community; the exact plot is not in our data yet
jumeirahvillagecircle,Jumeirah Village Circle,Legado By Prescott,jumeirahvillagecircle|legado,3210,ACTIVE,32,32,Jumeirah Village Circle,district,community centre,Jumeirah Village Circle (Al Barsha South Fourth),681,register master community,the middle of the card's own community; the exact plot is not in our data yet
jumeirahvillagecircle,Jumeirah Village Circle,Luma21,jumeirahvillagecircle|luma21,2327,FINISHED,337,17,Jumeirah Village Circle,district,community centre,Jumeirah Village Circle (Al Barsha South Fourth),681,register master community,the middle of the card's own community; the exact plot is not in our data yet
jumeirahvillagecircle,Jumeirah Village Circle,Lume Residences,jumeirahvillagecircle|lumeresidences,3550,NOT_STARTED,148,84,Jumeirah Village Circle,district,community centre,Jumeirah Village Circle (Al Barsha South Fourth),681,register master community,the middle of the card's own community; the exact plot is not in our data yet
jumeirahvillagecircle,Jumeirah Village Circle,Luxur Tower By Imtiaz,jumeirahvillagecircle|luxurtower,2770,ACTIVE,520,22,Jumeirah Village Circle,district,community centre,Jumeirah Village Circle (Al Barsha South Fourth),681,register master community,the middle of the card's own community; the exact plot is not in our data yet
jumeirahvillagecircle,Jumeirah Village Circle,MAK I'Sola Bella,jumeirahvillagecircle|makisolabella,3096,ACTIVE,175,25,Jumeirah Village Circle,district,community centre,Jumeirah Village Circle (Al Barsha South Fourth),681,register master community,the middle of the card's own community; the exact plot is not in our data yet
jumeirahvillagecircle,Jumeirah Village Circle,MARWA HOMES 2,jumeirahvillagecircle|marwahomes2,1744,FINISHED,13,1,Jumeirah Village Circle,district_of_card,community centre,Jumeirah Village Circle (Al Barsha South Fourth),681,register master community (the card's district),the middle of the card's own community; the exact plot is not in our data yet
jumeirahvillagecircle,Jumeirah Village Circle,MARWA HOMES III,jumeirahvillagecircle|marwahomesiii,2804,ACTIVE,10,8,Jumeirah Village Circle,district,community centre,Jumeirah Village Circle (Al Barsha South Fourth),681,register master community,the middle of the card's own community; the exact plot is not in our data yet
jumeirahvillagecircle,Jumeirah Village Circle,MARWA HOMES IV,jumeirahvillagecircle|marwahomesiv,2807,ACTIVE,13,7,Jumeirah Village Circle,district,community centre,Jumeirah Village Circle (Al Barsha South Fourth),681,register master community,the middle of the card's own community; the exact plot is not in our data yet
jumeirahvillagecircle,Jumeirah Village Circle,MIRABELLA 3,jumeirahvillagecircle|mirabella3,1093,FINISHED,12,0,Jumeirah Village Circle,district_of_card,community centre,Jumeirah Village Circle (Al Barsha South Fourth),681,register master community (the card's district),the middle of the card's own community; the exact plot is not in our data yet
jumeirahvillagecircle,Jumeirah Village Circle,MIRABELLA 6,jumeirahvillagecircle|mirabella6,1091,FINISHED,16,1,Jumeirah Village Circle,district_of_card,community centre,Jumeirah Village Circle (Al Barsha South Fourth),681,register master community (the card's district),the middle of the card's own community; the exact plot is not in our data yet
jumeirahvillagecircle,Jumeirah Village Circle,MULBERRY MANSIONS,jumeirahvillagecircle|mulberrymansions,179,FINISHED,7,3,Jumeirah Village Circle,district,community centre,Jumeirah Village Circle (Al Barsha South Fourth),681,register master community,the middle of the card's own community; the exact plot is not in our data yet
jumeirahvillagecircle,Jumeirah Village Circle,Nexara Tower,jumeirahvillagecircle|nexaratower,3584,NOT_STARTED,35,35,Jumeirah Village Circle,district,community centre,Jumeirah Village Circle (Al Barsha South Fourth),681,register master community,the middle of the card's own community; the exact plot is not in our data yet
jumeirahvillagecircle,Jumeirah Village Circle,Nicholas Residence,jumeirahvillagecircle|nicholasresidence,2206,FINISHED,134,12,Jumeirah Village Circle,district,community centre,Jumeirah Village Circle (Al Barsha South Fourth),681,register master community,the middle of the card's own community; the exact plot is not in our data yet
jumeirahvillagecircle,Jumeirah Village Circle,Norah Residence,jumeirahvillagecircle|norahresidence,3754,NOT_STARTED,48,48,Jumeirah Village Circle,district,community centre,Jumeirah Village Circle (Al Barsha South Fourth),681,register master community,the middle of the card's own community; the exact plot is not in our data yet
jumeirahvillagecircle,Jumeirah Village Circle,O 2,jumeirahvillagecircle|o2,1954,,338,26,Jumeirah Village Circle,district,community centre,Jumeirah Village Circle (Al Barsha South Fourth),681,register master community,the middle of the card's own community; the exact plot is not in our data yet
jumeirahvillagecircle,Jumeirah Village Circle,O2,jumeirahvillagecircle|o2,,,490,0,Jumeirah Village Circle,district,community centre,Jumeirah Village Circle (Al Barsha South Fourth),681,register master community,the middle of the card's own community; the exact plot is not in our data yet
jumeirahvillagecircle,Jumeirah Village Circle,ONE SKY PARK BY IMAN,jumeirahvillagecircle|oneskypark,3179,ACTIVE,548,61,Jumeirah Village Circle,district,community centre,Jumeirah Village Circle (Al Barsha South Fourth),681,register master community,the middle of the card's own community; the exact plot is not in our data yet
jumeirahvillagecircle,Jumeirah Village Circle,ORCHID PARK,jumeirahvillagecircle|orchidpark,403,FINISHED,19,0,Jumeirah Village Circle,district_of_card,community centre,Jumeirah Village Circle (Al Barsha South Fourth),681,register master community (the card's district),the middle of the card's own community; the exact plot is not in our data yet
jumeirahvillagecircle,Jumeirah Village Circle,OXBRIDGE GARDENS,jumeirahvillagecircle|oxbridgegardens,618,,72,72,Jumeirah Village Circle,district,community centre,Jumeirah Village Circle (Al Barsha South Fourth),681,register master community,the middle of the card's own community; the exact plot is not in our data yet
jumeirahvillagecircle,Jumeirah Village Circle,OXFORD COVE,jumeirahvillagecircle|oxfordcove,4330,ACTIVE,134,134,Jumeirah Village Circle,district,community centre,Jumeirah Village Circle (Al Barsha South Fourth),681,register master community,the middle of the card's own community; the exact plot is not in our data yet
jumeirahvillagecircle,Jumeirah Village Circle,Oakyard Residences,jumeirahvillagecircle|oakyardresidences,3473,ACTIVE,100,84,Jumeirah Village Circle,district,community centre,Jumeirah Village Circle (Al Barsha South Fourth),681,register master community,the middle of the card's own community; the exact plot is not in our data yet
jumeirahvillagecircle,Jumeirah Village Circle,PALACE ESTATES,jumeirahvillagecircle|palaceestates,1742,FINISHED,3,3,Jumeirah Village Circle,district,community centre,Jumeirah Village Circle (Al Barsha South Fourth),681,register master community,the middle of the card's own community; the exact plot is not in our data yet
jumeirahvillagecircle,Jumeirah Village Circle,PARK BOULEVARD BY METEORA,jumeirahvillagecircle|parkboulevard,3045,ACTIVE,72,13,Jumeirah Village Circle,district,community centre,Jumeirah Village Circle (Al Barsha South Fourth),681,register master community,the middle of the card's own community; the exact plot is not in our data yet
jumeirahvillagecircle,Jumeirah Village Circle,PARK VIEW TOWER,jumeirahvillagecircle|parkviewtower,1639,FINISHED,338,21,Jumeirah Village Circle,district,community centre,Jumeirah Village Circle (Al Barsha South Fourth),681,register master community,the middle of the card's own community; the exact plot is not in our data yet
jumeirahvillagecircle,Jumeirah Village Circle,PARK VILLA'S 2,jumeirahvillagecircle|parkvillas2,1536,FINISHED,22,1,Jumeirah Village Circle,district_of_card,community centre,Jumeirah Village Circle (Al Barsha South Fourth),681,register master community (the card's district),the middle of the card's own community; the exact plot is not in our data yet
jumeirahvillagecircle,Jumeirah Village Circle,PARK VILLA'S 6,jumeirahvillagecircle|parkvillas6,1611,FINISHED,7,0,Jumeirah Village Circle,district_of_card,community centre,Jumeirah Village Circle (Al Barsha South Fourth),681,register master community (the card's district),the middle of the card's own community; the exact plot is not in our data yet
jumeirahvillagecircle,Jumeirah Village Circle,PULSE SMART RESIDENCE,jumeirahvillagecircle|pulsesmartresidence,1668,FINISHED,68,9,Jumeirah Village Circle,district,community centre,Jumeirah Village Circle (Al Barsha South Fourth),681,register master community,the middle of the card's own community; the exact plot is not in our data yet
jumeirahvillagecircle,Jumeirah Village Circle,Pearl House 4 by Imtiaz,jumeirahvillagecircle|pearlhouse4,1809,,199,0,Jumeirah Village Circle,district,community centre,Jumeirah Village Circle (Al Barsha South Fourth),681,register master community,the middle of the card's own community; the exact plot is not in our data yet
jumeirahvillagecircle,Jumeirah Village Circle,Q GARDENS ALIYA,jumeirahvillagecircle|qgardensaliya,3290,ACTIVE,76,42,Jumeirah Village Circle,district,community centre,Jumeirah Village Circle (Al Barsha South Fourth),681,register master community,the middle of the card's own community; the exact plot is not in our data yet
jumeirahvillagecircle,Jumeirah Village Circle,Q Gardens Lofts,jumeirahvillagecircle|qgardenslofts,2392,ACTIVE,111,33,Jumeirah Village Circle,district,community centre,Jumeirah Village Circle (Al Barsha South Fourth),681,register master community,the middle of the card's own community; the exact plot is not in our data yet
jumeirahvillagecircle,Jumeirah Village Circle,Q Gardens Lofts 2,jumeirahvillagecircle|qgardenslofts2,2677,ACTIVE,115,54,Jumeirah Village Circle,district,community centre,Jumeirah Village Circle (Al Barsha South Fourth),681,register master community,the middle of the card's own community; the exact plot is not in our data yet
jumeirahvillagecircle,Jumeirah Village Circle,ROYAL PARK SOUTH,jumeirahvillagecircle|royalparksouth,2308,FINISHED,14,0,Jumeirah Village Circle,district_of_card,community centre,Jumeirah Village Circle (Al Barsha South Fourth),681,register master community (the card's district),the middle of the card's own community; the exact plot is not in our data yet
jumeirahvillagecircle,Jumeirah Village Circle,ROYAL PARK SOUTH 1,jumeirahvillagecircle|royalparksouth1,2365,FINISHED,3,3,Jumeirah Village Circle,district,community centre,Jumeirah Village Circle (Al Barsha South Fourth),681,register master community,the middle of the card's own community; the exact plot is not in our data yet
jumeirahvillagecircle,Jumeirah Village Circle,Regent Court,jumeirahvillagecircle|regentcourt,1843,FINISHED,65,31,Jumeirah Village Circle,district,community centre,Jumeirah Village Circle (Al Barsha South Fourth),681,register master community,the middle of the card's own community; the exact plot is not in our data yet
jumeirahvillagecircle,Jumeirah Village Circle,Rise Residences,jumeirahvillagecircle|riseresidences,2731,ACTIVE,218,41,Jumeirah Village Circle,district,community centre,Jumeirah Village Circle (Al Barsha South Fourth),681,register master community,the middle of the card's own community; the exact plot is not in our data yet
jumeirahvillagecircle,Jumeirah Village Circle,SANDOVAL GARDENS,jumeirahvillagecircle|sandovalgardens,251,FINISHED,80,12,Jumeirah Village Circle,district,community centre,Jumeirah Village Circle (Al Barsha South Fourth),681,register master community,the middle of the card's own community; the exact plot is not in our data yet
jumeirahvillagecircle,Jumeirah Village Circle,SANDOVAL LANE,jumeirahvillagecircle|sandovallane,252,FINISHED,8,1,Jumeirah Village Circle,district_of_card,community centre,Jumeirah Village Circle (Al Barsha South Fourth),681,register master community (the card's district),the middle of the card's own community; the exact plot is not in our data yet
jumeirahvillagecircle,Jumeirah Village Circle,SERENITY LAKES 2,jumeirahvillagecircle|serenitylakes2,1555,CONDITIONAL_ACTIVATING,3,3,Jumeirah Village Circle,district,community centre,Jumeirah Village Circle (Al Barsha South Fourth),681,register master community,the middle of the card's own community; the exact plot is not in our data yet
jumeirahvillagecircle,Jumeirah Village Circle,SERENITY LAKES 5,jumeirahvillagecircle|serenitylakes5,1554,FINISHED,183,25,Jumeirah Village Circle,district,community centre,Jumeirah Village Circle (Al Barsha South Fourth),681,register master community,the middle of the card's own community; the exact plot is not in our data yet
jumeirahvillagecircle,Jumeirah Village Circle,SIROYA GARDENS,jumeirahvillagecircle|siroyagardens,726,,8,8,Jumeirah Village Circle,district,community centre,Jumeirah Village Circle (Al Barsha South Fourth),681,register master community,the middle of the card's own community; the exact plot is not in our data yet
jumeirahvillagecircle,Jumeirah Village Circle,SKY HARMONY BY PEACE HOMES,jumeirahvillagecircle|skyharmony,4147,ACTIVE,38,38,Jumeirah Village Circle,district,community centre,Jumeirah Village Circle (Al Barsha South Fourth),681,register master community,the middle of the card's own community; the exact plot is not in our data yet
jumeirahvillagecircle,Jumeirah Village Circle,STONEHENGE RESIDENCES,jumeirahvillagecircle|stonehengeresidences,2575,ACTIVE,200,24,Jumeirah Village Circle,district,community centre,Jumeirah Village Circle (Al Barsha South Fourth),681,register master community,the middle of the card's own community; the exact plot is not in our data yet
jumeirahvillagecircle,Jumeirah Village Circle,STONEHENGE RESIDENCES 2,jumeirahvillagecircle|stonehengeresidences2,2663,ACTIVE,187,29,Jumeirah Village Circle,district,community centre,Jumeirah Village Circle (Al Barsha South Fourth),681,register master community,the middle of the card's own community; the exact plot is not in our data yet
jumeirahvillagecircle,Jumeirah Village Circle,Samana Waves,jumeirahvillagecircle|samanawaves,2345,ACTIVE,218,27,Jumeirah Village Circle,district,community centre,Jumeirah Village Circle (Al Barsha South Fourth),681,register master community,the middle of the card's own community; the exact plot is not in our data yet
jumeirahvillagecircle,Jumeirah Village Circle,Samana Waves 2,jumeirahvillagecircle|samanawaves2,2574,ACTIVE,175,8,Jumeirah Village Circle,district,community centre,Jumeirah Village Circle (Al Barsha South Fourth),681,register master community,the middle of the card's own community; the exact plot is not in our data yet
jumeirahvillagecircle,Jumeirah Village Circle,Samha Residence 2,jumeirahvillagecircle|samharesidence2,3682,ACTIVE,19,19,Jumeirah Village Circle,district,community centre,Jumeirah Village Circle (Al Barsha South Fourth),681,register master community,the middle of the card's own community; the exact plot is not in our data yet
jumeirahvillagecircle,Jumeirah Village Circle,Sapphire 32 by Dar Alkarama,jumeirahvillagecircle|sapphire32,2757,ACTIVE,223,11,Jumeirah Village Circle,district,community centre,Jumeirah Village Circle (Al Barsha South Fourth),681,register master community,the middle of the card's own community; the exact plot is not in our data yet
jumeirahvillagecircle,Jumeirah Village Circle,Sky Vista by Peace Homes,jumeirahvillagecircle|skyvista,2979,ACTIVE,13,9,Jumeirah Village Circle,district,community centre,Jumeirah Village Circle (Al Barsha South Fourth),681,register master community,the middle of the card's own community; the exact plot is not in our data yet
jumeirahvillagecircle,Jumeirah Village Circle,SquareX One,jumeirahvillagecircle|squarexone,3371,PENDING,11,11,Jumeirah Village Circle,district,community centre,Jumeirah Village Circle (Al Barsha South Fourth),681,register master community,the middle of the card's own community; the exact plot is not in our data yet
jumeirahvillagecircle,Jumeirah Village Circle,SquareX Residence,jumeirahvillagecircle|squarexresidence,2919,ACTIVE,144,35,Jumeirah Village Circle,district,community centre,Jumeirah Village Circle (Al Barsha South Fourth),681,register master community,the middle of the card's own community; the exact plot is not in our data yet
jumeirahvillagecircle,Jumeirah Village Circle,Stax,jumeirahvillagecircle|stax,4013,,206,206,Jumeirah Village Circle,district,community centre,Jumeirah Village Circle (Al Barsha South Fourth),681,register master community,the middle of the card's own community; the exact plot is not in our data yet
jumeirahvillagecircle,Jumeirah Village Circle,TARAF 3 RESIDENCE,jumeirahvillagecircle|taraf3residence,4192,,7,7,Jumeirah Village Circle,district,community centre,Jumeirah Village Circle (Al Barsha South Fourth),681,register master community,the middle of the card's own community; the exact plot is not in our data yet
jumeirahvillagecircle,Jumeirah Village Circle,THE AUTOGRAPH-I SERIES,jumeirahvillagecircle|theautographiseries,3187,NOT_STARTED,268,148,Jumeirah Village Circle,district,community centre,Jumeirah Village Circle (Al Barsha South Fourth),681,register master community,the middle of the card's own community; the exact plot is not in our data yet
jumeirahvillagecircle,Jumeirah Village Circle,THE FIFTH TOWER,jumeirahvillagecircle|thefifthtower,3048,ACTIVE,381,56,Jumeirah Village Circle,district,community centre,Jumeirah Village Circle (Al Barsha South Fourth),681,register master community,the middle of the card's own community; the exact plot is not in our data yet
jumeirahvillagecircle,Jumeirah Village Circle,THE HAVEN GARDEN,jumeirahvillagecircle|thehavengarden,2772,ACTIVE,213,51,Jumeirah Village Circle,district,community centre,Jumeirah Village Circle (Al Barsha South Fourth),681,register master community,the middle of the card's own community; the exact plot is not in our data yet
jumeirahvillagecircle,Jumeirah Village Circle,THE SQUARE,jumeirahvillagecircle|thesquare,1969,FINISHED,425,39,Jumeirah Village Circle,district,community centre,Jumeirah Village Circle (Al Barsha South Fourth),681,register master community,the middle of the card's own community; the exact plot is not in our data yet
jumeirahvillagecircle,Jumeirah Village Circle,Terrazzo Residences,jumeirahvillagecircle|terrazzoresidences,2675,ACTIVE,211,12,Jumeirah Village Circle,district,community centre,Jumeirah Village Circle (Al Barsha South Fourth),681,register master community,the middle of the card's own community; the exact plot is not in our data yet
jumeirahvillagecircle,Jumeirah Village Circle,The Orchard Place,jumeirahvillagecircle|theorchardplace,2629,ACTIVE,216,14,Jumeirah Village Circle,district,community centre,Jumeirah Village Circle (Al Barsha South Fourth),681,register master community,the middle of the card's own community; the exact plot is not in our data yet
jumeirahvillagecircle,Jumeirah Village Circle,The Orchard Place - Tower C,jumeirahvillagecircle|theorchardplacetowerc,2953,ACTIVE,55,1,Jumeirah Village Circle,district_of_card,community centre,Jumeirah Village Circle (Al Barsha South Fourth),681,register master community (the card's district),the middle of the card's own community; the exact plot is not in our data yet
jumeirahvillagecircle,Jumeirah Village Circle,The Orchard Place- Towers D&E,jumeirahvillagecircle|theorchardplacetowersde,3356,NOT_STARTED,60,54,Jumeirah Village Circle,district,community centre,Jumeirah Village Circle (Al Barsha South Fourth),681,register master community,the middle of the card's own community; the exact plot is not in our data yet
jumeirahvillagecircle,Jumeirah Village Circle,The Veranda Collection 1,jumeirahvillagecircle|theverandacollection1,3478,ACTIVE,5,5,Jumeirah Village Circle,district,community centre,Jumeirah Village Circle (Al Barsha South Fourth),681,register master community,the middle of the card's own community; the exact plot is not in our data yet
jumeirahvillagecircle,Jumeirah Village Circle,The Weave,jumeirahvillagecircle|theweave,3805,ACTIVE,14,14,Jumeirah Village Circle,district,community centre,Jumeirah Village Circle (Al Barsha South Fourth),681,register master community,the middle of the card's own community; the exact plot is not in our data yet
jumeirahvillagecircle,Jumeirah Village Circle,Tresora by Wadan,jumeirahvillagecircle|tresora,4442,ACTIVE,65,65,Jumeirah Village Circle,district,community centre,Jumeirah Village Circle (Al Barsha South Fourth),681,register master community,the middle of the card's own community; the exact plot is not in our data yet
jumeirahvillagecircle,Jumeirah Village Circle,Trevino,jumeirahvillagecircle|trevino,3850,NOT_STARTED,37,37,Jumeirah Village Circle,district,community centre,Jumeirah Village Circle (Al Barsha South Fourth),681,register master community,the middle of the card's own community; the exact plot is not in our data yet
jumeirahvillagecircle,Jumeirah Village Circle,Uniestate Prime Tower,jumeirahvillagecircle|uniestateprimetower,1067,FINISHED,140,19,Jumeirah Village Circle,district,community centre,Jumeirah Village Circle (Al Barsha South Fourth),681,register master community,the middle of the card's own community; the exact plot is not in our data yet
jumeirahvillagecircle,Jumeirah Village Circle,VALENCIA,jumeirahvillagecircle|valencia,405,FINISHED,15,3,Jumeirah Village Circle,district,community centre,Jumeirah Village Circle (Al Barsha South Fourth),681,register master community,the middle of the card's own community; the exact plot is not in our data yet
jumeirahvillagecircle,Jumeirah Village Circle,VILLA MYRA,jumeirahvillagecircle|villamyra,724,FINISHED,6,6,Jumeirah Village Circle,district,community centre,Jumeirah Village Circle (Al Barsha South Fourth),681,register master community,the middle of the card's own community; the exact plot is not in our data yet
jumeirahvillagecircle,Jumeirah Village Circle,VITA GRANDE BY METEORA,jumeirahvillagecircle|vitagrande,2714,ACTIVE,114,10,Jumeirah Village Circle,district,community centre,Jumeirah Village Circle (Al Barsha South Fourth),681,register master community,the middle of the card's own community; the exact plot is not in our data yet
jumeirahvillagecircle,Jumeirah Village Circle,VITALITY RESIDENCE,jumeirahvillagecircle|vitalityresidence,3040,ACTIVE,172,17,Jumeirah Village Circle,district,community centre,Jumeirah Village Circle (Al Barsha South Fourth),681,register master community,the middle of the card's own community; the exact plot is not in our data yet
jumeirahvillagecircle,Jumeirah Village Circle,Vivanti Residences by Meteora,jumeirahvillagecircle|vivantiresidences,3449,NOT_STARTED,31,31,Jumeirah Village Circle,district,community centre,Jumeirah Village Circle (Al Barsha South Fourth),681,register master community,the middle of the card's own community; the exact plot is not in our data yet
jumeirahvillagecircle,Jumeirah Village Circle,Vue by Crystal Bay,jumeirahvillagecircle|vue,3090,ACTIVE,133,38,Jumeirah Village Circle,district,community centre,Jumeirah Village Circle (Al Barsha South Fourth),681,register master community,the middle of the card's own community; the exact plot is not in our data yet
jumeirahvillagecircle,Jumeirah Village Circle,WESTAR CASABLANCA,jumeirahvillagecircle|westarcasablanca,989,FINISHED,14,0,Jumeirah Village Circle,district_of_card,community centre,Jumeirah Village Circle (Al Barsha South Fourth),681,register master community (the card's district),the middle of the card's own community; the exact plot is not in our data yet
jumeirahvillagecircle,Jumeirah Village Circle,WESTAR LES MAISONETTES,jumeirahvillagecircle|westarlesmaisonettes,1481,,3,3,Jumeirah Village Circle,district,community centre,Jumeirah Village Circle (Al Barsha South Fourth),681,register master community,the middle of the card's own community; the exact plot is not in our data yet
jumeirahvillagecircle,Jumeirah Village Circle,WESTAR TERRACE  GARDEN,jumeirahvillagecircle|westarterracegarden,169,FINISHED,15,1,Jumeirah Village Circle,district_of_card,community centre,Jumeirah Village Circle (Al Barsha South Fourth),681,register master community (the card's district),the middle of the card's own community; the exact plot is not in our data yet
jumeirahvillagecircle,Jumeirah Village Circle,Westar Azure,jumeirahvillagecircle|westarazure,2552,FINISHED,15,1,Jumeirah Village Circle,district_of_card,community centre,Jumeirah Village Circle (Al Barsha South Fourth),681,register master community (the card's district),the middle of the card's own community; the exact plot is not in our data yet
jumeirahvillagecircle,Jumeirah Village Circle,Xenia Residence,jumeirahvillagecircle|xeniaresidence,3880,PENDING,15,15,Jumeirah Village Circle,district,community centre,Jumeirah Village Circle (Al Barsha South Fourth),681,register master community,the middle of the card's own community; the exact plot is not in our data yet
jumeirahvillagecircle,Jumeirah Village Circle,Zenith Tower J1,jumeirahvillagecircle|zenithtowerj1,3628,ACTIVE,3,3,Jumeirah Village Circle,district,community centre,Jumeirah Village Circle (Al Barsha South Fourth),681,register master community,the middle of the card's own community; the exact plot is not in our data yet
jumeirahvillagecircle,Jumeirah Village Circle,joya verde residences dubai,jumeirahvillagecircle|joyaverderesidencesdubai,1919,FINISHED,111,6,Jumeirah Village Circle,district,community centre,Jumeirah Village Circle (Al Barsha South Fourth),681,register master community,the middle of the card's own community; the exact plot is not in our data yet
jumeirahvillagecircle,Jumeirah Village Circle,lridian Park 1,jumeirahvillagecircle|lridianpark1,3764,PENDING,24,24,Jumeirah Village Circle,district,community centre,Jumeirah Village Circle (Al Barsha South Fourth),681,register master community,the middle of the card's own community; the exact plot is not in our data yet
jumeirahvillagetriangle,Jumeirah Village Triangle,AL MANARAH TOWER,jumeirahvillagetriangle|almanarahtower,1706,FINISHED,25,25,Jumeirah Village Triangle,district,community centre,Jumeirah Village Triangle (Al Barsha South Fifth),684,register master community,the middle of the card's own community; the exact plot is not in our data yet
jumeirahvillagetriangle,Jumeirah Village Triangle,ALTAI TOWER,jumeirahvillagetriangle|altaitower,2636,ACTIVE,15,15,Jumeirah Village Triangle,district,community centre,Jumeirah Village Triangle (Al Barsha South Fifth),684,register master community,the middle of the card's own community; the exact plot is not in our data yet
jumeirahvillagetriangle,Jumeirah Village Triangle,Ashwood Residences by Skyland Horizons Real Estate Development,jumeirahvillagetriangle|ashwoodresidences,3464,ACTIVE,23,23,Jumeirah Village Triangle,district,community centre,Jumeirah Village Triangle (Al Barsha South Fifth),684,register master community,the middle of the card's own community; the exact plot is not in our data yet
jumeirahvillagetriangle,Jumeirah Village Triangle,Azha Millennium Residences,jumeirahvillagetriangle|azhamillenniumresidences,3482,NOT_STARTED,63,62,Jumeirah Village Triangle,district,community centre,Jumeirah Village Triangle (Al Barsha South Fifth),684,register master community,the middle of the card's own community; the exact plot is not in our data yet
jumeirahvillagetriangle,Jumeirah Village Triangle,Bali Residences,jumeirahvillagetriangle|baliresidences,2472,FINISHED,194,12,Jumeirah Village Triangle,district,community centre,Jumeirah Village Triangle (Al Barsha South Fifth),684,register master community,the middle of the card's own community; the exact plot is not in our data yet
jumeirahvillagetriangle,Jumeirah Village Triangle,CLOUD Tower,jumeirahvillagetriangle|cloudtower,2212,ACTIVE,473,74,Jumeirah Village Triangle,district,community centre,Jumeirah Village Triangle (Al Barsha South Fifth),684,register master community,the middle of the card's own community; the exact plot is not in our data yet
jumeirahvillagetriangle,Jumeirah Village Triangle,Cavendish Square,jumeirahvillagetriangle|cavendishsquare,2866,ACTIVE,13,13,Jumeirah Village Triangle,district,community centre,Jumeirah Village Triangle (Al Barsha South Fifth),684,register master community,the middle of the card's own community; the exact plot is not in our data yet
jumeirahvillagetriangle,Jumeirah Village Triangle,ELARIS Rise,jumeirahvillagetriangle|elarisrise,4018,PENDING,48,48,Jumeirah Village Triangle,district,community centre,Jumeirah Village Triangle (Al Barsha South Fifth),684,register master community,the middle of the card's own community; the exact plot is not in our data yet
jumeirahvillagetriangle,Jumeirah Village Triangle,ELARIS Sky,jumeirahvillagetriangle|elarissky,4019,PENDING,205,205,Jumeirah Village Triangle,district,community centre,Jumeirah Village Triangle (Al Barsha South Fifth),684,register master community,the middle of the card's own community; the exact plot is not in our data yet
jumeirahvillagetriangle,Jumeirah Village Triangle,ELBRUS TOWER,jumeirahvillagetriangle|elbrustower,2637,ACTIVE,21,21,Jumeirah Village Triangle,district,community centre,Jumeirah Village Triangle (Al Barsha South Fifth),684,register master community,the middle of the card's own community; the exact plot is not in our data yet
jumeirahvillagetriangle,Jumeirah Village Triangle,ESSENLIFE RESIDENCE,jumeirahvillagetriangle|essenliferesidence,3639,NOT_STARTED,105,105,Jumeirah Village Triangle,district,community centre,Jumeirah Village Triangle (Al Barsha South Fifth),684,register master community,the middle of the card's own community; the exact plot is not in our data yet
jumeirahvillagetriangle,Jumeirah Village Triangle,Enaya Residences,jumeirahvillagetriangle|enayaresidences,2950,ACTIVE,14,14,Jumeirah Village Triangle,district,community centre,Jumeirah Village Triangle (Al Barsha South Fifth),684,register master community,the middle of the card's own community; the exact plot is not in our data yet
jumeirahvillagetriangle,Jumeirah Village Triangle,FH Residency,jumeirahvillagetriangle|fhresidency,2893,ACTIVE,296,45,Jumeirah Village Triangle,district,community centre,Jumeirah Village Triangle (Al Barsha South Fifth),684,register master community,the middle of the card's own community; the exact plot is not in our data yet
jumeirahvillagetriangle,Jumeirah Village Triangle,Fashionz 1 By Danube,jumeirahvillagetriangle|fashionz1,2640,ACTIVE,743,61,Jumeirah Village Triangle,district,community centre,Jumeirah Village Triangle (Al Barsha South Fifth),684,register master community,the middle of the card's own community; the exact plot is not in our data yet
jumeirahvillagetriangle,Jumeirah Village Triangle,GUZEL TOWERS,jumeirahvillagetriangle|guzeltowers,3458,NOT_STARTED,210,210,Jumeirah Village Triangle,district,community centre,Jumeirah Village Triangle (Al Barsha South Fifth),684,register master community,the middle of the card's own community; the exact plot is not in our data yet
jumeirahvillagetriangle,Jumeirah Village Triangle,LILIUM TOWER,jumeirahvillagetriangle|liliumtower,2687,ACTIVE,15,15,Jumeirah Village Triangle,district,community centre,Jumeirah Village Triangle (Al Barsha South Fifth),684,register master community,the middle of the card's own community; the exact plot is not in our data yet
jumeirahvillagetriangle,Jumeirah Village Triangle,Luminar Tower 1,jumeirahvillagetriangle|luminartower1,3183,ACTIVE,33,33,Jumeirah Village Triangle,district,community centre,Jumeirah Village Triangle (Al Barsha South Fifth),684,register master community,the middle of the card's own community; the exact plot is not in our data yet
jumeirahvillagetriangle,Jumeirah Village Triangle,Luminar Tower 2,jumeirahvillagetriangle|luminartower2,3298,ACTIVE,35,35,Jumeirah Village Triangle,district,community centre,Jumeirah Village Triangle (Al Barsha South Fifth),684,register master community,the middle of the card's own community; the exact plot is not in our data yet
jumeirahvillagetriangle,Jumeirah Village Triangle,Luminar Tower 3,jumeirahvillagetriangle|luminartower3,3443,ACTIVE,35,35,Jumeirah Village Triangle,district,community centre,Jumeirah Village Triangle (Al Barsha South Fifth),684,register master community,the middle of the card's own community; the exact plot is not in our data yet
jumeirahvillagetriangle,Jumeirah Village Triangle,MIAMI BY SD,jumeirahvillagetriangle|miami,2454,ACTIVE,119,4,Jumeirah Village Triangle,district,community centre,Jumeirah Village Triangle (Al Barsha South Fifth),684,register master community,the middle of the card's own community; the exact plot is not in our data yet
jumeirahvillagetriangle,Jumeirah Village Triangle,Maya Residences 5,jumeirahvillagetriangle|mayaresidences5,2747,FINISHED,94,14,Jumeirah Village Triangle,district,community centre,Jumeirah Village Triangle (Al Barsha South Fifth),684,register master community,the middle of the card's own community; the exact plot is not in our data yet
jumeirahvillagetriangle,Jumeirah Village Triangle,Milestone Residences,jumeirahvillagetriangle|milestoneresidences,3015,ACTIVE,67,30,Jumeirah Village Triangle,district,community centre,Jumeirah Village Triangle (Al Barsha South Fifth),684,register master community,the middle of the card's own community; the exact plot is not in our data yet
jumeirahvillagetriangle,Jumeirah Village Triangle,PARK ONE,jumeirahvillagetriangle|parkone,1694,FINISHED,5,5,Jumeirah Village Triangle,district,community centre,Jumeirah Village Triangle (Al Barsha South Fifth),684,register master community,the middle of the card's own community; the exact plot is not in our data yet
jumeirahvillagetriangle,Jumeirah Village Triangle,PLAZZO RESIDENCE,jumeirahvillagetriangle|plazzoresidence,1848,FINISHED,110,10,Jumeirah Village Triangle,district,community centre,Jumeirah Village Triangle (Al Barsha South Fifth),684,register master community,the middle of the card's own community; the exact plot is not in our data yet
jumeirahvillagetriangle,Jumeirah Village Triangle,RED SQUARE,jumeirahvillagetriangle|redsquare,2789,ACTIVE,733,136,Jumeirah Village Triangle,district,community centre,Jumeirah Village Triangle (Al Barsha South Fifth),684,register master community,the middle of the card's own community; the exact plot is not in our data yet
jumeirahvillagetriangle,Jumeirah Village Triangle,ROSEMONT RESIDENCES,jumeirahvillagetriangle|rosemontresidences,2993,ACTIVE,50,2,Jumeirah Village Triangle,district_of_card,community centre,Jumeirah Village Triangle (Al Barsha South Fifth),684,register master community (the card's district),the middle of the card's own community; the exact plot is not in our data yet
jumeirahvillagetriangle,Jumeirah Village Triangle,SILVIANA PARK LIVING,jumeirahvillagetriangle|silvianaparkliving,4216,,40,40,Jumeirah Village Triangle,district,community centre,Jumeirah Village Triangle (Al Barsha South Fifth),684,register master community,the middle of the card's own community; the exact plot is not in our data yet
jumeirahvillagetriangle,Jumeirah Village Triangle,SOL LEVANTE,jumeirahvillagetriangle|sollevante,3642,NOT_STARTED,383,351,Jumeirah Village Triangle,district,community centre,Jumeirah Village Triangle (Al Barsha South Fifth),684,register master community,the middle of the card's own community; the exact plot is not in our data yet
jumeirahvillagetriangle,Jumeirah Village Triangle,Santorini Residences by Loutraki,jumeirahvillagetriangle|santoriniresidences,2774,ACTIVE,38,38,Jumeirah Village Triangle,district,community centre,Jumeirah Village Triangle (Al Barsha South Fifth),684,register master community,the middle of the card's own community; the exact plot is not in our data yet
jumeirahvillagetriangle,Jumeirah Village Triangle,Sky Gate Tower,jumeirahvillagetriangle|skygatetower,4120,PENDING,212,212,Jumeirah Village Triangle,district,community centre,Jumeirah Village Triangle (Al Barsha South Fifth),684,register master community,the middle of the card's own community; the exact plot is not in our data yet
jumeirahvillagetriangle,Jumeirah Village Triangle,Sonate Residences by Condor,jumeirahvillagetriangle|sonateresidences,2923,ACTIVE,186,27,Jumeirah Village Triangle,district,community centre,Jumeirah Village Triangle (Al Barsha South Fifth),684,register master community,the middle of the card's own community; the exact plot is not in our data yet
jumeirahvillagetriangle,Jumeirah Village Triangle,THE IVY,jumeirahvillagetriangle|theivy,2385,FINISHED,299,17,Jumeirah Village Triangle,district,community centre,Jumeirah Village Triangle (Al Barsha South Fifth),684,register master community,the middle of the card's own community; the exact plot is not in our data yet
jumeirahvillagetriangle,Jumeirah Village Triangle,THE VYNE RESIDENCES,jumeirahvillagetriangle|thevyneresidences,3094,ACTIVE,265,50,Jumeirah Village Triangle,district,community centre,Jumeirah Village Triangle (Al Barsha South Fifth),684,register master community,the middle of the card's own community; the exact plot is not in our data yet
jumeirahvillagetriangle,Jumeirah Village Triangle,VIVID TOWER,jumeirahvillagetriangle|vividtower,3380,NOT_STARTED,39,39,Jumeirah Village Triangle,district,community centre,Jumeirah Village Triangle (Al Barsha South Fifth),684,register master community,the middle of the card's own community; the exact plot is not in our data yet
jumeirahvillagetriangle,Jumeirah Village Triangle,WINNER TOWER,jumeirahvillagetriangle|winnertower,2991,ACTIVE,110,10,Jumeirah Village Triangle,district,community centre,Jumeirah Village Triangle (Al Barsha South Fifth),684,register master community,the middle of the card's own community; the exact plot is not in our data yet
jumeirahvillagetriangle,Jumeirah Village Triangle,ZaZEN One,jumeirahvillagetriangle|zazenone,2255,FINISHED,107,3,Jumeirah Village Triangle,district,community centre,Jumeirah Village Triangle (Al Barsha South Fifth),684,register master community,the middle of the card's own community; the exact plot is not in our data yet
liwan1,Liwan1,AYAT PARK VIEW,liwan1|ayatparkview,,,51,0,Liwan1,district,community centre,Liwan1 (Wadi Al Safa 2),643,register master community,the middle of the card's own community; the exact plot is not in our data yet
liwan1,Liwan1,Alba,liwan1|alba,2753,ACTIVE,12,7,Liwan 2,sales_area,community centre,Liwan 2 (Wadi Al Safa 2),643,register master community,the middle of the card's own community; the exact plot is not in our data yet
liwan1,Liwan1,Albero By Oro24,liwan1|albero,2848,ACTIVE,192,4,Liwan1,district,community centre,Liwan1 (Wadi Al Safa 2),643,register master community,the middle of the card's own community; the exact plot is not in our data yet
liwan1,Liwan1,Alma Gardens,liwan1|almagardens,3454,ACTIVE,75,56,Liwan1,district,community centre,Liwan1 (Wadi Al Safa 2),643,register master community,the middle of the card's own community; the exact plot is not in our data yet
liwan1,Liwan1,Belgravia Gardens,liwan1|belgraviagardens,3512,NOT_STARTED,703,282,Falcon City,register_master,community centre,Falcon City (Wadi Al Safa 2),643,register master community,the middle of the card's own community; the exact plot is not in our data yet
liwan1,Liwan1,Bianca,liwan1|bianca,2553,ACTIVE,655,85,Liwan1,district,community centre,Liwan1 (Wadi Al Safa 2),643,register master community,the middle of the card's own community; the exact plot is not in our data yet
liwan1,Liwan1,Binghatti Jewels,liwan1|binghattijewels,,,137,0,Liwan1,district,community centre,Liwan1 (Wadi Al Safa 2),643,register master community,the middle of the card's own community; the exact plot is not in our data yet
liwan1,Liwan1,Celine By Vision,liwan1|celine,3390,ACTIVE,141,36,Liwan,sales_area,community centre,Liwan1 (Wadi Al Safa 2),643,alias (the card sits in our district Liwan1 (sales area name 'Liwan1'); a Liwan card with a register area ties to the same polygon (Wadi Al Safa 2)),the middle of the card's own community; the exact plot is not in our data yet
liwan1,Liwan1,Confident Lancaster,liwan1|confidentlancaster,2869,FINISHED,83,1,Liwan1,district,community centre,Liwan1 (Wadi Al Safa 2),643,register master community,the middle of the card's own community; the exact plot is not in our data yet
liwan1,Liwan1,Empire Lakeviews,liwan1|empirelakeviews,3357,NOT_STARTED,562,413,Liwan,sales_area,community centre,Liwan1 (Wadi Al Safa 2),643,alias (the card sits in our district Liwan1 (sales area name 'Liwan1'); a Liwan card with a register area ties to the same polygon (Wadi Al Safa 2)),the middle of the card's own community; the exact plot is not in our data yet
liwan1,Liwan1,Karma,liwan1|karma,2934,FINISHED,103,5,Liwan,sales_area,community centre,Liwan1 (Wadi Al Safa 2),643,alias (the card sits in our district Liwan1 (sales area name 'Liwan1'); a Liwan card with a register area ties to the same polygon (Wadi Al Safa 2)),the middle of the card's own community; the exact plot is not in our data yet
liwan1,Liwan1,Mazaya 14,liwan1|mazaya14,,,133,0,Liwan1,district,community centre,Liwan1 (Wadi Al Safa 2),643,register master community,the middle of the card's own community; the exact plot is not in our data yet
liwan1,Liwan1,National Bonds Jewels,liwan1|nationalbondsjewels,,,137,0,Liwan1,district,community centre,Liwan1 (Wadi Al Safa 2),643,register master community,the middle of the card's own community; the exact plot is not in our data yet
liwan1,Liwan1,Parkgreen Residences By Alishaan,liwan1|parkgreenresidences,4197,ACTIVE,8,6,Liwan,sales_area,community centre,Liwan1 (Wadi Al Safa 2),643,alias (the card sits in our district Liwan1 (sales area name 'Liwan1'); a Liwan card with a register area ties to the same polygon (Wadi Al Safa 2)),the middle of the card's own community; the exact plot is not in our data yet
liwan1,Liwan1,Platinum by vision,liwan1|platinum,2932,FINISHED,114,0,Liwan1,district,community centre,Liwan1 (Wadi Al Safa 2),643,register master community,the middle of the card's own community; the exact plot is not in our data yet
liwan1,Liwan1,Qline (Qpoint phase II) R010,liwan1|qlineqpointphaseiir010,1905,FINISHED,153,10,Liwan,sales_area,community centre,Liwan1 (Wadi Al Safa 2),643,alias (the card sits in our district Liwan1 (sales area name 'Liwan1'); a Liwan card with a register area ties to the same polygon (Wadi Al Safa 2)),the middle of the card's own community; the exact plot is not in our data yet
liwan1,Liwan1,Qpoint Liwan - Plot R002,liwan1|qpointliwanplotr002,1185,FINISHED,63,11,Liwan,sales_area,community centre,Liwan1 (Wadi Al Safa 2),643,alias (the card sits in our district Liwan1 (sales area name 'Liwan1'); a Liwan card with a register area ties to the same polygon (Wadi Al Safa 2)),the middle of the card's own community; the exact plot is not in our data yet
liwan1,Liwan1,Qpoint Liwan - Plot R003,liwan1|qpointliwanplotr003,1187,FINISHED,29,10,Liwan,sales_area,community centre,Liwan1 (Wadi Al Safa 2),643,alias (the card sits in our district Liwan1 (sales area name 'Liwan1'); a Liwan card with a register area ties to the same polygon (Wadi Al Safa 2)),the middle of the card's own community; the exact plot is not in our data yet
liwan1,Liwan1,Qpoint Liwan- R093,liwan1|qpointliwanr093,1208,FINISHED,24,9,Liwan,sales_area,community centre,Liwan1 (Wadi Al Safa 2),643,alias (the card sits in our district Liwan1 (sales area name 'Liwan1'); a Liwan card with a register area ties to the same polygon (Wadi Al Safa 2)),the middle of the card's own community; the exact plot is not in our data yet
liwan1,Liwan1,Qpoint Liwan-Plot R004,liwan1|qpointliwanplotr004,1188,FINISHED,16,10,Liwan,sales_area,community centre,Liwan1 (Wadi Al Safa 2),643,alias (the card sits in our district Liwan1 (sales area name 'Liwan1'); a Liwan card with a register area ties to the same polygon (Wadi Al Safa 2)),the middle of the card's own community; the exact plot is not in our data yet
liwan1,Liwan1,Qpoint Liwan-Plot R005,liwan1|qpointliwanplotr005,1189,FINISHED,77,21,Liwan,sales_area,community centre,Liwan1 (Wadi Al Safa 2),643,alias (the card sits in our district Liwan1 (sales area name 'Liwan1'); a Liwan card with a register area ties to the same polygon (Wadi Al Safa 2)),the middle of the card's own community; the exact plot is not in our data yet
liwan1,Liwan1,Qpoint Liwan-Plot R008 A&B,liwan1|qpointliwanplotr008ab,1183,FINISHED,130,24,Liwan,sales_area,community centre,Liwan1 (Wadi Al Safa 2),643,alias (the card sits in our district Liwan1 (sales area name 'Liwan1'); a Liwan card with a register area ties to the same polygon (Wadi Al Safa 2)),the middle of the card's own community; the exact plot is not in our data yet
liwan1,Liwan1,Qpoint Liwan-Plot R009,liwan1|qpointliwanplotr009,1190,FINISHED,53,5,Liwan,sales_area,community centre,Liwan1 (Wadi Al Safa 2),643,alias (the card sits in our district Liwan1 (sales area name 'Liwan1'); a Liwan card with a register area ties to the same polygon (Wadi Al Safa 2)),the middle of the card's own community; the exact plot is not in our data yet
liwan1,Liwan1,Qpoint Liwan-Plot R015,liwan1|qpointliwanplotr015,1186,FINISHED,56,4,Liwan,sales_area,community centre,Liwan1 (Wadi Al Safa 2),643,alias (the card sits in our district Liwan1 (sales area name 'Liwan1'); a Liwan card with a register area ties to the same polygon (Wadi Al Safa 2)),the middle of the card's own community; the exact plot is not in our data yet
liwan1,Liwan1,Qpoint Liwan-Plot R016,liwan1|qpointliwanplotr016,1191,FINISHED,34,4,Liwan,sales_area,community centre,Liwan1 (Wadi Al Safa 2),643,alias (the card sits in our district Liwan1 (sales area name 'Liwan1'); a Liwan card with a register area ties to the same polygon (Wadi Al Safa 2)),the middle of the card's own community; the exact plot is not in our data yet
liwan1,Liwan1,Qpoint Liwan-Plot R017,liwan1|qpointliwanplotr017,1182,FINISHED,16,5,Liwan1,district,community centre,Liwan1 (Wadi Al Safa 2),643,register master community,the middle of the card's own community; the exact plot is not in our data yet
liwan1,Liwan1,Qpoint Liwan-Plot R020,liwan1|qpointliwanplotr020,1217,FINISHED,12,5,Liwan,sales_area,community centre,Liwan1 (Wadi Al Safa 2),643,alias (the card sits in our district Liwan1 (sales area name 'Liwan1'); a Liwan card with a register area ties to the same polygon (Wadi Al Safa 2)),the middle of the card's own community; the exact plot is not in our data yet
liwan1,Liwan1,Qpoint Liwan-Plot R022,liwan1|qpointliwanplotr022,1219,FINISHED,12,0,Liwan1,district,community centre,Liwan1 (Wadi Al Safa 2),643,register master community,the middle of the card's own community; the exact plot is not in our data yet
liwan1,Liwan1,Qpoint Liwan-Plot R046,liwan1|qpointliwanplotr046,1198,FINISHED,9,3,Liwan,sales_area,community centre,Liwan1 (Wadi Al Safa 2),643,alias (the card sits in our district Liwan1 (sales area name 'Liwan1'); a Liwan card with a register area ties to the same polygon (Wadi Al Safa 2)),the middle of the card's own community; the exact plot is not in our data yet
liwan1,Liwan1,Qpoint Liwan-Plot R047,liwan1|qpointliwanplotr047,1195,FINISHED,26,5,Liwan,sales_area,community centre,Liwan1 (Wadi Al Safa 2),643,alias (the card sits in our district Liwan1 (sales area name 'Liwan1'); a Liwan card with a register area ties to the same polygon (Wadi Al Safa 2)),the middle of the card's own community; the exact plot is not in our data yet
liwan1,Liwan1,Qpoint Liwan-Plot R048,liwan1|qpointliwanplotr048,1193,FINISHED,20,6,Liwan,sales_area,community centre,Liwan1 (Wadi Al Safa 2),643,alias (the card sits in our district Liwan1 (sales area name 'Liwan1'); a Liwan card with a register area ties to the same polygon (Wadi Al Safa 2)),the middle of the card's own community; the exact plot is not in our data yet
liwan1,Liwan1,Qpoint Liwan-Plot R051,liwan1|qpointliwanplotr051,1196,FINISHED,21,9,Liwan,sales_area,community centre,Liwan1 (Wadi Al Safa 2),643,alias (the card sits in our district Liwan1 (sales area name 'Liwan1'); a Liwan card with a register area ties to the same polygon (Wadi Al Safa 2)),the middle of the card's own community; the exact plot is not in our data yet
liwan1,Liwan1,Qpoint Liwan-Plot R052,liwan1|qpointliwanplotr052,1197,FINISHED,10,3,Liwan,sales_area,community centre,Liwan1 (Wadi Al Safa 2),643,alias (the card sits in our district Liwan1 (sales area name 'Liwan1'); a Liwan card with a register area ties to the same polygon (Wadi Al Safa 2)),the middle of the card's own community; the exact plot is not in our data yet
liwan1,Liwan1,Qpoint Liwan-Plot R053,liwan1|qpointliwanplotr053,1199,FINISHED,14,0,Liwan1,district,community centre,Liwan1 (Wadi Al Safa 2),643,register master community,the middle of the card's own community; the exact plot is not in our data yet
liwan1,Liwan1,Qpoint Liwan-Plot R055,liwan1|qpointliwanplotr055,1201,FINISHED,30,5,Liwan1,district,community centre,Liwan1 (Wadi Al Safa 2),643,register master community,the middle of the card's own community; the exact plot is not in our data yet
liwan1,Liwan1,Qpoint Liwan-Plot R068,liwan1|qpointliwanplotr068,1221,FINISHED,15,7,Liwan1,district,community centre,Liwan1 (Wadi Al Safa 2),643,register master community,the middle of the card's own community; the exact plot is not in our data yet
liwan1,Liwan1,Qpoint Liwan-Plot R069,liwan1|qpointliwanplotr069,1223,FINISHED,26,6,Liwan,sales_area,community centre,Liwan1 (Wadi Al Safa 2),643,alias (the card sits in our district Liwan1 (sales area name 'Liwan1'); a Liwan card with a register area ties to the same polygon (Wadi Al Safa 2)),the middle of the card's own community; the exact plot is not in our data yet
liwan1,Liwan1,Qpoint Liwan-Plot R070,liwan1|qpointliwanplotr070,1224,FINISHED,19,4,Liwan1,district,community centre,Liwan1 (Wadi Al Safa 2),643,register master community,the middle of the card's own community; the exact plot is not in our data yet
liwan1,Liwan1,Qpoint Liwan-Plot R071,liwan1|qpointliwanplotr071,1203,FINISHED,11,3,Liwan1,district,community centre,Liwan1 (Wadi Al Safa 2),643,register master community,the middle of the card's own community; the exact plot is not in our data yet
liwan1,Liwan1,Qpoint Liwan-Plot R072,liwan1|qpointliwanplotr072,1204,FINISHED,26,10,Liwan,sales_area,community centre,Liwan1 (Wadi Al Safa 2),643,alias (the card sits in our district Liwan1 (sales area name 'Liwan1'); a Liwan card with a register area ties to the same polygon (Wadi Al Safa 2)),the middle of the card's own community; the exact plot is not in our data yet
liwan1,Liwan1,Qpoint Liwan-Plot R092,liwan1|qpointliwanplotr092,1210,FINISHED,23,7,Liwan1,district,community centre,Liwan1 (Wadi Al Safa 2),643,register master community,the middle of the card's own community; the exact plot is not in our data yet
liwan1,Liwan1,Qpoint Liwan-Plot R094,liwan1|qpointliwanplotr094,1205,FINISHED,19,7,Liwan,sales_area,community centre,Liwan1 (Wadi Al Safa 2),643,alias (the card sits in our district Liwan1 (sales area name 'Liwan1'); a Liwan card with a register area ties to the same polygon (Wadi Al Safa 2)),the middle of the card's own community; the exact plot is not in our data yet
liwan1,Liwan1,Qpoint Liwan-Plot R095,liwan1|qpointliwanplotr095,1213,FINISHED,18,3,Liwan1,district,community centre,Liwan1 (Wadi Al Safa 2),643,register master community,the middle of the card's own community; the exact plot is not in our data yet
liwan1,Liwan1,Qpoint Liwan-Plot R096,liwan1|qpointliwanplotr096,1214,FINISHED,35,3,Liwan1,district,community centre,Liwan1 (Wadi Al Safa 2),643,register master community,the middle of the card's own community; the exact plot is not in our data yet
liwan1,Liwan1,Qpoint Liwan-Plot R097,liwan1|qpointliwanplotr097,1215,FINISHED,18,9,Liwan1,district,community centre,Liwan1 (Wadi Al Safa 2),643,register master community,the middle of the card's own community; the exact plot is not in our data yet
liwan1,Liwan1,Qpoint Liwan-Plot R098,liwan1|qpointliwanplotr098,1216,FINISHED,11,9,Liwan,sales_area,community centre,Liwan1 (Wadi Al Safa 2),643,alias (the card sits in our district Liwan1 (sales area name 'Liwan1'); a Liwan card with a register area ties to the same polygon (Wadi Al Safa 2)),the middle of the card's own community; the exact plot is not in our data yet
liwan1,Liwan1,Qpoint Liwan-Plot R099,liwan1|qpointliwanplotr099,1212,FINISHED,20,6,Liwan,sales_area,community centre,Liwan1 (Wadi Al Safa 2),643,alias (the card sits in our district Liwan1 (sales area name 'Liwan1'); a Liwan card with a register area ties to the same polygon (Wadi Al Safa 2)),the middle of the card's own community; the exact plot is not in our data yet
liwan1,Liwan1,Qpoint Liwan-Plotr001,liwan1|qpointliwanplotr001,895,FINISHED,61,7,Liwan1,district,community centre,Liwan1 (Wadi Al Safa 2),643,register master community,the middle of the card's own community; the exact plot is not in our data yet
liwan1,Liwan1,Qpoint Liwan-R019,liwan1|qpointliwanr019,1192,FINISHED,16,6,Liwan,sales_area,community centre,Liwan1 (Wadi Al Safa 2),643,alias (the card sits in our district Liwan1 (sales area name 'Liwan1'); a Liwan card with a register area ties to the same polygon (Wadi Al Safa 2)),the middle of the card's own community; the exact plot is not in our data yet
liwan1,Liwan1,Reem by vision,liwan1|reem,3612,NOT_STARTED,191,141,Liwan,sales_area,community centre,Liwan1 (Wadi Al Safa 2),643,alias (the card sits in our district Liwan1 (sales area name 'Liwan1'); a Liwan card with a register area ties to the same polygon (Wadi Al Safa 2)),the middle of the card's own community; the exact plot is not in our data yet
liwan1,Liwan1,Sakura Gardens by HRE,liwan1|sakuragardens,4111,ACTIVE,207,181,Falcon City,register_master,community centre,Falcon City (Wadi Al Safa 2),643,register master community,the middle of the card's own community; the exact plot is not in our data yet
liwan1,Liwan1,Serra Residence By Wujod,liwan1|serraresidence,4272,,3,3,Liwan2,register_master,community centre,Liwan2 (Wadi Al Safa 2),643,register master community,the middle of the card's own community; the exact plot is not in our data yet
liwan1,Liwan1,Symbolic Alpha,liwan1|symbolicalpha,2668,FINISHED,132,14,Liwan1,district,community centre,Liwan1 (Wadi Al Safa 2),643,register master community,the middle of the card's own community; the exact plot is not in our data yet
liwan1,Liwan1,Symbolic Altus,liwan1|symbolicaltus,4126,PENDING,42,40,Liwan,sales_area,community centre,Liwan1 (Wadi Al Safa 2),643,alias (the card sits in our district Liwan1 (sales area name 'Liwan1'); a Liwan card with a register area ties to the same polygon (Wadi Al Safa 2)),the middle of the card's own community; the exact plot is not in our data yet
liwan1,Liwan1,Vision 1,liwan1|vision1,,,114,0,Liwan1,district,community centre,Liwan1 (Wadi Al Safa 2),643,register master community,the middle of the card's own community; the exact plot is not in our data yet
liwan1,Liwan1,WESTERN RESIDENCE - NORTH,liwan1|westernresidencenorth,32,FINISHED,113,6,Falcon City,register_master,community centre,Falcon City (Wadi Al Safa 2),643,register master community,the middle of the card's own community; the exact plot is not in our data yet
liwan1,Liwan1,WESTERN RESIDENCE - NORTH - 25 VILLAS,liwan1|westernresidencenorth25villas,1575,FINISHED,24,2,Liwan1,district_of_card,community centre,Liwan1 (Wadi Al Safa 2),643,register master community (the card's district),the middle of the card's own community; the exact plot is not in our data yet
liwan1,Liwan1,Wavez Residence,liwan1|wavezresidence,2175,FINISHED,559,33,Liwan,sales_area,community centre,Liwan1 (Wadi Al Safa 2),643,alias (the card sits in our district Liwan1 (sales area name 'Liwan1'); a Liwan card with a register area ties to the same polygon (Wadi Al Safa 2)),the middle of the card's own community; the exact plot is not in our data yet
liwan1,Liwan1,Zenith One,liwan1|zenithone,,,5,0,Liwan2,register_master,community centre,Liwan2 (Wadi Al Safa 2),643,register master community,the middle of the card's own community; the exact plot is not in our data yet
madinatalmataar,Dubai South,Aero 1,madinatalmataar|aero1,3728,NOT_STARTED,11,11,Dubai South Residential District,register_master,community centre,Dubai South Residential District (Madinat Al Mataar),521,register master community,the middle of the card's own community; the exact plot is not in our data yet
madinatalmataar,Dubai South,Altair 52,madinatalmataar|altair52,3657,NOT_STARTED,20,20,Dubai South Residential District,register_master,community centre,Dubai South Residential District (Madinat Al Mataar),521,register master community,the middle of the card's own community; the exact plot is not in our data yet
madinatalmataar,Dubai South,Astra Residences,madinatalmataar|astraresidences,4040,ACTIVE,18,18,Dubai South Residential District,register_master,community centre,Dubai South Residential District (Madinat Al Mataar),521,register master community,the middle of the card's own community; the exact plot is not in our data yet
madinatalmataar,Dubai South,Avenew888 - Modo,madinatalmataar|avenew888modo,3828,NOT_STARTED,181,131,Dubai South Residential District,register_master,community centre,Dubai South Residential District (Madinat Al Mataar),521,register master community,the middle of the card's own community; the exact plot is not in our data yet
madinatalmataar,Dubai South,Avenew888-Loom,madinatalmataar|avenew888loom,4293,ACTIVE,220,219,Dubai South Residential District,register_master,community centre,Dubai South Residential District (Madinat Al Mataar),521,register master community,the middle of the card's own community; the exact plot is not in our data yet
madinatalmataar,Dubai South,Avion Residence,madinatalmataar|avionresidence,3653,NOT_STARTED,50,41,Dubai South Residential District,register_master,community centre,Dubai South Residential District (Madinat Al Mataar),521,register master community,the middle of the card's own community; the exact plot is not in our data yet
madinatalmataar,Dubai South,Beachfront Gates 2,madinatalmataar|beachfrontgates2,3379,NOT_STARTED,136,17,Dubai South Residential District,register_master,community centre,Dubai South Residential District (Madinat Al Mataar),521,register master community,the middle of the card's own community; the exact plot is not in our data yet
madinatalmataar,Dubai South,Bling Avenue 1,madinatalmataar|blingavenue1,3582,ACTIVE,17,17,Dubai South Residential District,register_master,community centre,Dubai South Residential District (Madinat Al Mataar),521,register master community,the middle of the card's own community; the exact plot is not in our data yet
madinatalmataar,Dubai South,COURTYARD ONE,madinatalmataar|courtyardone,3857,PENDING,8,8,Dubai South Residential District,register_master,community centre,Dubai South Residential District (Madinat Al Mataar),521,register master community,the middle of the card's own community; the exact plot is not in our data yet
madinatalmataar,Dubai South,Casa Aura Residence,madinatalmataar|casaauraresidence,3522,NOT_STARTED,11,11,Dubai South Residential District,register_master,community centre,Dubai South Residential District (Madinat Al Mataar),521,register master community,the middle of the card's own community; the exact plot is not in our data yet
madinatalmataar,Dubai South,Celestia,madinatalmataar|celestia,1487,FINISHED,856,74,Dubai South Residential District,register_master,community centre,Dubai South Residential District (Madinat Al Mataar),521,register master community,the middle of the card's own community; the exact plot is not in our data yet
madinatalmataar,Dubai South,Cresswell Plaza,madinatalmataar|cresswellplaza,4359,,22,22,Dubai South Residential District,register_master,community centre,Dubai South Residential District (Madinat Al Mataar),521,register master community,the middle of the card's own community; the exact plot is not in our data yet
madinatalmataar,Dubai South,Cresswell Views,madinatalmataar|cresswellviews,3583,NOT_STARTED,22,22,Dubai South Residential District,register_master,community centre,Dubai South Residential District (Madinat Al Mataar),521,register master community,the middle of the card's own community; the exact plot is not in our data yet
madinatalmataar,Dubai South,Divine Elements,madinatalmataar|divineelements,4142,ACTIVE,49,48,Dubai South Residential District,register_master,community centre,Dubai South Residential District (Madinat Al Mataar),521,register master community,the middle of the card's own community; the exact plot is not in our data yet
madinatalmataar,Dubai South,Expo City Al Waha Residences 01,madinatalmataar|expocityalwaharesidences01,3523,ACTIVE,15,15,Expo City,register_master,community centre,Madinat Al Mataar,521,"alias (Expo City stands inside the Dubai Municipality community Madinat Al Mataar (our centres file, caption of community 521))",the middle of the card's own community; the exact plot is not in our data yet
madinatalmataar,Dubai South,Expo City Al Waha Residences 02,madinatalmataar|expocityalwaharesidences02,3567,ACTIVE,273,63,Expo City,register_master,community centre,Madinat Al Mataar,521,"alias (Expo City stands inside the Dubai Municipality community Madinat Al Mataar (our centres file, caption of community 521))",the middle of the card's own community; the exact plot is not in our data yet
madinatalmataar,Dubai South,Expo City Sidr Residences,madinatalmataar|expocitysidrresidences,3308,ACTIVE,419,45,Expo City,register_master,community centre,Madinat Al Mataar,521,"alias (Expo City stands inside the Dubai Municipality community Madinat Al Mataar (our centres file, caption of community 521))",the middle of the card's own community; the exact plot is not in our data yet
madinatalmataar,Dubai South,Expo City Valley,madinatalmataar|expocityvalley,2623,ACTIVE,480,13,Dubai World Central,register_master,community centre,Dubai World Central (Madinat Al Mataar),521,register master community,the middle of the card's own community; the exact plot is not in our data yet
madinatalmataar,Dubai South,Fairway Villas 3,madinatalmataar|fairwayvillas3,2963,ACTIVE,3,3,Dubai World Central,register_master,community centre,Dubai World Central (Madinat Al Mataar),521,register master community,the middle of the card's own community; the exact plot is not in our data yet
madinatalmataar,Dubai South,Golden Woods Albab Views,madinatalmataar|goldenwoodsalbabviews,3591,NOT_STARTED,66,54,Dubai South Residential District,register_master,community centre,Dubai South Residential District (Madinat Al Mataar),521,register master community,the middle of the card's own community; the exact plot is not in our data yet
madinatalmataar,Dubai South,Golf Acres,madinatalmataar|golfacres,3426,NOT_STARTED,117,0,Dubai World Central,register_master,community centre,Dubai World Central (Madinat Al Mataar),521,register master community,the middle of the card's own community; the exact plot is not in our data yet
madinatalmataar,Dubai South,Golf Edge,madinatalmataar|golfedge,3385,NOT_STARTED,168,0,Dubai World Central,register_master,community centre,Dubai World Central (Madinat Al Mataar),521,register master community,the middle of the card's own community; the exact plot is not in our data yet
madinatalmataar,Dubai South,Golf Hills,madinatalmataar|golfhills,4117,PENDING,166,166,Dubai World Central,register_master,community centre,Dubai World Central (Madinat Al Mataar),521,register master community,the middle of the card's own community; the exact plot is not in our data yet
madinatalmataar,Dubai South,Golf Hills 2,madinatalmataar|golfhills2,4119,PENDING,161,161,Dubai World Central,register_master,community centre,Dubai World Central (Madinat Al Mataar),521,register master community,the middle of the card's own community; the exact plot is not in our data yet
madinatalmataar,Dubai South,Golf Lane,madinatalmataar|golflane,3111,ACTIVE,4,4,Dubai World Central,register_master,community centre,Dubai World Central (Madinat Al Mataar),521,register master community,the middle of the card's own community; the exact plot is not in our data yet
madinatalmataar,Dubai South,Golf Meadow,madinatalmataar|golfmeadow,3579,NOT_STARTED,183,12,Dubai World Central,register_master,community centre,Dubai World Central (Madinat Al Mataar),521,register master community,the middle of the card's own community; the exact plot is not in our data yet
madinatalmataar,Dubai South,Golf Point,madinatalmataar|golfpoint,3215,ACTIVE,591,33,Dubai World Central,register_master,community centre,Dubai World Central (Madinat Al Mataar),521,register master community,the middle of the card's own community; the exact plot is not in our data yet
madinatalmataar,Dubai South,Golf Trails,madinatalmataar|golftrails,4523,,86,65,Dubai World Central,register_master,community centre,Dubai World Central (Madinat Al Mataar),521,register master community,the middle of the card's own community; the exact plot is not in our data yet
madinatalmataar,Dubai South,Golf Verge,madinatalmataar|golfverge,3578,NOT_STARTED,174,12,Dubai World Central,register_master,community centre,Dubai World Central (Madinat Al Mataar),521,register master community,the middle of the card's own community; the exact plot is not in our data yet
madinatalmataar,Dubai South,Greenridge,madinatalmataar|greenridge,3283,ACTIVE,9,9,Dubai World Central,register_master,community centre,Dubai World Central (Madinat Al Mataar),521,register master community,the middle of the card's own community; the exact plot is not in our data yet
madinatalmataar,Dubai South,Greenspoint,madinatalmataar|greenspoint,3514,ACTIVE,5,5,Dubai World Central,register_master,community centre,Dubai World Central (Madinat Al Mataar),521,register master community,the middle of the card's own community; the exact plot is not in our data yet
madinatalmataar,Dubai South,Greenspoint 2,madinatalmataar|greenspoint2,3558,NOT_STARTED,3,3,Dubai World Central,register_master,community centre,Dubai World Central (Madinat Al Mataar),521,register master community,the middle of the card's own community; the exact plot is not in our data yet
madinatalmataar,Dubai South,Greenview,madinatalmataar|greenview,2157,FINISHED,16,16,Dubai World Central,register_master,community centre,Dubai World Central (Madinat Al Mataar),521,register master community,the middle of the card's own community; the exact plot is not in our data yet
madinatalmataar,Dubai South,Greenview 2,madinatalmataar|greenview2,2172,FINISHED,28,28,Dubai World Central,register_master,community centre,Dubai World Central (Madinat Al Mataar),521,register master community,the middle of the card's own community; the exact plot is not in our data yet
madinatalmataar,Dubai South,Greenview 3,madinatalmataar|greenview3,2373,FINISHED,34,34,Dubai World Central,register_master,community centre,Dubai World Central (Madinat Al Mataar),521,register master community,the middle of the card's own community; the exact plot is not in our data yet
madinatalmataar,Dubai South,Greenville 2,madinatalmataar|greenville2,3319,ACTIVE,3,3,Dubai World Central,register_master,community centre,Dubai World Central (Madinat Al Mataar),521,register master community,the middle of the card's own community; the exact plot is not in our data yet
madinatalmataar,Dubai South,Greenway,madinatalmataar|greenway,3032,ACTIVE,6,6,Dubai World Central,register_master,community centre,Dubai World Central (Madinat Al Mataar),521,register master community,the middle of the card's own community; the exact plot is not in our data yet
madinatalmataar,Dubai South,Greenway 2,madinatalmataar|greenway2,3121,ACTIVE,21,21,Dubai World Central,register_master,community centre,Dubai World Central (Madinat Al Mataar),521,register master community,the middle of the card's own community; the exact plot is not in our data yet
madinatalmataar,Dubai South,Grove Ridge,madinatalmataar|groveridge,4200,ACTIVE,160,160,Dubai World Central,register_master,community centre,Dubai World Central (Madinat Al Mataar),521,register master community,the middle of the card's own community; the exact plot is not in our data yet
madinatalmataar,Dubai South,Hayat 1,madinatalmataar|hayat1,4422,ACTIVE,106,106,Dubai World Central,register_master,community centre,Dubai World Central (Madinat Al Mataar),521,register master community,the middle of the card's own community; the exact plot is not in our data yet
madinatalmataar,Dubai South,Hayat 2,madinatalmataar|hayat2,3809,ACTIVE,137,137,Dubai World Central,register_master,community centre,Dubai World Central (Madinat Al Mataar),521,register master community,the middle of the card's own community; the exact plot is not in our data yet
madinatalmataar,Dubai South,Hayat 3,madinatalmataar|hayat3,3810,ACTIVE,139,139,Dubai World Central,register_master,community centre,Dubai World Central (Madinat Al Mataar),521,register master community,the middle of the card's own community; the exact plot is not in our data yet
madinatalmataar,Dubai South,Hayat 4,madinatalmataar|hayat4,4038,ACTIVE,191,191,Dubai World Central,register_master,community centre,Dubai World Central (Madinat Al Mataar),521,register master community,the middle of the card's own community; the exact plot is not in our data yet
madinatalmataar,Dubai South,Hayat 5,madinatalmataar|hayat5,4053,ACTIVE,108,108,Dubai World Central,register_master,community centre,Dubai World Central (Madinat Al Mataar),521,register master community,the middle of the card's own community; the exact plot is not in our data yet
madinatalmataar,Dubai South,Hayat 6,madinatalmataar|hayat6,4423,ACTIVE,64,64,Dubai World Central,register_master,community centre,Dubai World Central (Madinat Al Mataar),521,register master community,the middle of the card's own community; the exact plot is not in our data yet
madinatalmataar,Dubai South,Lilian Residences,madinatalmataar|lilianresidences,3468,NOT_STARTED,66,66,Dubai South Residential District,register_master,community centre,Dubai South Residential District (Madinat Al Mataar),521,register master community,the middle of the card's own community; the exact plot is not in our data yet
madinatalmataar,Dubai South,Lincoln Star Residence,madinatalmataar|lincolnstarresidence,3102,ACTIVE,37,32,Dubai South Residential District,register_master,community centre,Dubai South Residential District (Madinat Al Mataar),521,register master community,the middle of the card's own community; the exact plot is not in our data yet
madinatalmataar,Dubai South,Livia Residence,madinatalmataar|liviaresidence,3687,NOT_STARTED,37,37,Dubai South Residential District,register_master,community centre,Dubai South Residential District (Madinat Al Mataar),521,register master community,the middle of the card's own community; the exact plot is not in our data yet
madinatalmataar,Dubai South,MAG 5 BOULEVARD,madinatalmataar|mag5boulevard,1673,FINISHED,1116,96,Dubai South Residential District,register_master,community centre,Dubai South Residential District (Madinat Al Mataar),521,register master community,the middle of the card's own community; the exact plot is not in our data yet
madinatalmataar,Dubai South,MAJESTIQUE RESIDENCE 2,madinatalmataar|majestiqueresidence2,2134,FINISHED,47,33,Dubai South Residential District,register_master,community centre,Dubai South Residential District (Madinat Al Mataar),521,register master community,the middle of the card's own community; the exact plot is not in our data yet
madinatalmataar,Dubai South,MIORAH By Zoya,madinatalmataar|miorah,4228,,39,39,Dubai South Residential District,register_master,community centre,Dubai South Residential District (Madinat Al Mataar),521,register master community,the middle of the card's own community; the exact plot is not in our data yet
madinatalmataar,Dubai South,Marquis Horizon,madinatalmataar|marquishorizon,4372,ACTIVE,69,66,Dubai South Residential District,register_master,community centre,Dubai South Residential District (Madinat Al Mataar),521,register master community,the middle of the card's own community; the exact plot is not in our data yet
madinatalmataar,Dubai South,Myra Residences,madinatalmataar|myraresidences,3658,NOT_STARTED,14,14,Dubai South Residential District,register_master,community centre,Dubai South Residential District (Madinat Al Mataar),521,register master community,the middle of the card's own community; the exact plot is not in our data yet
madinatalmataar,Dubai South,Nanma Lotus,madinatalmataar|nanmalotus,4447,ACTIVE,15,4,Dubai South Residential District,register_master,community centre,Dubai South Residential District (Madinat Al Mataar),521,register master community,the middle of the card's own community; the exact plot is not in our data yet
madinatalmataar,Dubai South,Parkside,madinatalmataar|parkside,2102,FINISHED,593,42,Dubai World Central,register_master,community centre,Dubai World Central (Madinat Al Mataar),521,register master community,the middle of the card's own community; the exact plot is not in our data yet
madinatalmataar,Dubai South,Parkside 2,madinatalmataar|parkside2,2130,FINISHED,710,30,Dubai World Central,register_master,community centre,Dubai World Central (Madinat Al Mataar),521,register master community,the middle of the card's own community; the exact plot is not in our data yet
madinatalmataar,Dubai South,Parkside 3,madinatalmataar|parkside3,2148,FINISHED,647,33,Dubai World Central,register_master,community centre,Dubai World Central (Madinat Al Mataar),521,register master community,the middle of the card's own community; the exact plot is not in our data yet
madinatalmataar,Dubai South,South Bay 1,madinatalmataar|southbay1,2452,ACTIVE,14,14,Dubai South Residential District,register_master,community centre,Dubai South Residential District (Madinat Al Mataar),521,register master community,the middle of the card's own community; the exact plot is not in our data yet
madinatalmataar,Dubai South,South Bay 2,madinatalmataar|southbay2,2584,ACTIVE,14,14,Dubai South Residential District,register_master,community centre,Dubai South Residential District (Madinat Al Mataar),521,register master community,the middle of the card's own community; the exact plot is not in our data yet
madinatalmataar,Dubai South,South Bay 3 Premium,madinatalmataar|southbay3premium,2711,ACTIVE,26,26,Dubai South Residential District,register_master,community centre,Dubai South Residential District (Madinat Al Mataar),521,register master community,the middle of the card's own community; the exact plot is not in our data yet
madinatalmataar,Dubai South,South Bay 4 Premium,madinatalmataar|southbay4premium,2844,ACTIVE,14,14,Dubai South Residential District,register_master,community centre,Dubai South Residential District (Madinat Al Mataar),521,register master community,the middle of the card's own community; the exact plot is not in our data yet
madinatalmataar,Dubai South,South Bay 5 Premium,madinatalmataar|southbay5premium,2985,NOT_STARTED,26,26,Dubai South Residential District,register_master,community centre,Dubai South Residential District (Madinat Al Mataar),521,register master community,the middle of the card's own community; the exact plot is not in our data yet
madinatalmataar,Dubai South,South Bay 6 Premium,madinatalmataar|southbay6premium,3051,ACTIVE,16,16,Dubai South Residential District,register_master,community centre,Dubai South Residential District (Madinat Al Mataar),521,register master community,the middle of the card's own community; the exact plot is not in our data yet
madinatalmataar,Dubai South,South Living,madinatalmataar|southliving,1946,ACTIVE,141,20,Dubai South Residential District,register_master,community centre,Dubai South Residential District (Madinat Al Mataar),521,register master community,the middle of the card's own community; the exact plot is not in our data yet
madinatalmataar,Dubai South,South Residence 1,madinatalmataar|southresidence1,,,41,0,Dubai South Residential District,register_master,community centre,Dubai South Residential District (Madinat Al Mataar),521,register master community,the middle of the card's own community; the exact plot is not in our data yet
madinatalmataar,Dubai South,South Square,madinatalmataar|southsquare,3711,NOT_STARTED,414,329,Dubai World Central,register_master,community centre,Dubai World Central (Madinat Al Mataar),521,register master community,the middle of the card's own community; the exact plot is not in our data yet
madinatalmataar,Dubai South,Stories By Mirfa,madinatalmataar|stories,4353,ACTIVE,37,25,Dubai South Residential District,register_master,community centre,Dubai South Residential District (Madinat Al Mataar),521,register master community,the middle of the card's own community; the exact plot is not in our data yet
madinatalmataar,Dubai South,Terra Heights,madinatalmataar|terraheights,3381,ACTIVE,1012,86,Expo City,register_master,community centre,Madinat Al Mataar,521,"alias (Expo City stands inside the Dubai Municipality community Madinat Al Mataar (our centres file, caption of community 521))",the middle of the card's own community; the exact plot is not in our data yet
madinatalmataar,Dubai South,Terra Woods,madinatalmataar|terrawoods,4367,ACTIVE,471,453,Expo City,register_master,community centre,Madinat Al Mataar,521,"alias (Expo City stands inside the Dubai Municipality community Madinat Al Mataar (our centres file, caption of community 521))",the middle of the card's own community; the exact plot is not in our data yet
madinatalmataar,Dubai South,The Eighty Three,madinatalmataar|theeightythree,3270,ACTIVE,48,22,Dubai South Residential District,register_master,community centre,Dubai South Residential District (Madinat Al Mataar),521,register master community,the middle of the card's own community; the exact plot is not in our data yet
madinatalmataar,Dubai South,The L A X,madinatalmataar|thelax,,,37,0,Dubai South Residential District,register_master,community centre,Dubai South Residential District (Madinat Al Mataar),521,register master community,the middle of the card's own community; the exact plot is not in our data yet
madinatalmataar,Dubai South,The Pulse Beachfront 2,madinatalmataar|thepulsebeachfront2,2328,FINISHED,27,27,Dubai South Residential District,register_master,community centre,Dubai South Residential District (Madinat Al Mataar),521,register master community,the middle of the card's own community; the exact plot is not in our data yet
madinatalmataar,Dubai South,The Pulse Beachfront 3,madinatalmataar|thepulsebeachfront3,2367,FINISHED,477,80,Dubai South Residential District,register_master,community centre,Dubai South Residential District (Madinat Al Mataar),521,register master community,the middle of the card's own community; the exact plot is not in our data yet
madinatalmataar,Dubai South,The Pulse Boulevard Apartments-C1,madinatalmataar|thepulseboulevardapartmentsc1,1828,FINISHED,6,6,Dubai South Residential District,register_master,community centre,Dubai South Residential District (Madinat Al Mataar),521,register master community,the middle of the card's own community; the exact plot is not in our data yet
madinatalmataar,Dubai South,The Pulse Townhouses Cluster 20,madinatalmataar|thepulsetownhousescluster20,1804,,18,0,Dubai South Residential District,register_master,community centre,Dubai South Residential District (Madinat Al Mataar),521,register master community,the middle of the card's own community; the exact plot is not in our data yet
madinatalmataar,Dubai South,The Pulse- Beachfront,madinatalmataar|thepulsebeachfront,2306,FINISHED,466,52,Dubai South Residential District,register_master,community centre,Dubai South Residential District (Madinat Al Mataar),521,register master community,the middle of the card's own community; the exact plot is not in our data yet
madinatalmataar,Dubai South,Timber Terrace,madinatalmataar|timberterrace,4165,,33,33,Dubai South Residential District,register_master,community centre,Dubai South Residential District (Madinat Al Mataar),521,register master community,the middle of the card's own community; the exact plot is not in our data yet
madinatalmataar,Dubai South,Trafford Residence,madinatalmataar|traffordresidence,3117,ACTIVE,43,18,Dubai South Residential District,register_master,community centre,Dubai South Residential District (Madinat Al Mataar),521,register master community,the middle of the card's own community; the exact plot is not in our data yet
madinatalmataar,Dubai South,URBANA,madinatalmataar|urbana,1808,FINISHED,16,16,Dubai World Central,register_master,community centre,Dubai World Central (Madinat Al Mataar),521,register master community,the middle of the card's own community; the exact plot is not in our data yet
madinatalmataar,Dubai South,VIVIDA Residences,madinatalmataar|vividaresidences,4168,ACTIVE,3,3,Dubai South Residential District,register_master,community centre,Dubai South Residential District (Madinat Al Mataar),521,register master community,the middle of the card's own community; the exact plot is not in our data yet
madinatalmataar,Dubai South,Views VII by Golden Woods,madinatalmataar|viewsvii,3233,NOT_STARTED,43,13,Dubai South Residential District,register_master,community centre,Dubai South Residential District (Madinat Al Mataar),521,register master community,the middle of the card's own community; the exact plot is not in our data yet
madinatalmataar,Dubai South,Vista Ridge,madinatalmataar|vistaridge,4201,ACTIVE,159,159,Dubai World Central,register_master,community centre,Dubai World Central (Madinat Al Mataar),521,register master community,the middle of the card's own community; the exact plot is not in our data yet
madinatalmataar,Dubai South,Waada - Altura 1,madinatalmataar|waadaaltura1,4163,ACTIVE,218,217,Dubai World Central,register_master,community centre,Dubai World Central (Madinat Al Mataar),521,register master community,the middle of the card's own community; the exact plot is not in our data yet
madinatalmataar,Dubai South,Waada - Altura 2,madinatalmataar|waadaaltura2,4085,ACTIVE,236,236,Dubai World Central,register_master,community centre,Dubai World Central (Madinat Al Mataar),521,register master community,the middle of the card's own community; the exact plot is not in our data yet
madinatalmataar,Dubai South,Waada - Cascada 2,madinatalmataar|waadacascada2,3732,ACTIVE,83,74,Dubai World Central,register_master,community centre,Dubai World Central (Madinat Al Mataar),521,register master community,the middle of the card's own community; the exact plot is not in our data yet
madinatalmataar,Dubai South,Waada - Rayhan 1,madinatalmataar|waadarayhan1,3730,NOT_STARTED,141,66,Dubai World Central,register_master,community centre,Dubai World Central (Madinat Al Mataar),521,register master community,the middle of the card's own community; the exact plot is not in our data yet
madinatalmataar,Dubai South,Waada- Raiha,madinatalmataar|waadaraiha,3783,NOT_STARTED,15,15,Dubai World Central,register_master,community centre,Dubai World Central (Madinat Al Mataar),521,register master community,the middle of the card's own community; the exact plot is not in our data yet
madinatalmataar,Dubai South,Westar Altair,madinatalmataar|westaraltair,3515,ACTIVE,32,10,Dubai South Residential District,register_master,community centre,Dubai South Residential District (Madinat Al Mataar),521,register master community,the middle of the card's own community; the exact plot is not in our data yet
madinatalmataar,Dubai South,Windsor House,madinatalmataar|windsorhouse,4035,PENDING,395,395,Dubai South Residential District,register_master,community centre,Dubai South Residential District (Madinat Al Mataar),521,register master community,the middle of the card's own community; the exact plot is not in our data yet
madinatalmataar,Dubai South,Windsor House Ii,madinatalmataar|windsorhouseii,4300,ACTIVE,387,386,Dubai South Residential District,register_master,community centre,Dubai South Residential District (Madinat Al Mataar),521,register master community,the middle of the card's own community; the exact plot is not in our data yet
madinathind4,DAMAC Hills 2,DAMAC HILLS (2) - AVENCIA,madinathind4|damachills2avencia,1839,FINISHED,4,4,DAMAC Hills 2 (Madinat Hind 4),district,community centre,Madinat Hind 4,914,Dubai Municipality community name (text inside brackets),the middle of the card's own community; the exact plot is not in our data yet
madinathind4,DAMAC Hills 2,DAMAC HILLS (2) - ELO,madinathind4|damachills2elo,2995,ACTIVE,570,21,DAMAC Hills 2 (Madinat Hind 4),district,community centre,Madinat Hind 4,914,Dubai Municipality community name (text inside brackets),the middle of the card's own community; the exact plot is not in our data yet
madinathind4,DAMAC Hills 2,DAMAC HILLS (2) - ELO 2 & ELO 3,madinathind4|damachills2elo2elo3,3122,NOT_STARTED,1091,36,DAMAC Hills 2 (Madinat Hind 4),district,community centre,Madinat Hind 4,914,Dubai Municipality community name (text inside brackets),the middle of the card's own community; the exact plot is not in our data yet
madinathind4,DAMAC Hills 2,DAMAC HILLS (2) - EVERGREENS,madinathind4|damachills2evergreens,3092,NOT_STARTED,11,11,DAMAC Hills 2 (Madinat Hind 4),district,community centre,Madinat Hind 4,914,Dubai Municipality community name (text inside brackets),the middle of the card's own community; the exact plot is not in our data yet
madinathind4,DAMAC Hills 2,DAMAC HILLS (2) - VIRIDIS,madinathind4|damachills2viridis,1675,FINISHED,423,52,DAMAC Hills 2 (Madinat Hind 4),district,community centre,Madinat Hind 4,914,Dubai Municipality community name (text inside brackets),the middle of the card's own community; the exact plot is not in our data yet
majan,Majan,ALBARARI IXORA VILLAS,majan|albarariixoravillas,2733,ACTIVE,278,34,Al Barari,register_master,community centre,Al Barari (Wadi Al Safa 3),645,register master community,the middle of the card's own community; the exact plot is not in our data yet
majan,Majan,AMETHYST BY SIROYA,majan|amethyst,3244,ACTIVE,54,30,Majan (Wadi Al Safa 3),district,community centre,Wadi Al Safa 3,645,Dubai Municipality community name (text inside brackets),the middle of the card's own community; the exact plot is not in our data yet
majan,Majan,Aras Heights,majan|arasheights,2652,ACTIVE,81,15,Majan (Wadi Al Safa 3),district,community centre,Wadi Al Safa 3,645,Dubai Municipality community name (text inside brackets),the middle of the card's own community; the exact plot is not in our data yet
majan,Majan,Art House Private Residences By Viva,majan|arthouseprivateresidences,4275,ACTIVE,36,32,Mohammed Bin Rashid AL Maktoum District 11,register_master,community centre,Mohammed Bin Rashid AL Maktoum District 11 (Wadi Al Safa 3),645,register master community,the middle of the card's own community; the exact plot is not in our data yet
majan,Majan,B2,majan|b2,1619,,94,0,Al Barari,register_master,community centre,Al Barari (Wadi Al Safa 3),645,register master community,the middle of the card's own community; the exact plot is not in our data yet
majan,Majan,BARARIGATE by ADE,majan|bararigate,4221,ACTIVE,137,136,Majan (Wadi Al Safa 3),district,community centre,Wadi Al Safa 3,645,Dubai Municipality community name (text inside brackets),the middle of the card's own community; the exact plot is not in our data yet
majan,Majan,Barari Hills Residence,majan|bararihillsresidence,,,54,0,Majan (Wadi Al Safa 3),district,community centre,Wadi Al Safa 3,645,Dubai Municipality community name (text inside brackets),the middle of the card's own community; the exact plot is not in our data yet
majan,Majan,Barari Parks By Bahat,majan|barariparks,4302,ACTIVE,29,29,Majan (Wadi Al Safa 3),district,community centre,Wadi Al Safa 3,645,Dubai Municipality community name (text inside brackets),the middle of the card's own community; the exact plot is not in our data yet
majan,Majan,Blossom 40,majan|blossom40,4205,ACTIVE,8,8,Majan (Wadi Al Safa 3),district,community centre,Wadi Al Safa 3,645,Dubai Municipality community name (text inside brackets),the middle of the card's own community; the exact plot is not in our data yet
majan,Majan,Bottega Nove by Lalav,majan|botteganove,4324,,4,4,Majan (Wadi Al Safa 3),district,community centre,Wadi Al Safa 3,645,Dubai Municipality community name (text inside brackets),the middle of the card's own community; the exact plot is not in our data yet
majan,Majan,C3,majan|c3,1619,,73,0,Al Barari,sales_area,community centre,Al Barari (Wadi Al Safa 3),645,register master community,the middle of the card's own community; the exact plot is not in our data yet
majan,Majan,CHORISIA 1 VILLAS,majan|chorisia1villas,2287,FINISHED,5,0,Majan,district_of_card,community centre,Majan (Wadi Al Safa 3),645,register master community (the card's district),the middle of the card's own community; the exact plot is not in our data yet
majan,Majan,CHORISIA 2 VILLAS,majan|chorisia2villas,2445,FINISHED,87,4,Al Barari,register_master,community centre,Al Barari (Wadi Al Safa 3),645,register master community,the middle of the card's own community; the exact plot is not in our data yet
majan,Majan,Celia Heights,majan|celiaheights,2852,ACTIVE,187,25,Majan (Wadi Al Safa 3),district,community centre,Wadi Al Safa 3,645,Dubai Municipality community name (text inside brackets),the middle of the card's own community; the exact plot is not in our data yet
majan,Majan,D2,majan|d2,1619,,21,0,Al Barari,sales_area,community centre,Al Barari (Wadi Al Safa 3),645,register master community,the middle of the card's own community; the exact plot is not in our data yet
majan,Majan,DEANSGATE by ADE,majan|deansgate,2842,ACTIVE,96,14,Majan (Wadi Al Safa 3),district,community centre,Wadi Al Safa 3,645,Dubai Municipality community name (text inside brackets),the middle of the card's own community; the exact plot is not in our data yet
majan,Majan,Derby Heights,majan|derbyheights,4131,ACTIVE,13,13,Mohammed Bin Rashid AL Maktoum District 11,register_master,community centre,Mohammed Bin Rashid AL Maktoum District 11 (Wadi Al Safa 3),645,register master community,the middle of the card's own community; the exact plot is not in our data yet
majan,Majan,Divine Al Barari,majan|divinealbarari,3759,NOT_STARTED,92,91,Majan (Wadi Al Safa 3),district,community centre,Wadi Al Safa 3,645,Dubai Municipality community name (text inside brackets),the middle of the card's own community; the exact plot is not in our data yet
majan,Majan,ESTRELLA BY NEXUS,majan|estrella,3284,ACTIVE,8,7,Majan (Wadi Al Safa 3),district,community centre,Wadi Al Safa 3,645,Dubai Municipality community name (text inside brackets),the middle of the card's own community; the exact plot is not in our data yet
majan,Majan,F1,majan|f1,1619,,21,0,Al Barari,sales_area,community centre,Al Barari (Wadi Al Safa 3),645,register master community,the middle of the card's own community; the exact plot is not in our data yet
majan,Majan,F2,majan|f2,1619,,18,0,Al Barari,sales_area,community centre,Al Barari (Wadi Al Safa 3),645,register master community,the middle of the card's own community; the exact plot is not in our data yet
majan,Majan,FORUM RESIDENCES,majan|forumresidences,2493,FINISHED,7,7,Majan (Wadi Al Safa 3),district,community centre,Wadi Al Safa 3,645,Dubai Municipality community name (text inside brackets),the middle of the card's own community; the exact plot is not in our data yet
majan,Majan,Forest City Tower,majan|forestcitytower,3330,ACTIVE,208,105,Majan (Wadi Al Safa 3),district,community centre,Wadi Al Safa 3,645,Dubai Municipality community name (text inside brackets),the middle of the card's own community; the exact plot is not in our data yet
majan,Majan,G2,majan|g2,1619,,16,0,Al Barari,sales_area,community centre,Al Barari (Wadi Al Safa 3),645,register master community,the middle of the card's own community; the exact plot is not in our data yet
majan,Majan,Gate Eleven Residences,majan|gateelevenresidences,3729,NOT_STARTED,146,92,Mohammed Bin Rashid AL Maktoum District 11,register_master,community centre,Mohammed Bin Rashid AL Maktoum District 11 (Wadi Al Safa 3),645,register master community,the middle of the card's own community; the exact plot is not in our data yet
majan,Majan,High Best Tower,majan|highbesttower,3493,ACTIVE,76,26,Mohammed Bin Rashid AL Maktoum District 11,register_master,community centre,Mohammed Bin Rashid AL Maktoum District 11 (Wadi Al Safa 3),645,register master community,the middle of the card's own community; the exact plot is not in our data yet
majan,Majan,Jade Tower,majan|jadetower,3074,NOT_STARTED,208,60,Majan (Wadi Al Safa 3),district,community centre,Wadi Al Safa 3,645,Dubai Municipality community name (text inside brackets),the middle of the card's own community; the exact plot is not in our data yet
majan,Majan,Karl Lagerfeld Villas By Taraf,majan|karllagerfeldvillas,2982,ACTIVE,10,10,Mohammed Bin Rashid AL Maktoum District 11,register_master,community centre,Mohammed Bin Rashid AL Maktoum District 11 (Wadi Al Safa 3),645,register master community,the middle of the card's own community; the exact plot is not in our data yet
majan,Majan,Knightsbridge Park,majan|knightsbridgepark,3361,NOT_STARTED,46,30,Mohammed Bin Rashid AL Maktoum District 11,register_master,community centre,Mohammed Bin Rashid AL Maktoum District 11 (Wadi Al Safa 3),645,register master community,the middle of the card's own community; the exact plot is not in our data yet
majan,Majan,Knightsbridge Park 2,majan|knightsbridgepark2,3491,NOT_STARTED,19,16,Mohammed Bin Rashid AL Maktoum District 11,register_master,community centre,Mohammed Bin Rashid AL Maktoum District 11 (Wadi Al Safa 3),645,register master community,the middle of the card's own community; the exact plot is not in our data yet
majan,Majan,LIVING LEGENDS PHASE 1,majan|livinglegendsphase1,489,FINISHED,89,11,Living Legends,register_master,community centre,Living Legends (Wadi Al Safa 3),645,register master community,the middle of the card's own community; the exact plot is not in our data yet
majan,Majan,LIVING LEGENDS PHASE 2,majan|livinglegendsphase2,1321,FINISHED,96,8,Living Legends,register_master,community centre,Living Legends (Wadi Al Safa 3),645,register master community,the middle of the card's own community; the exact plot is not in our data yet
majan,Majan,LIVING LEGENDS PHASE 3,majan|livinglegendsphase3,1322,FINISHED,134,7,Living Legends,register_master,community centre,Living Legends (Wadi Al Safa 3),645,register master community,the middle of the card's own community; the exact plot is not in our data yet
majan,Majan,LIVING LEGENDS PHASE 4,majan|livinglegendsphase4,1323,ACTIVE,65,52,Living Legends,register_master,community centre,Living Legends (Wadi Al Safa 3),645,register master community,the middle of the card's own community; the exact plot is not in our data yet
majan,Majan,LIVING LEGENDS PHASE 7,majan|livinglegendsphase7,1326,ACTIVE,138,25,Living Legends,register_master,community centre,Living Legends (Wadi Al Safa 3),645,register master community,the middle of the card's own community; the exact plot is not in our data yet
majan,Majan,Lazord By Lapis,majan|lazord,3209,ACTIVE,239,74,Majan (Wadi Al Safa 3),district,community centre,Wadi Al Safa 3,645,Dubai Municipality community name (text inside brackets),the middle of the card's own community; the exact plot is not in our data yet
majan,Majan,Lua Residences,majan|luaresidences,2974,ACTIVE,39,1,Majan,district_of_card,community centre,Majan (Wadi Al Safa 3),645,register master community (the card's district),the middle of the card's own community; the exact plot is not in our data yet
majan,Majan,MAYA Luxury Collection,majan|mayaluxurycollection,3018,FINISHED,6,6,Living Legends,register_master,community centre,Living Legends (Wadi Al Safa 3),645,register master community,the middle of the card's own community; the exact plot is not in our data yet
majan,Majan,Mira Villas designed by Bentley Home,majan|miravillasdesigned,3128,ACTIVE,9,9,Mohammed Bin Rashid AL Maktoum District 11,register_master,community centre,Mohammed Bin Rashid AL Maktoum District 11 (Wadi Al Safa 3),645,register master community,the middle of the card's own community; the exact plot is not in our data yet
majan,Majan,"Mohammed Bin Rashid Al Maktoum City, District 11- Opal Gardens",majan|mohammedbinrashidalmaktoumcitydistrict11opalgardens,2503,ACTIVE,197,19,Mohammed Bin Rashid AL Maktoum District 11,register_master,community centre,Mohammed Bin Rashid AL Maktoum District 11 (Wadi Al Safa 3),645,register master community,the middle of the card's own community; the exact plot is not in our data yet
majan,Majan,NUMA RESERVE,majan|numareserve,3786,NOT_STARTED,26,26,Mohammed Bin Rashid AL Maktoum District 11,register_master,community centre,Mohammed Bin Rashid AL Maktoum District 11 (Wadi Al Safa 3),645,register master community,the middle of the card's own community; the exact plot is not in our data yet
majan,Majan,Paradise View - 2,majan|paradiseview2,,,259,0,Majan (Wadi Al Safa 3),district,community centre,Wadi Al Safa 3,645,Dubai Municipality community name (text inside brackets),the middle of the card's own community; the exact plot is not in our data yet
majan,Majan,Rabdan Gates,majan|rabdangates,3587,NOT_STARTED,426,222,Majan (Wadi Al Safa 3),district,community centre,Wadi Al Safa 3,645,Dubai Municipality community name (text inside brackets),the middle of the card's own community; the exact plot is not in our data yet
majan,Majan,Rijas Suites,majan|rijassuites,3433,NOT_STARTED,71,58,Majan (Wadi Al Safa 3),district,community centre,Wadi Al Safa 3,645,Dubai Municipality community name (text inside brackets),the middle of the card's own community; the exact plot is not in our data yet
majan,Majan,Rome 2 by SD,majan|rome2,3329,ACTIVE,40,40,Mohammed Bin Rashid AL Maktoum District 11,register_master,community centre,Mohammed Bin Rashid AL Maktoum District 11 (Wadi Al Safa 3),645,register master community,the middle of the card's own community; the exact plot is not in our data yet
majan,Majan,Rome 3 by SD,majan|rome3,3459,PENDING,63,61,Mohammed Bin Rashid AL Maktoum District 11,register_master,community centre,Mohammed Bin Rashid AL Maktoum District 11 (Wadi Al Safa 3),645,register master community,the middle of the card's own community; the exact plot is not in our data yet
majan,Majan,Rome by SD,majan|rome,3218,ACTIVE,32,21,Mohammed Bin Rashid AL Maktoum District 11,register_master,community centre,Mohammed Bin Rashid AL Maktoum District 11 (Wadi Al Safa 3),645,register master community,the middle of the card's own community; the exact plot is not in our data yet
majan,Majan,Samana Barari Heights,majan|samanabarariheights,3871,NOT_STARTED,680,535,Majan (Wadi Al Safa 3),district,community centre,Wadi Al Safa 3,645,Dubai Municipality community name (text inside brackets),the middle of the card's own community; the exact plot is not in our data yet
majan,Majan,Samana Barari Lagoons,majan|samanabararilagoons,3422,ACTIVE,521,75,Majan (Wadi Al Safa 3),district,community centre,Wadi Al Safa 3,645,Dubai Municipality community name (text inside brackets),the middle of the card's own community; the exact plot is not in our data yet
majan,Majan,Samana Barari Views,majan|samanabarariviews,2835,ACTIVE,679,23,Majan (Wadi Al Safa 3),district,community centre,Wadi Al Safa 3,645,Dubai Municipality community name (text inside brackets),the middle of the card's own community; the exact plot is not in our data yet
majan,Majan,Samana Barari Views 2,majan|samanabarariviews2,2841,ACTIVE,664,20,Majan (Wadi Al Safa 3),district,community centre,Wadi Al Safa 3,645,Dubai Municipality community name (text inside brackets),the middle of the card's own community; the exact plot is not in our data yet
majan,Majan,Selora Residences,majan|seloraresidences,3573,NOT_STARTED,15,12,Mohammed Bin Rashid AL Maktoum District 11,register_master,community centre,Mohammed Bin Rashid AL Maktoum District 11 (Wadi Al Safa 3),645,register master community,the middle of the card's own community; the exact plot is not in our data yet
majan,Majan,Starlight Park,majan|starlightpark,2997,ACTIVE,173,2,Mohammed Bin Rashid AL Maktoum District 11,register_master,community centre,Mohammed Bin Rashid AL Maktoum District 11 (Wadi Al Safa 3),645,register master community,the middle of the card's own community; the exact plot is not in our data yet
majan,Majan,Symphony by Chaimaa,majan|symphony,3592,ACTIVE,8,8,Majan (Wadi Al Safa 3),district,community centre,Wadi Al Safa 3,645,Dubai Municipality community name (text inside brackets),the middle of the card's own community; the exact plot is not in our data yet
majan,Majan,THE BEACHFRONT VILLAS BY ELLINGTON,majan|thebeachfrontvillas,2894,ACTIVE,21,3,Mohammed Bin Rashid AL Maktoum District 11,register_master,community centre,Mohammed Bin Rashid AL Maktoum District 11 (Wadi Al Safa 3),645,register master community,the middle of the card's own community; the exact plot is not in our data yet
majan,Majan,THE CAPE,majan|thecape,4258,ACTIVE,119,119,Al Barari,register_master,community centre,Al Barari (Wadi Al Safa 3),645,register master community,the middle of the card's own community; the exact plot is not in our data yet
majan,Majan,THE FIELDS AT D11 - MBRMC,majan|thefieldsatd11mbrmc,1612,ACTIVE,1272,124,Mohammed Bin Rashid AL Maktoum District 11,register_master,community centre,Mohammed Bin Rashid AL Maktoum District 11 (Wadi Al Safa 3),645,register master community,the middle of the card's own community; the exact plot is not in our data yet
majan,Majan,THE LAKESHORE VILLAS BY ELLINGTON,majan|thelakeshorevillas,2918,NOT_STARTED,40,3,Mohammed Bin Rashid AL Maktoum District 11,register_master,community centre,Mohammed Bin Rashid AL Maktoum District 11 (Wadi Al Safa 3),645,register master community,the middle of the card's own community; the exact plot is not in our data yet
majan,Majan,THE LAKEVIEW VILLAS BY ELLINGTON,majan|thelakeviewvillas,2816,NOT_STARTED,19,1,Majan,district_of_card,community centre,Majan (Wadi Al Safa 3),645,register master community (the card's district),the middle of the card's own community; the exact plot is not in our data yet
majan,Majan,THE WATERCREST BY ELLINGTON,majan|thewatercrest,3444,NOT_STARTED,79,34,Mohammed Bin Rashid AL Maktoum District 11,register_master,community centre,Mohammed Bin Rashid AL Maktoum District 11 (Wadi Al Safa 3),645,register master community,the middle of the card's own community; the exact plot is not in our data yet
majan,Majan,TULIP OASIS 10,majan|tulipoasis10,3537,ACTIVE,126,88,Majan (Wadi Al Safa 3),district,community centre,Wadi Al Safa 3,645,Dubai Municipality community name (text inside brackets),the middle of the card's own community; the exact plot is not in our data yet
majan,Majan,Taormina Village 1,majan|taorminavillage1,3108,NOT_STARTED,266,149,Majan (Wadi Al Safa 3),district,community centre,Wadi Al Safa 3,645,Dubai Municipality community name (text inside brackets),the middle of the card's own community; the exact plot is not in our data yet
majan,Majan,The Cape - B,majan|thecapeb,,,39,0,Al Barari,sales_area,community centre,Al Barari (Wadi Al Safa 3),645,register master community,the middle of the card's own community; the exact plot is not in our data yet
majan,Majan,The Collection by NASER,majan|thecollection,3282,NOT_STARTED,5,3,Mohammed Bin Rashid AL Maktoum District 11,register_master,community centre,Mohammed Bin Rashid AL Maktoum District 11 (Wadi Al Safa 3),645,register master community,the middle of the card's own community; the exact plot is not in our data yet
majan,Majan,The Cube Quarter Residences,majan|thecubequarterresidences,3279,ACTIVE,51,1,Mohammed Bin Rashid AL Maktoum District 11,register_master,community centre,Mohammed Bin Rashid AL Maktoum District 11 (Wadi Al Safa 3),645,register master community,the middle of the card's own community; the exact plot is not in our data yet
majan,Majan,The Eugene Townhouses,majan|theeugenetownhouses,2442,FINISHED,60,1,Majan,district_of_card,community centre,Majan (Wadi Al Safa 3),645,register master community (the card's district),the middle of the card's own community; the exact plot is not in our data yet
majan,Majan,The Haven,majan|thehaven,2194,FINISHED,461,121,Majan (Wadi Al Safa 3),district,community centre,Wadi Al Safa 3,645,Dubai Municipality community name (text inside brackets),the middle of the card's own community; the exact plot is not in our data yet
majan,Majan,The Haven II,majan|thehavenii,3315,ACTIVE,199,60,Majan (Wadi Al Safa 3),district,community centre,Wadi Al Safa 3,645,Dubai Municipality community name (text inside brackets),the middle of the card's own community; the exact plot is not in our data yet
majan,Majan,The Haven III,majan|thehaveniii,3876,NOT_STARTED,53,53,Majan (Wadi Al Safa 3),district,community centre,Wadi Al Safa 3,645,Dubai Municipality community name (text inside brackets),the middle of the card's own community; the exact plot is not in our data yet
majan,Majan,The Spark by Esnaad,majan|thespark,2952,ACTIVE,36,8,Mohammed Bin Rashid AL Maktoum District 11,register_master,community centre,Mohammed Bin Rashid AL Maktoum District 11 (Wadi Al Safa 3),645,register master community,the middle of the card's own community; the exact plot is not in our data yet
majan,Majan,The Wilds Residences,majan|thewildsresidences,4377,ACTIVE,104,104,Majan (Wadi Al Safa 3),district,community centre,Wadi Al Safa 3,645,Dubai Municipality community name (text inside brackets),the middle of the card's own community; the exact plot is not in our data yet
majan,Majan,The Woodland Residences,majan|thewoodlandresidences,2854,ACTIVE,32,2,Majan,district_of_card,community centre,Majan (Wadi Al Safa 3),645,register master community (the card's district),the middle of the card's own community; the exact plot is not in our data yet
majan,Majan,Vincitore Wellness Estate,majan|vincitorewellnessestate,4148,,143,143,Majan (Wadi Al Safa 3),district,community centre,Wadi Al Safa 3,645,Dubai Municipality community name (text inside brackets),the middle of the card's own community; the exact plot is not in our data yet
majan,Majan,Wadi 645,majan|wadi645,2999,ACTIVE,50,6,Majan (Wadi Al Safa 3),district,community centre,Wadi Al Safa 3,645,Dubai Municipality community name (text inside brackets),the middle of the card's own community; the exact plot is not in our data yet
majan,Majan,Wadi Villas by Arista,majan|wadivillas,2967,ACTIVE,7,7,Mohammed Bin Rashid AL Maktoum District 11,register_master,community centre,Mohammed Bin Rashid AL Maktoum District 11 (Wadi Al Safa 3),645,register master community,the middle of the card's own community; the exact plot is not in our data yet
majan,Majan,Wellington Grand Villas,majan|wellingtongrandvillas,3518,NOT_STARTED,16,16,Mohammed Bin Rashid AL Maktoum District 11,register_master,community centre,Mohammed Bin Rashid AL Maktoum District 11 (Wadi Al Safa 3),645,register master community,the middle of the card's own community; the exact plot is not in our data yet
majan,Majan,Woodland Terraces,majan|woodlandterraces,3457,NOT_STARTED,50,9,Mohammed Bin Rashid AL Maktoum District 11,register_master,community centre,Mohammed Bin Rashid AL Maktoum District 11 (Wadi Al Safa 3),645,register master community,the middle of the card's own community; the exact plot is not in our data yet
majan,Majan,Zubaida Residency,majan|zubaidaresidency,2411,FINISHED,75,3,Majan (Wadi Al Safa 3),district,community centre,Wadi Al Safa 3,645,Dubai Municipality community name (text inside brackets),the middle of the card's own community; the exact plot is not in our data yet
majan,Majan,barari views,majan|barariviews,2500,ACTIVE,25,6,Majan (Wadi Al Safa 3),district,community centre,Wadi Al Safa 3,645,Dubai Municipality community name (text inside brackets),the middle of the card's own community; the exact plot is not in our data yet
meydanone,Meydan One,ARTHOUSE RESIDENCES TOWER A by AVIAAN,meydanone|arthouseresidencestowera,3849,,15,15,Meydan Racecourse Community,register_master,community centre,Meydan Racecourse Community (Nadd Al Shiba First),618,register master community,the middle of the card's own community; the exact plot is not in our data yet
meydanone,Meydan One,Azizi Greenfield,meydanone|azizigreenfield,2035,,109,3,Meydan Racecourse Community,register_master,community centre,Meydan Racecourse Community (Nadd Al Shiba First),618,register master community,the middle of the card's own community; the exact plot is not in our data yet
meydanone,Meydan One,Celia Gardens,meydanone|celiagardens,3432,,18,18,Nad Al Sheba Gardens,register_master,community centre,Nad Al Sheba Gardens (Nadd Al Shiba First),618,register master community,the middle of the card's own community; the exact plot is not in our data yet
meydanone,Meydan One,DMS Two,meydanone|dmstwo,,,26,0,Meydan Racecourse Community,register_master,community centre,Meydan Racecourse Community (Nadd Al Shiba First),618,register master community,the middle of the card's own community; the exact plot is not in our data yet
meydanone,Meydan One,ETHAN,meydanone|ethan,3492,,20,20,Nad Al Sheba Gardens,register_master,community centre,Nad Al Sheba Gardens (Nadd Al Shiba First),618,register master community,the middle of the card's own community; the exact plot is not in our data yet
meydanone,Meydan One,Emerge Residences,meydanone|emergeresidences,3363,,46,46,Meydan Racecourse Community,register_master,community centre,Meydan Racecourse Community (Nadd Al Shiba First),618,register master community,the middle of the card's own community; the exact plot is not in our data yet
meydanone,Meydan One,Flamingo Lux Residence,meydanone|flamingoluxresidence,3360,,14,14,Meydan Racecourse Community,register_master,community centre,Meydan Racecourse Community (Nadd Al Shiba First),618,register master community,the middle of the card's own community; the exact plot is not in our data yet
meydanone,Meydan One,GRAND VIEWS,meydanone|grandviews,1601,,625,32,Meydan One,district,community centre,Meydan One (Nadd Al Shiba First),618,app district,the middle of the card's own community; the exact plot is not in our data yet
meydanone,Meydan One,La Vue Parc,meydanone|lavueparc,3715,,23,23,Nad Al Sheba Gardens,register_master,community centre,Nad Al Sheba Gardens (Nadd Al Shiba First),618,register master community,the middle of the card's own community; the exact plot is not in our data yet
meydanone,Meydan One,MILLENNIUM ESTATES,meydanone|millenniumestates,1341,,114,4,Meydan One,district,community centre,Meydan One (Nadd Al Shiba First),618,app district,the middle of the card's own community; the exact plot is not in our data yet
meydanone,Meydan One,Maybach Ultimate Luxury,meydanone|maybachultimateluxury,4320,ACTIVE,225,225,Meydan Racecourse Community,register_master,community centre,Meydan Racecourse Community (Nadd Al Shiba First),618,register master community,the middle of the card's own community; the exact plot is not in our data yet
meydanone,Meydan One,Nad AL Sheba Gardens Phase 4,meydanone|nadalshebagardensphase4,2915,,112,14,Nad Al Sheba Gardens,register_master,community centre,Nad Al Sheba Gardens (Nadd Al Shiba First),618,register master community,the middle of the card's own community; the exact plot is not in our data yet
meydanone,Meydan One,Nad Al Sheba Gardens Phase 10,meydanone|nadalshebagardensphase10,3859,,104,104,Meydan One,district,community centre,Meydan One (Nadd Al Shiba First),618,app district,the middle of the card's own community; the exact plot is not in our data yet
meydanone,Meydan One,Nad Al Sheba Gardens Phase 11,meydanone|nadalshebagardensphase11,4255,ACTIVE,110,110,Meydan One,district,community centre,Meydan One (Nadd Al Shiba First),618,app district,the middle of the card's own community; the exact plot is not in our data yet
meydanone,Meydan One,Nad Al Sheba Gardens Phase 2,meydanone|nadalshebagardensphase2,2390,,20,5,Nad Al Sheba Gardens,register_master,community centre,Nad Al Sheba Gardens (Nadd Al Shiba First),618,register master community,the middle of the card's own community; the exact plot is not in our data yet
meydanone,Meydan One,Nad Al Sheba Gardens Phase 3,meydanone|nadalshebagardensphase3,2484,,219,17,Nad Al Sheba Gardens,register_master,community centre,Nad Al Sheba Gardens (Nadd Al Shiba First),618,register master community,the middle of the card's own community; the exact plot is not in our data yet
meydanone,Meydan One,Nad Al Sheba Gardens Phase 5,meydanone|nadalshebagardensphase5,3077,,107,15,Nad Al Sheba Gardens,register_master,community centre,Nad Al Sheba Gardens (Nadd Al Shiba First),618,register master community,the middle of the card's own community; the exact plot is not in our data yet
meydanone,Meydan One,Nad Al Sheba Gardens Phase 6,meydanone|nadalshebagardensphase6,3085,,6,6,Nad Al Sheba Gardens,register_master,community centre,Nad Al Sheba Gardens (Nadd Al Shiba First),618,register master community,the middle of the card's own community; the exact plot is not in our data yet
meydanone,Meydan One,Nad Al Sheba Gardens Phase 7,meydanone|nadalshebagardensphase7,3446,,151,7,Meydan One,district,community centre,Meydan One (Nadd Al Shiba First),618,app district,the middle of the card's own community; the exact plot is not in our data yet
meydanone,Meydan One,Nad Al Sheba Gardens Phase 8 & 9,meydanone|nadalshebagardensphase89,3860,,63,63,Meydan One,district,community centre,Meydan One (Nadd Al Shiba First),618,app district,the middle of the card's own community; the exact plot is not in our data yet
meydanone,Meydan One,One By Nine,meydanone|one,3099,ACTIVE,6,6,Nad Al Sheba Gardens,register_master,community centre,Nad Al Sheba Gardens (Nadd Al Shiba First),618,register master community,the middle of the card's own community; the exact plot is not in our data yet
meydanone,Meydan One,Prime Views,meydanone|primeviews,1961,,216,8,Meydan Racecourse Community,register_master,community centre,Meydan Racecourse Community (Nadd Al Shiba First),618,register master community,the middle of the card's own community; the exact plot is not in our data yet
meydanone,Meydan One,Project Maybach,meydanone|projectmaybach,4319,ACTIVE,191,191,Meydan Racecourse Community,register_master,community centre,Meydan Racecourse Community (Nadd Al Shiba First),618,register master community,the middle of the card's own community; the exact plot is not in our data yet
meydanone,Meydan One,Queen's Garden,meydanone|queensgarden,4068,,8,8,Nad Al Sheba Gardens,register_master,community centre,Nad Al Sheba Gardens (Nadd Al Shiba First),618,register master community,the middle of the card's own community; the exact plot is not in our data yet
meydanone,Meydan One,Rabdan Square,meydanone|rabdansquare,4401,ACTIVE,4,4,Meydan Racecourse Community,register_master,community centre,Meydan Racecourse Community (Nadd Al Shiba First),618,register master community,the middle of the card's own community; the exact plot is not in our data yet
meydanone,Meydan One,Saddlewood Park,meydanone|saddlewoodpark,3889,,17,17,Meydan Racecourse Community,register_master,community centre,Meydan Racecourse Community (Nadd Al Shiba First),618,register master community,the middle of the card's own community; the exact plot is not in our data yet
meydanone,Meydan One,Solcasa Residence,meydanone|solcasaresidence,3156,,8,8,Nad Al Sheba Gardens,register_master,community centre,Nad Al Sheba Gardens (Nadd Al Shiba First),618,register master community,the middle of the card's own community; the exact plot is not in our data yet
meydanone,Meydan One,Sukoon by Nuri,meydanone|sukoon,3753,,36,36,Meydan Racecourse Community,register_master,community centre,Meydan Racecourse Community (Nadd Al Shiba First),618,register master community,the middle of the card's own community; the exact plot is not in our data yet
meydanone,Meydan One,THE POLO RESIDENCE,meydanone|thepoloresidence,1538,,621,111,Meydan Racecourse Community,register_master,community centre,Meydan Racecourse Community (Nadd Al Shiba First),618,register master community,the middle of the card's own community; the exact plot is not in our data yet
meydanone,Meydan One,TONINO LAMBORGHINI RESIDENCES,meydanone|toninolamborghiniresidences,1941,,259,171,Meydan Racecourse Community,register_master,community centre,Meydan Racecourse Community (Nadd Al Shiba First),618,register master community,the middle of the card's own community; the exact plot is not in our data yet
meydanone,Meydan One,The 100,meydanone|the100,2921,,6,6,Meydan Racecourse Community,register_master,community centre,Meydan Racecourse Community (Nadd Al Shiba First),618,register master community,the middle of the card's own community; the exact plot is not in our data yet
meydanone,Meydan One,The Roof Residence,meydanone|theroofresidence,3064,,23,23,Nad Al Sheba Gardens,register_master,community centre,Nad Al Sheba Gardens (Nadd Al Shiba First),618,register master community,the middle of the card's own community; the exact plot is not in our data yet
meydanone,Meydan One,Tonino Lamborghini 2,meydanone|toninolamborghini2,1941,,90,0,Business Park,sales_area,community centre,Business Park (Zaa'beel Second),337,register master community,the middle of the card's own community; the exact plot is not in our data yet
meydanone,Meydan One,Vedaire Residences,meydanone|vedaireresidences,3599,,14,14,Meydan Racecourse Community,register_master,community centre,Meydan Racecourse Community (Nadd Al Shiba First),618,register master community,the middle of the card's own community; the exact plot is not in our data yet
meydanone,Meydan One,Woodland Crest,meydanone|woodlandcrest,3547,,33,14,Meydan Racecourse Community,register_master,community centre,Meydan Racecourse Community (Nadd Al Shiba First),618,register master community,the middle of the card's own community; the exact plot is not in our data yet
motorcity,Motor City,15 CASCADE,motorcity|15cascade,3528,NOT_STARTED,407,289,Motor City,district,community centre,Motor City (Al Hebiah First),674,register master community,the middle of the card's own community; the exact plot is not in our data yet
motorcity,Motor City,ANANDA RESIDENCES,motorcity|anandaresidences,3535,NOT_STARTED,272,272,Motor City,district,community centre,Motor City (Al Hebiah First),674,register master community,the middle of the card's own community; the exact plot is not in our data yet
motorcity,Motor City,Beverly Grande,motorcity|beverlygrande,3767,NOT_STARTED,144,144,Motor City,district,community centre,Motor City (Al Hebiah First),674,register master community,the middle of the card's own community; the exact plot is not in our data yet
motorcity,Motor City,"GREEN COMMUNITY MOTOR CITY, PHASE II - CASA FAMILIA",motorcity|greencommunitymotorcityphaseiicasafamilia,1788,FINISHED,84,3,Motor City,district,community centre,Motor City (Al Hebiah First),674,register master community,the middle of the card's own community; the exact plot is not in our data yet
motorcity,Motor City,Mirdad,motorcity|mirdad,4158,,129,129,Motor City,district,community centre,Motor City (Al Hebiah First),674,register master community,the middle of the card's own community; the exact plot is not in our data yet
motorcity,Motor City,Rabdan,motorcity|rabdan,3528,,310,0,Motor City,district,community centre,Motor City (Al Hebiah First),674,register master community,the middle of the card's own community; the exact plot is not in our data yet
motorcity,Motor City,SIERRA BY IMAN,motorcity|sierra,3835,PENDING,518,518,Motor City,district,community centre,Motor City (Al Hebiah First),674,register master community,the middle of the card's own community; the exact plot is not in our data yet
motorcity,Motor City,Sobha Orbis,motorcity|sobhaorbis,3070,ACTIVE,2910,360,Motor City,district,community centre,Motor City (Al Hebiah First),674,register master community,the middle of the card's own community; the exact plot is not in our data yet
motorcity,Motor City,Sobha Solis,motorcity|sobhasolis,3334,ACTIVE,2131,709,Motor City,district,community centre,Motor City (Al Hebiah First),674,register master community,the middle of the card's own community; the exact plot is not in our data yet
motorcity,Motor City,Takaya,motorcity|takaya,3112,ACTIVE,467,207,Motor City,district,community centre,Motor City (Al Hebiah First),674,register master community,the middle of the card's own community; the exact plot is not in our data yet
motorcity,Motor City,The Community Motor City,motorcity|thecommunitymotorcity,2532,ACTIVE,477,42,Motor City,district,community centre,Motor City (Al Hebiah First),674,register master community,the middle of the card's own community; the exact plot is not in our data yet
palmdeira,Dubai Islands,241 Waterside,palmdeira|241waterside,4093,ACTIVE,17,17,Dubai Islands (Palm Deira),district,community centre,Palm Deira (Nakhlat Deira),101,register master community (text inside brackets),the middle of the card's own community; the exact plot is not in our data yet
palmdeira,Dubai Islands,997 Residences by Reef Luxury Development,palmdeira|997residences,3837,NOT_STARTED,19,19,Dubai Islands (Palm Deira),district,community centre,Palm Deira (Nakhlat Deira),101,register master community (text inside brackets),the middle of the card's own community; the exact plot is not in our data yet
palmdeira,Dubai Islands,Agua Residences by Citi Developers - Tower 1,palmdeira|aguaresidences,3872,NOT_STARTED,37,32,Dubai Islands (Palm Deira),district,community centre,Palm Deira (Nakhlat Deira),101,register master community (text inside brackets),the middle of the card's own community; the exact plot is not in our data yet
palmdeira,Dubai Islands,Agua Residences by Citi Developers - Tower 2,palmdeira|aguaresidences,3756,NOT_STARTED,30,30,Dubai Islands (Palm Deira),district,community centre,Palm Deira (Nakhlat Deira),101,register master community (text inside brackets),the middle of the card's own community; the exact plot is not in our data yet
palmdeira,Dubai Islands,Allegro Park by Mill Hill Riviera Development,palmdeira|allegropark,4077,PENDING,24,24,Dubai Islands (Palm Deira),district,community centre,Palm Deira (Nakhlat Deira),101,register master community (text inside brackets),the middle of the card's own community; the exact plot is not in our data yet
palmdeira,Dubai Islands,Allegro Residences,palmdeira|allegroresidences,3404,ACTIVE,55,6,Dubai Islands (Palm Deira),district,community centre,Palm Deira (Nakhlat Deira),101,register master community (text inside brackets),the middle of the card's own community; the exact plot is not in our data yet
palmdeira,Dubai Islands,Aquora by Casa Vista Development,palmdeira|aquora,4014,PENDING,20,19,Dubai Islands (Palm Deira),district,community centre,Palm Deira (Nakhlat Deira),101,register master community (text inside brackets),the middle of the card's own community; the exact plot is not in our data yet
palmdeira,Dubai Islands,Arka Enclave Residences,palmdeira|arkaenclaveresidences,3799,NOT_STARTED,53,53,Dubai Islands (Palm Deira),district,community centre,Palm Deira (Nakhlat Deira),101,register master community (text inside brackets),the middle of the card's own community; the exact plot is not in our data yet
palmdeira,Dubai Islands,Arya Residences by Citi Developers,palmdeira|aryaresidences,3874,NOT_STARTED,56,56,Dubai Islands (Palm Deira),district,community centre,Palm Deira (Nakhlat Deira),101,register master community (text inside brackets),the middle of the card's own community; the exact plot is not in our data yet
palmdeira,Dubai Islands,Avida Residences,palmdeira|avidaresidences,4066,ACTIVE,40,39,Dubai Islands (Palm Deira),district,community centre,Palm Deira (Nakhlat Deira),101,register master community (text inside brackets),the middle of the card's own community; the exact plot is not in our data yet
palmdeira,Dubai Islands,Ayamore Residence,palmdeira|ayamoreresidence,3561,ACTIVE,80,43,Dubai Islands (Palm Deira),district,community centre,Palm Deira (Nakhlat Deira),101,register master community (text inside brackets),the middle of the card's own community; the exact plot is not in our data yet
palmdeira,Dubai Islands,Azura Residences,palmdeira|azuraresidences,3080,ACTIVE,146,4,Dubai Islands (Palm Deira),district,community centre,Palm Deira (Nakhlat Deira),101,register master community (text inside brackets),the middle of the card's own community; the exact plot is not in our data yet
palmdeira,Dubai Islands,Bay Grove Residences B - Dubai Islands,palmdeira|baygroveresidencesbdubaiislands,3631,NOT_STARTED,242,0,Dubai Islands (Palm Deira),district,community centre,Palm Deira (Nakhlat Deira),101,register master community (text inside brackets),the middle of the card's own community; the exact plot is not in our data yet
palmdeira,Dubai Islands,Bay Grove Residences C - Dubai Islands,palmdeira|baygroveresidencescdubaiislands,3415,NOT_STARTED,368,6,Dubai Islands (Palm Deira),district,community centre,Palm Deira (Nakhlat Deira),101,register master community (text inside brackets),the middle of the card's own community; the exact plot is not in our data yet
palmdeira,Dubai Islands,Bay Grove Residences D - Dubai Islands,palmdeira|baygroveresidencesddubaiislands,3785,NOT_STARTED,257,236,Dubai Islands (Palm Deira),district,community centre,Palm Deira (Nakhlat Deira),101,register master community (text inside brackets),the middle of the card's own community; the exact plot is not in our data yet
palmdeira,Dubai Islands,"Bay Grove Residences, Dubai Islands",palmdeira|baygroveresidencesdubaiislands,3293,NOT_STARTED,307,8,Dubai Islands (Palm Deira),district,community centre,Palm Deira (Nakhlat Deira),101,register master community (text inside brackets),the middle of the card's own community; the exact plot is not in our data yet
palmdeira,Dubai Islands,Bay Residences Dubai Islands,palmdeira|bayresidencesdubaiislands,2719,ACTIVE,304,7,Dubai Islands (Palm Deira),district,community centre,Palm Deira (Nakhlat Deira),101,register master community (text inside brackets),the middle of the card's own community; the exact plot is not in our data yet
palmdeira,Dubai Islands,Bayview Boulevard,palmdeira|bayviewboulevard,3251,ACTIVE,24,24,Dubai Islands (Palm Deira),district,community centre,Palm Deira (Nakhlat Deira),101,register master community (text inside brackets),the middle of the card's own community; the exact plot is not in our data yet
palmdeira,Dubai Islands,Beach Residences Dubai Islands,palmdeira|beachresidencesdubaiislands,2811,ACTIVE,366,15,Dubai Islands (Palm Deira),district,community centre,Palm Deira (Nakhlat Deira),101,register master community (text inside brackets),the middle of the card's own community; the exact plot is not in our data yet
palmdeira,Dubai Islands,Beach Walk Grand 2 By Imtiaz,palmdeira|beachwalkgrand2,3724,NOT_STARTED,107,107,Dubai Islands (Palm Deira),district,community centre,Palm Deira (Nakhlat Deira),101,register master community (text inside brackets),the middle of the card's own community; the exact plot is not in our data yet
palmdeira,Dubai Islands,Beach Walk Grand By Imtiaz,palmdeira|beachwalkgrand,3367,ACTIVE,106,12,Dubai Islands (Palm Deira),district,community centre,Palm Deira (Nakhlat Deira),101,register master community (text inside brackets),the middle of the card's own community; the exact plot is not in our data yet
palmdeira,Dubai Islands,Beach Walk Residences 1,palmdeira|beachwalkresidences1,3162,ACTIVE,76,3,Dubai Islands (Palm Deira),district,community centre,Palm Deira (Nakhlat Deira),101,register master community (text inside brackets),the middle of the card's own community; the exact plot is not in our data yet
palmdeira,Dubai Islands,Beach Walk Residences 2,palmdeira|beachwalkresidences2,3224,ACTIVE,40,0,Dubai Islands (Palm Deira),district,community centre,Palm Deira (Nakhlat Deira),101,register master community (text inside brackets),the middle of the card's own community; the exact plot is not in our data yet
palmdeira,Dubai Islands,Beach Walk Residences 3 By Imtiaz,palmdeira|beachwalkresidences3,3285,ACTIVE,83,0,Dubai Islands (Palm Deira),district,community centre,Palm Deira (Nakhlat Deira),101,register master community (text inside brackets),the middle of the card's own community; the exact plot is not in our data yet
palmdeira,Dubai Islands,Beach Walk Residences 4 by Imtiaz,palmdeira|beachwalkresidences4,3707,ACTIVE,61,30,Dubai Islands (Palm Deira),district,community centre,Palm Deira (Nakhlat Deira),101,register master community (text inside brackets),the middle of the card's own community; the exact plot is not in our data yet
palmdeira,Dubai Islands,Bonds Avenue Residences,palmdeira|bondsavenueresidences,3276,NOT_STARTED,57,13,Dubai Islands (Palm Deira),district,community centre,Palm Deira (Nakhlat Deira),101,register master community (text inside brackets),the middle of the card's own community; the exact plot is not in our data yet
palmdeira,Dubai Islands,Capital Horizon Terraces,palmdeira|capitalhorizonterraces,3401,NOT_STARTED,27,27,Dubai Islands (Palm Deira),district,community centre,Palm Deira (Nakhlat Deira),101,register master community (text inside brackets),the middle of the card's own community; the exact plot is not in our data yet
palmdeira,Dubai Islands,Coastal Haven by Prestige Harbour Real Estate Development,palmdeira|coastalhaven,3544,NOT_STARTED,63,28,Dubai Islands (Palm Deira),district,community centre,Palm Deira (Nakhlat Deira),101,register master community (text inside brackets),the middle of the card's own community; the exact plot is not in our data yet
palmdeira,Dubai Islands,Cotier House 1 By Imtiaz,palmdeira|cotierhouse1,3394,ACTIVE,135,27,Dubai Islands (Palm Deira),district,community centre,Palm Deira (Nakhlat Deira),101,register master community (text inside brackets),the middle of the card's own community; the exact plot is not in our data yet
palmdeira,Dubai Islands,Cotier House 2 By Imtiaz,palmdeira|cotierhouse2,3671,NOT_STARTED,109,81,Dubai Islands (Palm Deira),district,community centre,Palm Deira (Nakhlat Deira),101,register master community (text inside brackets),the middle of the card's own community; the exact plot is not in our data yet
palmdeira,Dubai Islands,Dreamlife Residences,palmdeira|dreamliferesidences,3683,NOT_STARTED,44,38,Dubai Islands (Palm Deira),district,community centre,Palm Deira (Nakhlat Deira),101,register master community (text inside brackets),the middle of the card's own community; the exact plot is not in our data yet
palmdeira,Dubai Islands,Edgewater Residences,palmdeira|edgewaterresidences,2930,ACTIVE,71,6,Dubai Islands (Palm Deira),district,community centre,Palm Deira (Nakhlat Deira),101,register master community (text inside brackets),the middle of the card's own community; the exact plot is not in our data yet
palmdeira,Dubai Islands,Edgewater Residences 2,palmdeira|edgewaterresidences2,3011,ACTIVE,87,26,Dubai Islands (Palm Deira),district,community centre,Palm Deira (Nakhlat Deira),101,register master community (text inside brackets),the middle of the card's own community; the exact plot is not in our data yet
palmdeira,Dubai Islands,Edgewater Residences 3,palmdeira|edgewaterresidences3,3177,ACTIVE,146,42,Dubai Islands (Palm Deira),district,community centre,Palm Deira (Nakhlat Deira),101,register master community (text inside brackets),the middle of the card's own community; the exact plot is not in our data yet
palmdeira,Dubai Islands,Elle Residences,palmdeira|elleresidences,4065,NOT_STARTED,82,82,Dubai Islands (Palm Deira),district,community centre,Palm Deira (Nakhlat Deira),101,register master community (text inside brackets),the middle of the card's own community; the exact plot is not in our data yet
palmdeira,Dubai Islands,Ellington Sands I,palmdeira|ellingtonsandsi,4139,,427,427,Dubai Islands (Palm Deira),district,community centre,Palm Deira (Nakhlat Deira),101,register master community (text inside brackets),the middle of the card's own community; the exact plot is not in our data yet
palmdeira,Dubai Islands,Ellington Sands Ii,palmdeira|ellingtonsandsii,4140,,413,413,Dubai Islands (Palm Deira),district,community centre,Palm Deira (Nakhlat Deira),101,register master community (text inside brackets),the middle of the card's own community; the exact plot is not in our data yet
palmdeira,Dubai Islands,Esme' Beach Residences,palmdeira|esmebeachresidences,3410,NOT_STARTED,104,12,Dubai Islands (Palm Deira),district,community centre,Palm Deira (Nakhlat Deira),101,register master community (text inside brackets),the middle of the card's own community; the exact plot is not in our data yet
palmdeira,Dubai Islands,Firoza,palmdeira|firoza,3887,NOT_STARTED,15,14,Dubai Islands (Palm Deira),district,community centre,Palm Deira (Nakhlat Deira),101,register master community (text inside brackets),the middle of the card's own community; the exact plot is not in our data yet
palmdeira,Dubai Islands,Floarea Breeze,palmdeira|floareabreeze,4061,ACTIVE,20,18,Dubai Islands (Palm Deira),district,community centre,Palm Deira (Nakhlat Deira),101,register master community (text inside brackets),the middle of the card's own community; the exact plot is not in our data yet
palmdeira,Dubai Islands,Flora Isle,palmdeira|floraisle,3440,NOT_STARTED,242,34,Dubai Islands (Palm Deira),district,community centre,Palm Deira (Nakhlat Deira),101,register master community (text inside brackets),the middle of the card's own community; the exact plot is not in our data yet
palmdeira,Dubai Islands,Flora Shore by Calgary Properties,palmdeira|florashore,3626,NOT_STARTED,40,40,Dubai Islands (Palm Deira),district,community centre,Palm Deira (Nakhlat Deira),101,register master community (text inside brackets),the middle of the card's own community; the exact plot is not in our data yet
palmdeira,Dubai Islands,Flow Residences,palmdeira|flowresidences,3830,NOT_STARTED,25,24,Dubai Islands (Palm Deira),district,community centre,Palm Deira (Nakhlat Deira),101,register master community (text inside brackets),the middle of the card's own community; the exact plot is not in our data yet
palmdeira,Dubai Islands,Hatimi Residences By Fakhruddin,palmdeira|hatimiresidences,2981,NOT_STARTED,99,12,Dubai Islands (Palm Deira),district,community centre,Palm Deira (Nakhlat Deira),101,register master community (text inside brackets),the middle of the card's own community; the exact plot is not in our data yet
palmdeira,Dubai Islands,Haven Bay Residences,palmdeira|havenbayresidences,3101,ACTIVE,67,14,Dubai Islands (Palm Deira),district,community centre,Palm Deira (Nakhlat Deira),101,register master community (text inside brackets),the middle of the card's own community; the exact plot is not in our data yet
palmdeira,Dubai Islands,Haven Living,palmdeira|havenliving,2751,ACTIVE,46,4,Dubai Islands (Palm Deira),district,community centre,Palm Deira (Nakhlat Deira),101,register master community (text inside brackets),the middle of the card's own community; the exact plot is not in our data yet
palmdeira,Dubai Islands,Helvetia Marine,palmdeira|helvetiamarine,4157,ACTIVE,10,9,Dubai Islands (Palm Deira),district,community centre,Palm Deira (Nakhlat Deira),101,register master community (text inside brackets),the middle of the card's own community; the exact plot is not in our data yet
palmdeira,Dubai Islands,Hermina By Casagrand Gallantee Real Estate,palmdeira|hermina,4152,,40,38,Dubai Islands (Palm Deira),district,community centre,Palm Deira (Nakhlat Deira),101,register master community (text inside brackets),the middle of the card's own community; the exact plot is not in our data yet
palmdeira,Dubai Islands,House Of Well,palmdeira|houseofwell,4072,PENDING,42,42,Dubai Islands (Palm Deira),district,community centre,Palm Deira (Nakhlat Deira),101,register master community (text inside brackets),the middle of the card's own community; the exact plot is not in our data yet
palmdeira,Dubai Islands,Iluka Residences,palmdeira|ilukaresidences,3042,ACTIVE,28,18,Dubai Islands (Palm Deira),district,community centre,Palm Deira (Nakhlat Deira),101,register master community (text inside brackets),the middle of the card's own community; the exact plot is not in our data yet
palmdeira,Dubai Islands,Isolana Residences,palmdeira|isolanaresidences,3640,NOT_STARTED,42,22,Dubai Islands (Palm Deira),district,community centre,Palm Deira (Nakhlat Deira),101,register master community (text inside brackets),the middle of the card's own community; the exact plot is not in our data yet
palmdeira,Dubai Islands,Kaia,palmdeira|kaia,4418,ACTIVE,10,10,Dubai Islands (Palm Deira),district,community centre,Palm Deira (Nakhlat Deira),101,register master community (text inside brackets),the middle of the card's own community; the exact plot is not in our data yet
palmdeira,Dubai Islands,Lia,palmdeira|lia,4195,ACTIVE,57,56,Dubai Islands (Palm Deira),district,community centre,Palm Deira (Nakhlat Deira),101,register master community (text inside brackets),the middle of the card's own community; the exact plot is not in our data yet
palmdeira,Dubai Islands,Liora,palmdeira|liora,4276,ACTIVE,14,14,Dubai Islands (Palm Deira),district,community centre,Palm Deira (Nakhlat Deira),101,register master community (text inside brackets),the middle of the card's own community; the exact plot is not in our data yet
palmdeira,Dubai Islands,Liv Oceanside,palmdeira|livoceanside,4191,,104,101,Dubai Islands (Palm Deira),district,community centre,Palm Deira (Nakhlat Deira),101,register master community (text inside brackets),the middle of the card's own community; the exact plot is not in our data yet
palmdeira,Dubai Islands,Luxury Canal Residences,palmdeira|luxurycanalresidences,3568,NOT_STARTED,55,20,Dubai Islands (Palm Deira),district,community centre,Palm Deira (Nakhlat Deira),101,register master community (text inside brackets),the middle of the card's own community; the exact plot is not in our data yet
palmdeira,Dubai Islands,Luzora Residences,palmdeira|luzoraresidences,3620,NOT_STARTED,25,16,Dubai Islands (Palm Deira),district,community centre,Palm Deira (Nakhlat Deira),101,register master community (text inside brackets),the middle of the card's own community; the exact plot is not in our data yet
palmdeira,Dubai Islands,Mackerel Tower,palmdeira|mackereltower,3351,ACTIVE,43,16,Dubai Islands (Palm Deira),district,community centre,Palm Deira (Nakhlat Deira),101,register master community (text inside brackets),the middle of the card's own community; the exact plot is not in our data yet
palmdeira,Dubai Islands,Maravea Residences,palmdeira|maravearesidences,4189,,5,5,Dubai Islands (Palm Deira),district,community centre,Palm Deira (Nakhlat Deira),101,register master community (text inside brackets),the middle of the card's own community; the exact plot is not in our data yet
palmdeira,Dubai Islands,Marea,palmdeira|marea,3879,PENDING,5,5,Dubai Islands (Palm Deira),district,community centre,Palm Deira (Nakhlat Deira),101,register master community (text inside brackets),the middle of the card's own community; the exact plot is not in our data yet
palmdeira,Dubai Islands,Meriden Beach by Green Horizon,palmdeira|meridenbeach,4010,PENDING,45,45,Dubai Islands (Palm Deira),district,community centre,Palm Deira (Nakhlat Deira),101,register master community (text inside brackets),the middle of the card's own community; the exact plot is not in our data yet
palmdeira,Dubai Islands,Natuzzi Harmony Residences by Peace Homes,palmdeira|natuzziharmonyresidences,3223,NOT_STARTED,21,14,Dubai Islands (Palm Deira),district,community centre,Palm Deira (Nakhlat Deira),101,register master community (text inside brackets),the middle of the card's own community; the exact plot is not in our data yet
palmdeira,Dubai Islands,Nautis Residences,palmdeira|nautisresidences,3654,NOT_STARTED,22,20,Dubai Islands (Palm Deira),district,community centre,Palm Deira (Nakhlat Deira),101,register master community (text inside brackets),the middle of the card's own community; the exact plot is not in our data yet
palmdeira,Dubai Islands,Nuvana by Wadan,palmdeira|nuvana,3885,NOT_STARTED,57,57,Dubai Islands (Palm Deira),district,community centre,Palm Deira (Nakhlat Deira),101,register master community (text inside brackets),the middle of the card's own community; the exact plot is not in our data yet
palmdeira,Dubai Islands,OCTA ISLE Interiors by MISSONI,palmdeira|octaisleinteriors,3793,NOT_STARTED,94,94,Dubai Islands (Palm Deira),district,community centre,Palm Deira (Nakhlat Deira),101,register master community (text inside brackets),the middle of the card's own community; the exact plot is not in our data yet
palmdeira,Dubai Islands,Ocean Bay by Samana Developers,palmdeira|oceanbay,3881,PENDING,109,108,Dubai Islands (Palm Deira),district,community centre,Palm Deira (Nakhlat Deira),101,register master community (text inside brackets),the middle of the card's own community; the exact plot is not in our data yet
palmdeira,Dubai Islands,Ocean Crest by SD,palmdeira|oceancrest,3878,PENDING,7,7,Dubai Islands (Palm Deira),district,community centre,Palm Deira (Nakhlat Deira),101,register master community (text inside brackets),the middle of the card's own community; the exact plot is not in our data yet
palmdeira,Dubai Islands,Ocean Pearl 2 By SD,palmdeira|oceanpearl2,3238,ACTIVE,76,9,Dubai Islands (Palm Deira),district,community centre,Palm Deira (Nakhlat Deira),101,register master community (text inside brackets),the middle of the card's own community; the exact plot is not in our data yet
palmdeira,Dubai Islands,Ocean Pearl By SD,palmdeira|oceanpearl,3167,ACTIVE,72,13,Dubai Islands (Palm Deira),district,community centre,Palm Deira (Nakhlat Deira),101,register master community (text inside brackets),the middle of the card's own community; the exact plot is not in our data yet
palmdeira,Dubai Islands,Ocean Tower,palmdeira|oceantower,3149,ACTIVE,22,12,Dubai Islands (Palm Deira),district,community centre,Palm Deira (Nakhlat Deira),101,register master community (text inside brackets),the middle of the card's own community; the exact plot is not in our data yet
palmdeira,Dubai Islands,Rena,palmdeira|rena,3447,NOT_STARTED,59,5,Dubai Islands (Palm Deira),district,community centre,Palm Deira (Nakhlat Deira),101,register master community (text inside brackets),the middle of the card's own community; the exact plot is not in our data yet
palmdeira,Dubai Islands,Royal Yacht Club Residence,palmdeira|royalyachtclubresidence,3770,PENDING,4,4,Dubai Islands (Palm Deira),district,community centre,Palm Deira (Nakhlat Deira),101,register master community (text inside brackets),the middle of the card's own community; the exact plot is not in our data yet
palmdeira,Dubai Islands,SUNSET BAY FIVE by Imtiaz,palmdeira|sunsetbayfive,3811,NOT_STARTED,55,55,Dubai Islands (Palm Deira),district,community centre,Palm Deira (Nakhlat Deira),101,register master community (text inside brackets),the middle of the card's own community; the exact plot is not in our data yet
palmdeira,Dubai Islands,Sea Coral By Next Realty,palmdeira|seacoral,3062,NOT_STARTED,16,16,Dubai Islands (Palm Deira),district,community centre,Palm Deira (Nakhlat Deira),101,register master community (text inside brackets),the middle of the card's own community; the exact plot is not in our data yet
palmdeira,Dubai Islands,Sea Legend One By Mvs Real Estate,palmdeira|sealegendone,3265,NOT_STARTED,31,30,Dubai Islands (Palm Deira),district,community centre,Palm Deira (Nakhlat Deira),101,register master community (text inside brackets),the middle of the card's own community; the exact plot is not in our data yet
palmdeira,Dubai Islands,Sea View Residence By Sama Mayas,palmdeira|seaviewresidence,3721,NOT_STARTED,14,14,Dubai Islands (Palm Deira),district,community centre,Palm Deira (Nakhlat Deira),101,register master community (text inside brackets),the middle of the card's own community; the exact plot is not in our data yet
palmdeira,Dubai Islands,Seacliff by Imtiaz,palmdeira|seacliff,4306,ACTIVE,47,47,Dubai Islands (Palm Deira),district,community centre,Palm Deira (Nakhlat Deira),101,register master community (text inside brackets),the middle of the card's own community; the exact plot is not in our data yet
palmdeira,Dubai Islands,Seaside by Prestige One,palmdeira|seaside,3119,ACTIVE,111,16,Dubai Islands (Palm Deira),district,community centre,Palm Deira (Nakhlat Deira),101,register master community (text inside brackets),the middle of the card's own community; the exact plot is not in our data yet
palmdeira,Dubai Islands,Shoaq,palmdeira|shoaq,3630,NOT_STARTED,71,3,Dubai Islands (Palm Deira),district,community centre,Palm Deira (Nakhlat Deira),101,register master community (text inside brackets),the middle of the card's own community; the exact plot is not in our data yet
palmdeira,Dubai Islands,Silena Residences,palmdeira|silenaresidences,3808,NOT_STARTED,122,122,Dubai Islands (Palm Deira),district,community centre,Palm Deira (Nakhlat Deira),101,register master community (text inside brackets),the middle of the card's own community; the exact plot is not in our data yet
palmdeira,Dubai Islands,Sunset Bay Four By Imtiaz,palmdeira|sunsetbayfour,3714,ACTIVE,62,50,Dubai Islands (Palm Deira),district,community centre,Palm Deira (Nakhlat Deira),101,register master community (text inside brackets),the middle of the card's own community; the exact plot is not in our data yet
palmdeira,Dubai Islands,Sunset Bay Grand By Imtiaz,palmdeira|sunsetbaygrand,3868,NOT_STARTED,81,81,Dubai Islands (Palm Deira),district,community centre,Palm Deira (Nakhlat Deira),101,register master community (text inside brackets),the middle of the card's own community; the exact plot is not in our data yet
palmdeira,Dubai Islands,Sunset Bay One By Imtiaz,palmdeira|sunsetbayone,3460,ACTIVE,64,11,Dubai Islands (Palm Deira),district,community centre,Palm Deira (Nakhlat Deira),101,register master community (text inside brackets),the middle of the card's own community; the exact plot is not in our data yet
palmdeira,Dubai Islands,Sunset Bay Three By Imtiaz,palmdeira|sunsetbaythree,3604,ACTIVE,63,33,Dubai Islands (Palm Deira),district,community centre,Palm Deira (Nakhlat Deira),101,register master community (text inside brackets),the middle of the card's own community; the exact plot is not in our data yet
palmdeira,Dubai Islands,Sunset Bay Two By Imtiaz,palmdeira|sunsetbaytwo,3570,ACTIVE,64,14,Dubai Islands (Palm Deira),district,community centre,Palm Deira (Nakhlat Deira),101,register master community (text inside brackets),the middle of the card's own community; the exact plot is not in our data yet
palmdeira,Dubai Islands,The Meriva Collection,palmdeira|themerivacollection,4346,ACTIVE,472,455,Dubai Islands (Palm Deira),district,community centre,Palm Deira (Nakhlat Deira),101,register master community (text inside brackets),the middle of the card's own community; the exact plot is not in our data yet
palmdeira,Dubai Islands,Tomorrow 166,palmdeira|tomorrow166,3638,NOT_STARTED,32,32,Dubai Islands (Palm Deira),district,community centre,Palm Deira (Nakhlat Deira),101,register master community (text inside brackets),the middle of the card's own community; the exact plot is not in our data yet
palmdeira,Dubai Islands,Treppan Serenique Residences,palmdeira|treppansereniqueresidences,3718,NOT_STARTED,45,43,Dubai Islands (Palm Deira),district,community centre,Palm Deira (Nakhlat Deira),101,register master community (text inside brackets),the middle of the card's own community; the exact plot is not in our data yet
palmdeira,Dubai Islands,Vestoria Bay,palmdeira|vestoriabay,3858,PENDING,36,36,Dubai Islands (Palm Deira),district,community centre,Palm Deira (Nakhlat Deira),101,register master community (text inside brackets),the middle of the card's own community; the exact plot is not in our data yet
palmdeira,Dubai Islands,Villa Del Brunello Residences,palmdeira|villadelbrunelloresidences,4011,PENDING,9,9,Dubai Islands (Palm Deira),district,community centre,Palm Deira (Nakhlat Deira),101,register master community (text inside brackets),the middle of the card's own community; the exact plot is not in our data yet
palmdeira,Dubai Islands,Villa Del Divos Residences,palmdeira|villadeldivosresidences,3489,NOT_STARTED,100,25,Dubai Islands (Palm Deira),district,community centre,Palm Deira (Nakhlat Deira),101,register master community (text inside brackets),the middle of the card's own community; the exact plot is not in our data yet
palmdeira,Dubai Islands,Villa del Gavi Residences,palmdeira|villadelgaviresidences,3751,NOT_STARTED,58,38,Dubai Islands (Palm Deira),district,community centre,Palm Deira (Nakhlat Deira),101,register master community (text inside brackets),the middle of the card's own community; the exact plot is not in our data yet
palmdeira,Dubai Islands,Villa dell Arte,palmdeira|villadellarte,4251,ACTIVE,41,41,Dubai Islands (Palm Deira),district,community centre,Palm Deira (Nakhlat Deira),101,register master community (text inside brackets),the middle of the card's own community; the exact plot is not in our data yet
palmdeira,Dubai Islands,Vue Doree,palmdeira|vuedoree,4194,,9,9,Dubai Islands (Palm Deira),district,community centre,Palm Deira (Nakhlat Deira),101,register master community (text inside brackets),the middle of the card's own community; the exact plot is not in our data yet
palmdeira,Dubai Islands,Wellington Ocean Walk,palmdeira|wellingtonoceanwalk,4026,PENDING,40,38,Dubai Islands (Palm Deira),district,community centre,Palm Deira (Nakhlat Deira),101,register master community (text inside brackets),the middle of the card's own community; the exact plot is not in our data yet
palmdeira,Dubai Islands,Wellington Ocean by ANK Motiwala Developments,palmdeira|wellingtonocean,3452,ACTIVE,31,22,Dubai Islands (Palm Deira),district,community centre,Palm Deira (Nakhlat Deira),101,register master community (text inside brackets),the middle of the card's own community; the exact plot is not in our data yet
palmdeira,Dubai Islands,Whitecliffs Residences,palmdeira|whitecliffsresidences,3384,ACTIVE,48,23,Dubai Islands (Palm Deira),district,community centre,Palm Deira (Nakhlat Deira),101,register master community (text inside brackets),the middle of the card's own community; the exact plot is not in our data yet
palmdeira,Dubai Islands,Wynwood Residences By Imtiaz,palmdeira|wynwoodresidences,3784,NOT_STARTED,139,127,Dubai Islands (Palm Deira),district,community centre,Palm Deira (Nakhlat Deira),101,register master community (text inside brackets),the middle of the card's own community; the exact plot is not in our data yet
palmdeira,Dubai Islands,Zephyra Residences,palmdeira|zephyraresidences,3252,ACTIVE,57,30,Dubai Islands (Palm Deira),district,community centre,Palm Deira (Nakhlat Deira),101,register master community (text inside brackets),the middle of the card's own community; the exact plot is not in our data yet
palmjumeirah,Palm Jumeirah,AVA AT PALM JUMEIRAH BY OMNIYAT,palmjumeirah|avaatpalmjumeirah,2382,ACTIVE,21,0,Palm Jumeirah,district,community centre,Palm Jumeirah (Nakhlat Jumeira),381,register master community,the middle of the card's own community; the exact plot is not in our data yet
palmjumeirah,Palm Jumeirah,Armani Beach Residences At Palm Jumeirah,palmjumeirah|armanibeachresidencesatpalmjumeirah,2889,ACTIVE,3,3,Palm Jumeirah,district,community centre,Palm Jumeirah (Nakhlat Jumeira),381,register master community,the middle of the card's own community; the exact plot is not in our data yet
palmjumeirah,Palm Jumeirah,Como Residences,palmjumeirah|comoresidences,2565,ACTIVE,8,8,Palm Jumeirah,district,community centre,Palm Jumeirah (Nakhlat Jumeira),381,register master community,the middle of the card's own community; the exact plot is not in our data yet
palmjumeirah,Palm Jumeirah,Ellington Villa Collection – Palm Jumeirah,palmjumeirah|ellingtonvillacollectionpalmjumeirah,2437,,148,0,Palm Jumeirah,district,community centre,Palm Jumeirah (Nakhlat Jumeira),381,register master community,the middle of the card's own community; the exact plot is not in our data yet
palmjumeirah,Palm Jumeirah,OCEAN HOUSE,palmjumeirah|oceanhouse,2691,ACTIVE,8,8,Palm Jumeirah,district,community centre,Palm Jumeirah (Nakhlat Jumeira),381,register master community,the middle of the card's own community; the exact plot is not in our data yet
palmjumeirah,Palm Jumeirah,ORLA BY OMNIYAT,palmjumeirah|orla,2455,ACTIVE,4,4,Palm Jumeirah,district,community centre,Palm Jumeirah (Nakhlat Jumeira),381,register master community,the middle of the card's own community; the exact plot is not in our data yet
palmjumeirah,Palm Jumeirah,ORLA Infinity by OMNIYAT,palmjumeirah|orlainfinity,2664,ACTIVE,5,5,Palm Jumeirah,district,community centre,Palm Jumeirah (Nakhlat Jumeira),381,register master community,the middle of the card's own community; the exact plot is not in our data yet
palmjumeirah,Palm Jumeirah,Olaia Residences,palmjumeirah|olaiaresidences,3519,ACTIVE,11,11,Palm Jumeirah,district,community centre,Palm Jumeirah (Nakhlat Jumeira),381,register master community,the middle of the card's own community; the exact plot is not in our data yet
palmjumeirah,Palm Jumeirah,Palm Beach Towers - 2,palmjumeirah|palmbeachtowers2,2429,ACTIVE,30,30,Palm Jumeirah,district,community centre,Palm Jumeirah (Nakhlat Jumeira),381,register master community,the middle of the card's own community; the exact plot is not in our data yet
palmjumeirah,Palm Jumeirah,Palm Beach Towers -1,palmjumeirah|palmbeachtowers1,2406,ACTIVE,15,15,Palm Jumeirah,district,community centre,Palm Jumeirah (Nakhlat Jumeira),381,register master community,the middle of the card's own community; the exact plot is not in our data yet
palmjumeirah,Palm Jumeirah,Palma Residence,palmjumeirah|palmaresidence,1314,FINISHED,259,0,Palm Jumeirah,district,community centre,Palm Jumeirah (Nakhlat Jumeira),381,register master community,the middle of the card's own community; the exact plot is not in our data yet
palmjumeirah,Palm Jumeirah,"Six Senses Residences The Palm, Dubai",palmjumeirah|sixsensesresidencesthepalmdubai,2350,ACTIVE,237,16,Palm Jumeirah,district,community centre,Palm Jumeirah (Nakhlat Jumeira),381,register master community,the middle of the card's own community; the exact plot is not in our data yet
palmjumeirah,Palm Jumeirah,The Alba Residences by Omniyat,palmjumeirah|thealbaresidences,2987,ACTIVE,24,24,Palm Jumeirah,district,community centre,Palm Jumeirah (Nakhlat Jumeira),381,register master community,the middle of the card's own community; the exact plot is not in our data yet
palmjumeirah,Palm Jumeirah,Vitalia by Pinnacle,palmjumeirah|vitalia,3022,ACTIVE,16,16,Palm Jumeirah,district,community centre,Palm Jumeirah (Nakhlat Jumeira),381,register master community,the middle of the card's own community; the exact plot is not in our data yet
palmjumeirah,Palm Jumeirah,West Residence at Serenia District,palmjumeirah|westresidenceatsereniadistrict,2572,,45,0,Palm Jumeirah,district,community centre,Palm Jumeirah (Nakhlat Jumeira),381,register master community,the middle of the card's own community; the exact plot is not in our data yet
palmjumeirah,Palm Jumeirah,ZABEEL SARAY,palmjumeirah|zabeelsaray,1041,FINISHED,18,1,Palm Jumeirah,district_of_card,community centre,Palm Jumeirah (Nakhlat Jumeira),381,register master community (the card's district),the middle of the card's own community; the exact plot is not in our data yet
rasalkhor,Sobha One / Ras Al Khor,Sobha One,rasalkhor|sobhaone,2948,,3096,212,Sobha One / Ras Al Khor,district,community centre,Sobha One / Ras Al Khor (Ras Al Khor),413,app district,the middle of the card's own community; the exact plot is not in our data yet
rasalkhor,Sobha One / Ras Al Khor,The Element at Sobha One,rasalkhor|theelementatsobhaone,3540,,273,132,Sobha One / Ras Al Khor,district,community centre,Sobha One / Ras Al Khor (Ras Al Khor),413,app district,the middle of the card's own community; the exact plot is not in our data yet
samaaljadaf,Al Jaddaf,ADEBA AZIZI,samaaljadaf|adebaazizi,2917,ACTIVE,189,154,Dubai Health Care City Phase 2,register_master,community centre,Dubai Health Care City Phase 2 (Al Jadaf),326,register master community,the middle of the card's own community; the exact plot is not in our data yet
samaaljadaf,Al Jaddaf,ART BAY EAST,samaaljadaf|artbayeast,2994,ACTIVE,99,5,Jaddaf Waterfront,register_master,community centre,Jaddaf Waterfront (Al Jadaf),326,register master community,the middle of the card's own community; the exact plot is not in our data yet
samaaljadaf,Al Jaddaf,Art Bay,samaaljadaf|artbay,2996,,169,0,Jaddaf Waterfront,sales_area,community centre,Jaddaf Waterfront (Al Jadaf),326,register master community,the middle of the card's own community; the exact plot is not in our data yet
samaaljadaf,Al Jaddaf,Azizi David,samaaljadaf|azizidavid,4096,ACTIVE,130,130,Sama Al Jadaf,register_master,community centre,Sama Al Jadaf (Al Jadaf),326,register master community,the middle of the card's own community; the exact plot is not in our data yet
samaaljadaf,Al Jaddaf,Azizi Leily,samaaljadaf|azizileily,4233,ACTIVE,32,32,Sama Al Jadaf,register_master,community centre,Sama Al Jadaf (Al Jadaf),326,register master community,the middle of the card's own community; the exact plot is not in our data yet
samaaljadaf,Al Jaddaf,BOUTIQUE XII,samaaljadaf|boutiquexii,2371,,212,0,Jaddaf Waterfront,sales_area,community centre,Jaddaf Waterfront (Al Jadaf),326,register master community,the middle of the card's own community; the exact plot is not in our data yet
samaaljadaf,Al Jaddaf,Boutique 23,samaaljadaf|boutique23,2868,ACTIVE,275,15,Jaddaf Waterfront,register_master,community centre,Jaddaf Waterfront (Al Jadaf),326,register master community,the middle of the card's own community; the exact plot is not in our data yet
samaaljadaf,Al Jaddaf,CREEK VIEWS,samaaljadaf|creekviews,3026,ACTIVE,95,5,Jaddaf Waterfront,register_master,community centre,Jaddaf Waterfront (Al Jadaf),326,register master community,the middle of the card's own community; the exact plot is not in our data yet
samaaljadaf,Al Jaddaf,D1,samaaljadaf|d1,623,FINISHED,254,32,Jaddaf Waterfront,register_master,community centre,Jaddaf Waterfront (Al Jadaf),326,register master community,the middle of the card's own community; the exact plot is not in our data yet
samaaljadaf,Al Jaddaf,Fawad Azizi Residence,samaaljadaf|fawadaziziresidence,2088,FINISHED,383,43,Dubai Health Care City Phase 2,register_master,community centre,Dubai Health Care City Phase 2 (Al Jadaf),326,register master community,the middle of the card's own community; the exact plot is not in our data yet
samaaljadaf,Al Jaddaf,J188,samaaljadaf|j188,4145,ACTIVE,62,62,Sama Al Jadaf,register_master,community centre,Sama Al Jadaf (Al Jadaf),326,register master community,the middle of the card's own community; the exact plot is not in our data yet
samaaljadaf,Al Jaddaf,Kempinski Residences The Creek,samaaljadaf|kempinskiresidencesthecreek,1860,ACTIVE,327,33,Dubai Health Care City Phase 2,register_master,community centre,Dubai Health Care City Phase 2 (Al Jadaf),326,register master community,the middle of the card's own community; the exact plot is not in our data yet
samaaljadaf,Al Jaddaf,Keturah Resort,samaaljadaf|keturahresort,1986,CONDITIONAL_ACTIVATING,112,12,Dubai Health Care City Phase 2,register_master,community centre,Dubai Health Care City Phase 2 (Al Jadaf),326,register master community,the middle of the card's own community; the exact plot is not in our data yet
samaaljadaf,Al Jaddaf,Lumiere Heights,samaaljadaf|lumiereheights,3554,NOT_STARTED,103,7,Jaddaf Waterfront,register_master,community centre,Jaddaf Waterfront (Al Jadaf),326,register master community,the middle of the card's own community; the exact plot is not in our data yet
samaaljadaf,Al Jaddaf,MONTAGE,samaaljadaf|montage,3212,ACTIVE,244,148,Jaddaf Waterfront,register_master,community centre,Jaddaf Waterfront (Al Jadaf),326,register master community,the middle of the card's own community; the exact plot is not in our data yet
samaaljadaf,Al Jaddaf,VAL BY KASCO,samaaljadaf|val,3142,ACTIVE,124,6,Jaddaf Waterfront,register_master,community centre,Jaddaf Waterfront (Al Jadaf),326,register master community,the middle of the card's own community; the exact plot is not in our data yet
siliconoasis,Dubai Silicon Oasis,AURA PRESTIGE,siliconoasis|auraprestige,3788,NOT_STARTED,65,65,Silicon Oasis,register_master,community centre,Silicon Oasis (Nadd Hessa),626,register master community,the middle of the card's own community; the exact plot is not in our data yet
siliconoasis,Dubai Silicon Oasis,LA VISITA 02,siliconoasis|lavisita02,13,FINISHED,62,12,Silicon Oasis,register_master,community centre,Silicon Oasis (Nadd Hessa),626,register master community,the middle of the card's own community; the exact plot is not in our data yet
siliconoasis,Dubai Silicon Oasis,LA VISTA 03,siliconoasis|lavista03,11,FINISHED,72,17,Silicon Oasis,register_master,community centre,Silicon Oasis (Nadd Hessa),626,register master community,the middle of the card's own community; the exact plot is not in our data yet
siliconoasis,Dubai Silicon Oasis,OASIZ 2 by Danube,siliconoasis|oasiz2,3260,ACTIVE,477,41,Silicon Oasis,register_master,community centre,Silicon Oasis (Nadd Hessa),626,register master community,the middle of the card's own community; the exact plot is not in our data yet
siliconoasis,Dubai Silicon Oasis,Oasiz 1 by Danube,siliconoasis|oasiz1,3259,ACTIVE,338,28,Silicon Oasis,register_master,community centre,Silicon Oasis (Nadd Hessa),626,register master community,the middle of the card's own community; the exact plot is not in our data yet
siliconoasis,Dubai Silicon Oasis,SILICON GATE 1,siliconoasis|silicongate1,774,FINISHED,424,66,Silicon Oasis,register_master,community centre,Silicon Oasis (Nadd Hessa),626,register master community,the middle of the card's own community; the exact plot is not in our data yet
siliconoasis,Dubai Silicon Oasis,SOLEN RESIDENCE by Jamal Living,siliconoasis|solenresidence,4048,PENDING,41,41,Silicon Oasis,register_master,community centre,Silicon Oasis (Nadd Hessa),626,register master community,the middle of the card's own community; the exact plot is not in our data yet
siliconoasis,Dubai Silicon Oasis,Serenova,siliconoasis|serenova,3208,NOT_STARTED,223,5,Silicon Oasis,register_master,community centre,Silicon Oasis (Nadd Hessa),626,register master community,the middle of the card's own community; the exact plot is not in our data yet
siliconoasis,Dubai Silicon Oasis,Timez By Danube,siliconoasis|timez,3559,ACTIVE,1127,502,Silicon Oasis,register_master,community centre,Silicon Oasis (Nadd Hessa),626,register master community,the middle of the card's own community; the exact plot is not in our data yet
sobhaheartland,Sobha Hartland,Azizi Riviera Reve,sobhaheartland|azizirivierareve,2434,ACTIVE,71,71,Meydan One Community,register_master,community centre,Meydan One Community (Al Merkadh),347,register master community,the middle of the card's own community; the exact plot is not in our data yet
sobhaheartland,Sobha Hartland,Berkeley Place,sobhaheartland|berkeleyplace,2417,FINISHED,194,11,Sobha Hartland,district,community centre,Sobha Hartland (Al Merkadh),347,register master community,the middle of the card's own community; the exact plot is not in our data yet
sobhaheartland,Sobha Hartland,GEMINI SPLENDOR,sobhaheartland|geminisplendor,1745,FINISHED,142,28,Sobha Hartland,district,community centre,Sobha Hartland (Al Merkadh),347,register master community,the middle of the card's own community; the exact plot is not in our data yet
sobhaheartland,Sobha Hartland,KENSINGTON WATERS,sobhaheartland|kensingtonwaters,2300,FINISHED,403,44,Sobha Hartland,district,community centre,Sobha Hartland (Al Merkadh),347,register master community,the middle of the card's own community; the exact plot is not in our data yet
sobhaheartland,Sobha Hartland,KENSINGTON WATERS A,sobhaheartland|kensingtonwatersa,2300,,250,0,Sobha Heartland,sales_area,community centre,Sobha Hartland (Al Merkadh),347,"alias (spelling variant of 'Sobha Hartland', a register master community in the tables)",the middle of the card's own community; the exact plot is not in our data yet
sobhaheartland,Sobha Hartland,"Mohammed Bin Rashid Al Maktoum City , District One Phase III  , Residences 13",sobhaheartland|mohammedbinrashidalmaktoumcitydistrictonephaseiiiresidences13,2162,FINISHED,233,15,Mohammed Bin Rashid AL Maktoum City -District -1 Community,register_master,community centre,Mohammed Bin Rashid AL Maktoum City -District -1 Community (Al Merkadh),347,register master community,the middle of the card's own community; the exact plot is not in our data yet
sobhaheartland,Sobha Hartland,"Mohammed Bin Rashid Al Maktoum City , District One Phase III  , Residences 14",sobhaheartland|mohammedbinrashidalmaktoumcitydistrictonephaseiiiresidences14,2024,FINISHED,12,12,Mohammed Bin Rashid AL Maktoum City -District -1 Community,register_master,community centre,Mohammed Bin Rashid AL Maktoum City -District -1 Community (Al Merkadh),347,register master community,the middle of the card's own community; the exact plot is not in our data yet
sobhaheartland,Sobha Hartland,"Mohammed Bin Rashid Al Maktoum City , District One Phase III  , Residences 15",sobhaheartland|mohammedbinrashidalmaktoumcitydistrictonephaseiiiresidences15,1998,FINISHED,12,12,Mohammed Bin Rashid AL Maktoum City -District -1 Community,register_master,community centre,Mohammed Bin Rashid AL Maktoum City -District -1 Community (Al Merkadh),347,register master community,the middle of the card's own community; the exact plot is not in our data yet
sobhaheartland,Sobha Hartland,"Mohammed Bin Rashid Al Maktoum City , District One Phase III  , Residences 16",sobhaheartland|mohammedbinrashidalmaktoumcitydistrictonephaseiiiresidences16,1997,FINISHED,3,3,Mohammed Bin Rashid AL Maktoum City -District -1 Community,register_master,community centre,Mohammed Bin Rashid AL Maktoum City -District -1 Community (Al Merkadh),347,register master community,the middle of the card's own community; the exact plot is not in our data yet
sobhaheartland,Sobha Hartland,"Mohammed Bin Rashid Al Maktoum City , District One Phase III  , Residences 22",sobhaheartland|mohammedbinrashidalmaktoumcitydistrictonephaseiiiresidences22,2242,FINISHED,6,6,Mohammed Bin Rashid AL Maktoum City -District -1 Community,register_master,community centre,Mohammed Bin Rashid AL Maktoum City -District -1 Community (Al Merkadh),347,register master community,the middle of the card's own community; the exact plot is not in our data yet
sobhaheartland,Sobha Hartland,"Mohammed Bin Rashid Al Maktoum City , District One Phase III  , Residences 23",sobhaheartland|mohammedbinrashidalmaktoumcitydistrictonephaseiiiresidences23,2243,FINISHED,5,5,Mohammed Bin Rashid AL Maktoum City -District -1 Community,register_master,community centre,Mohammed Bin Rashid AL Maktoum City -District -1 Community (Al Merkadh),347,register master community,the middle of the card's own community; the exact plot is not in our data yet
sobhaheartland,Sobha Hartland,"Mohammed Bin Rashid Al Maktoum City , District One Phase III  , Residences 25",sobhaheartland|mohammedbinrashidalmaktoumcitydistrictonephaseiiiresidences25,2249,FINISHED,5,5,Mohammed Bin Rashid AL Maktoum City -District -1 Community,register_master,community centre,Mohammed Bin Rashid AL Maktoum City -District -1 Community (Al Merkadh),347,register master community,the middle of the card's own community; the exact plot is not in our data yet
sobhaheartland,Sobha Hartland,"Mohammed Bin Rashid Al Maktoum City , District One Phase III  , Residences 26",sobhaheartland|mohammedbinrashidalmaktoumcitydistrictonephaseiiiresidences26,2250,FINISHED,32,32,Mohammed Bin Rashid AL Maktoum City -District -1 Community,register_master,community centre,Mohammed Bin Rashid AL Maktoum City -District -1 Community (Al Merkadh),347,register master community,the middle of the card's own community; the exact plot is not in our data yet
sobhaheartland,Sobha Hartland,"Mohammed Bin Rashid Al Maktoum City , District One Phase III  , Residences 28",sobhaheartland|mohammedbinrashidalmaktoumcitydistrictonephaseiiiresidences28,2253,FINISHED,3,3,Mohammed Bin Rashid AL Maktoum City -District -1 Community,register_master,community centre,Mohammed Bin Rashid AL Maktoum City -District -1 Community (Al Merkadh),347,register master community,the middle of the card's own community; the exact plot is not in our data yet
sobhaheartland,Sobha Hartland,"Mohammed Bin Rashid Al Maktoum City , District One Phase III  , Residences 4",sobhaheartland|mohammedbinrashidalmaktoumcitydistrictonephaseiiiresidences4,1703,FINISHED,207,10,Mohammed Bin Rashid AL Maktoum City -District -1 Community,register_master,community centre,Mohammed Bin Rashid AL Maktoum City -District -1 Community (Al Merkadh),347,register master community,the middle of the card's own community; the exact plot is not in our data yet
sobhaheartland,Sobha Hartland,"Mohammed Bin Rashid Al Maktoum City , District One Phase III  , Residences 6",sobhaheartland|mohammedbinrashidalmaktoumcitydistrictonephaseiiiresidences6,2170,FINISHED,4,4,Mohammed Bin Rashid AL Maktoum City -District -1 Community,register_master,community centre,Mohammed Bin Rashid AL Maktoum City -District -1 Community (Al Merkadh),347,register master community,the middle of the card's own community; the exact plot is not in our data yet
sobhaheartland,Sobha Hartland,"Mohammed Bin Rashid Al Maktoum City , District One Phase III  , Residences12",sobhaheartland|mohammedbinrashidalmaktoumcitydistrictonephaseiiiresidences12,2091,FINISHED,269,12,Mohammed Bin Rashid AL Maktoum City -District -1 Community,register_master,community centre,Mohammed Bin Rashid AL Maktoum City -District -1 Community (Al Merkadh),347,register master community,the middle of the card's own community; the exact plot is not in our data yet
sobhaheartland,Sobha Hartland,"Mohammed Bin Rashid Al Maktoum City-District One, Phase III, Residences 12",sobhaheartland|mohammedbinrashidalmaktoumcitydistrictonephaseiiiresidences12,2091,FINISHED,271,0,Mbr District 1,sales_area,community centre,Mohammed Bin Rashid AL Maktoum City -District -1 Community (Al Merkadh),347,alias ('Mbr' is the register's own abbreviation of Mohammed Bin Rashid; the long label is in the tables),the middle of the card's own community; the exact plot is not in our data yet
sobhaheartland,Sobha Hartland,Naya 3,sobhaheartland|naya3,2674,,178,0,Mohammed Bin Rashid AL Maktoum City -District -1 Community,register_master,community centre,Mohammed Bin Rashid AL Maktoum City -District -1 Community (Al Merkadh),347,register master community,the middle of the card's own community; the exact plot is not in our data yet
sobhaheartland,Sobha Hartland,Naya at District One,sobhaheartland|nayaatdistrictone,2674,ACTIVE,478,16,Mohammed Bin Rashid AL Maktoum City -District -1 Community,register_master,community centre,Mohammed Bin Rashid AL Maktoum City -District -1 Community (Al Merkadh),347,register master community,the middle of the card's own community; the exact plot is not in our data yet
sobhaheartland,Sobha Hartland,SOBHA HARTLAND GREENS - PHASE III - 2,sobhaheartland|sobhahartlandgreensphaseiii2,1907,,520,0,Sobha Heartland,sales_area,community centre,Sobha Hartland (Al Merkadh),347,"alias (spelling variant of 'Sobha Hartland', a register master community in the tables)",the middle of the card's own community; the exact plot is not in our data yet
sobhaheartland,Sobha Hartland,SOBHA HARTLAND GREENS PHASE II,sobhaheartland|sobhahartlandgreensphaseii,1798,FINISHED,28,28,Sobha Hartland,district,community centre,Sobha Hartland (Al Merkadh),347,register master community,the middle of the card's own community; the exact plot is not in our data yet
sobhaheartland,Sobha Hartland,SOBHA HARTLAND GREENS- PHASE I,sobhaheartland|sobhahartlandgreensphasei,1581,FINISHED,16,16,Sobha Hartland,district,community centre,Sobha Hartland (Al Merkadh),347,register master community,the middle of the card's own community; the exact plot is not in our data yet
sobhaheartland,Sobha Hartland,SOBHA HARTLAND VILLAS-PHASE 1,sobhaheartland|sobhahartlandvillasphase1,1544,FINISHED,3,3,Sobha Hartland,district,community centre,Sobha Hartland (Al Merkadh),347,register master community,the middle of the card's own community; the exact plot is not in our data yet
sobhaheartland,Sobha Hartland,Sobha Creek Vista Heights - Tower B,sobhaheartland|sobhacreekvistaheightstowerb,2717,,766,0,Sobha Hartland,district,community centre,Sobha Hartland (Al Merkadh),347,register master community,the middle of the card's own community; the exact plot is not in our data yet
sobhaheartland,Sobha Hartland,Sobha Creek Vistas Grande,sobhaheartland|sobhacreekvistasgrande,2458,FINISHED,587,44,Sobha Hartland,district,community centre,Sobha Hartland (Al Merkadh),347,register master community,the middle of the card's own community; the exact plot is not in our data yet
sobhaheartland,Sobha Hartland,Sobha Hartland - Crest Grande,sobhaheartland|sobhahartlandcrestgrande,2482,ACTIVE,1215,171,Sobha Hartland,district,community centre,Sobha Hartland (Al Merkadh),347,register master community,the middle of the card's own community; the exact plot is not in our data yet
sobhaheartland,Sobha Hartland,Sobha Hartland - The Crest,sobhaheartland|sobhahartlandthecrest,2447,FINISHED,2006,245,Sobha Hartland,district,community centre,Sobha Hartland (Al Merkadh),347,register master community,the middle of the card's own community; the exact plot is not in our data yet
sobhaheartland,Sobha Hartland,Sobha Hartland - The Crest Tower C,sobhaheartland|sobhahartlandthecresttowerc,2447,,635,0,Sobha Heartland,sales_area,community centre,Sobha Hartland (Al Merkadh),347,"alias (spelling variant of 'Sobha Hartland', a register master community in the tables)",the middle of the card's own community; the exact plot is not in our data yet
sobhaheartland,Sobha Hartland,Sobha Hartland Greens - Phase III,sobhaheartland|sobhahartlandgreensphaseiii,1907,FINISHED,29,29,Sobha Hartland,district,community centre,Sobha Hartland (Al Merkadh),347,register master community,the middle of the card's own community; the exact plot is not in our data yet
sobhaheartland,Sobha Hartland,Sobha Hartland One Park Avenue,sobhaheartland|sobhahartlandoneparkavenue,2166,FINISHED,28,28,Sobha Hartland,district,community centre,Sobha Hartland (Al Merkadh),347,register master community,the middle of the card's own community; the exact plot is not in our data yet
sobhaheartland,Sobha Hartland,THE HIGHBURY,sobhaheartland|thehighbury,2641,ACTIVE,373,46,Sobha Hartland,district,community centre,Sobha Hartland (Al Merkadh),347,register master community,the middle of the card's own community; the exact plot is not in our data yet
sobhaheartland,Sobha Hartland,The Terraces,sobhaheartland|theterraces,2013,FINISHED,415,18,Sobha Hartland,district,community centre,Sobha Hartland (Al Merkadh),347,register master community,the middle of the card's own community; the exact plot is not in our data yet
wadialsafa4,Wadi Al Safa 4,California Residences,wadialsafa4|californiaresidences,3778,NOT_STARTED,183,177,Wadi Al Safa 4,district,community centre,Wadi Al Safa 4,646,app district,the middle of the card's own community; the exact plot is not in our data yet
wadialsafa4,Wadi Al Safa 4,California Village,wadialsafa4|californiavillage,2694,ACTIVE,272,31,Wadi Al Safa 4,district,community centre,Wadi Al Safa 4,646,app district,the middle of the card's own community; the exact plot is not in our data yet
wadialsafa4,Wadi Al Safa 4,Capria East,wadialsafa4|capriaeast,3524,NOT_STARTED,553,207,Wadi Al Safa 4,district,community centre,Wadi Al Safa 4,646,app district,the middle of the card's own community; the exact plot is not in our data yet
wadialsafa4,Wadi Al Safa 4,Capria West,wadialsafa4|capriawest,3525,NOT_STARTED,714,251,Wadi Al Safa 4,district,community centre,Wadi Al Safa 4,646,app district,the middle of the card's own community; the exact plot is not in our data yet
wadialsafa4,Wadi Al Safa 4,Cilia,wadialsafa4|cilia,3016,NOT_STARTED,574,23,Wadi Al Safa 4,district,community centre,Wadi Al Safa 4,646,app district,the middle of the card's own community; the exact plot is not in our data yet
wadialsafa4,Wadi Al Safa 4,Distrikt,wadialsafa4|distrikt,3503,NOT_STARTED,428,423,Wadi Al Safa 4,district,community centre,Wadi Al Safa 4,646,app district,the middle of the card's own community; the exact plot is not in our data yet
wadialsafa4,Wadi Al Safa 4,Lacina,wadialsafa4|lacina,3336,NOT_STARTED,330,12,Wadi Al Safa 4,district,community centre,Wadi Al Safa 4,646,app district,the middle of the card's own community; the exact plot is not in our data yet
wadialsafa4,Wadi Al Safa 4,Laguna Residence,wadialsafa4|lagunaresidence,3358,NOT_STARTED,310,159,City Of Arabia,register_master,community centre,City Of Arabia (Wadi Al Safa 4),646,register master community,the middle of the card's own community; the exact plot is not in our data yet
wadialsafa4,Wadi Al Safa 4,Mag 330,wadialsafa4|mag330,1854,ACTIVE,676,65,City Of Arabia,register_master,community centre,City Of Arabia (Wadi Al Safa 4),646,register master community,the middle of the card's own community; the exact plot is not in our data yet
wadialsafa4,Wadi Al Safa 4,Serra,wadialsafa4|serra,3076,NOT_STARTED,551,64,Wadi Al Safa 4,district,community centre,Wadi Al Safa 4,646,app district,the middle of the card's own community; the exact plot is not in our data yet
wadialsafa5,Wadi Al Safa 5,09 Life Residences,wadialsafa5|09liferesidences,4250,,32,32,Dubai Land Residence Complex,register_master,community centre,Dubai Land Residence Complex (Wadi Al Safa 5),648,register master community,the middle of the card's own community; the exact plot is not in our data yet
wadialsafa5,Wadi Al Safa 5,A,wadialsafa5|a,2541,,348,0,Dubai Land Residence Complex,sales_area,community centre,Dubai Land Residence Complex (Wadi Al Safa 5),648,register master community,the middle of the card's own community; the exact plot is not in our data yet
wadialsafa5,Wadi Al Safa 5,AARK RESIDENCES,wadialsafa5|aarkresidences,2785,ACTIVE,109,9,Dubai Land Residence Complex,register_master,community centre,Dubai Land Residence Complex (Wadi Al Safa 5),648,register master community,the middle of the card's own community; the exact plot is not in our data yet
wadialsafa5,Wadi Al Safa 5,AMARANTA 2,wadialsafa5|amaranta2,2017,FINISHED,515,18,Wadi Al Safa 5,district,community centre,Wadi Al Safa 5,648,app district,the middle of the card's own community; the exact plot is not in our data yet
wadialsafa5,Wadi Al Safa 5,ARLINGTON PARK By MAJID,wadialsafa5|arlingtonpark,3747,NOT_STARTED,127,106,Dubai Land Residence Complex,register_master,community centre,Dubai Land Residence Complex (Wadi Al Safa 5),648,register master community,the middle of the card's own community; the exact plot is not in our data yet
wadialsafa5,Wadi Al Safa 5,ATHLON BY AL DAR 1,wadialsafa5|athlon,3143,ACTIVE,648,44,Wadi Al Safa 5,district,community centre,Wadi Al Safa 5,648,app district,the middle of the card's own community; the exact plot is not in our data yet
wadialsafa5,Wadi Al Safa 5,ATHLON BY AL DAR 2,wadialsafa5|athlon,3145,ACTIVE,357,31,Wadi Al Safa 5,district,community centre,Wadi Al Safa 5,648,app district,the middle of the card's own community; the exact plot is not in our data yet
wadialsafa5,Wadi Al Safa 5,Ag Ark Tower,wadialsafa5|agarktower,3313,ACTIVE,182,22,Dubai Land Residence Complex,register_master,community centre,Dubai Land Residence Complex (Wadi Al Safa 5),648,register master community,the middle of the card's own community; the exact plot is not in our data yet
wadialsafa5,Wadi Al Safa 5,Ag Aum Residence,wadialsafa5|agaumresidence,3262,NOT_STARTED,256,43,Dubai Land Residence Complex,register_master,community centre,Dubai Land Residence Complex (Wadi Al Safa 5),648,register master community,the middle of the card's own community; the exact plot is not in our data yet
wadialsafa5,Wadi Al Safa 5,Ag Central,wadialsafa5|agcentral,2422,ACTIVE,99,3,Dubai Land Residence Complex,register_master,community centre,Dubai Land Residence Complex (Wadi Al Safa 5),648,register master community,the middle of the card's own community; the exact plot is not in our data yet
wadialsafa5,Wadi Al Safa 5,Ag Square,wadialsafa5|agsquare,2424,ACTIVE,448,47,Dubai Land Residence Complex,register_master,community centre,Dubai Land Residence Complex (Wadi Al Safa 5),648,register master community,the middle of the card's own community; the exact plot is not in our data yet
wadialsafa5,Wadi Al Safa 5,Arlington Park Ii By Majid,wadialsafa5|arlingtonparkii,4425,ACTIVE,38,32,Dubai Land Residence Complex,register_master,community centre,Dubai Land Residence Complex (Wadi Al Safa 5),648,register master community,the middle of the card's own community; the exact plot is not in our data yet
wadialsafa5,Wadi Al Safa 5,Azra Residence,wadialsafa5|azraresidence,4078,PENDING,15,12,Dubai Land Residence Complex,register_master,community centre,Dubai Land Residence Complex (Wadi Al Safa 5),648,register master community,the middle of the card's own community; the exact plot is not in our data yet
wadialsafa5,Wadi Al Safa 5,Beverly Park,wadialsafa5|beverlypark,4009,NOT_STARTED,50,50,Dubai Land Residence Complex,register_master,community centre,Dubai Land Residence Complex (Wadi Al Safa 5),648,register master community,the middle of the card's own community; the exact plot is not in our data yet
wadialsafa5,Wadi Al Safa 5,Bliss Tower,wadialsafa5|blisstower,3545,ACTIVE,115,115,Dubai Land Residence Complex,register_master,community centre,Dubai Land Residence Complex (Wadi Al Safa 5),648,register master community,the middle of the card's own community; the exact plot is not in our data yet
wadialsafa5,Wadi Al Safa 5,Blue Wave,wadialsafa5|bluewave,2165,FINISHED,570,43,Dubai Land Residence Complex,register_master,community centre,Dubai Land Residence Complex (Wadi Al Safa 5),648,register master community,the middle of the card's own community; the exact plot is not in our data yet
wadialsafa5,Wadi Al Safa 5,Bond Living,wadialsafa5|bondliving,4073,ACTIVE,5,5,Dubai Land Residence Complex,register_master,community centre,Dubai Land Residence Complex (Wadi Al Safa 5),648,register master community,the middle of the card's own community; the exact plot is not in our data yet
wadialsafa5,Wadi Al Safa 5,Celesto Tower,wadialsafa5|celestotower,4106,PENDING,151,150,Dubai Land Residence Complex,register_master,community centre,Dubai Land Residence Complex (Wadi Al Safa 5),648,register master community,the middle of the card's own community; the exact plot is not in our data yet
wadialsafa5,Wadi Al Safa 5,Celesto Tower 2,wadialsafa5|celestotower2,4440,ACTIVE,58,58,Dubai Land Residence Complex,register_master,community centre,Dubai Land Residence Complex (Wadi Al Safa 5),648,register master community,the middle of the card's own community; the exact plot is not in our data yet
wadialsafa5,Wadi Al Safa 5,Celesto Tower 3,wadialsafa5|celestotower3,4487,ACTIVE,12,10,Dubai Land Residence Complex,register_master,community centre,Dubai Land Residence Complex (Wadi Al Safa 5),648,register master community,the middle of the card's own community; the exact plot is not in our data yet
wadialsafa5,Wadi Al Safa 5,Celia Homes,wadialsafa5|celiahomes,4170,,95,95,Dubai Land Residence Complex,register_master,community centre,Dubai Land Residence Complex (Wadi Al Safa 5),648,register master community,the middle of the card's own community; the exact plot is not in our data yet
wadialsafa5,Wadi Al Safa 5,Cove Boulevard By Imtiaz,wadialsafa5|coveboulevard,3675,NOT_STARTED,243,94,Dubai Land Residence Complex,register_master,community centre,Dubai Land Residence Complex (Wadi Al Safa 5),648,register master community,the middle of the card's own community; the exact plot is not in our data yet
wadialsafa5,Wadi Al Safa 5,Cove Edition 4 by Imtiaz,wadialsafa5|coveedition4,3483,,265,0,Dubai Land Residence Complex,sales_area,community centre,Dubai Land Residence Complex (Wadi Al Safa 5),648,register master community,the middle of the card's own community; the exact plot is not in our data yet
wadialsafa5,Wadi Al Safa 5,Cove Edition 5 by Imtiaz,wadialsafa5|coveedition5,3705,,197,0,Dubai Land Residence Complex,sales_area,community centre,Dubai Land Residence Complex (Wadi Al Safa 5),648,register master community,the middle of the card's own community; the exact plot is not in our data yet
wadialsafa5,Wadi Al Safa 5,Cove Edition I by Imtiaz,wadialsafa5|coveeditioni,813,,318,0,Dubai Land Residence Complex,sales_area,community centre,Dubai Land Residence Complex (Wadi Al Safa 5),648,register master community,the middle of the card's own community; the exact plot is not in our data yet
wadialsafa5,Wadi Al Safa 5,Cove Edition Residence 1 By Imtiaz,wadialsafa5|coveeditionresidence1,3248,ACTIVE,190,7,Dubai Land Residence Complex,register_master,community centre,Dubai Land Residence Complex (Wadi Al Safa 5),648,register master community,the middle of the card's own community; the exact plot is not in our data yet
wadialsafa5,Wadi Al Safa 5,Cove Edition Residence 2 By Imtiaz,wadialsafa5|coveeditionresidence2,3286,ACTIVE,267,23,Dubai Land Residence Complex,register_master,community centre,Dubai Land Residence Complex (Wadi Al Safa 5),648,register master community,the middle of the card's own community; the exact plot is not in our data yet
wadialsafa5,Wadi Al Safa 5,Cove Edition Residence 3 By Imtiaz,wadialsafa5|coveeditionresidence3,3466,ACTIVE,263,22,Dubai Land Residence Complex,register_master,community centre,Dubai Land Residence Complex (Wadi Al Safa 5),648,register master community,the middle of the card's own community; the exact plot is not in our data yet
wadialsafa5,Wadi Al Safa 5,Cove Edition Residence 6 By Imtiaz,wadialsafa5|coveeditionresidence6,3803,NOT_STARTED,263,254,Dubai Land Residence Complex,register_master,community centre,Dubai Land Residence Complex (Wadi Al Safa 5),648,register master community,the middle of the card's own community; the exact plot is not in our data yet
wadialsafa5,Wadi Al Safa 5,Cove Grand Residence by Imtiaz,wadialsafa5|covegrandresidence,3774,NOT_STARTED,526,468,Dubai Land Residence Complex,register_master,community centre,Dubai Land Residence Complex (Wadi Al Safa 5),648,register master community,the middle of the card's own community; the exact plot is not in our data yet
wadialsafa5,Wadi Al Safa 5,Cove Living Residence By Imtiaz,wadialsafa5|covelivingresidence,2973,ACTIVE,775,32,Dubai Land Residence Complex,register_master,community centre,Dubai Land Residence Complex (Wadi Al Safa 5),648,register master community,the middle of the card's own community; the exact plot is not in our data yet
wadialsafa5,Wadi Al Safa 5,Coventry Gardens,wadialsafa5|coventrygardens,3342,ACTIVE,65,15,Dubai Land Residence Complex,register_master,community centre,Dubai Land Residence Complex (Wadi Al Safa 5),648,register master community,the middle of the card's own community; the exact plot is not in our data yet
wadialsafa5,Wadi Al Safa 5,Cybele By Wadan,wadialsafa5|cybele,4222,,224,221,Dubai Land Residence Complex,register_master,community centre,Dubai Land Residence Complex (Wadi Al Safa 5),648,register master community,the middle of the card's own community; the exact plot is not in our data yet
wadialsafa5,Wadi Al Safa 5,Dalmore Tower,wadialsafa5|dalmoretower,3622,ACTIVE,40,40,Dubai Land Residence Complex,register_master,community centre,Dubai Land Residence Complex (Wadi Al Safa 5),648,register master community,the middle of the card's own community; the exact plot is not in our data yet
wadialsafa5,Wadi Al Safa 5,Durar1,wadialsafa5|durar1,880,FINISHED,255,31,Dubai Land Residence Complex,register_master,community centre,Dubai Land Residence Complex (Wadi Al Safa 5),648,register master community,the middle of the card's own community; the exact plot is not in our data yet
wadialsafa5,Wadi Al Safa 5,Empire Gardens,wadialsafa5|empiregardens,4246,ACTIVE,105,102,Dubai Land Residence Complex,register_master,community centre,Dubai Land Residence Complex (Wadi Al Safa 5),648,register master community,the middle of the card's own community; the exact plot is not in our data yet
wadialsafa5,Wadi Al Safa 5,Floarea Oasis,wadialsafa5|floareaoasis,3603,NOT_STARTED,222,206,Dubai Land Residence Complex,register_master,community centre,Dubai Land Residence Complex (Wadi Al Safa 5),648,register master community,the middle of the card's own community; the exact plot is not in our data yet
wadialsafa5,Wadi Al Safa 5,GFS Coventry Gardens II,wadialsafa5|gfscoventrygardensii,3864,NOT_STARTED,38,38,Dubai Land Residence Complex,register_master,community centre,Dubai Land Residence Complex (Wadi Al Safa 5),648,register master community,the middle of the card's own community; the exact plot is not in our data yet
wadialsafa5,Wadi Al Safa 5,Haven By Aldar 1,wadialsafa5|haven,2873,ACTIVE,372,32,Wadi Al Safa 5,district,community centre,Wadi Al Safa 5,648,app district,the middle of the card's own community; the exact plot is not in our data yet
wadialsafa5,Wadi Al Safa 5,Haven By Aldar 2,wadialsafa5|haven,2874,ACTIVE,428,41,Wadi Al Safa 5,district,community centre,Wadi Al Safa 5,648,app district,the middle of the card's own community; the exact plot is not in our data yet
wadialsafa5,Wadi Al Safa 5,Haven By Aldar 3,wadialsafa5|haven,2875,ACTIVE,208,25,Wadi Al Safa 5,district,community centre,Wadi Al Safa 5,648,app district,the middle of the card's own community; the exact plot is not in our data yet
wadialsafa5,Wadi Al Safa 5,Havencia,wadialsafa5|havencia,4454,ACTIVE,5,0,Dubai Land Residence Complex,sales_area,community centre,Dubai Land Residence Complex (Wadi Al Safa 5),648,register master community,the middle of the card's own community; the exact plot is not in our data yet
wadialsafa5,Wadi Al Safa 5,Izel By Zoya,wadialsafa5|izel,4386,,32,31,Dubai Land Residence Complex,register_master,community centre,Dubai Land Residence Complex (Wadi Al Safa 5),648,register master community,the middle of the card's own community; the exact plot is not in our data yet
wadialsafa5,Wadi Al Safa 5,J One Building,wadialsafa5|jonebuilding,,,164,0,Business Bay,sales_area,community centre,Business Bay,346,register master community,the middle of the card's own community; the exact plot is not in our data yet
wadialsafa5,Wadi Al Safa 5,K1,wadialsafa5|k1,1963,,191,13,Dubai Land Residence Complex,register_master,community centre,Dubai Land Residence Complex (Wadi Al Safa 5),648,register master community,the middle of the card's own community; the exact plot is not in our data yet
wadialsafa5,Wadi Al Safa 5,Kensington Gardens,wadialsafa5|kensingtongardens,3564,NOT_STARTED,333,328,Dubai Land Residence Complex,register_master,community centre,Dubai Land Residence Complex (Wadi Al Safa 5),648,register master community,the middle of the card's own community; the exact plot is not in our data yet
wadialsafa5,Wadi Al Safa 5,La Rosa,wadialsafa5|larosa,2156,FINISHED,7,7,Wadi Al Safa 5,district,community centre,Wadi Al Safa 5,648,app district,the middle of the card's own community; the exact plot is not in our data yet
wadialsafa5,Wadi Al Safa 5,La Rosa 3,wadialsafa5|larosa3,2220,FINISHED,10,10,Wadi Al Safa 5,district,community centre,Wadi Al Safa 5,648,app district,the middle of the card's own community; the exact plot is not in our data yet
wadialsafa5,Wadi Al Safa 5,La Rosa 5,wadialsafa5|larosa5,2272,FINISHED,9,9,Wadi Al Safa 5,district,community centre,Wadi Al Safa 5,648,app district,the middle of the card's own community; the exact plot is not in our data yet
wadialsafa5,Wadi Al Safa 5,La Rosa 6,wadialsafa5|larosa6,2291,FINISHED,14,14,Wadi Al Safa 5,district,community centre,Wadi Al Safa 5,648,app district,the middle of the card's own community; the exact plot is not in our data yet
wadialsafa5,Wadi Al Safa 5,La Rosa Phase 2,wadialsafa5|larosaphase2,2176,FINISHED,12,12,Wadi Al Safa 5,district,community centre,Wadi Al Safa 5,648,app district,the middle of the card's own community; the exact plot is not in our data yet
wadialsafa5,Wadi Al Safa 5,La Tilia at Villanova Phase 1,wadialsafa5|latiliaatvillanovaphase1,3455,ACTIVE,52,52,Wadi Al Safa 5,district,community centre,Wadi Al Safa 5,648,app district,the middle of the card's own community; the exact plot is not in our data yet
wadialsafa5,Wadi Al Safa 5,La Tilia at Villanova Phase 2,wadialsafa5|latiliaatvillanovaphase2,3456,ACTIVE,466,64,Wadi Al Safa 5,district,community centre,Wadi Al Safa 5,648,app district,the middle of the card's own community; the exact plot is not in our data yet
wadialsafa5,Wadi Al Safa 5,La Violeta 1,wadialsafa5|lavioleta1,2348,FINISHED,21,21,Wadi Al Safa 5,district,community centre,Wadi Al Safa 5,648,app district,the middle of the card's own community; the exact plot is not in our data yet
wadialsafa5,Wadi Al Safa 5,La Violeta 2,wadialsafa5|lavioleta2,2354,FINISHED,61,61,Wadi Al Safa 5,district,community centre,Wadi Al Safa 5,648,app district,the middle of the card's own community; the exact plot is not in our data yet
wadialsafa5,Wadi Al Safa 5,Lateral One,wadialsafa5|lateralone,4086,PENDING,8,8,Dubai Land Residence Complex,register_master,community centre,Dubai Land Residence Complex (Wadi Al Safa 5),648,register master community,the middle of the card's own community; the exact plot is not in our data yet
wadialsafa5,Wadi Al Safa 5,Marquis Vista,wadialsafa5|marquisvista,3632,NOT_STARTED,75,65,Dubai Land Residence Complex,register_master,community centre,Dubai Land Residence Complex (Wadi Al Safa 5),648,register master community,the middle of the card's own community; the exact plot is not in our data yet
wadialsafa5,Wadi Al Safa 5,Milos By Karma,wadialsafa5|milos,3132,NOT_STARTED,177,18,Dubai Land Residence Complex,register_master,community centre,Dubai Land Residence Complex (Wadi Al Safa 5),648,register master community,the middle of the card's own community; the exact plot is not in our data yet
wadialsafa5,Wadi Al Safa 5,Nuve By Zoya,wadialsafa5|nuve,4290,ACTIVE,176,168,Dubai Land Residence Complex,register_master,community centre,Dubai Land Residence Complex (Wadi Al Safa 5),648,register master community,the middle of the card's own community; the exact plot is not in our data yet
wadialsafa5,Wadi Al Safa 5,Peace Lagoons II by Peace Homes,wadialsafa5|peacelagoonsii,3383,NOT_STARTED,543,385,Dubai Land Residence Complex,register_master,community centre,Dubai Land Residence Complex (Wadi Al Safa 5),648,register master community,the middle of the card's own community; the exact plot is not in our data yet
wadialsafa5,Wadi Al Safa 5,Peace Lagoons by Peace Homes,wadialsafa5|peacelagoons,3146,NOT_STARTED,800,286,Dubai Land Residence Complex,register_master,community centre,Dubai Land Residence Complex (Wadi Al Safa 5),648,register master community,the middle of the card's own community; the exact plot is not in our data yet
wadialsafa5,Wadi Al Safa 5,Reef 998,wadialsafa5|reef998,3651,NOT_STARTED,280,228,Dubai Land Residence Complex,register_master,community centre,Dubai Land Residence Complex (Wadi Al Safa 5),648,register master community,the middle of the card's own community; the exact plot is not in our data yet
wadialsafa5,Wadi Al Safa 5,Roof Comfort,wadialsafa5|roofcomfort,3629,NOT_STARTED,3,0,Dubai Land Residence Complex,sales_area,community centre,Dubai Land Residence Complex (Wadi Al Safa 5),648,register master community,the middle of the card's own community; the exact plot is not in our data yet
wadialsafa5,Wadi Al Safa 5,Samana Avenue,wadialsafa5|samanaavenue,2898,ACTIVE,165,27,Dubai Land Residence Complex,register_master,community centre,Dubai Land Residence Complex (Wadi Al Safa 5),648,register master community,the middle of the card's own community; the exact plot is not in our data yet
wadialsafa5,Wadi Al Safa 5,Samana IBIZA,wadialsafa5|samanaibiza,2897,NOT_STARTED,442,88,Dubai Land Residence Complex,register_master,community centre,Dubai Land Residence Complex (Wadi Al Safa 5),648,register master community,the middle of the card's own community; the exact plot is not in our data yet
wadialsafa5,Wadi Al Safa 5,Samana IVY Gardens,wadialsafa5|samanaivygardens,2642,ACTIVE,355,21,Dubai Land Residence Complex,register_master,community centre,Dubai Land Residence Complex (Wadi Al Safa 5),648,register master community,the middle of the card's own community; the exact plot is not in our data yet
wadialsafa5,Wadi Al Safa 5,Samana IVY Gardens 2,wadialsafa5|samanaivygardens2,2909,ACTIVE,843,35,Dubai Land Residence Complex,register_master,community centre,Dubai Land Residence Complex (Wadi Al Safa 5),648,register master community,the middle of the card's own community; the exact plot is not in our data yet
wadialsafa5,Wadi Al Safa 5,Samana Park Meadows,wadialsafa5|samanaparkmeadows,2896,ACTIVE,212,53,Dubai Land Residence Complex,register_master,community centre,Dubai Land Residence Complex (Wadi Al Safa 5),648,register master community,the middle of the card's own community; the exact plot is not in our data yet
wadialsafa5,Wadi Al Safa 5,Samana Parkville,wadialsafa5|samanaparkville,3791,NOT_STARTED,407,199,Dubai Land Residence Complex,register_master,community centre,Dubai Land Residence Complex (Wadi Al Safa 5),648,register master community,the middle of the card's own community; the exact plot is not in our data yet
wadialsafa5,Wadi Al Safa 5,Seraph by Wadan,wadialsafa5|seraph,4109,PENDING,187,186,Dubai Land Residence Complex,register_master,community centre,Dubai Land Residence Complex (Wadi Al Safa 5),648,register master community,the middle of the card's own community; the exact plot is not in our data yet
wadialsafa5,Wadi Al Safa 5,Sky Line By Peace Homes,wadialsafa5|skyline,4125,ACTIVE,133,115,Dubai Land Residence Complex,register_master,community centre,Dubai Land Residence Complex (Wadi Al Safa 5),648,register master community,the middle of the card's own community; the exact plot is not in our data yet
wadialsafa5,Wadi Al Safa 5,Solanki One,wadialsafa5|solankione,3776,ACTIVE,65,65,Dubai Land Residence Complex,register_master,community centre,Dubai Land Residence Complex (Wadi Al Safa 5),648,register master community,the middle of the card's own community; the exact plot is not in our data yet
wadialsafa5,Wadi Al Safa 5,THE VILLA,wadialsafa5|thevilla,685,ACTIVE,222,37,The Villa,register_master,community centre,The Villa (Wadi Al Safa 5),648,register master community,the middle of the card's own community; the exact plot is not in our data yet
wadialsafa5,Wadi Al Safa 5,Terra Tower,wadialsafa5|terratower,3278,NOT_STARTED,317,73,Dubai Land Residence Complex,register_master,community centre,Dubai Land Residence Complex (Wadi Al Safa 5),648,register master community,the middle of the card's own community; the exact plot is not in our data yet
wadialsafa5,Wadi Al Safa 5,The Boulevard By Prestige One,wadialsafa5|theboulevard,3428,NOT_STARTED,372,136,Dubai Land Residence Complex,register_master,community centre,Dubai Land Residence Complex (Wadi Al Safa 5),648,register master community,the middle of the card's own community; the exact plot is not in our data yet
wadialsafa5,Wadi Al Safa 5,The Corner,wadialsafa5|thecorner,2904,ACTIVE,94,94,Dubai Land Residence Complex,register_master,community centre,Dubai Land Residence Complex (Wadi Al Safa 5),648,register master community,the middle of the card's own community; the exact plot is not in our data yet
wadialsafa5,Wadi Al Safa 5,The V Tower,wadialsafa5|thevtower,2199,FINISHED,433,32,Dubai Land Residence Complex,register_master,community centre,Dubai Land Residence Complex (Wadi Al Safa 5),648,register master community,the middle of the card's own community; the exact plot is not in our data yet
wadialsafa5,Wadi Al Safa 5,Time 2,wadialsafa5|time2,2541,ACTIVE,346,28,Dubai Land Residence Complex,register_master,community centre,Dubai Land Residence Complex (Wadi Al Safa 5),648,register master community,the middle of the card's own community; the exact plot is not in our data yet
wadialsafa5,Wadi Al Safa 5,Time 3,wadialsafa5|time3,3155,ACTIVE,263,14,Dubai Land Residence Complex,register_master,community centre,Dubai Land Residence Complex (Wadi Al Safa 5),648,register master community,the middle of the card's own community; the exact plot is not in our data yet
wadialsafa5,Wadi Al Safa 5,Veona by Gutti,wadialsafa5|veona,4001,NOT_STARTED,24,24,Dubai Land Residence Complex,register_master,community centre,Dubai Land Residence Complex (Wadi Al Safa 5),648,register master community,the middle of the card's own community; the exact plot is not in our data yet
wadialsafa5,Wadi Al Safa 5,Verdania 1,wadialsafa5|verdania1,3543,ACTIVE,171,105,Dubai Land Residence Complex,register_master,community centre,Dubai Land Residence Complex (Wadi Al Safa 5),648,register master community,the middle of the card's own community; the exact plot is not in our data yet
wadialsafa5,Wadi Al Safa 5,Verdania 2,wadialsafa5|verdania2,3576,NOT_STARTED,49,21,Dubai Land Residence Complex,register_master,community centre,Dubai Land Residence Complex (Wadi Al Safa 5),648,register master community,the middle of the card's own community; the exact plot is not in our data yet
wadialsafa5,Wadi Al Safa 5,Verdes by Haven 1,wadialsafa5|verdes,3188,ACTIVE,974,69,Wadi Al Safa 5,district,community centre,Wadi Al Safa 5,648,app district,the middle of the card's own community; the exact plot is not in our data yet
wadialsafa5,Wadi Al Safa 5,Verdes by Haven 2,wadialsafa5|verdes,3189,ACTIVE,56,0,Wadi Al Safa 5,district,community centre,Wadi Al Safa 5,648,app district,the middle of the card's own community; the exact plot is not in our data yet
wadialsafa5,Wadi Al Safa 5,Villanova Amaranta,wadialsafa5|villanovaamaranta,1817,FINISHED,837,27,Wadi Al Safa 5,district,community centre,Wadi Al Safa 5,648,app district,the middle of the card's own community; the exact plot is not in our data yet
wadialsafa5,Wadi Al Safa 5,Villanova Amaranta 3,wadialsafa5|villanovaamaranta3,2057,FINISHED,28,28,Wadi Al Safa 5,district,community centre,Wadi Al Safa 5,648,app district,the middle of the card's own community; the exact plot is not in our data yet
wadialsafa5,Wadi Al Safa 5,Villanova Amaranta B,wadialsafa5|villanovaamarantab,2077,FINISHED,669,22,Wadi Al Safa 5,district,community centre,Wadi Al Safa 5,648,app district,the middle of the card's own community; the exact plot is not in our data yet
wadialsafa5,Wadi Al Safa 5,Wadi Hills by HRE,wadialsafa5|wadihills,4100,NOT_STARTED,59,59,Dubai Land Residence Complex,register_master,community centre,Dubai Land Residence Complex (Wadi Al Safa 5),648,register master community,the middle of the card's own community; the exact plot is not in our data yet
wadialsafa5,Wadi Al Safa 5,Weybridge Gardens 5,wadialsafa5|weybridgegardens5,4005,NOT_STARTED,134,134,Dubai Land Residence Complex,register_master,community centre,Dubai Land Residence Complex (Wadi Al Safa 5),648,register master community,the middle of the card's own community; the exact plot is not in our data yet
alwasl,Al Wasl,CASA AHS,alwasl|casaahs,3589,ACTIVE,13,13,Dubai Water Canal,register_master,none,,,,community not matched to any polygon: the name 'Dubai Water Canal' points at 2 communities
alwasl,Al Wasl,Canal Front Residences CF1 & CF2,alwasl|canalfrontresidencescf1cf2,2315,FINISHED,256,13,Dubai Water Canal,register_master,none,,,,community not matched to any polygon: the name 'Dubai Water Canal' points at 2 communities
alwasl,Al Wasl,Canal Front Residences-CF3&CF4,alwasl|canalfrontresidencescf3cf4,2333,FINISHED,255,24,Dubai Water Canal,register_master,none,,,,community not matched to any polygon: the name 'Dubai Water Canal' points at 2 communities
alwasl,Al Wasl,Canal Front Residences-CF5&CF6,alwasl|canalfrontresidencescf5cf6,2364,FINISHED,283,26,Dubai Water Canal,register_master,none,,,,community not matched to any polygon: the name 'Dubai Water Canal' points at 2 communities
alwasl,Al Wasl,Canal Front Residences-CF7 & CF8 & CF9,alwasl|canalfrontresidencescf7cf8cf9,2363,FINISHED,748,25,Dubai Water Canal,register_master,none,,,,community not matched to any polygon: the name 'Dubai Water Canal' points at 2 communities
alwasl,Al Wasl,Eden House The Park,alwasl|edenhousethepark,3382,ACTIVE,306,116,Dubai Water Canal,register_master,none,,,,community not matched to any polygon: the name 'Dubai Water Canal' points at 2 communities
alyelayiss1,Al Yelayiss 1,REEM - MIRA OASIS COMMUNITY,alyelayiss1|reemmiraoasiscommunity,1488,FINISHED,349,31,Al Aryam,register_master,none,,,,"community not matched to any polygon: no Dubai Municipality community, register master community or app district is called 'Al Aryam'"
alyelayiss1,Al Yelayiss 1,REEM - MIRA OASIS COMMUNITY PHASE 2,alyelayiss1|reemmiraoasiscommunityphase2,1490,FINISHED,305,41,Al Aryam,register_master,none,,,,"community not matched to any polygon: no Dubai Municipality community, register master community or app district is called 'Al Aryam'"
alyelayiss1,Al Yelayiss 1,REEM - MIRA OASIS COMMUNITY PHASE 3,alyelayiss1|reemmiraoasiscommunityphase3,1500,FINISHED,319,22,Al Aryam,register_master,none,,,,"community not matched to any polygon: no Dubai Municipality community, register master community or app district is called 'Al Aryam'"
alyelayiss1,Al Yelayiss 1,REEM-MIRA COMMUNITY PH 1,alyelayiss1|reemmiracommunityph1,1792,FINISHED,17,17,Al Aryam,register_master,none,,,,"community not matched to any polygon: no Dubai Municipality community, register master community or app district is called 'Al Aryam'"
alyelayiss1,Al Yelayiss 1,REEM-MIRA COMMUNITY PH 2,alyelayiss1|reemmiracommunityph2,1793,FINISHED,149,17,Al Aryam,register_master,none,,,,"community not matched to any polygon: no Dubai Municipality community, register master community or app district is called 'Al Aryam'"
alyelayiss1,Al Yelayiss 1,REEM-MIRA COMMUNITY PH 3,alyelayiss1|reemmiracommunityph3,1824,FINISHED,197,33,Al Aryam,register_master,none,,,,"community not matched to any polygon: no Dubai Municipality community, register master community or app district is called 'Al Aryam'"
alyelayiss1,Al Yelayiss 1,REEM-MIRA COMMUNITY PH 4,alyelayiss1|reemmiracommunityph4,1825,FINISHED,252,22,Al Aryam,register_master,none,,,,"community not matched to any polygon: no Dubai Municipality community, register master community or app district is called 'Al Aryam'"
bukadra,Sobha Hartland II / Bukadra,Ayaan Heights I,bukadra|ayaanheightsi,3610,,43,37,Meydan Horizon,sales_area,none,,,,"community not matched to any polygon: no Dubai Municipality community, register master community or app district is called 'Meydan Horizon'"
bukadra,Sobha Hartland II / Bukadra,Belmore Residences,bukadra|belmoreresidences,4033,,180,178,Meydan Horizon,sales_area,none,,,,"community not matched to any polygon: no Dubai Municipality community, register master community or app district is called 'Meydan Horizon'"
bukadra,Sobha Hartland II / Bukadra,Claydon House By Ellington,bukadra|claydonhouse,3098,,391,45,Meydan Horizon,sales_area,none,,,,"community not matched to any polygon: no Dubai Municipality community, register master community or app district is called 'Meydan Horizon'"
bukadra,Sobha Hartland II / Bukadra,Future Residence,bukadra|futureresidence,4030,,69,67,Meydan Horizon,sales_area,none,,,,"community not matched to any polygon: no Dubai Municipality community, register master community or app district is called 'Meydan Horizon'"
bukadra,Sobha Hartland II / Bukadra,Imtiaz Symphony Tower,bukadra|imtiazsymphonytower,4193,,208,197,Meydan Horizon,sales_area,none,,,,"community not matched to any polygon: no Dubai Municipality community, register master community or app district is called 'Meydan Horizon'"
bukadra,Sobha Hartland II / Bukadra,Parkway By Prestige One,bukadra|parkway,3272,,258,103,Meydan Horizon,sales_area,none,,,,"community not matched to any polygon: no Dubai Municipality community, register master community or app district is called 'Meydan Horizon'"
bukadra,Sobha Hartland II / Bukadra,Riverton House,bukadra|rivertonhouse,4036,,71,70,Meydan Horizon,sales_area,none,,,,"community not matched to any polygon: no Dubai Municipality community, register master community or app district is called 'Meydan Horizon'"
bukadra,Sobha Hartland II / Bukadra,The Caden By Prescott,bukadra|thecaden,4215,,90,82,Meydan Horizon,sales_area,none,,,,"community not matched to any polygon: no Dubai Municipality community, register master community or app district is called 'Meydan Horizon'"
bukadra,Sobha Hartland II / Bukadra,The Highgrove,bukadra|thehighgrove,4037,,221,220,Meydan Horizon,sales_area,none,,,,"community not matched to any polygon: no Dubai Municipality community, register master community or app district is called 'Meydan Horizon'"
bukadra,Sobha Hartland II / Bukadra,Wynwood Horizon by Imtiaz,bukadra|wynwoodhorizon,4133,,127,127,Meydan Horizon,sales_area,none,,,,"community not matched to any polygon: no Dubai Municipality community, register master community or app district is called 'Meydan Horizon'"
jltnorth,Jumeirah Lake Towers,AL SEEF II,jltnorth|alseefii,48,,93,10,DMCC Master Community,register_master,none,,,,"community not matched to any polygon: no Dubai Municipality community, register master community or app district is called 'DMCC Master Community'"
jltnorth,Jumeirah Lake Towers,MBL Signature,jltnorth|mblsignature,3780,ACTIVE,225,151,DMCC Master Community,register_master,none,,,,"community not matched to any polygon: no Dubai Municipality community, register master community or app district is called 'DMCC Master Community'"
jltnorth,Jumeirah Lake Towers,ME DO RE,jltnorth|medore,2505,,415,21,DMCC Master Community,register_master,none,,,,"community not matched to any polygon: no Dubai Municipality community, register master community or app district is called 'DMCC Master Community'"
jltnorth,Jumeirah Lake Towers,MERCER HOUSE,jltnorth|mercerhouse,2990,ACTIVE,559,67,DMCC Master Community,register_master,none,,,,"community not matched to any polygon: no Dubai Municipality community, register master community or app district is called 'DMCC Master Community'"
jltnorth,Jumeirah Lake Towers,SABA TOWER 3,jltnorth|sabatower3,464,,193,19,DMCC Master Community,register_master,none,,,,"community not matched to any polygon: no Dubai Municipality community, register master community or app district is called 'DMCC Master Community'"
jltnorth,Jumeirah Lake Towers,SEVEN CITY JLT,jltnorth|sevencityjlt,2065,ACTIVE,3559,118,DMCC Master Community,register_master,none,,,,"community not matched to any polygon: no Dubai Municipality community, register master community or app district is called 'DMCC Master Community'"
jltnorth,Jumeirah Lake Towers,UH EAST BY ELLINGTON,jltnorth|uheast,2685,ACTIVE,447,58,DMCC Master Community,register_master,none,,,,"community not matched to any polygon: no Dubai Municipality community, register master community or app district is called 'DMCC Master Community'"
jltnorth,Jumeirah Lake Towers,UH WEST BY ELLINGTON,jltnorth|uhwest,2684,ACTIVE,453,62,DMCC Master Community,register_master,none,,,,"community not matched to any polygon: no Dubai Municipality community, register master community or app district is called 'DMCC Master Community'"
jltnorth,Jumeirah Lake Towers,V3,jltnorth|v3,1179,,639,15,DMCC Master Community,register_master,none,,,,"community not matched to any polygon: no Dubai Municipality community, register master community or app district is called 'DMCC Master Community'"
jltnorth,Jumeirah Lake Towers,Viewz 2 By Danube,jltnorth|viewz2,2560,ACTIVE,606,32,DMCC Master Community,register_master,none,,,,"community not matched to any polygon: no Dubai Municipality community, register master community or app district is called 'DMCC Master Community'"
rasalkhor,Sobha One / Ras Al Khor,Amaal 8,rasalkhor|amaal8,3004,,272,239,Meydan Horizon,sales_area,none,,,,"community not matched to any polygon: no Dubai Municipality community, register master community or app district is called 'Meydan Horizon'"
wadialsafa5,Wadi Al Safa 5,Arabian Ranches III - JOY,wadialsafa5|arabianranchesiiijoy,2142,FINISHED,834,28,Arabian Ranches 3,register_master,none,,,,"community not matched to any polygon: no Dubai Municipality community, register master community or app district is called 'Arabian Ranches 3'"
wadialsafa5,Wadi Al Safa 5,Arabian Ranches III - SUN,wadialsafa5|arabianranchesiiisun,2145,FINISHED,753,17,Arabian Ranches 3,register_master,none,,,,"community not matched to any polygon: no Dubai Municipality community, register master community or app district is called 'Arabian Ranches 3'"
wadialsafa5,Wadi Al Safa 5,Arabian Ranches lll - Anya,wadialsafa5|arabianrancheslllanya,2534,ACTIVE,53,53,Arabian Ranches 3,register_master,none,,,,"community not matched to any polygon: no Dubai Municipality community, register master community or app district is called 'Arabian Ranches 3'"
wadialsafa5,Wadi Al Safa 5,Arabian Ranches lll - Anya 2,wadialsafa5|arabianrancheslllanya2,2609,ACTIVE,35,35,Arabian Ranches 3,register_master,none,,,,"community not matched to any polygon: no Dubai Municipality community, register master community or app district is called 'Arabian Ranches 3'"
wadialsafa5,Wadi Al Safa 5,Arabian Ranches lll - Bliss 2,wadialsafa5|arabianrancheslllbliss2,2355,ACTIVE,23,23,Arabian Ranches 3,register_master,none,,,,"community not matched to any polygon: no Dubai Municipality community, register master community or app district is called 'Arabian Ranches 3'"
wadialsafa5,Wadi Al Safa 5,Arabian Ranches lll - June,wadialsafa5|arabianranchesllljune,2290,FINISHED,37,37,Arabian Ranches 3,register_master,none,,,,"community not matched to any polygon: no Dubai Municipality community, register master community or app district is called 'Arabian Ranches 3'"
wadialsafa5,Wadi Al Safa 5,Arabian Ranches lll - May,wadialsafa5|arabianrancheslllmay,2631,ACTIVE,28,28,Arabian Ranches 3,register_master,none,,,,"community not matched to any polygon: no Dubai Municipality community, register master community or app district is called 'Arabian Ranches 3'"
wadialsafa5,Wadi Al Safa 5,Arabian Ranches lll - Ruba,wadialsafa5|arabianrancheslllruba,2177,FINISHED,713,12,Arabian Ranches 3,register_master,none,,,,"community not matched to any polygon: no Dubai Municipality community, register master community or app district is called 'Arabian Ranches 3'"
alhebiahfifth,Al Hebiah 5,Damac Lagoons - Valencia,alhebiahfifth|damaclagoonsvalencia,3226,NOT_STARTED,1211,1157,,,plot centre,,,,a plot centre exists for register project 3226
arjan,Arjan,Binghatti Hillcrest,arjan|binghattihillcrest,4105,PENDING,205,205,,,plot centre,,,,a plot centre exists for register project 4105
damachills,DAMAC Hills,DAMAC HILLS - BROOKFIELD-3,damachills|damachillsbrookfield3,1356,FINISHED,3,3,,,plot centre,,,,a plot centre exists for register project 1356
damachills,DAMAC Hills,DAMAC HILLS - GOLF GREENS 1,damachills|damachillsgolfgreens1,2779,ACTIVE,46,46,,,plot centre,,,,a plot centre exists for register project 2779
damachills,DAMAC Hills,DAMAC HILLS - GOLF VISTA,damachills|damachillsgolfvista,1362,FINISHED,15,15,,,plot centre,,,,a plot centre exists for register project 1362
dubaiinvestmentparksecond,Dubai Investments Park 2,Damac Riverside Views - Azure 2,dubaiinvestmentparksecond|damacriversideviewsazure2,3661,NOT_STARTED,691,691,,,plot centre,,,,a plot centre exists for register project 3661
dubaiinvestmentparksecond,Dubai Investments Park 2,Damac Riverside Views - Capri 1,dubaiinvestmentparksecond|damacriversideviewscapri1,3663,NOT_STARTED,802,799,,,plot centre,,,,a plot centre exists for register project 3663
dubaiinvestmentparksecond,Dubai Investments Park 2,Damac Riverside Views - Capri 2,dubaiinvestmentparksecond|damacriversideviewscapri2,3664,NOT_STARTED,467,424,,,plot centre,,,,a plot centre exists for register project 3664
dubaiinvestmentparksecond,Dubai Investments Park 2,Damac Riverside Views - Indigo 1,dubaiinvestmentparksecond|damacriversideviewsindigo1,3665,NOT_STARTED,436,117,,,plot centre,,,,a plot centre exists for register project 3665
dubaiinvestmentparksecond,Dubai Investments Park 2,Damac Riverside Views - Indigo 2,dubaiinvestmentparksecond|damacriversideviewsindigo2,3666,NOT_STARTED,345,76,,,plot centre,,,,a plot centre exists for register project 3666
dubaiinvestmentparksecond,Dubai Investments Park 2,Damac Riverside Views - Marine 1,dubaiinvestmentparksecond|damacriversideviewsmarine1,3372,NOT_STARTED,272,108,,,plot centre,,,,a plot centre exists for register project 3372
dubaiinvestmentparksecond,Dubai Investments Park 2,Damac Riverside Views - Marine 2,dubaiinvestmentparksecond|damacriversideviewsmarine2,3373,NOT_STARTED,275,103,,,plot centre,,,,a plot centre exists for register project 3373
dubaiinvestmentparksecond,Dubai Investments Park 2,Damac Riverside Views - Marine 3,dubaiinvestmentparksecond|damacriversideviewsmarine3,3374,NOT_STARTED,266,88,,,plot centre,,,,a plot centre exists for register project 3374
dubaiinvestmentparksecond,Dubai Investments Park 2,Damac Riverside Views - Marine 4,dubaiinvestmentparksecond|damacriversideviewsmarine4,3375,NOT_STARTED,258,135,,,plot centre,,,,a plot centre exists for register project 3375
dubaiinvestmentparksecond,Dubai Investments Park 2,Damac Riverside Views - Royal 1,dubaiinvestmentparksecond|damacriversideviewsroyal1,3667,NOT_STARTED,253,92,,,plot centre,,,,a plot centre exists for register project 3667
dubaiinvestmentparksecond,Dubai Investments Park 2,Damac Riverside Views - Royal 2,dubaiinvestmentparksecond|damacriversideviewsroyal2,3668,NOT_STARTED,256,84,,,plot centre,,,,a plot centre exists for register project 3668
dubaiinvestmentparksecond,Dubai Investments Park 2,Damac Riverside Views - Royal 3&4,dubaiinvestmentparksecond|damacriversideviewsroyal34,3669,NOT_STARTED,447,143,,,plot centre,,,,a plot centre exists for register project 3669
dubaimaritimecity,Dubai Maritime City,Breez by Danube,dubaimaritimecity|breez,4081,ACTIVE,892,892,,,plot centre,,,,a plot centre exists for register project 4081
dubaiproductioncity,Dubai Production City,Binghatti Elite,dubaiproductioncity|binghattielite,3341,NOT_STARTED,1772,280,,,plot centre,,,,a plot centre exists for register project 3341
dubaisciencepark,Dubai Science Park,Binghatti Hillviews,dubaisciencepark|binghattihillviews,3321,NOT_STARTED,1538,1005,,,plot centre,,,,a plot centre exists for register project 3321
dubaisportscity,Dubai Sports City,Binghatti Haven,dubaisportscity|binghattihaven,3442,ACTIVE,471,247,,,plot centre,,,,a plot centre exists for register project 3442
jltnorth,Jumeirah Lake Towers,Diamondz By Danube,jltnorth|diamondz,3017,ACTIVE,1104,152,,,plot centre,,,,a plot centre exists for register project 3017
jltnorth,Jumeirah Lake Towers,ROYAL PARK,jltnorth|royalpark,2195,,64,4,,,plot centre,,,,a plot centre exists for register project 2195
jumeirahvillagecircle,Jumeirah Village Circle,Binghatti Circle,jumeirahvillagecircle|binghatticircle,3819,NOT_STARTED,774,768,,,plot centre,,,,a plot centre exists for register project 3819
jumeirahvillagecircle,Jumeirah Village Circle,Binghatti Gardenia,jumeirahvillagecircle|binghattigardenia,2662,FINISHED,44,44,,,plot centre,,,,a plot centre exists for register project 2662
jumeirahvillagecircle,Jumeirah Village Circle,Binghatti Gems,jumeirahvillagecircle|binghattigems,2271,FINISHED,6,6,,,plot centre,,,,a plot centre exists for register project 2271
jumeirahvillagecircle,Jumeirah Village Circle,Binghatti House,jumeirahvillagecircle|binghattihouse,2670,FINISHED,38,38,,,plot centre,,,,a plot centre exists for register project 2670
jumeirahvillagecircle,Jumeirah Village Circle,Binghatti Onyx,jumeirahvillagecircle|binghattionyx,2610,FINISHED,72,72,,,plot centre,,,,a plot centre exists for register project 2610
jumeirahvillagecircle,Jumeirah Village Circle,Binghatti Phoenix,jumeirahvillagecircle|binghattiphoenix,3009,ACTIVE,100,100,,,plot centre,,,,a plot centre exists for register project 3009
jumeirahvillagecircle,Jumeirah Village Circle,Binghatti Royale,jumeirahvillagecircle|binghattiroyale,2961,ACTIVE,145,145,,,plot centre,,,,a plot centre exists for register project 2961
jumeirahvillagecircle,Jumeirah Village Circle,Binghatti Tulip,jumeirahvillagecircle|binghattitulip,2765,FINISHED,44,44,,,plot centre,,,,a plot centre exists for register project 2765
jumeirahvillagecircle,Jumeirah Village Circle,Binghatti Venus,jumeirahvillagecircle|binghattivenus,2671,FINISHED,17,17,,,plot centre,,,,a plot centre exists for register project 2671
jumeirahvillagecircle,Jumeirah Village Circle,Dawn by Binghatti,jumeirahvillagecircle|dawn,3023,FINISHED,17,17,,,plot centre,,,,a plot centre exists for register project 3023
jumeirahvillagecircle,Jumeirah Village Circle,EMIRATES GARDEN 1 (LAVENDER - GARDENIA - ROSE),jumeirahvillagecircle|emiratesgarden1lavendergardeniarose,1117,FINISHED,10,10,,,plot centre,,,,a plot centre exists for register project 1117
jumeirahvillagecircle,Jumeirah Village Circle,LOCI Residences,jumeirahvillagecircle|lociresidences,2216,,175,15,,,plot centre,,,,a plot centre exists for register project 2216
jumeirahvillagetriangle,Jumeirah Village Triangle,Binghatti Flare 02,jumeirahvillagetriangle|binghattiflare02,4008,NOT_STARTED,552,552,,,plot centre,,,,a plot centre exists for register project 4008
jumeirahvillagetriangle,Jumeirah Village Triangle,Binghatti Luxuria,jumeirahvillagetriangle|binghattiluxuria,4299,ACTIVE,148,148,,,plot centre,,,,a plot centre exists for register project 4299
madinatalmataar,Dubai South,AZIZI VENICE 1,madinatalmataar|azizivenice1,2821,ACTIVE,39,39,,,plot centre,,,,a plot centre exists for register project 2821
madinatalmataar,Dubai South,AZIZI VENICE 11,madinatalmataar|azizivenice11,3239;3741,NOT_STARTED,599,413,,,plot centre,,,,a plot centre exists for register project 3741
madinatalmataar,Dubai South,Azizi Venice 10,madinatalmataar|azizivenice10,2955,NOT_STARTED,763,414,,,plot centre,,,,a plot centre exists for register project 2955
madinatalmataar,Dubai South,Azizi Venice 14,madinatalmataar|azizivenice14,3073,ACTIVE,2646,1983,,,plot centre,,,,a plot centre exists for register project 3073
madinatalmataar,Dubai South,Azizi Venice 15,madinatalmataar|azizivenice15,3741,NOT_STARTED,856,820,,,plot centre,,,,a plot centre exists for register project 3741
madinatalmataar,Dubai South,Azizi Venice 16,madinatalmataar|azizivenice16,3814,NOT_STARTED,292,286,,,plot centre,,,,a plot centre exists for register project 3814
madinatalmataar,Dubai South,Azizi Venice 2,madinatalmataar|azizivenice2,2820,ACTIVE,351,183,,,plot centre,,,,a plot centre exists for register project 2820
madinatalmataar,Dubai South,Azizi Venice 3,madinatalmataar|azizivenice3,2799,ACTIVE,247,36,,,plot centre,,,,a plot centre exists for register project 2799
madinatalmataar,Dubai South,Azizi Venice 4,madinatalmataar|azizivenice4,2800,ACTIVE,289,94,,,plot centre,,,,a plot centre exists for register project 2800
madinatalmataar,Dubai South,Azizi Venice 5,madinatalmataar|azizivenice5,2822,ACTIVE,326,168,,,plot centre,,,,a plot centre exists for register project 2822
madinatalmataar,Dubai South,Azizi Venice 6,madinatalmataar|azizivenice6,3474,NOT_STARTED,1231,945,,,plot centre,,,,a plot centre exists for register project 3474
madinatalmataar,Dubai South,Azizi Venice 7,madinatalmataar|azizivenice7,2956,NOT_STARTED,1234,605,,,plot centre,,,,a plot centre exists for register project 2956
madinatalmataar,Dubai South,Azizi Venice 8,madinatalmataar|azizivenice8,2830,ACTIVE,533,244,,,plot centre,,,,a plot centre exists for register project 2830
madinatalmataar,Dubai South,Azizi Venice 9,madinatalmataar|azizivenice9,2829,ACTIVE,536,309,,,plot centre,,,,a plot centre exists for register project 2829
madinatalmataar,Dubai South,azizi venice 12,madinatalmataar|azizivenice12,3318,NOT_STARTED,712,615,,,plot centre,,,,a plot centre exists for register project 3318
madinatalmataar,Dubai South,azizi venice 13,madinatalmataar|azizivenice13,3297,ACTIVE,763,674,,,plot centre,,,,a plot centre exists for register project 3297
majan,Majan,Binghatti Skyflame 1,majan|binghattiskyflame1,4393,ACTIVE,749,541,,,plot centre,,,,a plot centre exists for register project 4393
majan,Majan,Binghatti Skyflame 2,majan|binghattiskyflame2,4399,ACTIVE,387,272,,,plot centre,,,,a plot centre exists for register project 4399
majan,Majan,Binghatti Titania,majan|binghattititania,4104,PENDING,712,675,,,plot centre,,,,a plot centre exists for register project 4104
majan,Majan,Binghatti Vintage,majan|binghattivintage,4102,PENDING,1506,1493,,,plot centre,,,,a plot centre exists for register project 4102
meydanone,Meydan One,Maybach Six,meydanone|maybachsix,4321,ACTIVE,1012,1012,,,plot centre,,,,a plot centre exists for register project 4321
motorcity,Motor City,Binghatti Skyterraces,motorcity|binghattiskyterraces,4327,ACTIVE,379,379,,,plot centre,,,,a plot centre exists for register project 4327
palmdeira,Dubai Islands,Hado By Beyond,palmdeira|hado,4210,ACTIVE,620,620,,,plot centre,,,,a plot centre exists for register project 4210
samaaljadaf,Al Jaddaf,Binghatti Cullinan,samaaljadaf|binghatticullinan,4247,,447,447,,,plot centre,,,,a plot centre exists for register project 4247
samaaljadaf,Al Jaddaf,Binghatti Ghost,samaaljadaf|binghattighost,3192,ACTIVE,687,198,,,plot centre,,,,a plot centre exists for register project 3192
samaaljadaf,Al Jaddaf,Binghatti Starlight,samaaljadaf|binghattistarlight,3195,NOT_STARTED,468,315,,,plot centre,,,,a plot centre exists for register project 3195
samaaljadaf,Al Jaddaf,Binghatti Wraith,samaaljadaf|binghattiwraith,4482,ACTIVE,8,8,,,plot centre,,,,a plot centre exists for register project 4482
sobhaheartland,Sobha Hartland,AZIZI RIVIERA AZURE,sobhaheartland|azizirivieraazure,2508,FINISHED,28,28,,,plot centre,,,,a plot centre exists for register project 2508
sobhaheartland,Sobha Hartland,Azizi Riviera Beachfront,sobhaheartland|azizirivierabeachfront,2297,ACTIVE,479,102,,,plot centre,,,,a plot centre exists for register project 2297
sobhaheartland,Sobha Hartland,"Mohammed Bin Rashid Al Maktoum City , District One Phase III  , Residences 11",sobhaheartland|mohammedbinrashidalmaktoumcitydistrictonephaseiiiresidences11,2226,FINISHED,9,9,,,plot centre,,,,a plot centre exists for register project 2226
sobhaheartland,Sobha Hartland,"Mohammed Bin Rashid Al Maktoum City , District One Phase III  , Residences 5",sobhaheartland|mohammedbinrashidalmaktoumcitydistrictonephaseiiiresidences5,1999,FINISHED,7,7,,,plot centre,,,,a plot centre exists for register project 1999
sobhaheartland,Sobha Hartland,Sobha Creek vistas Reserve,sobhaheartland|sobhacreekvistasreserve,2178,FINISHED,50,50,,,plot centre,,,,a plot centre exists for register project 2178
wadialsafa4,Wadi Al Safa 4,Azizi Milan 20,wadialsafa4|azizimilan20,3662,NOT_STARTED,370,341,,,plot centre,,,,a plot centre exists for register project 3662
wadialsafa4,Wadi Al Safa 4,Azizi Milan 28,wadialsafa4|azizimilan28,3817,NOT_STARTED,95,82,,,plot centre,,,,a plot centre exists for register project 3817
wadialsafa4,Wadi Al Safa 4,Azizi Milan 30,wadialsafa4|azizimilan30,3656,NOT_STARTED,366,337,,,plot centre,,,,a plot centre exists for register project 3656
wadialsafa4,Wadi Al Safa 4,Azizi Milan 51,wadialsafa4|azizimilan51,3643,NOT_STARTED,213,200,,,plot centre,,,,a plot centre exists for register project 3643
wadialsafa4,Wadi Al Safa 4,Azizi Milan 53,wadialsafa4|azizimilan53,3695,NOT_STARTED,95,94,,,plot centre,,,,a plot centre exists for register project 3695
wadialsafa4,Wadi Al Safa 4,Azizi Milan 55,wadialsafa4|azizimilan55,3696,NOT_STARTED,241,229,,,plot centre,,,,a plot centre exists for register project 3696
wadialsafa4,Wadi Al Safa 4,Azizi Milan 9,wadialsafa4|azizimilan9,3735,NOT_STARTED,169,163,,,plot centre,,,,a plot centre exists for register project 3735
wadialsafa4,Wadi Al Safa 4,Azizi Milan Heights,wadialsafa4|azizimilanheights,4079,PENDING,805,793,,,plot centre,,,,a plot centre exists for register project 4079
wadialsafa5,Wadi Al Safa 5,AUM 99 Residences,wadialsafa5|aum99residences,3818,ACTIVE,105,99,,,plot centre,,,,a plot centre exists for register project 3818
wadialsafa5,Wadi Al Safa 5,Ag 9Ine,wadialsafa5|ag9ine,2847,ACTIVE,268,12,,,plot centre,,,,a plot centre exists for register project 2847
wadialsafa5,Wadi Al Safa 5,Arabain Ranches lll - Bliss,wadialsafa5|arabainrancheslllbliss,2258,FINISHED,652,48,,,plot centre,,,,a plot centre exists for register project 2258
wadialsafa5,Wadi Al Safa 5,Arabian Ranches III - Spring,wadialsafa5|arabianranchesiiispring,2159,FINISHED,4,4,,,plot centre,,,,a plot centre exists for register project 2159
wadialsafa5,Wadi Al Safa 5,Arabian Ranches lll - June 2,wadialsafa5|arabianranchesllljune2,2281,FINISHED,3,3,,,plot centre,,,,a plot centre exists for register project 2281
wadialsafa5,Wadi Al Safa 5,Arabian Ranches lll - Raya,wadialsafa5|arabianrancheslllraya,2467,ACTIVE,41,41,,,plot centre,,,,a plot centre exists for register project 2467
wadialsafa5,Wadi Al Safa 5,Forest City Tower 2,wadialsafa5|forestcitytower2,3727,NOT_STARTED,62,61,,,plot centre,,,,a plot centre exists for register project 3727
wadialsafa5,Wadi Al Safa 5,La Rosa 4,wadialsafa5|larosa4,2234,FINISHED,6,6,,,plot centre,,,,a plot centre exists for register project 2234
wadialsafa5,Wadi Al Safa 5,Le Blanc Residence by Imtiaz,wadialsafa5|leblancresidence,4174,ACTIVE,294,292,,,plot centre,,,,a plot centre exists for register project 4174
wadialsafa5,Wadi Al Safa 5,Reef 1000,wadialsafa5|reef1000,3219,ACTIVE,100,34,,,plot centre,,,,a plot centre exists for register project 3219
wadialsafa5,Wadi Al Safa 5,Saray prime residence,wadialsafa5|sarayprimeresidence,4058,PENDING,56,53,,,plot centre,,,,a plot centre exists for register project 4058
wadialsafa5,Wadi Al Safa 5,Villanova Amaranta A,wadialsafa5|villanovaamarantaa,2076,FINISHED,7,7,,,plot centre,,,,a plot centre exists for register project 2076
