key,source,project_number,project_id,name,name_alt,developer_register,developer_canon,area,master,status,reg_units,register_buildings_field,bld_rows,bld_flats,units_register,sales_all,sales_l12,parcels,n_parcels,reg_bound_props
PN2450,register_extract_2026-06-15,2450,435443405,The Cove ll,ذا كوف 2,ذي لاجونز المرحلة الاولى ش.ذ.م.م,ذي-لاجونز-المرحله-الاولي,Al Khairan First,Dubai Creek Harbour,ACTIVE,806,13,13,0,1106,1040,102,4158724,1,1898075152
PN1538,register_extract_2026-06-15,1538,12920133,THE POLO RESIDENCE,ذا بولو رزيدينس,مؤسسة مدينة ميدان,meydan,Nad Al Shiba First,Meydan Racecourse Community,FINISHED,871,29,29,871,871,2809,214,6189012;6189013;6189014;6189015;6189016;6189061;6189062;6189063;6189064;6189065;6189066;6189067;6189068;6189069;6189070;6189074;6189076;6189077;6189078;6189081;6189082;6189083;6189085;6189086;6189134;6189135;6189136;6189137;6189143,29,1026253412;132400000;136667061;1414194499;1459118970;1514273989;16194271;1637077037;1675449297;1693103557;1745190360;1865991139;1867670390;1985212257;2048746392;2083974231;208713869;2135282422;225784084;304703426;468979782;483924734;555897380;580079048;642943576;792336001;824363596;90162363;956056697
PN1913,register_extract_2026-06-15,1913,95071021,J ONE,جي ون,الخليج التجاري (ش.ذ.م.م),الخليج-التجاري,Business Bay,Business Bay,FINISHED,353,2,2,0,370,528,44,3466831,1,1399230146
PN3592,register_extract_2026-06-15,3592,727884521,Symphony by Chaimaa,سيمفونية باي شيماء,ليوان(ش.ذ.م.م.),ليوان,Wadi Al Safa 3,Majan,PENDING,71,1,1,0,71,12,8,6457955,1,1719451122
PN2617,register_extract_2026-06-15,2617,492701978,Expo City Sky Residences,إكسبو سيتي سكاي ريزيدنسز,إكسبو سيتي للتطوير العقاري ش م ح,اكسبو-سيتي-للتطوير-العقاري,Madinat Al Mataar,Dubai World Central,ACTIVE,437,3,3,0,437,434,11,5210753,1,1238326528
PN3125,register_extract_2026-06-15,3125,620797750,Bayz 102 By Danube,بايز 102 من دانوب,الخليج التجاري (ش.ذ.م.م),الخليج-التجاري,Business Bay,,NOT_STARTED,1088,1,1,0,1088,717,161,3460160,1,1902182098
PN832,register_extract_2026-06-15,832,832,SONDOS LILY,سندس ليلي,دبي للعقارات (ش.ذ.م.م),dubai-properties,Wadi Al Safa 5,Dubai Land Residence Complex,FINISHED,120,1,1,119,120,17,0,6488642,1,540265089
PN1196,register_extract_2026-06-15,1196,1196,QPOINT LIWAN-PLOT R051,كيو بوينت ليوان -PLOT R051,رمرام ش.ذ.م.م,رمرام,Wadi Al Safa 2,Liwan1,FINISHED,58,1,1,58,58,143,13,6437660,1,
PN1906,register_extract_2026-06-15,1906,93403459,Qline (Qpoint phase II) R085,كيولاين ( كيوبوينت فيز 2) R085,ليوان(ش.ذ.م.م.),ليوان,Wadi Al Safa 2,Liwan1,FINISHED,99,1,1,99,99,100,0,6437627,1,
PN210,register_extract_2026-06-15,210,210,IMPERIAL RESIDENCE,إمبريال ريزيدنس,قرية جميرا (ش.ذ.م.م),قريه-جميرا,Al Barsha South Fifth,Jumeirah Village Triangle,FINISHED,539,3,3,0,548,1494,66,6849743,1,1770134473;1910106433;376949576
PN163,register_extract_2026-06-15,163,163,INDIGO OPTIMA 1,نيلي أوبتيما 1,انترناشونال سيتي ( ش.ذ.م.م ),انترناشونال-سيتي,Al Warsan First,International City Phase 1,FINISHED,144,1,1,0,144,343,24,6211368,1,
PN1318,register_extract_2026-06-15,1318,4568382,TFG MARINA,TFG مارينا,اعمار العقارية (ش . م. ع),emaar,Marsa Dubai,Dubai Marina,FINISHED,508,1,1,0,508,691,20,3920426,1,175167399
PN24,register_extract_2026-06-15,24,24,DIAMOND BUSINESS CENTER,دايموند بزنس سنتر,رمرام ش.ذ.م.م,رمرام,Arjan,Arjan,FINISHED,195,3,3,0,195,470,47,6731337,1,315078954
PN1328,register_extract_2026-06-15,1328,5368995,THE ADDRESS - THE BLVD,العنوان - بوليفارد,اعمار العقارية (ش . م. ع),emaar,Burj Khalifa,DownTown Dubai,FINISHED,545,1,1,0,545,1700,87,3450831,1,1874473870
PN1581,register_extract_2026-06-15,1581,14244075,SOBHA HARTLAND GREENS- PHASE I,شوبا هارتلاند جرينز - المرحلة الأولى,شوبا ش.ذ.م.م,sobha,Al Merkadh,SOBHA HARTLAND,FINISHED,168,2,2,161,168,373,37,3473283,1,291388564;365308207
PN22,register_extract_2026-06-15,22,22,TAMANI ARTS OFFICES,مكاتب تماني للفنون,الخليج التجاري (ش.ذ.م.م),الخليج-التجاري,Business Bay,Business Bay,FINISHED,969,1,1,0,969,2120,107,3466802,1,481330129
PN2641,register_extract_2026-06-15,2641,499374379,THE HIGHBURY,ذا هايبري,شوبا ش.ذ.م.م,sobha,Al Merkadh,SOBHA HARTLAND,ACTIVE,342,1,1,0,342,381,45,3479482,1,254248899
PN2315,register_extract_2026-06-15,2315,382703298,Canal Front Residences CF1 & CF2,قنال فرونت ريزيدنسز  CF1 و CF2,مجموعة ميدان (ش.ذ.م.م),meydan,Al Wasl,Dubai Water Canal,FINISHED,154,2,2,0,305,316,23,3435336,1,
PN2152,register_extract_2026-06-15,2152,246829655,Grand Bleu Tower interiors by Elie Saab,جراند بلو تاور، التصميم الداخلي لايلي صعب,إعمار للتطوير (مساهمة عامة),emaar,Marsa Dubai,Dubai Harbour,FINISHED,639,3,3,0,688,1277,107,3927072,1,195619399
PN390,register_extract_2026-06-15,390,390,FAIRMONT PALM RESIDENCE,فيرمونت بالم رزيدنس,شركة نخيل (ش.م.خ),nakheel,Palm Jumeirah,Palm Jumeirah,FINISHED,570,2,2,0,572,1998,66,3812732;3812733,2,985899933
PN2091,register_extract_2026-06-15,2091,189629513,"Mohammed Bin Rashid Al Maktoum City , District One Phase III  , Residences12",مدينة محمد بن راشد آل مكتوم ديستركت ون ، المرحلة الثالثة ، ريسيدنسز  12,الحي الاول - منطقة حرة,الحي-الاول,Al Merkadh,Mohammed Bin Rashid AL Maktoum City -District -1 Community,FINISHED,159,1,1,0,237,336,20,3474844,1,1254647145
PN1853,register_extract_2026-06-15,1853,47101619,CASA FLORES AND EDEN APARTMENTS,كازا فلوريس و ايدن ابارتمنتس,الاتحاد العقارية (شركة مساهمة عامة),union-properties,Al Hebiah First,Motor City,FINISHED,138,2,139,136,138,719,223,6742008,1,109574434
PN883,register_extract_2026-06-15,883,883,CONCORDE TOWER,كونكورد تاور,مركز دبي للسلع المتعددة,مركز-دبي-للسلع-المتعدده,Al Thanyah Fifth,Jumeirah Lakes Towers,FINISHED,502,1,1,0,502,1571,62,3930900,1,1860855178
PN181,register_extract_2026-06-15,181,181,SIRAJ TOWER,برج سراج,رمرام ش.ذ.م.م,رمرام,Arjan,Arjan,FINISHED,374,1,1,374,374,476,103,6731222,1,415670904
PN488,register_extract_2026-06-15,488,488,THE COURT,المحكمة,الخليج التجاري (ش.ذ.م.م),الخليج-التجاري,Business Bay,Business Bay,FINISHED,271,1,1,0,271,524,50,3460489,1,1990201509
PN2226,register_extract_2026-06-15,2226,341905778,"Mohammed Bin Rashid Al Maktoum City , District One Phase III  , Residences 11",مدينة محمد بن راشد ال مكتوم الحي الأول ، المرحلة الثالثة ، ريسيدنز 11,مجموعة ميدان (ش.ذ.م.م),meydan,Al Merkadh,Mohammed Bin Rashid AL Maktoum City -District -1 Community,FINISHED,130,1,1,0,185,213,17,3474845,1,1760125628
PN2787,register_extract_2026-06-15,2787,539040337,Weybridge Gardens,ويبريدج غاردنز,دبي لاند ريزيدنسز (ش.ذ.م.م),دبي-لاند-ريزيدنسز,Wadi Al Safa 5,Dubai Land Residence Complex,ACTIVE,187,1,1,0,187,201,18,6488655,1,
PN1293,register_extract_2026-06-15,1293,1293,BUSINESS AVENUE BB2,شارع الأعمال BB2,مركز دبي للسلع المتعددة,مركز-دبي-للسلع-المتعدده,Al Thanyah Fifth,Jumeirah Lakes Towers,FINISHED,349,1,1,0,349,1298,46,3935814,1,
PN2366,register_extract_2026-06-15,2366,402637910,Binghatti Canal,بن غاطي كانال,الخليج التجاري (ش.ذ.م.م),الخليج-التجاري,Business Bay,Business Bay,FINISHED,306,1,1,0,307,495,51,3460664,1,688434230
PN1207,register_extract_2026-06-15,1207,1207,QPOINT LIWAN-PLOT R081,كيو بوينت ليوان -PLOT R081,رمرام ش.ذ.م.م,رمرام,Wadi Al Safa 2,Liwan1,FINISHED,95,1,1,95,95,19,0,6437621,1,
PN1927,register_extract_2026-06-15,1927,102227215,Azizi Riviera 5,5 عزيزي ريفيرا,مجموعة ميدان (ش.ذ.م.م),meydan,Al Merkadh,Meydan One Community,FINISHED,221,1,1,0,221,328,24,3474984,1,1706255676
PN1474,register_extract_2026-06-15,1474,1474,LE GRAND CHATEAU,لو جراند شاتو,قرية جميرا (ش.ذ.م.م),قريه-جميرا,Al Barsha South Fourth,Jumeirah Village Circle,FINISHED,188,1,1,185,188,681,36,6816203,1,1382550223
PN2632,register_extract_2026-06-15,2632,87496437,LEGACY BY SUNRISE,ليغاسي باي سنرايس,ليوان(ش.ذ.م.م.),ليوان,Arjan,Arjan,FINISHED,132,1,1,0,132,200,15,6731307,1,
PN2836,register_extract_2026-06-15,2836,552270820,Eden House The Canal,ايدن هاوس ذا كانال,مجموعة ميدان (ش.ذ.م.م),meydan,Jumeirah Second,Dubai Water Canal,ACTIVE,100,1,1,0,100,153,56,3420949,1,
PN2611,register_extract_2026-06-15,2611,490681709,The EDGE,ذي أدج,الخليج التجاري (ش.ذ.م.م),الخليج-التجاري,Business Bay,Business Bay,ACTIVE,1030,2,2,0,1030,1312,145,3466825,1,430206442
PN3727,register_extract_2026-06-15,3727,752075605,FOREST CITY TOWER 2,فورست سيتي تاور 2,دبي لاند ريزيدنسز (ش.ذ.م.م),دبي-لاند-ريزيدنسز,Wadi Al Safa 5,Dubai Land Residence Complex,NOT_STARTED,194,1,1,0,194,65,62,6488597,1,567235931
PN227,register_extract_2026-06-15,227,227,ELITE RESIDENCE,إيليت ريزيدنس,اعمار العقارية (ش . م. ع),emaar,Marsa Dubai,Dubai Marina,FINISHED,700,1,1,697,700,2740,89,3920190,1,1653987334
PN719,register_extract_2026-06-15,719,719,GOLF VIEW RESIDENCE,جولف فيو ريزيدنس,مدينة دبي الرياضية (ش. ذ. م. م),مدينه-دبي-الرياضيه,Al Hebiah Fourth,Dubai Sports City,FINISHED,133,1,1,132,133,344,37,6821285,1,
PN1995,register_extract_2026-06-15,1995,148614781,Azizi Riviera 8,عزيزي ريفيرا 8,مجموعة ميدان (ش.ذ.م.م),meydan,Al Merkadh,Meydan One Community,FINISHED,216,1,1,0,217,320,35,3474990,1,997291025
PN1558,register_extract_2026-06-15,1558,14142453,MON REVE,مون رفي,اعمار العقارية (ش . م. ع),emaar,Burj Khalifa,DownTown Dubai,FINISHED,97,1,1,97,97,143,8,3450412,1,243178549
PN394,register_extract_2026-06-15,394,394,AJMAL SARAH,أجمل سارة,دبي لاند ريزيدنسز (ش.ذ.م.م),دبي-لاند-ريزيدنسز,Wadi Al Safa 5,Dubai Land Residence Complex,FINISHED,301,1,1,274,301,134,9,6488526,1,1319961574
PN1483,register_extract_2026-06-15,1483,11561444,THE ATRIA,ذا أتريا,الخليج التجاري (ش.ذ.م.م),الخليج-التجاري,Business Bay,Business Bay,FINISHED,577,2,2,219,577,650,36,3460562,1,1233263739
PN2370,register_extract_2026-06-15,2370,403306931,LUNA RESIDENCE,لونا ريزدينس,دبي للعقارات (ش.ذ.م.م),dubai-properties,Wadi Al Safa 5,Dubai Land Residence Complex,FINISHED,190,0,0,0,0,2,0,6489100,1,
PN220,register_extract_2026-06-15,220,220,REGAL TOWER,ريجال تور,دبي للعقارات (ش.ذ.م.م),dubai-properties,Business Bay,Business Bay,FINISHED,267,1,1,0,314,905,55,3460473,1,2114806699
PN1362,register_extract_2026-06-15,1362,9533292,DAMAC HILLS - GOLF VISTA,داماك هيلز - جولف فيستا,داماك كريسنت للعقارات (ش.ذ.م.م),damac,Al Hebiah Third,DAMAC HILLS,FINISHED,158,2,2,159,159,393,28,6767228,1,
PN3737,register_extract_2026-06-15,3737,754564917,Azizi riviera 58,عزيزي ريفيرا 58,مجموعة ميدان (ش.ذ.م.م),meydan,Al Merkadh,Meydan One Community,ACTIVE,82,1,1,0,82,5,4,3475081,1,134438467
PN2121,register_extract_2026-06-15,2121,220522253,Azizi Riviera 27,عزيزي ريفيرا 27,مجموعة ميدان (ش.ذ.م.م),meydan,Al Merkadh,Meydan One Community,FINISHED,234,1,1,0,236,318,25,3475022,1,58374586
PN2164,register_extract_2026-06-15,2164,254293020,UPSIDE Living,آبسايد ليفينج,الخليج التجاري (ش.ذ.م.م),الخليج-التجاري,Business Bay,Business Bay,FINISHED,527,1,1,0,527,603,72,3460677,1,
PN1999,register_extract_2026-06-15,1999,148741033,"Mohammed Bin Rashid Al Maktoum City , District One Phase III  , Residences 5",مدينة  محمد بن راشد ال مكتوم - ديستركت ون ، المرحلة الثالثة ، ريسيدنز 5,الحي الاول - منطقة حرة,الحي-الاول,Al Merkadh,Mohammed Bin Rashid AL Maktoum City -District -1 Community,FINISHED,73,1,1,0,98,172,16,3474842,1,1209873551
PN1628,register_extract_2026-06-15,1628,16048476,SHERENA RESIDENCE,شيرينا ريزيدنس,دبي للعقارات (ش.ذ.م.م),dubai-properties,Wadi Al Safa 3,Majan,FINISHED,300,1,1,300,300,554,37,6458125,1,1182547633
PN2000,register_extract_2026-06-15,2000,148741617,"Mohammed Bin Rashid Al Maktoum City , District One Phase III  , Residences 3",مدينة محمد بن راشد ال مكتوم ديستركت ون ، المرحلة الثالثة ، ريسيدنز 3,الحي الاول - منطقة حرة,الحي-الاول,Al Merkadh,Mohammed Bin Rashid AL Maktoum City -District -1 Community,FINISHED,31,1,1,0,43,86,3,3474854,1,1434414912
PN3504,register_extract_2026-06-15,3504,708519641,Binghatti Skyhall,بن غاطي سكاي هول,الخليج التجاري (ش.ذ.م.م),الخليج-التجاري,Business Bay,Business Bay,NOT_STARTED,728,1,1,0,728,664,324,3460642,1,1314500535
PN4064,register_extract_2026-06-15,4064,808469661,DAMAC DISTRICT,داماك ديستريكت,داماك كريسنت للعقارات (ش.ذ.م.م),damac,Al Hebiah Third,DAMAC HILLS,NOT_STARTED,1139,3,3,0,1139,667,666,6768567,1,274151960
PN2738,register_extract_2026-06-15,2738,526385463,ROVE HOME RESIDENCES by IRTH,رو? مساكن المنزل من ?رث,اعمار العقارية (ش . م. ع),emaar,Burj Khalifa,DownTown Dubai,ACTIVE,349,1,1,0,349,384,26,3450810,1,1760703628
PN2223,register_extract_2026-06-15,2223,336407884,THE HAVEN RESIDENCES,ذا هايفين ريزيدنسز,قرية جميرا (ش.ذ.م.م),قريه-جميرا,Al Barsha South Fourth,Jumeirah Village Circle,FINISHED,161,1,1,0,162,258,16,6816220,1,1095541256
PN2838,register_extract_2026-06-15,2838,553462585,Avonlea,ايفونلي,ميناء راشد العقارية ش.ذ.م.م,ميناء-راشد-العقاريه,Madinat Dubai Almelaheyah,Mina Rashid,ACTIVE,163,2,2,0,163,176,10,3210347,1,
PN3392,register_extract_2026-06-15,3392,681441931,VELOR,فيلور,دبي للعقارات (ش.ذ.م.م),dubai-properties,Business Bay,Business Bay,NOT_STARTED,52,1,1,0,52,2,0,3460742,1,
PN3343,register_extract_2026-06-15,3343,670323432,ELM AT PARK FIVE,إيلم في بارك فايف,دى اتش ايه ام منطقه حره - ذ.م.م,دي-اتش-ايه-ام,Me'Aisem First,International Media Production Zone,NOT_STARTED,532,2,2,0,532,531,154,6850609,1,158029063;1916403754
PN1568,register_extract_2026-06-15,1568,14180020,J5,جي 5,تيكوم للإستثمارات منطقة حرة- ذ.م.م,تيكوم-للاستثمارات,Al Safouh First,Sufouh Gardens,FINISHED,48,1,1,48,48,117,7,3720573,1,
PN2575,register_extract_2026-06-15,2575,480434896,STONEHENGE RESIDENCES,ستونج ريزيدنس,قرية جميرا (ش.ذ.م.م),قريه-جميرا,Al Barsha South Fourth,Jumeirah Village Circle,ACTIVE,156,1,1,0,156,227,42,6816114,1,432399442
PN3309,register_extract_2026-06-15,3309,661381095,Vida Residences Club Point,فيدا رزيدنسز كلوب بوينت,دبي هيلز استيت ش.ذ.م.م,dubai-hills-estate,Hadaeq Sheikh Mohammed Bin Rashid,Dubai Hills Estate,ACTIVE,672,3,3,0,672,687,16,63111410,1,87092411
PN2059,register_extract_2026-06-15,2059,174594518,Kappa Acca 3,كابا اكا 3,دبي الجنوب للعقارات دي دبليو سي ش.ذ.م.م,دبي-الجنوب-للعقارات-دي-دبليو-سي,Madinat Al Mataar,Dubai South Residential District,FINISHED,81,1,1,0,81,108,27,5213617,1,81523133
PN3298,register_extract_2026-06-15,3298,659730462,Luminar Tower 2,لومينار تاور تو,شركة نخيل (ش.م.خ),nakheel,Al Barsha South Fifth,Jumeirah Village Triangle,ACTIVE,168,1,1,0,168,164,33,6843465,1,82826681
PN3094,register_extract_2026-06-15,3094,612886319,THE VYNE RESIDENCES,ذا فاين ريزدينسز,قرية جميرا (ش.ذ.م.م),قريه-جميرا,Al Barsha South Fifth,Jumeirah Village Triangle,ACTIVE,263,1,1,0,263,280,60,6849746,1,1145056125
PN2764,register_extract_2026-06-15,2764,534957507,PARKWOOD RESIDENCES,باركوود ريزيدنسز,قرية جميرا (ش.ذ.م.م),قريه-جميرا,Al Barsha South Fourth,Jumeirah Village Circle,ACTIVE,174,1,1,0,174,150,8,6817158,1,711127494
PN4068,register_extract_2026-06-15,4068,808812039,Queen's Garden,كوينز غاردن,شمال العقارية ش.ذ.م.م,شمال-العقاريه,Nad Al Shiba First,Nad Al Sheba Gardens,PENDING,77,0,1,0,77,10,8,6181154,1,
PN3653,register_extract_2026-06-15,3653,740333665,Avion Residence,أفيون ريزيدنس,مؤسسه مدينه دبى للطيران,موسسه-مدينه-دبي-للطيران,Madinat Al Mataar,Dubai South Residential District,NOT_STARTED,66,1,1,0,66,51,34,5212903,1,
PN2663,register_extract_2026-06-15,2663,503784669,STONEHENGE RESIDENCES 2,ستونج ريزيدنس 2,قرية جميرا (ش.ذ.م.م),قريه-جميرا,Al Barsha South Fourth,Jumeirah Village Circle,ACTIVE,156,1,1,0,156,216,48,6817321,1,360747985
PN3878,register_extract_2026-06-15,3878,789515767,Ocean Crest by SD,اوشن كريست باي اس دي,شركة نخيل (ش.م.خ),nakheel,Palm Deira,Palm Deira,PENDING,63,1,1,0,63,10,8,1010506,1,1005702221
PN3007,register_extract_2026-06-15,3007,596890294,Weybridge Gardens 2,2 ويبريدج غاردنز,دبي لاند ريزيدنسز (ش.ذ.م.م),دبي-لاند-ريزيدنسز,Wadi Al Safa 5,Dubai Land Residence Complex,ACTIVE,288,1,1,0,288,293,30,6488555,1,1701218584
PN2372,register_extract_2026-06-15,2372,404828603,Peninsula Three,بينينسولا ثري,الخليج التجاري (ش.ذ.م.م),الخليج-التجاري,Business Bay,Business Bay,ACTIVE,859,1,1,0,859,1343,247,3460187,1,1521238587
PN2748,register_extract_2026-06-15,2748,531698062,Nadine Residences,مساكن نادين,شركة نخيل (ش.م.خ),nakheel,Jabal Ali First,Al Furjan,FINISHED,102,1,1,0,102,196,34,5913024,1,305778746
PN3623,register_extract_2026-06-15,3623,734018703,Olivia Gardens Residence,سكن حدائق أوليفا,مراس العقارية (ش.ذ.م.م),meraas,Al Satwa,Jumeirah Garden City,NOT_STARTED,78,1,1,0,78,75,25,3342624,1,140228793
PN2550,register_extract_2026-06-15,2550,472627240,Sobha Seahaven Tower A,شوبا سيهافين البرج أ,هاربور العقارية ذ.م.م,هاربور-العقاريه,Marsa Dubai,Dubai Harbour,ACTIVE,333,1,1,0,333,332,22,3920660,1,1775982122
PN3466,register_extract_2026-06-15,3466,699030595,Cove Edition Residence 3 By Imtiaz,كوف إيديشن ريزيدنس 3 من امتياز,دبي لاند ريزيدنسز (ش.ذ.م.م),دبي-لاند-ريزيدنسز,Wadi Al Safa 5,Dubai Land Residence Complex,ACTIVE,260,1,1,0,260,266,18,6488532,1,
PN4108,register_extract_2026-06-15,4108,817322201,Nourelle,نوريل,جميرا هيلز ديفيلوبمنت ش.ذ.م.م,جميرا-هيلز-ديفيلوبمنت,Um Suqaim Third,,PENDING,236,3,3,0,236,219,219,3660845,1,
PN3391,register_extract_2026-06-15,3391,681061983,LIV MARITIME,ليف ماريتايم,مدينة دبي الملاحية م م ح,مدينه-دبي-الملاحيه,Madinat Dubai Almelaheyah,Dubai Maritime City,ACTIVE,258,1,1,0,258,250,32,3210162,1,352744610
PN2271,register_extract_2026-06-15,2271,365853782,Binghatti Gems,بن غاطي جيمز,قرية جميرا (ش.ذ.م.م),قريه-جميرا,Al Barsha South Fourth,Jumeirah Village Circle,FINISHED,77,1,1,0,77,144,10,6816734,1,
PN2736,register_extract_2026-06-15,2736,525589770,Sabah Square,صباح سكوير,شركة نخيل (ش.م.خ),nakheel,Jabal Ali Industrial Second,Down Town Jabal Ali,PENDING,536,1,1,0,536,0,0,5180207,1,1603706055
PN1250,register_extract_2026-06-15,1250,1250,AXIS RESIDENCES 4,المحور 4 ريزيدنس,سلطة دبي للمناطق الإقتصادية المتكاملة,سلطه-دبي-للمناطق-الاقتصاديه-المتكامله,Nadd Hessa,Silicon Oasis,FINISHED,128,1,1,128,128,317,35,6262622,1,977118470
PN3207,register_extract_2026-06-15,3207,641239356,MAYFAIR GARDENS BY MAJID,حدائق مايفاير مجيد,مراس العقارية (ش.ذ.م.م),meraas,Al Satwa,Jumeirah Garden City,ACTIVE,64,1,1,0,64,54,10,3347581,1,595380871
PN3886,register_extract_2026-06-15,3886,791341271,Passo By Beyond,باسو من بيوند,شركة نخيل (ش.م.خ),nakheel,Palm Jumeirah,Palm Jumeirah,NOT_STARTED,552,2,2,0,552,282,267,3817059,1,1303079342
PN4003,register_extract_2026-06-15,4003,793954686,IL VENTO,ال فينتو,مدينة دبي الملاحية م م ح,مدينه-دبي-الملاحيه,Madinat Dubai Almelaheyah,Dubai Maritime City,PENDING,331,0,1,0,331,17,15,3210362,1,1966936169
PN3519,register_extract_2026-06-15,3519,710635031,Olaia Residences,أولايا ريزيدنسز,شركة نخيل (ش.م.خ),nakheel,Palm Jumeirah,Palm Jumeirah,ACTIVE,149,1,1,0,149,38,10,3812741,1,1107825715
PN3033,register_extract_2026-06-15,3033,602711500,VALO,فالو,دبي كريك هاربور ش.ذ.م.م,دبي-كريك-هاربور,Al Khairan First,Dubai Creek Harbour,ACTIVE,291,1,1,0,291,303,12,4156364,1,375902518
PN2100,register_extract_2026-06-15,2100,195326555,BELGRAVIA SQUARE,بلغرافيا سكوير,قرية جميرا (ش.ذ.م.م),قريه-جميرا,Al Barsha South Fourth,Jumeirah Village Circle,FINISHED,225,2,2,0,229,459,43,6817244,1,
PN4011,register_extract_2026-06-15,4011,796447901,VILLA DEL BRUNELLO RESIDENCES,فيلا ديل برونيلو رزيدينسيز,شركة نخيل (ش.م.خ),nakheel,Palm Deira,Palm Deira,PENDING,69,1,1,0,69,13,11,1010338,1,417171384
PN3080,register_extract_2026-06-15,3080,611252290,Azura Residences,أزورا ريزيدنسز,شركة نخيل (ش.م.خ),nakheel,Palm Deira,Palm Deira,ACTIVE,148,1,1,0,148,148,6,1010125,1,525352936
PN2947,register_extract_2026-06-15,2947,581774794,DAMAC LAGOONS - LAGOON VIEWS 8,داماك لاجونز - لاجون فيوز 8,واحة الجزيرة العقارية (ش.ذ.م.م),واحه-الجزيره-العقاريه,Al Hebiah Fifth,,ACTIVE,96,2,2,0,96,102,5,68311614,1,816888190;894238017
PN2018,register_extract_2026-06-15,2018,157081732,REVA RESIDENCES,ريفا ريزيدنسز,الخليج التجاري (ش.ذ.م.م),الخليج-التجاري,Business Bay,Business Bay,FINISHED,604,1,1,0,605,1093,67,3460706,1,315894676
PN3008,register_extract_2026-06-15,3008,597367498,Sky Livings by Peace Homes,سكاي ليفينجز باي بيس هومز,قرية جميرا (ش.ذ.م.م),قريه-جميرا,Al Barsha South Fourth,Jumeirah Village Circle,ACTIVE,180,1,1,0,180,156,18,6816275,1,134797629
PN3731,register_extract_2026-06-15,3731,752963854,Waada - Cascada 1,وعد - كاسكيدا 1,مؤسسه مدينه دبى للطيران,موسسه-مدينه-دبي-للطيران,Madinat Al Mataar,Dubai World Central,NOT_STARTED,249,1,1,0,249,178,57,5211367,1,2011256010
PN3831,register_extract_2026-06-15,3831,773733501,Manam Pearl,منام  بيرل,الفرجان ( ش.ذ.م.م ),الفرجان,Jabal Ali First,Al Furjan,NOT_STARTED,79,1,1,0,79,6,4,5912322,1,2085499211
PN2995,register_extract_2026-06-15,2995,594579157,DAMAC HILLS (2) - ELO,داماك هيلز (2) - ايلو,شركة الخط الامامي لادارة الاستثمار ش.ذ.م.م,الخط-الامامي-لاداره-الاستثمار,Madinat Hind 4,DAMAC HILLS 2,ACTIVE,557,4,1,0,557,572,20,91418303,1,1808657779
PN3827,register_extract_2026-06-15,3827,771967960,Sunlight Homes,صن لايت هومز,شركة نخيل (ش.م.خ),nakheel,Warsan Fourth,International City Phase 3,NOT_STARTED,30,1,1,0,30,18,16,6241091,1,
PN4073,register_extract_2026-06-15,4073,810957869,Bond Living,بوند ليفينغ,دبي لاند ريزيدنسز (ش.ذ.م.م),دبي-لاند-ريزيدنسز,Wadi Al Safa 5,Dubai Land Residence Complex,PENDING,94,1,1,0,94,8,7,6488658,1,1073145400
PN3474,register_extract_2026-06-15,3474,701069215,Azizi Venice 6,عزيزي فينيس 6,مؤسسه مدينه دبى للطيران,موسسه-مدينه-دبي-للطيران,Madinat Al Mataar,Dubai World Central,NOT_STARTED,2965,9,9,0,2965,1257,987,5211355,1,
PN2665,register_extract_2026-06-15,2665,503888677,Sky Suites by Peace Homes,سكاي سويتس باي بيس هومز,قرية جميرا (ش.ذ.م.م),قريه-جميرا,Al Barsha South Fourth,Jumeirah Village Circle,ACTIVE,239,1,1,0,239,117,52,6816149,1,1392532448
PN2706,register_extract_2026-06-15,2706,514898487,Golf Residences by Fortimo,جولف ريزيدنسز من فورتيمو,دبي هيلز استيت ش.ذ.م.م,dubai-hills-estate,Hadaeq Sheikh Mohammed Bin Rashid,Dubai Hills Estate,ACTIVE,200,1,1,0,200,290,72,6313293,1,819613929
PN318,register_extract_2026-06-15,318,318,ICON TOWER,برج ايكون,تيكوم للإستثمارات منطقة حرة- ذ.م.م,تيكوم-للاستثمارات,Al Thanyah First,Barsha Heights,FINISHED,67,1,1,0,67,92,1,3830253,1,
PN2507,register_extract_2026-06-15,2507,452807597,Bulgari Lighthouse Dubai,بولغري لايتهاوس دبي,جميرا باي ش.ذ.م.م,جميرا-باي,Island 2,Jumeira Bay,ACTIVE,31,1,1,0,31,41,3,3020180,1,
PN3632,register_extract_2026-06-15,3632,736155901,Marquis Vista,ماركيز فيستا,دبي لاند ريزيدنسز (ش.ذ.م.م),دبي-لاند-ريزيدنسز,Wadi Al Safa 5,Dubai Land Residence Complex,NOT_STARTED,129,1,1,0,129,76,38,6488545,1,549188467
PN3578,register_extract_2026-06-15,3578,725504681,Golf Verge,جولف فيرج,إعمار دبي الجنوب دي دبليو سي ش.ذ.م.م,emaar,Madinat Al Mataar,Dubai World Central,NOT_STARTED,204,3,3,0,204,174,12,5211666,1,
PN1583,register_extract_2026-06-15,1583,14291116,DUBAI WHARF,دبي وورف,دبي للعقارات (ش.ذ.م.م),dubai-properties,Al Jadaf,Jaddaf Waterfront,FINISHED,212,1,2,212,212,296,11,3265635,1,
PN3433,register_extract_2026-06-15,3433,688854691,Rijas Suites,ريجاس سو ايتس,دبي للعقارات (ش.ذ.م.م),dubai-properties,Wadi Al Safa 3,Majan,NOT_STARTED,153,1,1,0,153,73,58,6457903,1,1087483849
PN3439,register_extract_2026-06-15,3439,689417905,THE BRISTOL Emaar Beachfront,ذا بريستول اعمار بيتشفرونت,إعمار للتطوير (مساهمة عامة),emaar,Marsa Dubai,Dubai Harbour,NOT_STARTED,229,1,1,0,229,230,5,3920737,1,216605904
PN1382,register_extract_2026-06-15,1382,10534026,EMERALD PALACE KEMPINSKI HOTEL,فندق ايميرلاد بالاس كمبينسكي,شركة النخلة - جميرا (ش.ذ.م.م),nakheel,Palm Jumeirah,Palm Jumeirah,FINISHED,383,1,1,0,399,128,4,3817058,1,1921959226
PN1869,register_extract_2026-06-15,1869,52372228,Dubai Wharf - Tower 2,دبي وورف - برج 2,دبي للعقارات (ش.ذ.م.م),dubai-properties,Al Jadaf,Jaddaf Waterfront,FINISHED,254,1,1,254,254,401,27,3265635,1,927121760
PN2427,register_extract_2026-06-15,2427,426449742,PG UPPERHOUSE,بي جي اوبرهاوس,الفرجان ( ش.ذ.م.م ),الفرجان,Jabal Ali First,Al Furjan,FINISHED,105,1,1,0,105,169,20,5912277,1,971138047
PN3562,register_extract_2026-06-15,3562,721489422,Al Haseen Residence 4,الحسين ريزيدينس 4,دى اتش ايه ام منطقه حره - ذ.م.م,دي-اتش-ايه-ام,Saih Shuaib 2,,NOT_STARTED,248,1,1,0,248,147,95,5310379,1,
PN3185,register_extract_2026-06-15,3185,634829717,EQUITI TOWER,برج ايكويتي,انترناشونال سيتي ( ش.ذ.م.م ),انترناشونال-سيتي,Warsan Fourth,International City Phase 3,ACTIVE,88,1,1,0,88,91,80,6240832,1,
PN3147,register_extract_2026-06-15,3147,625333554,Palace Residences Creek Blue,بالاس رزيدنسز كريك بلو,دبي كريك هاربور ش.ذ.م.م,دبي-كريك-هاربور,Al Khairan First,Dubai Creek Harbour,ACTIVE,512,2,2,0,512,530,12,4156360,1,
PN4024,register_extract_2026-06-15,4024,798855512,Azizi Abraham,عزيزي ابراهام,شركة نخيل (ش.م.خ),nakheel,Jabal Ali Industrial Second,Down Town Jabal Ali,PENDING,420,1,1,0,420,185,183,5180192,1,1160802683
PN2936,register_extract_2026-06-15,2936,579885994,AVENUE RESIDENCE 6,أفينيو ريذدنس 6,الفرجان ( ش.ذ.م.م ),الفرجان,Jabal Ali First,Al Furjan,ACTIVE,96,1,1,0,96,106,6,5913009,1,
PN3250,register_extract_2026-06-15,3250,649997774,ENSO AMBER,إنسو عنبر,دبي للعقارات (ش.ذ.م.م),dubai-properties,Al Satwa,Jumeirah Garden City,NOT_STARTED,71,1,1,0,71,45,38,3347277,1,65189883
PN2011,register_extract_2026-06-15,2011,152892699,BELGRAVIA HEIGHTS I,I بلغرافيا هايتس,قرية جميرا (ش.ذ.م.م),قريه-جميرا,Al Barsha South Fourth,Jumeirah Village Circle,FINISHED,156,1,1,0,157,269,23,6816726,1,
PN3297,register_extract_2026-06-15,3297,659724790,azizi venice 13,عزيزي فينيس 13,مؤسسه مدينه دبى للطيران,موسسه-مدينه-دبي-للطيران,Madinat Al Mataar,Dubai World Central,ACTIVE,1888,2,2,0,1888,783,669,5211359,1,
PN2424,register_extract_2026-06-15,2424,425903139,AG SQUARE,ايه جي سكوير,دبي لاند ريزيدنسز (ش.ذ.م.م),دبي-لاند-ريزيدنسز,Wadi Al Safa 5,Dubai Land Residence Complex,ACTIVE,372,1,1,0,372,451,45,6488613,1,1896248740
PN4089,register_extract_2026-06-15,4089,814138785,"Solaya (1,2,3)",(3، 2، 1) سولايا,مراس العقارية (ش.ذ.م.م),meraas,Jumeirah First,LA MER,NOT_STARTED,67,3,3,0,67,68,67,3321881,1,
PN3639,register_extract_2026-06-15,3639,737595268,ESSENLIFE RESIDENCE,أس ان لايف ريزيدنس,شركة نخيل (ش.م.خ),nakheel,Al Barsha South Fifth,Jumeirah Village Triangle,NOT_STARTED,357,1,1,0,357,289,94,6848934,1,1003778463
PN3710,register_extract_2026-06-15,3710,747628365,Silva,سيلفا,دبي كريك هاربور ش.ذ.م.م,دبي-كريك-هاربور,Al Khairan First,Dubai Creek Harbour,NOT_STARTED,437,1,1,0,437,428,181,4150277,1,663293593
PN634,register_extract_2026-06-15,634,634,CAPPADOCIA,كابادوكيا,قرية جميرا (ش.ذ.م.م),قريه-جميرا,Al Barsha South Fourth,Jumeirah Village Circle,FINISHED,65,1,1,65,65,315,9,6817118,1,1216881750
PN1554,register_extract_2026-06-15,1554,14013276,SERENITY LAKES 5,بحيرات الصفاء 5,شركة نخيل (ش.م.خ),nakheel,Al Barsha South Fourth,Jumeirah Village Circle,FINISHED,226,2,2,164,226,213,28,6816267,1,
PN2847,register_extract_2026-06-15,2847,556904556,AG 9INE,ايه جي 9 ناين,دبي لاند ريزيدنسز (ش.ذ.م.م),دبي-لاند-ريزيدنسز,Wadi Al Safa 5,Dubai Land Residence Complex,ACTIVE,260,1,1,0,260,272,12,6488598,1,1085778068
PN3274,register_extract_2026-06-15,3274,654471807,EVERGRIN HOUSE,أيفرجرين هاوس,مراس العقارية (ش.ذ.م.م),meraas,Al Satwa,Jumeirah Garden City,ACTIVE,219,1,1,0,219,211,35,3343016,1,258707760
PN3874,register_extract_2026-06-15,3874,788213201,Arya Residences by Citi Developers,آريا ريزيدنسز من سيتي ديفيلوبرز,شركة نخيل (ش.م.خ),nakheel,Palm Deira,Palm Deira,NOT_STARTED,68,1,1,0,68,61,57,1010319,1,348331696
PN3736,register_extract_2026-06-15,3736,753943567,VOXA RESIDENCES,,قرية جميرا (ش.ذ.م.م),قريه-جميرا,Al Barsha South Fifth,Jumeirah Village Triangle,NOT_STARTED,599,1,1,0,599,307,303,6849737,1,420113428
PN1486,register_extract_2026-06-15,1486,11659980,THE POLO TOWN HOUSES,ذا بولو تاون هاوسز,مؤسسة مدينة ميدان,meydan,Nad Al Shiba First,Meydan Racecourse Community,FINISHED,1,1,2,0,1,394,22,6183388;6183389;6183390;6183391;6183392;6183393;6183394;6183395;6183396;6183397;6183398;6183399;6183400;6183401;6183402;6183403;6183404;6183405;6183406;6183407;6183408;6183409;6183410;6183411;6183412;6183413;6183414;6183415;6183416;6183417;6183418;6183419;6183420;6183421;6183422;6183423;6183424;6183425;6183426;6183427;6183428;6183429;6183430;6183431;6183432;6183433;6183434;6183435;6183436;6183437;6183438;6183439;6183440;6183441;6183442;6183443;6183444;6183445;6183446;6183447,109,
PN1903,register_extract_2026-06-15,1903,92669322,BAHWAN RESIDENCE,بهوان ريزيدنس,مجموعة ميدان (ش.ذ.م.م),meydan,Nad Al Shiba First,Meydan Racecourse Community,FINISHED,22,0,1,21,22,3,0,6189011,1,
PN2239,register_extract_2026-06-15,2239,352677648,Sobha Hartland Waves,شوبا هارتلاند ويفز,مجموعة ميدان (ش.ذ.م.م),meydan,Al Merkadh,SOBHA HARTLAND,FINISHED,604,1,1,0,604,1096,109,3473942,1,1484118049
PN1836,register_extract_2026-06-15,1836,43816874,RAWDA APARTMENTS,شقق روضة,نشاما للعقارات لمالكها نشمي ديفلوبمنت شركة الشخص الواحد ش.ذ.م.م,nshama,Al Yelayiss 2,TOWN SQUARE,FINISHED,748,4,4,716,766,1456,156,9228950,1,643847927
PN1642,register_extract_2026-06-15,1642,20011121,DOWNTOWN VIEWS,مشاهد من الداخل,اعمار العقارية (ش . م. ع),emaar,Zaabeel Second,,FINISHED,479,1,1,0,606,983,58,3370695,1,
PN494,register_extract_2026-06-15,494,494,DAYTONA HOUSE,دايتونا هاوس,الاتحاد العقارية (شركة مساهمة عامة),union-properties,Al Hebiah First,Motor City,FINISHED,37,1,1,0,37,92,1,6740268,1,
PN3138,register_extract_2026-06-15,3138,624872532,South Garden A,A ساوث غاردن,جيه ايه جي للتطوير ش.ذ.م.م,جيه-ايه-جي-للتطوير,Jabal Ali First,Wasl Gate,ACTIVE,260,1,1,0,260,240,35,5912875,1,390922014
PN2656,register_extract_2026-06-15,2656,502813887,Al Habtoor Tower,برج الحبتور,الخليج التجاري (ش.ذ.م.م),الخليج-التجاري,Business Bay,,ACTIVE,1739,2,1,0,1739,1308,245,3460106,1,1357450925
PN1691,register_extract_2026-06-15,1691,26282545,BURJ VIEW RESIDENCE,برج فيو ريزيدنس,ليوان(ش.ذ.م.م.),ليوان,Arjan,Arjan,FINISHED,120,1,1,0,123,309,25,6731298,1,275757959
PN1326,register_extract_2026-06-15,1326,4664224,LIVING LEGENDS PHASE 7,الأساطير الحية المرحلة 7,دبي لاند (ش.ذ.م.م),دبي-لاند,Wadi Al Safa 3,Living Legends,ACTIVE,343,3,3,335,511,590,39,6456360;6456361;6456362;6457537;6457549;6457550;6457551;6457570,8,
PN257,register_extract_2026-06-15,257,257,TORCH TOWER,برج الشعلة,اعمار العقارية (ش . م. ع),emaar,Marsa Dubai,Dubai Marina,FINISHED,682,1,1,676,682,2501,104,3920204,1,1423595358
PN3358,register_extract_2026-06-15,3358,674773564,Laguna Residence,لاغونا رزيدنس,شركة الياس ومصطفى كلداري للعقارات (ذ.م.م),الياس-ومصطفي-كلداري-للعقارات,Wadi Al Safa 4,City Of Arabia,NOT_STARTED,1628,2,2,0,1628,312,160,6468142,1,1477330260;1717504263
PN3150,register_extract_2026-06-15,3150,626908718,One Residence,وان ريزيدنس,إعمار للتطوير (مساهمة عامة),emaar,Burj Khalifa,DownTown Dubai,ACTIVE,458,1,1,0,458,368,77,3450416,1,150250245
PN813,register_extract_2026-06-15,813,813,DESERT SUN TOWER,برج شمس الصحراء,دبي لاند ريزيدنسز (ش.ذ.م.م),دبي-لاند-ريزيدنسز,Wadi Al Safa 5,Dubai Land Residence Complex,FINISHED,181,1,1,180,181,374,59,6488674,1,
PN1797,register_extract_2026-06-15,1797,33574886,DT 1,1 دي تي,اعمار العقارية (ش . م. ع),emaar,Burj Khalifa,DownTown Dubai,FINISHED,133,1,1,0,139,277,21,3450809,1,30015299
PN3088,register_extract_2026-06-15,3088,612095148,320 Riverside Crescent,ريفرسايد كريسنت  320,شوبا ش.ذ.م.م,sobha,Bukadra,,ACTIVE,638,1,1,0,638,635,52,6110698,1,
PN1718,register_extract_2026-06-15,1718,27829092,"NO. 4A, NO.4B, NO.5 CITYWALK RESIDENTIAL",نو.4 إيه، نو.4 بي، نو.5 سيتي ووك ريزيدينشال,سيتي ووك ريزيدينشال 1 ش.ذ.م.م,سيتي-ووك-ريزيدينشال-1,Al Wasl,City Walk,FINISHED,148,3,3,127,148,279,28,3439446,1,282482029
PN82,register_extract_2026-06-15,82,82,ARENA APARTMENTS,شقق أرينا,مدينة دبي الرياضية (ش. ذ. م. م),مدينه-دبي-الرياضيه,Al Hebiah Fourth,Dubai Sports City,FINISHED,148,1,1,148,148,392,21,6820757,1,1003655609
PN1297,register_extract_2026-06-15,1297,1297,MARINA RESIDENCE,مارينا ريزيدنس,شركة نخيل (ش.م.خ),nakheel,Palm Jumeirah,Palm Jumeirah,FINISHED,980,6,6,0,1010,3701,200,3812738;3812739,2,48400215
PN1740,register_extract_2026-06-15,1740,28943491,Ciel,سيل,اعمار العقارية (ش . م. ع),emaar,Marsa Dubai,Dubai Marina,ACTIVE,1019,1,1,0,1019,2111,167,3920235,1,2014632461
PN624,register_extract_2026-06-15,624,624,PALAZZO VERSACE,بالازو فيرساتشي,دبي للعقارات (ش.ذ.م.م),dubai-properties,Al Jadaf,Jaddaf Waterfront,FINISHED,173,2,1,169,173,437,21,3260865,1,
PN673,register_extract_2026-06-15,673,673,MOHAMMAD AQIL ALI & AHMAD ALI ALZAROONI,محمد عقيل علي وأحمد علي الزرعوني,اعمار العقارية (ش . م. ع),emaar,Marsa Dubai,Dubai Marina,FINISHED,241,2,2,232,241,8,0,3920446,1,1412734717
PN1271,register_extract_2026-06-15,1271,1271,ZUMURUD DUBAI MARINA,زمرد دبي مارينا,اعمار العقارية (ش . م. ع),emaar,Marsa Dubai,Dubai Marina,FINISHED,331,1,1,322,331,489,18,3920441,1,1704354824
PN1182,register_extract_2026-06-15,1182,1182,QPOINT LIWAN-PLOT R017,كيو بوينت ليوان -PLOT R017,رمرام ش.ذ.م.م,رمرام,Wadi Al Safa 2,Liwan1,FINISHED,126,1,1,126,126,235,11,6437746,1,
PN465,register_extract_2026-06-15,465,465,EATON,إيتون,انترناشونال سيتي ( ش.ذ.م.م ),انترناشونال-سيتي,Warsan Fourth,International City Phase 3,FINISHED,107,1,1,0,107,21,12,6240912,1,
PN3753,register_extract_2026-06-15,3753,757638119,Sukoon by Nuri,سكون باي نوري,مجموعة ميدان (ش.ذ.م.م),meydan,Nad Al Shiba First,Meydan Racecourse Community,ACTIVE,41,1,1,0,41,40,39,6181293,1,1021176719
PN2023,register_extract_2026-06-15,2023,159967015,Edison House,اديسون هاوس,دبي لاند ريزيدنسز (ش.ذ.م.م),دبي-لاند-ريزيدنسز,Wadi Al Safa 5,Dubai Land Residence Complex,FINISHED,65,1,1,0,65,120,19,6488662,1,1823402323
PN3761,register_extract_2026-06-15,3761,758969455,South Garden E,E ساوث غاردن,جيه ايه جي للتطوير ش.ذ.م.م,جيه-ايه-جي-للتطوير,Jabal Ali First,Wasl Gate,NOT_STARTED,256,1,1,0,256,212,212,5919617,1,1914771220
PN1204,register_extract_2026-06-15,1204,1204,QPOINT LIWAN-PLOT R072,كيو بوينت ليوان -PLOT R072,رمرام ش.ذ.م.م,رمرام,Wadi Al Safa 2,Liwan1,FINISHED,61,1,1,61,61,203,18,6437595,1,
PN1482,register_extract_2026-06-15,1482,11554308,SEVENTH HEAVEN,سفنث هفن,دبي لاند (ش.ذ.م.م),دبي-لاند,Wadi Al Safa 3,,FINISHED,223,1,1,0,242,522,51,6450222,1,945747406
PN1189,register_extract_2026-06-15,1189,1189,QPOINT LIWAN-PLOT R005,كيو بوينت ليوان -PLOT R005,رمرام ش.ذ.م.م,رمرام,Wadi Al Safa 2,Liwan1,FINISHED,217,1,1,217,217,635,27,6437730,1,
PN2684,register_extract_2026-06-15,2684,509233994,UH WEST BY ELLINGTON,يو اتش ويست من إلينغتون,مركز دبي للسلع المتعددة,مركز-دبي-للسلع-المتعدده,Al Thanyah Fifth,Jumeirah Lakes Towers,ACTIVE,381,1,1,0,381,466,66,3935811,1,1049713438
PN816,register_extract_2026-06-15,816,816,LAKE CITY TOWER,ليك سيتي تاور,شركة نخيل (ش.م.خ),nakheel,Al Thanyah Fifth,Jumeirah Lakes Towers,FINISHED,443,1,1,422,443,1165,44,3930955,1,1976852368
PN3202,register_extract_2026-06-15,3202,639938499,Franck muller Vanguard,فرانك مولر فانغارد,تيكوم للإستثمارات منطقة حرة- ذ.م.م,تيكوم-للاستثمارات,Marsa Dubai,TECOM Site D,ACTIVE,771,1,1,0,771,776,20,3920561,1,1824978806
PN3665,register_extract_2026-06-15,3665,741260041,DAMAC RIVERSIDE VIEWS - INDIGO 1,داماك ريفرسايد فيوز - إنديجو 1,داماك ميري للاستثمار ش.ذ.م.م,damac,Dubai Investment Park Second,,NOT_STARTED,493,3,3,0,493,436,88,5976675,1,1226975643;1365277493;1720396999
PN2788,register_extract_2026-06-15,2788,539886947,330 Riverside Crescent,ريفرسايد كريسنت 330,شوبا ش.ذ.م.م,sobha,Bukadra,,ACTIVE,767,1,1,0,767,813,73,6110699,1,
PN1656,register_extract_2026-06-15,1656,21404298,AG TOWER,AG برج,الخليج التجاري (ش.ذ.م.م),الخليج-التجاري,Business Bay,Business Bay,FINISHED,590,1,1,0,596,715,56,3460572,1,956107104
PN2363,register_extract_2026-06-15,2363,401300848,Canal Front Residences-CF7 & CF8 & CF9,CF7&CF8&CF9-قنال فرونت ريزيدنسز,مجموعة ميدان (ش.ذ.م.م),meydan,Al Wasl,Dubai Water Canal,FINISHED,374,5,5,0,374,879,39,3435339,1,
PN2359,register_extract_2026-06-15,2359,399863039,City Center Residences,سيتي سنتر رزيدنسز,إعمار للتطوير (مساهمة عامة),emaar,Burj Khalifa,DownTown Dubai,ACTIVE,384,1,1,0,384,576,45,3450388,1,1085822371
PN1812,register_extract_2026-06-15,1812,35468349,Park Point,بارك بوينت,دبي هيلز استيت ش.ذ.م.م,dubai-hills-estate,Hadaeq Sheikh Mohammed Bin Rashid,Dubai Hills Estate,FINISHED,338,5,5,0,357,812,43,6310139,1,1154712201
PN3676,register_extract_2026-06-15,3676,742369548,White Opals,وايت وبالس,مجموعة ميدان (ش.ذ.م.م),meydan,Wadi Al Safa 3,Mohammed Bin Rashid AL Maktoum District 11,NOT_STARTED,49,1,1,0,49,2,0,6453230,1,452531237
PN1962,register_extract_2026-06-15,1962,139119720,Seven Hotel and Apartments The Palm,فندق وشقق سفن - النخلة,قرية جميرا (ش.ذ.م.م),قريه-جميرا,Palm Jumeirah,Palm Jumeirah,FINISHED,1124,2,2,0,1162,1861,100,3812730,1,1885635827
PN1506,register_extract_2026-06-15,1506,12511983,AVANTI TOWER,أفانتي تاور,دبي للعقارات (ش.ذ.م.م),dubai-properties,Business Bay,Business Bay,FINISHED,161,1,1,0,161,337,22,3460604,1,1999720045
PN1306,register_extract_2026-06-15,1306,1306,SEASONS COMMUNITY- SUMMER,مجتمع المواسم- الصيف,قرية جميرا (ش.ذ.م.م),قريه-جميرا,Al Barsha South Fourth,Jumeirah Village Circle,FINISHED,307,2,39,300,307,1482,86,6817323;6817348;6817349;6817350,4,1333169937
PN2895,register_extract_2026-06-15,2895,571070189,Samana Resorts,سامانا ريزورتس,دى اتش ايه ام منطقه حره - ذ.م.م,دي-اتش-ايه-ام,Me'Aisem First,International Media Production Zone,ACTIVE,969,2,2,0,969,961,241,6854334,1,414408682
PN2353,register_extract_2026-06-15,2353,396756356,Luxury Family Residence,لوكجري فاميلى ريزيدنس,قرية جميرا (ش.ذ.م.م),قريه-جميرا,Al Barsha South Fourth,Jumeirah Village Circle,ACTIVE,428,1,1,0,428,312,9,6817749,1,1516499198
PN615,register_extract_2026-06-15,615,615,SCHON BUSINESS PARK,شون بيزنس بارك,شركة تطوير مجمع دبي للاستثمار (ذ. م. م),تطوير-مجمع-دبي-للاستثمار,Dubai Investment Park First,Dubai Investment Park First,FINISHED,375,1,1,6,375,707,78,5981319,1,1482363019
PN1747,register_extract_2026-06-15,1747,29328581,5242,,اعمار العقارية (ش . م. ع),emaar,Marsa Dubai,Dubai Marina,FINISHED,493,3,3,0,554,1089,49,3920418,1,1152242282
PN2443,register_extract_2026-06-15,2443,434404087,THE RESIDENCE | Burj Khalifa,ذا ريزيدنس | برج خليفة,اعمار العقارية (ش . م. ع),emaar,Burj Khalifa,DownTown Dubai,ACTIVE,35,2,2,0,1113,45,3,3450829,1,1281618245
PN1443,register_extract_2026-06-15,1443,1443,LINCOLN PARK (SHEFFIELD),لينكولن بارك (شيفيلد),رمرام ش.ذ.م.م,رمرام,Arjan,Arjan,FINISHED,170,1,1,170,170,387,11,6731194,1,907342593
PN596,register_extract_2026-06-15,596,596,GLOBAL LAKE VIEW,جلوبال ليك فيو,شركة نخيل (ش.م.خ),nakheel,Al Thanyah Fifth,Jumeirah Lakes Towers,FINISHED,342,1,1,331,342,1182,54,3930954,1,1856303151
PN1217,register_extract_2026-06-15,1217,1217,QPOINT LIWAN-PLOT R020,كيو بوينت ليوان -PLOT R020,رمرام ش.ذ.م.م,رمرام,Wadi Al Safa 2,Liwan1,FINISHED,81,1,1,81,81,172,6,6437701,1,
PN1765,register_extract_2026-06-15,1765,31147422,The Galleries,الغاليريز,مجموعة ميدان (ش.ذ.م.م),meydan,Nad Al Shiba First,Meydan Racecourse Community,FINISHED,48,1,1,45,48,128,5,6183899,1,871210356
PN412,register_extract_2026-06-15,412,412,LINCOLN PARK,لينكولن بارك,رمرام ش.ذ.م.م,رمرام,Arjan,Arjan,FINISHED,519,3,3,516,519,1134,53,6731243;6731358,2,1434158012
PN3006,register_extract_2026-06-15,3006,596867144,Six Senses Residences Dubai Marina,سيكس سينسز رزيدنسز دبي مارينا,اعمار العقارية (ش . م. ع),emaar,Marsa Dubai,Dubai Marina,ACTIVE,251,1,1,0,251,185,24,3920567,1,
PN1973,register_extract_2026-06-15,1973,139952423,Time 1,تايم 1,دبي لاند ريزيدنسز (ش.ذ.م.م),دبي-لاند-ريزيدنسز,Wadi Al Safa 5,Dubai Land Residence Complex,FINISHED,286,1,1,0,286,458,43,6488569,1,1412500509
PN679,register_extract_2026-06-15,679,679,BUSINESS AVENUE AA1,شارع الأعمال AA1,مركز دبي للسلع المتعددة,مركز-دبي-للسلع-المتعدده,Al Thanyah Fifth,Jumeirah Lakes Towers,FINISHED,365,1,1,0,365,1420,40,3935812,1,246777867
PN2008,register_extract_2026-06-15,2008,151278374,Shorooq Land 1,شروق لاند 1,دبي لاند ريزيدنسز (ش.ذ.م.م),دبي-لاند-ريزيدنسز,Wadi Al Safa 5,Dubai Land Residence Complex,FINISHED,244,1,1,0,244,0,0,6488680,1,2100936024
PN1302,register_extract_2026-06-15,1302,1302,HUB CANAL 2 TOWER,هب كانال 2 برج,مدينة دبي الرياضية (ش. ذ. م. م),مدينه-دبي-الرياضيه,Al Hebiah Fourth,Dubai Sports City,FINISHED,180,1,1,180,180,505,18,6820138,1,1526171454
PN3668,register_extract_2026-06-15,3668,741307865,DAMAC RIVERSIDE VIEWS - ROYAL 2,داماك ريفرسايد فيوز - رويال 2,داماك ميري للاستثمار ش.ذ.م.م,damac,Dubai Investment Park Second,,NOT_STARTED,335,2,2,0,335,256,65,5976678,1,1209414602;1997059819
PN2046,register_extract_2026-06-15,2046,168955907,Azizi Riviera 17,عزيزي ريفييرا 17,مجموعة ميدان (ش.ذ.م.م),meydan,Al Merkadh,Meydan One Community,FINISHED,211,1,1,0,215,290,25,3474991,1,869314564
PN1359,register_extract_2026-06-15,1359,8764169,DAMAC HILLS - GOLF PANORAMA,داماك هيلز - جولف بانوراما,داماك كريسنت للعقارات (ش.ذ.م.م),damac,Al Hebiah Third,DAMAC HILLS,FINISHED,160,2,2,160,160,392,22,6767210,1,
PN2248,register_extract_2026-06-15,2248,353578670,"Mohammed Bin Rashid Al Maktoum City , District One Phase III  , Residences 24",مدينة محمد بن راشد ال مكتوم الحي الأول ، المرحلة الثالثة ، ريسيدنز 24,مجموعة ميدان (ش.ذ.م.م),meydan,Al Merkadh,Mohammed Bin Rashid AL Maktoum City -District -1 Community,FINISHED,31,1,1,0,42,93,0,3470268,1,493067345
PN334,register_extract_2026-06-15,334,334,ELITE 5 SPORTS RESIDENCE,إيليت 5 سبورتس ريزيدنس,مدينة دبي الرياضية (ش. ذ. م. م),مدينه-دبي-الرياضيه,Al Hebiah Fourth,Dubai Sports City,FINISHED,354,1,1,354,354,891,18,6820120,1,1877594866
PN3212,register_extract_2026-06-15,3212,641566629,MONTAGE,مونتاج,دبي للعقارات (ش.ذ.م.م),dubai-properties,Al Jadaf,Jaddaf Waterfront,ACTIVE,257,1,1,0,257,247,148,3260953,1,1331496097
PN3227,register_extract_2026-06-15,3227,646142013,Lodge Residences by Riviera Azure,لودج رسيدانس من ريفيرا ازوري,قرية جميرا (ش.ذ.م.م),قريه-جميرا,Al Barsha South Fourth,Jumeirah Village Circle,ACTIVE,56,1,1,0,56,57,5,6816319,1,118496071
PN1529,register_extract_2026-06-15,1529,12813853,Palme Couture,بالم كوتور,شركة النخلة - جميرا (ش.ذ.م.م),nakheel,Palm Jumeirah,Palm Jumeirah,FINISHED,15,1,1,16,15,41,2,3812713,1,2025086303
PN3078,register_extract_2026-06-15,3078,611120098,Sereno Residences,سيرينو ريزيدنسز,قرية جميرا (ش.ذ.م.م),قريه-جميرا,Al Barsha South Fourth,Jumeirah Village Circle,ACTIVE,94,1,1,0,94,88,22,6816451,1,500138175
PN2962,register_extract_2026-06-15,2962,585983927,Kaya,كايا,نشاما للعقارات لمالكها نشمي ديفلوبمنت شركة الشخص الواحد ش.ذ.م.م,nshama,Al Yelayiss 2,TOWN SQUARE,ACTIVE,164,1,1,0,164,180,16,92225670,1,1566029440
PN2783,register_extract_2026-06-15,2783,538522889,Nautica Two,نوتيكا تو,مدينة دبي الملاحية م م ح,مدينه-دبي-الملاحيه,Madinat Dubai Almelaheyah,Dubai Maritime City,ACTIVE,328,2,2,138,466,345,7,3210244,1,1919325080;472878627
PN1569,register_extract_2026-06-15,1569,14183182,Avenue Residence 2,أفنيو ريزيدنس 1,شركة نخيل (ش.م.خ),nakheel,Jabal Ali First,Al Furjan,FINISHED,96,1,1,95,96,244,11,5913026,1,1782481959
PN2669,register_extract_2026-06-15,2669,505253499,Vincitore Dolce Vita,فينسيتور دولشي فيتا,ليوان(ش.ذ.م.م.),ليوان,Arjan,Arjan,ACTIVE,715,2,2,0,715,437,59,6730108,1,852860343
PN2067,register_extract_2026-06-15,2067,176454885,SUNCITY HOMES,صن سيتي هومز,انترناشونال سيتي ( ش.ذ.م.م ),انترناشونال-سيتي,Warsan Fourth,International City Phase 3,FINISHED,69,1,1,0,69,86,9,6240682,1,
PN2531,register_extract_2026-06-15,2531,463197051,AMALIA RESIDENCES,أماليا ريزدنسز,الفرجان ( ش.ذ.م.م ),الفرجان,Jabal Ali First,Al Furjan,ACTIVE,98,1,1,0,98,161,63,5911820,1,1061635059
PN2705,register_extract_2026-06-15,2705,514052834,Greenside Residence,جرينسايد ريزيدنس,دبي هيلز استيت ش.ذ.م.م,dubai-hills-estate,Hadaeq Sheikh Mohammed Bin Rashid,Dubai Hills Estate,ACTIVE,490,3,3,0,490,564,72,6316982,1,1370854582;595661428;916002340
PN223,register_extract_2026-06-15,223,223,DIAMOND VIEWS 1,دايموند فيوز  1,قرية جميرا (ش.ذ.م.م),قريه-جميرا,Al Barsha South Fourth,Jumeirah Village Circle,FINISHED,184,1,1,184,184,502,30,6817166,1,1413201722
PN3367,register_extract_2026-06-15,3367,676541166,Beach Walk Grand By Imtiaz,بيتش ووك جراند من امتياز,النخلة  - ديره (ش.ذ.م.م),nakheel,Palm Deira,Palm Deira,ACTIVE,112,1,1,0,112,108,9,1010355,1,556377919
PN2929,register_extract_2026-06-15,2929,577950744,ONE RIVER POINT,ون ريفر بوينت,الخليج التجاري (ش.ذ.م.م),الخليج-التجاري,Business Bay,Business Bay,ACTIVE,298,1,1,0,298,287,98,3460492,1,1582858631
PN2186,register_extract_2026-06-15,2186,279179556,Rigel,ريجل,قرية جميرا (ش.ذ.م.م),قريه-جميرا,Al Barsha South Fourth,Jumeirah Village Circle,FINISHED,219,1,1,0,219,434,33,6816245,1,1666047825
PN3324,register_extract_2026-06-15,3324,665304996,11 Hills Park,هيلز بارك 11,دى اتش ايه ام منطقه حره - ذ.م.م,دي-اتش-ايه-ام,Al Barshaa South Second,Dubai Science Park,ACTIVE,571,1,1,0,571,223,53,6723164,1,757089981
PN3726,register_extract_2026-06-15,3726,752039255,OASIS RESIDENCES,اويسس ريسيدنسس,مؤسسه مدينه دبى للطيران,موسسه-مدينه-دبي-للطيران,Madinat Al Mataar,Dubai South Residential District,NOT_STARTED,159,1,1,0,159,61,60,5212782,1,654342326
PN2284,register_extract_2026-06-15,2284,373794931,Peninsula One,بينينسولا ون,الخليج التجاري (ش.ذ.م.م),الخليج-التجاري,Business Bay,Business Bay,FINISHED,525,2,2,0,525,1026,142,3460191,1,1142050947
PN3322,register_extract_2026-06-15,3322,665069863,CORAL ISLE RESIDENCES,كورال آيل ريزيدنس,النخلة  - ديره (ش.ذ.م.م),nakheel,Palm Deira,Palm Deira,NOT_STARTED,68,1,1,0,68,3,2,1010518,1,642544390
PN3281,register_extract_2026-06-15,3281,655865596,MAISON ELYSEE III BY PANTHEON,مزون اليزيه III من بانثيون,قرية جميرا (ش.ذ.م.م),قريه-جميرا,Al Barsha South Fourth,Jumeirah Village Circle,NOT_STARTED,379,1,1,0,379,260,104,6817075,1,244510712
PN335,register_extract_2026-06-15,335,335,LA FONTANA DI TREVI,لا فونتانا دي تريفي,رمرام ش.ذ.م.م,رمرام,Arjan,Arjan,FINISHED,122,1,1,122,122,240,14,6731908,1,1901844908
PN3722,register_extract_2026-06-15,3722,751110274,Binghatti Moonlight,بن غاطي مونلايت,دى اتش ايه ام منطقه حره - ذ.م.م,دي-اتش-ايه-ام,Al Jadaf,Jaddaf Waterfront,NOT_STARTED,286,1,1,0,286,255,252,3260912,1,1713000706
PN3583,register_extract_2026-06-15,3583,726125051,Cresswell Views,كريسسويل فيوس,مؤسسه مدينه دبى للطيران,موسسه-مدينه-دبي-للطيران,Madinat Al Mataar,Dubai South Residential District,NOT_STARTED,56,1,1,0,56,46,22,5213482,1,1469692840
PN3833,register_extract_2026-06-15,3833,773743866,THE BOROUGH,,قرية جميرا (ش.ذ.م.م),قريه-جميرا,Al Barsha South Fourth,Jumeirah Village Circle,NOT_STARTED,157,1,1,0,157,75,68,6817733,1,137506444
PN1932,register_extract_2026-06-15,1932,103211813,DAMAC HILLS - GOLF VITA,داماك هيلز - جولف فيتا,داماك كريسنت للعقارات (ش.ذ.م.م),damac,Al Hebiah Third,DAMAC HILLS,FINISHED,510,1,1,0,511,911,87,6767876,1,1249182853
PN2358,register_extract_2026-06-15,2358,399692749,DAMAC HILLS - GOLF GATE,داماك هيلز - جولف جيت,داماك كريسنت للعقارات (ش.ذ.م.م),damac,Al Hebiah Third,DAMAC HILLS,FINISHED,351,1,1,0,351,620,110,6767876,1,
PN3876,register_extract_2026-06-15,3876,788976244,The Haven III,III ذا هيفين,ليوان(ش.ذ.م.م.),ليوان,Wadi Al Safa 3,Majan,NOT_STARTED,83,1,1,0,83,60,56,6456562,1,742700123
PN288,register_extract_2026-06-15,288,288,PLAZA RESIDENCES,البلازا ريزيدنس,قرية جميرا (ش.ذ.م.م),قريه-جميرا,Al Barsha South Fourth,Jumeirah Village Circle,FINISHED,545,2,2,524,545,1426,122,6817018,1,1914455561
PN2889,register_extract_2026-06-15,2889,569332374,Armani Beach Residences At Palm Jumeirah,أرماني بيتش رزيدنسز في نخلة جميرا,شركة النخلة - جميرا (ش.ذ.م.م),nakheel,Palm Jumeirah,Palm Jumeirah,ACTIVE,57,1,1,0,57,20,3,3812215,1,1216159550
PN3348,register_extract_2026-06-15,3348,670949046,TREPPAN TOWER,تريبان تاور,شركة نخيل (ش.م.خ),nakheel,Al Barsha South Fifth,Jumeirah Village Triangle,NOT_STARTED,263,1,1,0,263,146,100,6848852,1,690270067
PN2744,register_extract_2026-06-15,2744,529545309,AVENUE RESIDENCE 5,أفينيو ريذدنس 5,الفرجان ( ش.ذ.م.م ),الفرجان,Jabal Ali First,Al Furjan,ACTIVE,85,1,1,0,85,178,86,5912999,1,
PN2104,register_extract_2026-06-15,2104,202096869,Aurion Residence,أوريون ريزدنس,قرية جميرا (ش.ذ.م.م),قريه-جميرا,Al Barsha South Fourth,Jumeirah Village Circle,FINISHED,109,0,1,102,109,7,0,6816155,1,
PN2468,register_extract_2026-06-15,2468,443319281,AL HELAL AL ZAHABY 3,الهلال الذهبي 3,انترناشونال سيتي ( ش.ذ.م.م ),انترناشونال-سيتي,Warsan Fourth,International City Phase 3,FINISHED,67,1,1,0,67,101,11,6241065,1,
PN47,register_extract_2026-06-15,47,47,OAKWOOD RESIDENCY,اوكوود ريزيدنس,تيكوم للإستثمارات منطقة حرة- ذ.م.م,تيكوم-للاستثمارات,Me'Aisem First,International Media Production Zone,FINISHED,348,1,1,344,348,716,38,6854332,1,885385066
PN2412,register_extract_2026-06-15,2412,422384931,Maimoon Gardens,ميمون جاردنز,قرية جميرا (ش.ذ.م.م),قريه-جميرا,Al Barsha South Fourth,Jumeirah Village Circle,ACTIVE,722,3,3,0,722,767,58,6816400,1,2139123187
PN299,register_extract_2026-06-15,299,299,TENORA,تينورا,مركز دبي التجاري العالمي ش.ذ.م.م,مركز-دبي-التجاري-العالمي,Madinat Al Mataar,Dubai South Residential District,FINISHED,261,1,1,0,261,434,40,5213558,1,2047696738
PN3172,register_extract_2026-06-15,3172,631444218,Marina Views,مارينا فيوز,ميناء راشد العقارية ش.ذ.م.م,ميناء-راشد-العقاريه,Madinat Dubai Almelaheyah,Mina Rashid,ACTIVE,554,4,4,0,554,563,15,3210440,1,1068596497;1291761830;1957148838;716364080
PN3847,register_extract_2026-06-15,3847,778212618,Berkeley Square by Prestige One,باركلي سكوير من برستيج ون,شركة نخيل (ش.م.خ),nakheel,Al Barsha South Fourth,Jumeirah Village Circle,NOT_STARTED,241,1,1,0,241,200,170,6817067,1,1677265798
PN1914,register_extract_2026-06-15,1914,95736088,Farhad Azizi Residence,فرهاد عزيزي ريزيدنس,مدينه دبى الطبيه منطقه حرة - ذ.م.م.,مدينه-دبي-الطبيه,Al Jadaf,Dubai Health Care City Phase 2,FINISHED,662,1,1,0,662,1043,94,3262953,1,
PN2204,register_extract_2026-06-15,2204,297851131,OXFORD BOULEVARD,أوكسفورد بوليوارد,قرية جميرا (ش.ذ.م.م),قريه-جميرا,Al Barsha South Fourth,Jumeirah Village Circle,FINISHED,131,1,1,0,131,268,9,6817370,1,368921467
PN1883,register_extract_2026-06-15,1883,78775671,The Pulse Residence Plaza,مساكن النبض بلازا,مؤسسه مدينه دبى للطيران,موسسه-مدينه-دبي-للطيران,Madinat Al Mataar,Dubai South Residential District,FINISHED,193,4,4,0,194,291,44,5212776,1,127176367
PN4012,register_extract_2026-06-15,4012,796688905,Repose Residence,ريبوسي ريزيدنس,الفرجان ( ش.ذ.م.م ),الفرجان,Jabal Ali First,Al Furjan,NOT_STARTED,80,1,1,0,80,29,25,5912287,1,
PN3582,register_extract_2026-06-15,3582,725769310,Bling Avenue 1,بلينج افينو 1,مؤسسه مدينه دبى للطيران,موسسه-مدينه-دبي-للطيران,Madinat Al Mataar,Dubai South Residential District,ACTIVE,40,1,1,0,40,21,17,5213012,1,1462271233
PN1391,register_extract_2026-06-15,1391,10668322,SKY CENTRAL,سكاى سنترال,تيكوم للإستثمارات منطقة حرة- ذ.م.م,تيكوم-للاستثمارات,Al Thanyah First,Barsha Heights,FINISHED,685,1,1,0,685,827,36,3830256,1,
PN2268,register_extract_2026-06-15,2268,362897507,LA RIVIERA AZURE,لاريفيرا ازورى,قرية جميرا (ش.ذ.م.م),قريه-جميرا,Al Barsha South Fourth,Jumeirah Village Circle,FINISHED,88,1,1,0,88,158,15,6816255,1,
PN1989,register_extract_2026-06-15,1989,147473083,Easy18,سهل18,انترناشونال سيتي ( ش.ذ.م.م ),انترناشونال-سيتي,Warsan Fourth,International City Phase 3,FINISHED,109,1,1,109,109,183,4,6240701,1,
PN4032,register_extract_2026-06-15,4032,800287993,SERA 2,سيرا 2,ميناء راشد العقارية ش.ذ.م.م,ميناء-راشد-العقاريه,Madinat Dubai Almelaheyah,Mina Rashid,NOT_STARTED,183,3,3,0,183,112,112,3210493,1,1094294353;1192433147;1668230994
PN1762,register_extract_2026-06-15,1762,31016354,Roy Mediterranean Hotel Apartments,روي ميديتيرانيان للشقق الفندقية,الفرجان ( ش.ذ.م.م ),الفرجان,Jabal Ali First,Al Furjan,FINISHED,273,1,1,0,273,553,39,5911801,1,910722316
PN3675,register_extract_2026-06-15,3675,742346764,Cove Boulevard By Imtiaz,كوف بوليفارد من امتياز,دبي لاند ريزيدنسز (ش.ذ.م.م),دبي-لاند-ريزيدنسز,Wadi Al Safa 5,Dubai Land Residence Complex,NOT_STARTED,436,1,1,0,436,366,173,6488528,1,1161960499
PN3449,register_extract_2026-06-15,3449,693310659,Vivanti Residences by Meteora,فيفانتي ريزيدنسز باي ميتورا,شركة نخيل (ش.م.خ),nakheel,Al Barsha South Fourth,Jumeirah Village Circle,NOT_STARTED,476,1,1,0,476,51,36,6816455,1,1216416721
PN3196,register_extract_2026-06-15,3196,637576005,Pearl House III by Imtiaz,بيرل هاوس 3 من امتياز,شركة نخيل (ش.م.خ),nakheel,Al Barsha South Fourth,Jumeirah Village Circle,ACTIVE,165,1,1,0,165,206,34,6816279,1,
PN1678,register_extract_2026-06-15,1678,25127170,HYATI RESIDENCE,إقامة حياة,قرية جميرا (ش.ذ.م.م),قريه-جميرا,Al Barsha South Fourth,Jumeirah Village Circle,FINISHED,117,1,21,117,117,384,30,6817203;6817204;6817205,3,475625312
PN2984,register_extract_2026-06-15,2984,592336888,Avelon Boulevard,أفيلون بوليفارد,ليوان(ش.ذ.م.م.),ليوان,Arjan,Arjan,ACTIVE,135,1,1,0,135,202,66,6731302,1,2072776094
PN2481,register_extract_2026-06-15,2481,446605303,Fern,فيرن,مراس العقارية (ش.ذ.م.م),meraas,Al Wasl,City Walk,ACTIVE,214,1,1,0,214,302,22,3431235,1,838057664
PN2558,register_extract_2026-06-15,2558,474651885,THE EAST CREST BY METEORA,ذا ايست كريست بواسطة ميتيورا,قرية جميرا (ش.ذ.م.م),قريه-جميرا,Al Barsha South Fourth,Jumeirah Village Circle,ACTIVE,121,1,1,0,121,173,39,6817752,1,1735118815
PN1123,register_extract_2026-06-15,1123,1123,GREEN PARK,جرين بارك,قرية جميرا (ش.ذ.م.م),قريه-جميرا,Al Barsha South Fifth,Jumeirah Village Triangle,FINISHED,209,1,1,107,110,297,20,6849711,1,189676931
PN3270,register_extract_2026-06-15,3270,653593283,THE EIGHTY THREE,الثالثه وثمانين,مؤسسه مدينه دبى للطيران,موسسه-مدينه-دبي-للطيران,Madinat Al Mataar,Dubai South Residential District,ACTIVE,70,1,1,0,70,51,22,5213618,1,1041784971
PN1657,register_extract_2026-06-15,1657,21468892,AL FALAK RESIDENCE,الفلك ريزيدزس,سلطة دبي للمناطق الإقتصادية المتكاملة,سلطه-دبي-للمناطق-الاقتصاديه-المتكامله,Nadd Hessa,Silicon Oasis,FINISHED,97,1,1,96,97,140,5,6262560,1,1637541562
PN3075,register_extract_2026-06-15,3075,610621855,Trillium Heights,تريليوم هايتس,مراس العقارية (ش.ذ.م.م),meraas,Al Satwa,Jumeirah Garden City,ACTIVE,56,1,1,0,56,19,4,3347549,1,382131596
PN1617,register_extract_2026-06-15,1617,15601007,THE 8,ذا 8,شركة نخيل (ش.م.خ),nakheel,Palm Jumeirah,Palm Jumeirah,FINISHED,305,1,1,190,307,594,34,3817060,1,2056432442
PN2620,register_extract_2026-06-15,2620,493951836,ELANO BY ORO24,إيلانو من أورو24,دبي للعقارات (ش.ذ.م.م),dubai-properties,Arjan,Arjan,ACTIVE,339,1,1,0,339,362,14,6731187,1,1637903497
PN2200,register_extract_2026-06-15,2200,294547066,AYKON CITY 3,ايكون سيتي 3,مراس العقارية (ش.ذ.م.م),meraas,Business Bay,,ACTIVE,1294,2,2,0,1294,1393,68,3460266,1,
PN2893,register_extract_2026-06-15,2893,570087901,FH Residency,اف اتش ريزيدنسي,قرية جميرا (ش.ذ.م.م),قريه-جميرا,Al Barsha South Fifth,Jumeirah Village Triangle,ACTIVE,297,1,1,0,297,311,56,6848931,1,2073730671
PN217,register_extract_2026-06-15,217,217,DIAMOND VIEWS 2,دايموند فيوز 2,قرية جميرا (ش.ذ.م.م),قريه-جميرا,Al Barsha South Fourth,Jumeirah Village Circle,FINISHED,191,1,1,191,191,502,17,6816383,1,496045197
PN3187,register_extract_2026-06-15,3187,635508551,THE AUTOGRAPH-I SERIES,ذا اوتوجراف-اّئي سيريس,قرية جميرا (ش.ذ.م.م),قريه-جميرا,Al Barsha South Fourth,Jumeirah Village Circle,NOT_STARTED,272,1,1,0,272,272,91,6817111,1,1501518219
PN3821,register_extract_2026-06-15,3821,770831186,Greenfield Living,جرينفيلد ليفينج,مؤسسه مدينه دبى للطيران,موسسه-مدينه-دبي-للطيران,Madinat Al Mataar,Dubai South Residential District,NOT_STARTED,52,1,1,0,52,2,2,5213619,1,866263696
PN3688,register_extract_2026-06-15,3688,744068141,Longford Residences by Devan Real Estate Development,لونجفورد ريزيدنسيز من ديفان للتطوير العقاري,انترناشونال سيتي ( ش.ذ.م.م ),انترناشونال-سيتي,Al Warsan First,International City Phase 1,NOT_STARTED,280,3,3,0,280,177,172,6212087,1,
PN946,register_extract_2026-06-15,946,946,ASTORIA RESIDNECE,أستوريا ريزيدنس,قرية جميرا (ش.ذ.م.م),قريه-جميرا,Al Barsha South Fourth,Jumeirah Village Circle,FINISHED,77,1,1,76,77,271,8,6816425,1,165172997
PN3769,register_extract_2026-06-15,3769,759681348,Veda by AUM One Real Estate Development,فيدا من اوم ون للتطوير العقاري,قرية جميرا (ش.ذ.م.م),قريه-جميرا,Al Barsha South Fourth,Jumeirah Village Circle,NOT_STARTED,69,1,1,0,69,20,16,6816415,1,246762542
PN1590,register_extract_2026-06-15,1590,14590397,PLATINUM RESIDENCE 2,الإقامة البلاتينية 2,سلطة دبي للمناطق الإقتصادية المتكاملة,سلطه-دبي-للمناطق-الاقتصاديه-المتكامله,Nadd Hessa,Silicon Oasis,FINISHED,80,1,1,80,80,200,15,6262616,1,
PN3732,register_extract_2026-06-15,3732,753214888,Waada - Cascada 2,وعد - كاسكيدا 2,مؤسسه مدينه دبى للطيران,موسسه-مدينه-دبي-للطيران,Madinat Al Mataar,Dubai World Central,PENDING,249,1,1,0,249,84,83,5211368,1,1281813638
PN2946,register_extract_2026-06-15,2946,581747282,DAMAC LAGOONS - LAGOON VIEWS 7,داماك لاجونز - لاجون فيوز 7,واحة الجزيرة العقارية (ش.ذ.م.م),واحه-الجزيره-العقاريه,Al Hebiah Fifth,,ACTIVE,96,2,2,0,96,99,1,68311604,1,1055391877;1375511404
PN2762,register_extract_2026-06-15,2762,534689505,Sobha Seahaven Tower B & C,شوبا سيهيفين البرج ب و سي,دبي هاربور كوميونيتي ذ.م.م,دبي-هاربور-كوميونيتي,Marsa Dubai,Dubai Harbour,ACTIVE,451,2,2,0,451,379,45,3920736,1,1836655666;88401675
PN3323,register_extract_2026-06-15,3323,665141857,The Chedi Private Residences,مساكن ذا شيدي الخاصة,دى اتش ايه ام منطقه حره - ذ.م.م,دي-اتش-ايه-ام,Al Thanyah First,Barsha Heights,NOT_STARTED,118,1,1,0,118,77,8,3830225,1,
PN1833,register_extract_2026-06-15,1833,42728871,PLATINUM RESIDENCE,البلاتين ريزيدنس,قرية جميرا (ش.ذ.م.م),قريه-جميرا,Al Barsha South Fourth,Jumeirah Village Circle,FINISHED,99,1,1,0,99,26,23,6816485,1,2033200237
PN2585,register_extract_2026-06-15,2585,483085983,AL WALEED GARDEN 2,الوليد جاردن 2,مدينه دبى الطبيه منطقه حرة - ذ.م.م.,مدينه-دبي-الطبيه,Al Jadaf,Dubai Health Care City Phase 2,FINISHED,173,1,1,0,173,193,14,3261706,1,2006799621
PN690,register_extract_2026-06-15,690,690,TRAFALGAR CENTRAL,مركز ترافالغار,شركة نخيل (ش.م.خ),nakheel,Al Warsan First,International City Phase 1,FINISHED,165,1,1,160,165,253,4,6211994,1,
PN3630,register_extract_2026-06-15,3630,735591800,Shoaq,شوق,شركة نخيل (ش.م.خ),nakheel,Palm Deira,Palm Deira,NOT_STARTED,78,1,1,0,78,74,4,1010666,1,2061887096
PN2818,register_extract_2026-06-15,2818,546787895,PG ONE AT AL FURJAN,بي جي ون - الفرجان,الفرجان ( ش.ذ.م.م ),الفرجان,Jabal Ali First,Al Furjan,ACTIVE,121,1,1,0,121,184,49,5912259,1,1526634138
PN2731,register_extract_2026-06-15,2731,524705931,Rise Residences,مساكن الارتفاع,قرية جميرا (ش.ذ.م.م),قريه-جميرا,Al Barsha South Fourth,Jumeirah Village Circle,ACTIVE,174,1,1,0,174,259,73,6817438,1,1022867009
PN1694,register_extract_2026-06-15,1694,26576105,PARK ONE,بارك ون,قرية جميرا (ش.ذ.م.م),قريه-جميرا,Al Barsha South Fifth,Jumeirah Village Triangle,FINISHED,57,1,1,56,57,169,10,6848851,1,
PN2473,register_extract_2026-06-15,2473,444441972,Binghatti Crest,بن غاطي كريست,قرية جميرا (ش.ذ.م.م),قريه-جميرا,Al Barsha South Fourth,Jumeirah Village Circle,FINISHED,171,1,1,0,172,358,36,6817033,1,893449594
PN3687,register_extract_2026-06-15,3687,744036238,Livia Residence,ليفيا رزيدينسيز,مؤسسه مدينه دبى للطيران,موسسه-مدينه-دبي-للطيران,Madinat Al Mataar,Dubai South Residential District,NOT_STARTED,71,1,1,0,71,38,37,5212991,1,132811256
PN3026,register_extract_2026-06-15,3026,601602854,CREEK VIEWS,كريك فيوز,قريه الثقافه ( ش.ذ.م.م),قريه-الثقافه,Al Jadaf,Jaddaf Waterfront,ACTIVE,108,1,1,0,108,98,5,3260870,1,
PN3508,register_extract_2026-06-15,3508,709202465,RAFFI BY AZIZI,عزيزي رافي,شركة نخيل (ش.م.خ),nakheel,Jabal Ali First,Al Furjan,NOT_STARTED,171,1,1,0,171,73,65,5911844,1,426161407
PN2934,register_extract_2026-06-15,2934,579376985,Karma,كارما,ليوان(ش.ذ.م.م.),ليوان,Wadi Al Safa 2,Liwan1,FINISHED,90,1,1,0,90,117,12,6437747,1,
PN3712,register_extract_2026-06-15,3712,748031327,AL WALEED w.s 1,الوليد دبليو.اس 1,دبي لاند ريزيدنسز (ش.ذ.م.م),دبي-لاند-ريزيدنسز,Wadi Al Safa 5,Dubai Land Residence Complex,NOT_STARTED,151,1,1,0,151,3,2,6488649,1,
PN2280,register_extract_2026-06-15,2280,372444344,SAMANA PARK VIEWS,سمانا بارك فيوز,ليوان(ش.ذ.م.م.),ليوان,Arjan,Arjan,FINISHED,178,1,1,0,178,273,34,6731114,1,2100600944
PN2131,register_extract_2026-06-15,2131,232367274,LA RIVE,لاريف,بي دي أل أم ريزيدينشال ذ.م.م,بي-دي-ال-ام-ريزيدينشال,Jumeirah First,LA MER,FINISHED,284,4,4,0,293,514,43,3320321,1,
PN4083,register_extract_2026-06-15,4083,813092122,VIBE,?ايب,مراس العقارية (ش.ذ.م.م),meraas,Al Satwa,Jumeirah Garden City,PENDING,212,0,2,0,212,46,43,3343000,1,18461198;724527655
PN3489,register_extract_2026-06-15,3489,704576326,Villa Del Divos Residences,فيلا ديل ديفوس ريزدنسز,النخلة  - ديره (ش.ذ.م.م),nakheel,Palm Deira,Palm Deira,NOT_STARTED,106,1,1,0,106,103,22,1010352,1,1903645812
PN2030,register_extract_2026-06-15,2030,164654613,Laya Mansion,لايا  مانشن,قرية جميرا (ش.ذ.م.م),قريه-جميرا,Al Barsha South Fourth,Jumeirah Village Circle,FINISHED,239,1,1,0,243,365,35,6817405,1,726800566
PN2969,register_extract_2026-06-15,2969,588945510,ONE PARK CENTRAL BY IMAN,بارك سنترال باي ايمان  1,قرية جميرا (ش.ذ.م.م),قريه-جميرا,Al Barsha South Fourth,Jumeirah Village Circle,ACTIVE,526,1,1,0,526,544,18,6817402,1,1681053099
PN3127,register_extract_2026-06-15,3127,621300817,171 Garden Heights,171 جاردن هايتس,مراس العقارية (ش.ذ.م.م),meraas,Al Satwa,Jumeirah Garden City,ACTIVE,159,1,1,0,159,143,23,3343013,1,
PN3341,register_extract_2026-06-15,3341,670015037,Binghatti Elite,بن غاطي إيليت,تيكوم للإستثمارات منطقة حرة- ذ.م.م,تيكوم-للاستثمارات,Me'Aisem First,International Media Production Zone,NOT_STARTED,1745,1,1,0,1745,1788,227,6854339,1,310973519
PN1267,register_extract_2026-06-15,1267,1267,HDS SUNSTAR 1,أنس دي اس سن ستار,شركة نخيل (ش.م.خ),nakheel,Al Warsan First,International City Phase 1,FINISHED,120,1,1,120,120,287,20,6212004,1,
PN1646,register_extract_2026-06-15,1646,21187491,TOWN SQUARE SAFI,تاون سكوير صافي,نشاما للتطوير ش.ذ.م.م,nshama,Al Yelayiss 2,TOWN SQUARE,FINISHED,588,4,5,579,588,1325,105,9228908;9229032;9229186,3,762491200
PN2780,register_extract_2026-06-15,2780,537383504,DAMAC HILLS - GOLF GREENS 2,داماك هيلز - جولف جرينز 2,داماك كريسنت للعقارات (ش.ذ.م.م),damac,Al Hebiah Third,DAMAC HILLS,ACTIVE,606,2,2,0,606,568,282,6769466,1,958077544
PN2425,register_extract_2026-06-15,2425,426234647,MARINA SHORES,مارينا شورز,اعمار العقارية (ش . م. ع),emaar,Marsa Dubai,Dubai Marina,ACTIVE,447,1,1,0,447,567,47,3920601,1,1582629738
PN1442,register_extract_2026-06-15,1442,1442,LINCOLN PARK ( NORTH SIDE),لينكولن بارك (الجانب الشمالي),رمرام ش.ذ.م.م,رمرام,Arjan,Arjan,FINISHED,172,1,1,170,172,302,28,6731163,1,604480591
PN1907,register_extract_2026-06-15,1907,94284211,Sobha Hartland Greens - Phase III,شوبا هارتلاند جرينز فيس 3,شوبا ش.ذ.م.م,sobha,Al Merkadh,SOBHA HARTLAND,FINISHED,507,2,2,0,514,996,77,3474816,1,1495264502;1698205868
PN2178,register_extract_2026-06-15,2178,275896163,Sobha Creek vistas Reserve,شوبا كريك فيستاس ريزرف,شوبا ش.ذ.م.م,sobha,Al Merkadh,SOBHA HARTLAND,FINISHED,784,1,1,0,784,1304,113,3474775,1,1781297123
PN1786,register_extract_2026-06-15,1786,33352683,VERA TOWER,فيرا تاور,داماك ورلد ريل استيت ش.ذ.م.م,damac,Business Bay,Business Bay,FINISHED,526,1,1,0,528,838,56,3460703,1,4647592
PN3374,register_extract_2026-06-15,3374,677602939,DAMAC RIVERSIDE VIEWS - MARINE 3,داماك ريفرسايد فيوز - مارين 3,داماك ميري للاستثمار ش.ذ.م.م,damac,Dubai Investment Park Second,,NOT_STARTED,276,1,1,0,276,266,57,5976668,1,48124016
PN1687,register_extract_2026-06-15,1687,25673322,MADA RESIDENCES TOWER,مدى ريزدنس تاور,اعمار العقارية (ش . م. ع),emaar,Burj Khalifa,DownTown Dubai,FINISHED,193,1,1,193,193,470,33,3450417,1,874589574
PN1912,register_extract_2026-06-15,1912,94865205,Paradise View 1,باراديس فيو 1,ليوان(ش.ذ.م.م.),ليوان,Wadi Al Safa 3,Majan,FINISHED,203,0,1,0,204,435,174,6456062,1,1486363735
PN2333,register_extract_2026-06-15,2333,390365569,Canal Front Residences-CF3&CF4,CF3&CF4-قنال فرونت رزيدنسز,مجموعة ميدان (ش.ذ.م.م),meydan,Al Wasl,Dubai Water Canal,FINISHED,105,2,2,0,132,373,56,3435338,1,
PN2876,register_extract_2026-06-15,2876,564313379,Regent Residences Dubai Sankari Place,ريجنت ريزيدنسز دبى سنكرى بليس,الخليج التجاري (ش.ذ.م.م),الخليج-التجاري,Business Bay,Business Bay,ACTIVE,65,2,2,0,65,3,0,3460666,1,1836150101
PN1948,register_extract_2026-06-15,1948,137009405,THE WINGS,ذ ونغس,ليوان(ش.ذ.م.م.),ليوان,Arjan,Arjan,FINISHED,340,4,4,314,342,575,41,6731340,1,1154068450;1424575951;1602354615;545689384
PN2404,register_extract_2026-06-15,2404,419394277,Park Field,بارك فيلد,دبي هيلز استيت ش.ذ.م.م,dubai-hills-estate,Hadaeq Sheikh Mohammed Bin Rashid,Dubai Hills Estate,FINISHED,306,2,2,0,306,502,109,6319423,1,1195325011;1768784702
PN2096,register_extract_2026-06-15,2096,192667556,Creek Beach - Breeze,شاطئ الخور - بريز,دبي كريك هاربور ش.ذ.م.م,دبي-كريك-هاربور,Al Khairan First,Dubai Creek Harbour,FINISHED,202,3,3,0,214,358,34,4154766,1,1353355068;527206098;944278769
PN1495,register_extract_2026-06-15,1495,12004618,THE RESIDENCES AT MARINA GATE 1,ذا ريزيدنسز ات مارينا جيت 1,اعمار العقارية (ش . م. ع),emaar,Marsa Dubai,Dubai Marina,FINISHED,415,1,1,399,415,966,45,3925335,1,
PN2504,register_extract_2026-06-15,2504,452248139,BEVERLY BOULEVARD,بيفرلى بولفارد,ليوان(ش.ذ.م.م.),ليوان,Arjan,Arjan,FINISHED,271,1,1,0,271,467,64,6731252,1,2026494998
PN2814,register_extract_2026-06-15,2814,546432220,ARBOR VIEW,أربور فيو,ليوان(ش.ذ.م.م.),ليوان,Arjan,Arjan,ACTIVE,171,1,1,0,171,253,69,6731272,1,753936006
PN2469,register_extract_2026-06-15,2469,443333899,Golf Heights,جولف هايتس,اعمار العقارية (ش . م. ع),emaar,Al Thanyah Third,The Greens,ACTIVE,281,1,1,0,281,418,55,3881465,1,221267280
PN3129,register_extract_2026-06-15,3129,623031550,AZHA DOWNTOWN RESIDENCES,ازهى داون تاون السكنية,إعمار للتطوير (مساهمة عامة),emaar,Burj Khalifa,DownTown Dubai,ACTIVE,73,1,1,0,73,56,11,3450413,1,1246367414
PN3599,register_extract_2026-06-15,3599,730143369,Vedaire Residences,مساكن فيدير,مجموعة ميدان (ش.ذ.م.م),meydan,Nad Al Shiba First,Meydan Racecourse Community,NOT_STARTED,46,1,1,0,46,18,17,6181272,1,2038459594
PN4133,register_extract_2026-06-15,4133,822971587,Wynwood Horizon by Imtiaz,وينوود هورايزون من امتياز,مجموعة ميدان (ش.ذ.م.م),meydan,Bukadra,,PENDING,165,0,1,0,165,137,134,6117210,1,
PN2210,register_extract_2026-06-15,2210,301417524,MIDTOWN - NOOR,ميدتاون نور,تيكوم للإستثمارات منطقة حرة- ذ.م.م,تيكوم-للاستثمارات,Me'Aisem First,International Media Production Zone,FINISHED,606,5,5,0,606,1145,120,6854517,1,2134247965
PN1379,register_extract_2026-06-15,1379,10262747,ENI CORAL TOWER,إي ان أي كورال تاور,دبي للعقارات (ش.ذ.م.م),dubai-properties,Business Bay,Business Bay,FINISHED,145,1,1,141,145,4,0,3460723,1,878633778
PN2132,register_extract_2026-06-15,2132,233378857,"Q-Zone (Qpoint - Phase III), MU005&6",MU005&6 (كيو زون (كيوبوينت- فيز3,ليوان(ش.ذ.م.م.),ليوان,Wadi Al Safa 2,Liwan1,FINISHED,328,1,1,328,328,330,0,6438134,1,
PN3739,register_extract_2026-06-15,3739,754571186,Azizi Riviera 54,عزيزي ريفيرا 54,مجموعة ميدان (ش.ذ.م.م),meydan,Al Merkadh,Meydan One Community,ACTIVE,203,1,1,0,203,2,1,3475107,1,700487678
PN137,register_extract_2026-06-15,137,137,HILIANA,هيليانا,تيكوم للإستثمارات منطقة حرة- ذ.م.م,تيكوم-للاستثمارات,Al Safouh First,Sufouh Gardens,FINISHED,179,1,1,175,179,574,18,3729984,1,
PN2778,register_extract_2026-06-15,2778,537183397,Empire Estates,إمبائير إستيتس,ليوان(ش.ذ.م.م.),ليوان,Arjan,Arjan,ACTIVE,344,1,1,0,344,324,108,6731247,1,847465645
PN623,register_extract_2026-06-15,623,623,D1,,دبي للعقارات (ش.ذ.م.م),dubai-properties,Al Jadaf,Jaddaf Waterfront,FINISHED,523,1,1,519,523,1497,75,3260865,1,1648327767
PN2458,register_extract_2026-06-15,2458,440137237,Sobha Creek Vistas Grande,شوبا كريك فيستا جراندي,شوبا ش.ذ.م.م,sobha,Al Merkadh,SOBHA HARTLAND,FINISHED,400,1,1,0,400,748,112,3479420,1,812605125
PN2523,register_extract_2026-06-15,2523,459995533,ASCOT RESIDENCES,أسكوت ريزيدنس,نشاما للعقارات لمالكها نشمي ديفلوبمنت شركة الشخص الواحد ش.ذ.م.م,nshama,Al Yelayiss 2,TOWN SQUARE,FINISHED,153,1,1,0,153,287,46,9229084,1,415893054
PN2717,register_extract_2026-06-15,2717,519537626,Sobha Creek Vistas Heights,شوبا كريك فيستا هايتس,شوبا ش.ذ.م.م,sobha,Al Merkadh,SOBHA HARTLAND,ACTIVE,1354,2,2,0,1354,1554,123,3470919,1,1054174914;82870945
PN2044,register_extract_2026-06-15,2044,168231345,GENESIS,جينسيس,ليوان(ش.ذ.م.م.),ليوان,Arjan,Arjan,FINISHED,200,1,1,197,200,443,38,6731107,1,2014119430
PN829,register_extract_2026-06-15,829,829,SONDOS SAGE,سوندوس سيج,دبي للعقارات (ش.ذ.م.م),dubai-properties,Wadi Al Safa 5,Dubai Land Residence Complex,FINISHED,109,1,1,108,109,17,0,6488643,1,1951728571
PN2035,register_extract_2026-06-15,2035,165943745,Azizi Greenfield,عزيزي غرينفيلد,مجموعة ميدان (ش.ذ.م.م),meydan,Nad Al Shiba First,Meydan Racecourse Community,FINISHED,102,1,1,0,104,171,9,6189005,1,313539100
PN2887,register_extract_2026-06-15,2887,569150648,Opulent Residences,اوبولينت ريزيدنسز,اعمار العقارية (ش . م. ع),emaar,Burj Khalifa,DownTown Dubai,ACTIVE,230,1,1,0,230,243,6,3450390,1,763681433
PN3079,register_extract_2026-06-15,3079,611162840,360 Riverside Crescent,ريفرسايد كريسنت 360,شوبا ش.ذ.م.م,sobha,Bukadra,,ACTIVE,910,1,1,0,910,907,53,6110676,1,
PN429,register_extract_2026-06-15,429,429,PARK CENTRAL,بارك سنترال,الخليج التجاري (ش.ذ.م.م),الخليج-التجاري,Business Bay,Business Bay,FINISHED,146,2,2,137,146,506,35,3460580,1,98097202
PN3459,register_extract_2026-06-15,3459,696396274,Rome 3 by SD,روما 3 باي اس دي,مجموعة ميدان (ش.ذ.م.م),meydan,Wadi Al Safa 3,Mohammed Bin Rashid AL Maktoum District 11,PENDING,85,0,2,0,85,70,68,6456404,1,
PN3889,register_extract_2026-06-15,3889,792220570,Saddlewood Park,سادلوود بارك,مجموعة ميدان (ش.ذ.م.م),meydan,Nad Al Shiba First,Meydan Racecourse Community,NOT_STARTED,62,1,1,0,62,21,18,6187552,1,
PN1984,register_extract_2026-06-15,1984,144253873,"Mohammed Bin Rashid Al Maktoum City , District One Phase III  , Residences 1",مدينة  محمد بن راشد ال مكتوم ديستركت ون ، المرحلة الثالثة ، ريسيدنز 1,الحي الاول - منطقة حرة,الحي-الاول,Al Merkadh,Mohammed Bin Rashid AL Maktoum City -District -1 Community,FINISHED,31,1,1,0,43,86,4,3474856,1,1023415842
PN3399,register_extract_2026-06-15,3399,682799645,MAS Barsha Residency,ماس برشا ريزيدينسي,ام ايه اس للتطوير العقاري ش.ذ.م.م,ام-ايه-اس-للتطوير-العقاري,Al Barsha First,,PENDING,242,1,1,0,242,67,63,3734539,1,
PN4105,register_extract_2026-06-15,4105,817279165,Binghatti Hillcrest,بن غاطي هيل كريست,دى اتش ايه ام منطقه حره - ذ.م.م,دي-اتش-ايه-ام,Arjan,Arjan,PENDING,396,0,1,0,396,227,226,6731324,1,341826438
PN139,register_extract_2026-06-15,139,139,THE DIAMOND,دايموند,مدينة دبي الرياضية (ش. ذ. م. م),مدينه-دبي-الرياضيه,Al Hebiah Fourth,Dubai Sports City,FINISHED,128,1,1,128,128,298,19,6821295,1,713764417
PN2305,register_extract_2026-06-15,2305,377942064,Sobha Hartland Waves Grande,شوبا هارتلاند ويفز جراندى,شوبا ش.ذ.م.م,sobha,Al Merkadh,SOBHA HARTLAND,FINISHED,440,1,1,0,453,884,56,3473941,1,673387627
PN2810,register_extract_2026-06-15,2810,544736990,Hillside Residences 3,هيلسايد ريزيدنسيز 3,جيه ايه جي للتطوير ش.ذ.م.م,جيه-ايه-جي-للتطوير,Jabal Ali First,Wasl Gate,ACTIVE,306,5,5,0,306,268,22,5919627,1,1536595564;1938384377;325348586;643100694;944602778
PN3849,register_extract_2026-06-15,3849,778750506,ARTHOUSE RESIDENCES TOWER A by AVIAAN,ارت هوس رزيدينسيز تاور ايه باي افيان,مجموعة ميدان (ش.ذ.م.م),meydan,Nad Al Shiba First,Meydan Racecourse Community,NOT_STARTED,47,1,1,0,47,17,16,6181283,1,376163565
PN2162,register_extract_2026-06-15,2162,251542640,"Mohammed Bin Rashid Al Maktoum City , District One Phase III  , Residences 13",مدينة  محمد بن راشد ال مكتوم- ديستركت ون ، المرحلة الثالثة ، ريسيدنز 13,الحي الاول - منطقة حرة,الحي-الاول,Al Merkadh,Mohammed Bin Rashid AL Maktoum City -District -1 Community,FINISHED,133,1,1,0,175,281,27,3474850,1,384148461
PN3004,register_extract_2026-06-15,3004,596449313,AMAAL 8,امال 8,مجموعة ميدان (ش.ذ.م.م),meydan,Ras Al Khor Industrial First,,ACTIVE,533,1,1,0,533,274,241,6129833,1,
PN3663,register_extract_2026-06-15,3663,741184891,DAMAC RIVERSIDE VIEWS - CAPRI 1,داماك ريفرسايد فيوز - كابري 1,داماك ميري للاستثمار ش.ذ.م.م,damac,Dubai Investment Park Second,,NOT_STARTED,824,5,5,0,824,802,802,5976680,1,111677892;1570627754;1869344951;2045030336;377596374
PN3381,register_extract_2026-06-15,3381,678761680,Terra Heights,تيرا هايتس,دي دابليو تي سي إعمار ذ.م.م,دي-دابليو-تي-سي-اعمار,Madinat Al Mataar,Dubai World Central,ACTIVE,1004,4,4,0,1004,1019,82,5210748,1,1249741048;1455266740;1993858186;789711467
PN3472,register_extract_2026-06-15,3472,700515409,Bellavion by Sunrise,بيلاجيو باي صنرايز,جيه ايه جي للتطوير ش.ذ.م.م,جيه-ايه-جي-للتطوير,Jabal Ali First,Wasl Gate,NOT_STARTED,275,3,3,0,275,161,130,5919563,1,100573818;1741274288;1958559351
PN2492,register_extract_2026-06-15,2492,447744766,LIVA,ليفا,نشاما للعقارات لمالكها نشمي ديفلوبمنت شركة الشخص الواحد ش.ذ.م.م,nshama,Al Yelayiss 2,TOWN SQUARE,FINISHED,484,1,1,0,484,760,152,9229210,1,1274489485
PN1192,register_extract_2026-06-15,1192,1192,QPOINT LIWAN-R019,كيو بوينت ليوان -R019,رمرام ش.ذ.م.م,رمرام,Wadi Al Safa 2,Liwan1,FINISHED,60,1,1,60,60,203,10,6437703,1,
PN40,register_extract_2026-06-15,40,40,SULAFA TOWER,برج سلافة,اعمار العقارية (ش . م. ع),emaar,Marsa Dubai,Dubai Marina,FINISHED,703,1,1,702,703,2314,235,3920208,1,1586549360
PN3686,register_extract_2026-06-15,3686,744027498,Aark Terraces,ارك تيراسز,دبي لاند ريزيدنسز (ش.ذ.م.م),دبي-لاند-ريزيدنسز,Wadi Al Safa 5,Dubai Land Residence Complex,NOT_STARTED,131,1,1,0,131,1,0,6488626,1,1024003353
PN3362,register_extract_2026-06-15,3362,675885998,The Community - Sports Arena,ذا كميونتي - سبورتس ارينا,مدينة دبي الرياضية (ش. ذ. م. م),مدينه-دبي-الرياضيه,Al Hebiah Fourth,Dubai Sports City,ACTIVE,396,1,1,0,396,207,107,6820135,1,
PN616,register_extract_2026-06-15,616,616,BERMUDA VIEWS,برمودا فيوز,مدينة دبي الرياضية (ش. ذ. م. م),مدينه-دبي-الرياضيه,Al Hebiah Fourth,Dubai Sports City,FINISHED,236,1,1,236,236,547,24,6821368,1,613146065
PN913,register_extract_2026-06-15,913,913,WEST AVENUE,ويست أفنيو,اعمار العقارية (ش . م. ع),emaar,Marsa Dubai,Dubai Marina,FINISHED,277,1,1,271,277,1034,27,3920467,1,554306918
PN2002,register_extract_2026-06-15,2002,148997676,Azizi Riviera 19,عزيزي ريفيرا 19,مجموعة ميدان (ش.ذ.م.م),meydan,Al Merkadh,Meydan One Community,FINISHED,207,1,1,0,208,245,19,3475011,1,421753040
PN2122,register_extract_2026-06-15,2122,220522422,Azizi Riviera 29,عزيزي ريفيرا 29,مجموعة ميدان (ش.ذ.م.م),meydan,Al Merkadh,Meydan One Community,FINISHED,176,1,1,0,178,243,15,3475058,1,1911962207
PN4100,register_extract_2026-06-15,4100,817081821,Wadi Hills by HRE,وادي هيلز,دبي لاند ريزيدنسز (ش.ذ.م.م),دبي-لاند-ريزيدنسز,Wadi Al Safa 5,Dubai Land Residence Complex,NOT_STARTED,131,1,1,0,131,68,60,6488698,1,906898675
PN2746,register_extract_2026-06-15,2746,531438771,Golf Vista Heights,جولف فيستا هايتس,مدينة دبي الرياضية (ش. ذ. م. م),مدينه-دبي-الرياضيه,Al Hebiah Fourth,Dubai Sports City,ACTIVE,209,1,1,0,209,278,55,6820157,1,334428730
PN449,register_extract_2026-06-15,449,449,THE RESIDENCE AT BUSINESS CENTRAL,بزنس سنترال ريزيدنس,الخليج التجاري (ش.ذ.م.م),الخليج-التجاري,Business Bay,Business Bay,FINISHED,228,2,2,211,228,802,27,3460671,1,
PN2158,register_extract_2026-06-15,2158,249107283,WILTON PARK RESIDENCES,ويلتون بارك ريزيدنسز,شوبا ش.ذ.م.م,sobha,Al Merkadh,SOBHA HARTLAND,FINISHED,320,2,2,0,321,520,63,3474831,1,1093564929;506130184
PN1813,register_extract_2026-06-15,1813,35469438,Creek Gate,كريك جيت,ذي لاجونز المرحلة الاولى ش.ذ.م.م,ذي-لاجونز-المرحله-الاولي,Al Khairan First,Dubai Creek Harbour,FINISHED,498,3,3,0,525,928,73,4159928,1,1803835065
PN2045,register_extract_2026-06-15,2045,168250613,V2,,مدينة دبي الرياضية (ش. ذ. م. م),مدينه-دبي-الرياضيه,Al Hebiah Fourth,Dubai Sports City,FINISHED,160,1,1,0,160,250,33,6821287,1,218276355
PN2845,register_extract_2026-06-15,2845,556630812,Sportz By Danube,سبورتز من دانوب,مدينة دبي الرياضية (ش. ذ. م. م),مدينه-دبي-الرياضيه,Al Hebiah Fourth,Dubai Sports City,ACTIVE,1110,2,2,0,1110,1144,57,6825134,1,1519786576;1659975245
PN2252,register_extract_2026-06-15,2252,353781755,"Mohammed Bin Rashid Al Maktoum City , District One Phase III  , Residences 31",مدينة محمد بن راشد ال مكتوم الحي الأول ، المرحلة الثالثة ، ريسيدنز 31,مجموعة ميدان (ش.ذ.م.م),meydan,Al Merkadh,Mohammed Bin Rashid AL Maktoum City -District -1 Community,FINISHED,31,1,1,0,31,39,0,3470261,1,1724000680
PN1996,register_extract_2026-06-15,1996,148614974,Azizi Riviera 18,عزيزي ريفيرا 18,مجموعة ميدان (ش.ذ.م.م),meydan,Al Merkadh,Meydan One Community,FINISHED,282,1,1,0,282,387,23,3474995,1,129482534
PN1332,register_extract_2026-06-15,1332,6259913,JUMEIRAH PARK - PACKAGE 5A,حديقة جميرا - الحزمة 5 أ,شركة نخيل (ش.م.خ),nakheel,Al Thanyah Fifth,Jumeirah Park,FINISHED,30,0,134,0,0,500,16,3932985;3932986;3932987;3932988;3932989;3932990;3932991;3932992;3932993;3932994;3932995;3932996;3932997;3932998;3932999;3933000;3933001;3933002;3933003;3933004;3933005;3933006;3933007;3933008;3933009;3933010;3933011;3933012;3933013;3933014;3933015;3933016;3933017;3933018;3933019;3933020;3933249;3933250;3933251;3933252;3933253;3933254;3933255;3933256;3933257;3933258;3933259;3933260;3933261;3933262;3933263;3933264;3933265;3933266;3933267;3933268;3933269;3933270;3933271;3933332,134,
PN2516,register_extract_2026-06-15,2516,458787161,HARBOUR LIGHTS,هاربور لايتس,مدينة دبي الملاحية م م ح,مدينه-دبي-الملاحيه,Madinat Dubai Almelaheyah,Dubai Maritime City,ACTIVE,297,1,1,0,297,344,18,3210240,1,726446460
PN3052,register_extract_2026-06-15,3052,606439277,ONDA BY KASCO,اوندا - كاسكو,الخليج التجاري (ش.ذ.م.م),الخليج-التجاري,Business Bay,Business Bay,ACTIVE,352,1,1,0,352,303,74,3460608,1,981622776
PN2588,register_extract_2026-06-15,2588,483879895,ZAYA ZUHA ISLAND,جزيرة زايا زوها,شركة نخيل (ش.م.خ),nakheel,World Islands,The World,ACTIVE,1,0,28,0,1,26,8,3035290,1,
PN2536,register_extract_2026-06-15,2536,465977370,Elvira,الفيرا,دبي هيلز استيت ش.ذ.م.م,dubai-hills-estate,Hadaeq Sheikh Mohammed Bin Rashid,Dubai Hills Estate,ACTIVE,902,2,2,0,902,1147,86,63110897,1,1675582914
PN3103,register_extract_2026-06-15,3103,616607965,Aptos Residenza,أبتوس ريزيدنزا,قرية جميرا (ش.ذ.م.م),قريه-جميرا,Al Barsha South Fourth,Jumeirah Village Circle,PENDING,148,0,1,0,148,0,0,6817735,1,972644004
PN2064,register_extract_2026-06-15,2064,175197510,BELGRAVIA HEIGHTS II,II بلغرافيا هايتس,قرية جميرا (ش.ذ.م.م),قريه-جميرا,Al Barsha South Fourth,Jumeirah Village Circle,FINISHED,142,1,1,0,142,252,35,6816724,1,728870099
PN3850,register_extract_2026-06-15,3850,778808365,Trevino,تريفينو,قرية جميرا (ش.ذ.م.م),قريه-جميرا,Al Barsha South Fourth,Jumeirah Village Circle,NOT_STARTED,109,1,1,0,109,40,37,6817361,1,802056654
PN1987,register_extract_2026-06-15,1987,146746565,Beverly Residence,بيفيرلي رسيدانس,قرية جميرا (ش.ذ.م.م),قريه-جميرا,Al Barsha South Fourth,Jumeirah Village Circle,FINISHED,195,1,1,0,195,368,24,6817104,1,
PN3441,register_extract_2026-06-15,3441,690160520,One By Preston,وان باي بريستون,مؤسسه مدينه دبى للطيران,موسسه-مدينه-دبي-للطيران,Madinat Al Mataar,Dubai South Residential District,PENDING,56,1,1,0,56,0,0,5213620,1,
PN1433,register_extract_2026-06-15,1433,1433,EMIRATES GARDEN I - GARDENIA,الإمارات حديقة الأول - جاردينيا,شركة نخيل (ش.م.خ),nakheel,Al Barsha South Fourth,Jumeirah Village Circle,FINISHED,208,2,2,197,208,882,31,6816491,1,1402681412
PN1842,register_extract_2026-06-15,1842,44648403,THE HEART OF EUROPE 2,ذا هارت أوف يوروب 2,العالم ( ش. ذ. م. م ),العالم,World Islands,The World,ACTIVE,1383,5,5,0,1392,980,20,3035206,1,
PN2955,register_extract_2026-06-15,2955,583223510,AZIZI VENICE 10,عزيزى فينيس 10,مؤسسه مدينه دبى للطيران,موسسه-مدينه-دبي-للطيران,Madinat Al Mataar,Dubai World Central,NOT_STARTED,1263,3,3,0,1263,769,468,5211354,1,
PN610,register_extract_2026-06-15,610,610,OASIS HIGH PARK,هاي بارك أوسيس,سلطة دبي للمناطق الإقتصادية المتكاملة,سلطه-دبي-للمناطق-الاقتصاديه-المتكامله,Nadd Hessa,Silicon Oasis,FINISHED,159,1,1,159,159,334,12,6262352,1,2048063686
PN1573,register_extract_2026-06-15,1573,14218835,AZIZI. FREESIA,عزيزي. فريزيا,الفرجان ( ش.ذ.م.م ),الفرجان,Jabal Ali First,Al Furjan,FINISHED,98,1,1,98,98,285,24,5912992,1,1530556806
PN1675,register_extract_2026-06-15,1675,24796221,DAMAC HILLS (2) - VIRIDIS,داماك هيلز ( 2 ) - فيريديس,شركة الخط الامامي لادارة الاستثمار ش.ذ.م.م,الخط-الامامي-لاداره-الاستثمار,Madinat Hind 4,DAMAC HILLS 2,FINISHED,870,5,5,0,871,1293,122,91418558,1,1686166910
PN1682,register_extract_2026-06-15,1682,25333395,CITY APARTMENTS,شقق المدينة,قرية جميرا (ش.ذ.م.م),قريه-جميرا,Al Barsha South Fourth,Jumeirah Village Circle,FINISHED,70,1,1,67,70,183,17,6816272,1,
PN1393,register_extract_2026-06-15,1393,10776915,"QASR SABAH I , II ,III",قصر صباح I ، II ، III,تيكوم للإستثمارات منطقة حرة- ذ.م.م,تيكوم-للاستثمارات,Me'Aisem First,International Media Production Zone,FINISHED,406,3,3,402,407,1012,111,6854425;6854426;6854427,3,825159111
PN2334,register_extract_2026-06-15,2334,390407135,Tranquil Wellness Tower,ترنقول برج العافية,قرية جميرا (ش.ذ.م.م),قريه-جميرا,Al Barsha South Fifth,Jumeirah Village Triangle,FINISHED,252,1,1,0,252,113,18,6849784,1,1401816592
PN2659,register_extract_2026-06-15,2659,503108319,LA RESIDENZA,,قرية جميرا (ش.ذ.م.م),قريه-جميرا,Al Barsha South Fourth,Jumeirah Village Circle,FINISHED,54,1,1,0,55,77,7,6816159,1,
PN4063,register_extract_2026-06-15,4063,808250808,Stellar Axis by Ajmal Estate Developers,,شركة نخيل (ش.م.خ),nakheel,Warsan Fourth,International City Phase 3,PENDING,122,0,1,0,122,23,23,6240955,1,
PN959,register_extract_2026-06-15,959,959,AURORA RESIDENCE 1,أورورا 1 ريزيدنس,شركة نخيل (ش.م.خ),nakheel,Warsan Fourth,International City Phase 3,FINISHED,95,2,2,95,95,3,0,6241144,1,
PN2629,register_extract_2026-06-15,2629,87222177,The Orchard Place,ذا أوركارد بليس,قرية جميرا (ش.ذ.م.م),قريه-جميرا,Al Barsha South Fourth,Jumeirah Village Circle,ACTIVE,418,2,2,0,418,240,32,6816992,1,1122226407;1860577874
PN3290,register_extract_2026-06-15,3290,658076807,Q GARDENS ALIYA,كيو جاردنز عليا,قرية جميرا (ش.ذ.م.م),قريه-جميرا,Al Barsha South Fourth,Jumeirah Village Circle,ACTIVE,278,1,1,0,278,81,39,6816504,1,1264923777
PN14,register_extract_2026-06-15,14,14,LA VISTA 05,لافيستا 05,سلطة دبي للمناطق الإقتصادية المتكاملة,سلطه-دبي-للمناطق-الاقتصاديه-المتكامله,Nadd Hessa,Silicon Oasis,FINISHED,133,1,1,132,133,45,1,6262579,1,
PN3224,register_extract_2026-06-15,3224,644597748,Beach Walk Residences 2,بيتش ووك ريزيدنسز 2,شركة نخيل (ش.م.خ),nakheel,Palm Deira,Palm Deira,ACTIVE,63,1,1,0,63,45,4,1010391,1,1481751155
PN3139,register_extract_2026-06-15,3139,624884504,Parkland,بارك لاند,دبي هيلز استيت ش.ذ.م.م,dubai-hills-estate,Hadaeq Sheikh Mohammed Bin Rashid,Dubai Hills Estate,ACTIVE,209,1,1,0,209,224,6,6319295,1,538762033
PN2138,register_extract_2026-06-15,2138,239669336,Zhoug guo jia,زووج جاو جيا,انترناشونال سيتي ( ش.ذ.م.م ),انترناشونال-سيتي,Al Warsan First,International City Phase 1,FINISHED,110,0,1,104,110,5,1,6211335,1,
PN3837,register_extract_2026-06-15,3837,774139932,997 Residences by Reef Luxury Development,997ريزيدنسز من ريف للتطوير الفاخر,شركة نخيل (ش.م.خ),nakheel,Palm Deira,Palm Deira,NOT_STARTED,63,1,1,0,63,20,19,1010484,1,1628470253
PN2791,register_extract_2026-06-15,2791,540333572,LUMINA VISTA RESIDENCES,لومينا فيستا ريزيدنسيز,قرية جميرا (ش.ذ.م.م),قريه-جميرا,Al Barsha South Fourth,Jumeirah Village Circle,FINISHED,74,1,1,0,74,87,13,6817151,1,570805267
PN3864,register_extract_2026-06-15,3864,783262928,GFS Coventry Gardens II,جي اف اس كوفينتري جاردنز تو,دبي لاند ريزيدنسز (ش.ذ.م.م),دبي-لاند-ريزيدنسز,Wadi Al Safa 5,Dubai Land Residence Complex,NOT_STARTED,134,1,1,0,134,51,41,6488695,1,1753366216
PN3134,register_extract_2026-06-15,3134,623931579,Dubai Harbour Residences (Area 3),دبي هاربور رزيدنسز(المنطقة 3),دبي هاربور كوميونيتي ذ.م.م,دبي-هاربور-كوميونيتي,Marsa Dubai,Dubai Harbour,ACTIVE,159,1,1,0,159,127,36,3920738,1,
PN3166,register_extract_2026-06-15,3166,630053047,Orbit Residences By Jewel,أوربت ريزدينس بواسطة جويل,انترناشونال سيتي ( ش.ذ.م.م ),انترناشونال-سيتي,Al Warsan First,International City Phase 1,NOT_STARTED,105,1,1,0,105,0,0,6212015,1,
PN3705,register_extract_2026-06-15,3705,746716456,COVE EDITION RESIDENCE 5 by Imtiaz,كوف ايديشن ريزيدنس5 من امتياز,دبي لاند ريزيدنسز (ش.ذ.م.م),دبي-لاند-ريزيدنسز,Wadi Al Safa 5,Dubai Land Residence Complex,ACTIVE,198,1,1,0,198,199,104,6488637,1,1248416486
PN1643,register_extract_2026-06-15,1643,20028058,Skyhills I by HRE,سكاي هيلز ريزيدنس,تيكوم للإستثمارات منطقة حرة- ذ.م.م,تيكوم-للاستثمارات,Al Barshaa South Second,Dubai Science Park,ACTIVE,1145,3,2,0,1145,1139,59,6727772,1,972638053
PN724,register_extract_2026-06-15,724,724,VILLA MYRA,فيلا ميرا,قرية جميرا (ش.ذ.م.م),قريه-جميرا,Al Barsha South Fourth,Jumeirah Village Circle,FINISHED,73,1,1,73,73,238,6,6817371,1,
PN3167,register_extract_2026-06-15,3167,630104002,Ocean Pearl By SD,أوشن برل باي اس دي,شركة نخيل (ش.م.خ),nakheel,Palm Deira,Palm Deira,ACTIVE,100,2,2,0,100,74,13,1010503,1,1171931188;437654772
PN1885,register_extract_2026-06-15,1885,78776231,The Pulse Boulevard Grove,النبض جادة البستان,مؤسسه مدينه دبى للطيران,موسسه-مدينه-دبي-للطيران,Madinat Al Mataar,Dubai South Residential District,FRIEZED,108,1,1,108,108,0,0,5212789,1,586570678
PN3858,register_extract_2026-06-15,3858,781429591,Vestoria Bay,فيزيتوريا بي,شركة نخيل (ش.م.خ),nakheel,Palm Deira,Palm Deira,PENDING,63,0,1,0,63,39,38,1010483,1,975277507
PN3191,register_extract_2026-06-15,3191,635854273,Evora Residences,مساكن إيفورا,الفرجان ( ش.ذ.م.م ),الفرجان,Jabal Ali First,Al Furjan,ACTIVE,77,1,1,0,77,78,8,5913018,1,1861625924
PN4071,register_extract_2026-06-15,4071,810532524,Wedyan,وديان,دبي للعقارات (ش.ذ.م.م),dubai-properties,Business Bay,Business Bay,NOT_STARTED,164,1,1,0,164,3,0,3460508,1,826925482
PN2849,register_extract_2026-06-15,2849,557159500,Divine Residencia,ديفين ريزيدنشيا,دى اتش ايه ام منطقه حره - ذ.م.م,دي-اتش-ايه-ام,Al Hebiah Second,Dubai Studio City,ACTIVE,69,1,1,0,69,81,12,6757645,1,1583271187
PN2451,register_extract_2026-06-15,2451,436237964,Laurel,لوريل,مراس العقارية (ش.ذ.م.م),meraas,Al Wasl,City Walk,ACTIVE,218,1,1,0,218,330,37,3431211,1,1106223888
PN3046,register_extract_2026-06-15,3046,605665323,The Grandala,جراندالا,مراس العقارية (ش.ذ.م.م),meraas,Al Satwa,Jumeirah Garden City,ACTIVE,86,1,1,0,86,79,16,3347591,1,1989757435
PN3529,register_extract_2026-06-15,3529,712198426,Azizi Ruby,عزيزي روبي,شركة نخيل (ش.م.خ),nakheel,Al Barsha South Fourth,Jumeirah Village Circle,NOT_STARTED,264,1,1,0,264,103,91,6817327,1,1310533100
PN3423,register_extract_2026-06-15,3423,686760860,Kiwi Yard Residences,كيـوي يـارد ريـزيـدنـسـز,شركة نخيل (ش.م.خ),nakheel,Warsan Fourth,International City Phase 3,PENDING,78,1,1,0,78,0,0,6240922,1,
PN3110,register_extract_2026-06-15,3110,617953905,The Pier,ذا بير,مدينة دبي الملاحية م م ح,مدينه-دبي-الملاحيه,Madinat Dubai Almelaheyah,Dubai Maritime City,ACTIVE,282,1,1,0,282,266,39,3210246,1,2075937349
PN4006,register_extract_2026-06-15,4006,795170983,Binghatti Flare 01,بن غاطي فلير 01,شركة نخيل (ش.م.خ),nakheel,Al Barsha South Fifth,Jumeirah Village Triangle,NOT_STARTED,845,1,1,0,845,800,799,6848899,1,930952856
PN1871,register_extract_2026-06-15,1871,53049987,EATON PLACE,إيتون بلايس,قرية جميرا (ش.ذ.م.م),قريه-جميرا,Al Barsha South Fourth,Jumeirah Village Circle,FINISHED,110,1,1,110,110,257,21,6817346,1,1974445694
PN3503,register_extract_2026-06-15,3503,707802348,DISTRIKT,ديستركت,ماجد الفطيم لتشغيل مشاريع المدن المتكاملة الاماراتية ش.ذ.م.م,ماجد-الفطيم-لتشغيل-مشاريع-المدن-المتكامله-الاماراتيه,Wadi Al Safa 4,,NOT_STARTED,550,5,5,0,550,428,386,6460138,1,1363644253;222848823;242416088;732316683;839646202
PN3173,register_extract_2026-06-15,3173,631444331,Ocean Cove,أوشن كوف,ميناء راشد العقارية ش.ذ.م.م,ميناء-راشد-العقاريه,Madinat Dubai Almelaheyah,Mina Rashid,ACTIVE,233,2,2,0,233,237,6,3210421,1,1011956321;190206447
PN3451,register_extract_2026-06-15,3451,693985840,Ellison,إليسون,نشاما للعقارات لمالكها نشمي ديفلوبمنت شركة الشخص الواحد ش.ذ.م.م,nshama,Al Yelayiss 2,TOWN SQUARE,NOT_STARTED,148,1,1,0,148,137,17,92225769,1,1130560582
PN4125,register_extract_2026-06-15,4125,819951094,Sky Line By Peace Homes,سكاي لاين باي بيس هومز,دبي لاند ريزيدنسز (ش.ذ.م.م),دبي-لاند-ريزيدنسز,Wadi Al Safa 5,Dubai Land Residence Complex,PENDING,565,0,1,0,565,142,138,6488707,1,1433749705
PN1746,register_extract_2026-06-15,1746,29319888,AYKON CITY 2,مدينة أيكون 2,مراس العقارية (ش.ذ.م.م),meraas,Business Bay,,FINISHED,986,1,1,0,993,1669,109,3460266,1,
PN2702,register_extract_2026-06-15,2702,513380639,KYOTO BY ORO24,كيوتو من أورو24,ليوان(ش.ذ.م.م.),ليوان,Arjan,Arjan,ACTIVE,708,1,1,0,708,585,10,6731221,1,1839084546
PN3119,register_extract_2026-06-15,3119,619356802,Seaside by Prestige One,سي سايد من بريستيج,شركة نخيل (ش.م.خ),nakheel,Palm Deira,Palm Deira,ACTIVE,121,1,1,0,121,114,18,1010209,1,664795704
PN4072,register_extract_2026-06-15,4072,810596965,HOUSE OF WELL,هاوس أوف ويل,شركة نخيل (ش.م.خ),nakheel,Palm Deira,Palm Deira,PENDING,77,0,1,0,77,44,42,1010526,1,1893025780
PN3090,register_extract_2026-06-15,3090,612586073,Vue by Crystal Bay,فيو باي كريستال باي,قرية جميرا (ش.ذ.م.م),قريه-جميرا,Al Barsha South Fourth,Jumeirah Village Circle,ACTIVE,176,1,1,0,176,139,33,6816492,1,
PN2994,register_extract_2026-06-15,2994,594569262,ART BAY EAST,ارت باي ايست,قريه الثقافه ( ش.ذ.م.م),قريه-الثقافه,Al Jadaf,Jaddaf Waterfront,ACTIVE,103,1,1,0,103,106,5,3261502,1,
PN4048,register_extract_2026-06-15,4048,803306447,SOLEN RESIDENCE by Jamal Living,إقامة سولِن من جمال ليفينغ,سلطة دبي للمناطق الإقتصادية المتكاملة,سلطه-دبي-للمناطق-الاقتصاديه-المتكامله,Nadd Hessa,Silicon Oasis,PENDING,87,1,1,0,87,44,42,6261592,1,
PN2439,register_extract_2026-06-15,2439,430934617,ELLINGTON HOUSE,إلينغتون هاوس,دبي هيلز استيت ش.ذ.م.م,dubai-hills-estate,Hadaeq Sheikh Mohammed Bin Rashid,Dubai Hills Estate,FINISHED,150,1,1,0,150,316,108,6317636,1,1453199833
PN411,register_extract_2026-06-15,411,411,SILICON HEIGHTS2,سيليكون هايتس 2,سلطة دبي للمناطق الإقتصادية المتكاملة,سلطه-دبي-للمناطق-الاقتصاديه-المتكامله,Nadd Hessa,Silicon Oasis,FINISHED,250,1,1,0,252,442,40,6261590,1,1869194207
PN3315,register_extract_2026-06-15,3315,662231302,The Haven II,IIذا هيفين,ليوان(ش.ذ.م.م.),ليوان,Wadi Al Safa 3,Majan,ACTIVE,225,1,1,0,225,213,62,6456418,1,457637827
PN2599,register_extract_2026-06-15,2599,484620136,Golf Grand,جولف جراند,دبي هيلز استيت ش.ذ.م.م,dubai-hills-estate,Hadaeq Sheikh Mohammed Bin Rashid,Dubai Hills Estate,ACTIVE,329,1,1,0,329,429,78,6314044,1,102662545
PN3752,register_extract_2026-06-15,3752,757449726,Viani by Meteora,فياني باي ميتيورا,ليوان(ش.ذ.م.م.),ليوان,Wadi Al Safa 2,Liwan1,PENDING,118,1,1,0,118,0,0,6430292,1,
PN189,register_extract_2026-06-15,189,189,FORTUNATO,فورتوناتو,قرية جميرا (ش.ذ.م.م),قريه-جميرا,Al Barsha South Fourth,Jumeirah Village Circle,FINISHED,326,1,1,325,326,1002,36,6816417,1,851224680
PN2198,register_extract_2026-06-15,2198,291310162,Alandalus Building G,G الأندلس بناية,عقارات جميرا جولف ش.ذ.م.م,عقارات-جميرا-جولف,Me'Aisem First,Jumeirah Golf Estates,FINISHED,29,1,1,0,29,75,13,6850622,1,1969356111
PN3401,register_extract_2026-06-15,3401,683491084,Capital Horizon Terraces,كابيتال هورايزون تيراسيس,النخلة  - ديره (ش.ذ.م.م),nakheel,Palm Deira,Palm Deira,NOT_STARTED,63,1,1,0,63,30,27,1010515,1,2062351177
PN3585,register_extract_2026-06-15,3585,726316698,Binghatti Aquarise,بن غاطي أكوا رايز,دبي للعقارات (ش.ذ.م.م),dubai-properties,Business Bay,Business Bay,NOT_STARTED,1592,5,5,0,1592,1331,754,3460284,1,1581531457
PN637,register_extract_2026-06-15,637,637,KNIGHT BRIDGE COURT & KENSNGTON MANOR,نايت بريدج كورت آند كينسنجتون مانور,قرية جميرا (ش.ذ.م.م),قريه-جميرا,Al Barsha South Fourth,Jumeirah Village Circle,FINISHED,308,2,2,308,308,761,57,6817052,1,37001530
PN3647,register_extract_2026-06-15,3647,738759742,Mi Casa By London Gate Real Estate Development,مي كاسا من لندن جيت للتطوير العقاري,شركة نخيل (ش.م.خ),nakheel,Al Barsha South Fourth,Jumeirah Village Circle,PENDING,76,1,1,0,76,59,57,6817434,1,1366581605
PN3861,register_extract_2026-06-15,3861,782452414,Ventana Residences,فينتانا ريزيدنسز,انترناشونال سيتي ( ش.ذ.م.م ),انترناشونال-سيتي,Warsan Fourth,International City Phase 3,PENDING,127,1,1,0,127,0,0,6240848,1,
PN2466,register_extract_2026-06-15,2466,441964469,Samana Santorini,,تيكوم للإستثمارات منطقة حرة- ذ.م.م,تيكوم-للاستثمارات,Al Hebiah Second,Dubai Studio City,ACTIVE,157,1,1,0,157,184,20,6757646,1,2094641160
PN1725,register_extract_2026-06-15,1725,28073990,DEZIRE RESIDENCES,دزير ريزيدنس,قرية جميرا (ش.ذ.م.م),قريه-جميرا,Al Barsha South Fourth,Jumeirah Village Circle,FINISHED,120,1,1,115,120,213,28,6817736,1,557180934
PN3787,register_extract_2026-06-15,3787,763931378,Chapter 01 By Newbury Developments,شابتر 1 باي نيوبري ديفيلوبمنتس,انترناشونال سيتي ( ش.ذ.م.م ),انترناشونال-سيتي,Warsan Fourth,International City Phase 3,PENDING,127,1,1,0,127,61,60,6241239,1,
PN2529,register_extract_2026-06-15,2529,462843130,Prive Residence,بريف ريزيدنس,دبي هيلز استيت ش.ذ.م.م,dubai-hills-estate,Hadaeq Sheikh Mohammed Bin Rashid,Dubai Hills Estate,FINISHED,231,1,1,0,231,477,68,6319875,1,1703465678
PN1641,register_extract_2026-06-15,1641,19963196,SERENIA RESIDENCES THE PALM,سيرينيا ريزدينس النخيل,شركة النخلة - جميرا (ش.ذ.م.م),nakheel,Palm Jumeirah,Palm Jumeirah,FINISHED,242,3,3,249,242,576,30,3814744,1,67250464
PN2933,register_extract_2026-06-15,2933,578847982,Trinity By Karma,ترينيتي بواسطة كارما,ليوان(ش.ذ.م.م.),ليوان,Arjan,Arjan,ACTIVE,309,1,1,0,309,305,20,6730125,1,2040487687
PN218,register_extract_2026-06-15,218,218,DIAMOND VIEWS 4,دايموند فيوز  4,قرية جميرا (ش.ذ.م.م),قريه-جميرا,Al Barsha South Fourth,Jumeirah Village Circle,FINISHED,208,1,1,208,208,586,20,6816386,1,539206997
PN1351,register_extract_2026-06-15,1351,8388865,CLUB VISTA MARE,نادي فيستا ماري,شركة النخلة - جميرا (ش.ذ.م.م),nakheel,Palm Jumeirah,Palm Jumeirah,FINISHED,43,1,1,36,43,102,6,3812189,1,2124890930
PN2407,register_extract_2026-06-15,2407,419748575,Al Jazi - Madinat Jumeriah Living,الجازي - مدينة جميرا ليفينج,جميرا هيلز ديفيلوبمنت ش.ذ.م.م,جميرا-هيلز-ديفيلوبمنت,Um Suqaim Third,,ACTIVE,378,4,4,0,378,643,105,3660843,1,
PN2841,register_extract_2026-06-15,2841,554073287,Samana Barari Views 2,سامانا براري فيوز 2,ليوان(ش.ذ.م.م.),ليوان,Wadi Al Safa 3,Majan,ACTIVE,669,1,1,0,669,667,16,6453275,1,643132367
PN2216,register_extract_2026-06-15,2216,307649821,LOCI Residences,لوسي ريزيدنس,قرية جميرا (ش.ذ.م.م),قريه-جميرا,Al Barsha South Fourth,Jumeirah Village Circle,FINISHED,114,1,1,0,126,233,24,6817197,1,100080225
PN632,register_extract_2026-06-15,632,632,TIFFANY TOWERS,أبراج تيفاني,مركز دبي للسلع المتعددة,مركز-دبي-للسلع-المتعدده,Al Thanyah Fifth,Jumeirah Lakes Towers,FINISHED,306,1,1,0,306,780,25,3930920,1,1588105462
PN1665,register_extract_2026-06-15,1665,23604250,PARAMOUNT TOWER HOTEL & RESIDENCES,فندق بارامونت تاور آند ريزيدانس,الخليج التجاري (ش.ذ.م.م),الخليج-التجاري,Business Bay,,FINISHED,799,1,1,0,881,1211,73,3460124,1,352157319
PN1335,register_extract_2026-06-15,1335,6868662,ARABIAN RANCHES - SAMARA COMMUNITY,المرابع العربية - مجتمع سمارا,اعمار العقارية (ش . م. ع),emaar,Wadi Al Safa 7,Arabian Ranches II - SAMARA,FINISHED,58,2,179,0,58,524,28,6650566;6650567;6650568;6650569;6650570;6650571;6650572;6650573;6650574;6650575;6650576;6650577;6650578;6650579;6650580;6650581;6650582;6650583;6650584;6650585;6650586;6650587;6650588;6650589;6650590;6650591;6650592;6650593;6650594;6650595;6650596;6650597;6650598;6650599;6650600;6650601;6650602;6650603;6650604;6650605;6650606;6650607;6650608;6650609;6650610;6650611;6650612;6650613;6650614;6650615;6650616;6650617;6650618;6650619;6650620;6650621;6650622;6650623;6650624;6650625,180,
PN1390,register_extract_2026-06-15,1390,10621292,THE SUSTAINABLE CITY,المدينة المستدامة,دبي لاند (ش.ذ.م.م),دبي-لاند,Wadi Al Safa 7,THE SUSTAINABLE CITY,FINISHED,93,7,505,89,196,1599,101,6655379;6655388;6655389;6655390;6655391;6655392;6655393;6655394;6655395;6655396;6655397;6655398;6655399;6655403;6655404;6655405;6655406;6655407;6655408;6655409;6655410;6659953;6659954,23,
PN1141,register_extract_2026-06-15,1141,1141,OLYMPIC PARK 4,أوليمبك بارك 4,الشركة الخليجية للاستثمارات العامة (ش.م.ع),الشركه-الخليجيه-للاستثمارات-العامه,Al Hebiah Fourth,Dubai Sports City,FINISHED,126,1,1,126,126,486,37,6820259,1,1176813141
PN2525,register_extract_2026-06-15,2525,460001228,THE REGENT,ذا ريجنت,نشاما للعقارات لمالكها نشمي ديفلوبمنت شركة الشخص الواحد ش.ذ.م.م,nshama,Al Yelayiss 2,TOWN SQUARE,FINISHED,238,1,1,0,238,462,132,9229083,1,2014876718
PN2201,register_extract_2026-06-15,2201,295243861,Burj Crown,برج كراون,إعمار للتطوير (مساهمة عامة),emaar,Burj Khalifa,DownTown Dubai,FINISHED,433,1,1,0,441,833,72,3450843,1,705894400
PN1974,register_extract_2026-06-15,1974,139995510,Azizi Riviera 11,عزيزي ريفييرا 11,مجموعة ميدان (ش.ذ.م.م),meydan,Al Merkadh,Meydan One Community,FINISHED,135,1,1,0,147,204,18,3475004,1,126991978
PN1701,register_extract_2026-06-15,1701,27137981,WEST BAY TOWER,ويست باي تاور,الخليج التجاري (ش.ذ.م.م),الخليج-التجاري,Business Bay,Business Bay,ACTIVE,253,1,1,252,253,218,48,3466809,1,869590172
PN360,register_extract_2026-06-15,360,360,Orra The Embankment,اورا ذي امبنكمنت,مركز دبي للسلع المتعددة,مركز-دبي-للسلع-المتعدده,Al Thanyah Fifth,Jumeirah Islands,ACTIVE,464,3,3,0,464,775,90,3936058,1,715600358
PN1380,register_extract_2026-06-15,1380,10453805,Continental Tower,كونتيننتال تاور,اعمار العقارية (ش . م. ع),emaar,Marsa Dubai,Dubai Marina,FINISHED,224,1,1,214,224,444,36,3920319,1,195597974
PN1136,register_extract_2026-06-15,1136,1136,OLYMPIC PARK 3,أوليمبك بارك 3,مدينة دبي الرياضية (ش. ذ. م. م),مدينه-دبي-الرياضيه,Al Hebiah Fourth,Dubai Sports City,FINISHED,126,1,1,126,126,463,22,6820260,1,329589557
PN1613,register_extract_2026-06-15,1613,15259974,CREEK HEIGHTS,كريك هايتس,كريك هايتس للعقارات ش.ذ.م.م,كريك-هايتس-للعقارات,Um Hurair Second,Dubai Health Care City Phase 1,FINISHED,19,1,2,0,19,0,0,3156307,1,
PN1545,register_extract_2026-06-15,1545,13583892,SAFEER TOWER 2,سفير تاور 2,الخليج التجاري (ش.ذ.م.م),الخليج-التجاري,Business Bay,Business Bay,FINISHED,185,1,1,178,185,362,23,3460649,1,89848221
PN332,register_extract_2026-06-15,332,332,ELITE 4 SPORTS RESIDENCE,إيليت 4 سبورتس ريزيدنس,مدينة دبي الرياضية (ش. ذ. م. م),مدينه-دبي-الرياضيه,Al Hebiah Fourth,Dubai Sports City,FINISHED,251,1,1,251,251,635,22,6820159,1,355305771
PN1324,register_extract_2026-06-15,1324,4663885,LIVING LEGENDS PHASE 5,الأساطير الحية المرحلة 5,دبي لاند (ش.ذ.م.م),دبي-لاند,Wadi Al Safa 3,Living Legends,ACTIVE,920,3,3,177,920,559,319,6457561;6457562;6457563,3,2142315884
PN2150,register_extract_2026-06-15,2150,246422410,Creek Beach - Summer,شاطئ الخور - صيف,دبي كريك هاربور ش.ذ.م.م,دبي-كريك-هاربور,Al Khairan First,Dubai Creek Harbour,FINISHED,305,4,4,0,328,582,23,4154766,1,1600527994;1684035497;765981016;974484185
PN1670,register_extract_2026-06-15,1670,24398610,AL HABTOOR CITY,الحبتور سيتي,الحبتور سيتي للتطوير العقاري (فرع من دبي الوطنية للإستثمار(ش.ذ.م.م)),الحبتور-سيتي-للتطوير-العقاري-من-دبي-الوطنيه-للاستثمار,Business Bay,,FINISHED,1486,5,6,546,2923,2182,161,3460106,1,434725587
PN3702,register_extract_2026-06-15,3702,746467108,Marquis One,ماركيز وان,ليوان(ش.ذ.م.م.),ليوان,Arjan,Arjan,NOT_STARTED,489,1,1,0,489,390,388,6731217,1,1905334148
PN3759,register_extract_2026-06-15,3759,758377607,Divine Al Barari,ديفاين البراري,ليوان(ش.ذ.م.م.),ليوان,Wadi Al Safa 3,Majan,NOT_STARTED,291,1,1,0,291,97,94,6457887,1,1741169151
PN2208,register_extract_2026-06-15,2208,300291247,NOBLES,نوبلز,الخليج التجاري (ش.ذ.م.م),الخليج-التجاري,Business Bay,Business Bay,FINISHED,562,1,1,0,562,782,117,3460678,1,877310006
PN3610,register_extract_2026-06-15,3610,733274234,Ayaan Heights I,أيان هايتس 1,مجموعة ميدان (ش.ذ.م.م),meydan,Bukadra,,NOT_STARTED,130,1,1,0,130,64,52,6117273,1,
PN1103,register_extract_2026-06-15,1103,1103,JUMEIRAH HEIGHTS CLUSTERS,جميرا هايتس كلسترس,شركة نخيل (ش.م.خ),nakheel,Al Thanyah Fifth,Jumeirah Islands,FINISHED,247,7,7,0,247,1279,53,3930272;3934098;3934099;3934101;3934107;3934139;3934254;3934255;3934275;3934276;3934277;3934278;3934279;3934280;3934281;3934282;3934283;3934284;3934285;3934286;3934287;3934288;3934289;3934290;3934291;3934292;3934293;3934294;3934295;3934296;3934297;3934298;3934299;3934300;3934301;3934302;3934303;3934304;3934305;3934306;3934307;3934308;3934309;3934310;3934311;3934312;3934313;3934314;3934315;3934316;3934317;3934318;3934319;3934320;3934321;3934322;3934323;3934324;3934325;3934326,350,
PN191,register_extract_2026-06-15,191,191,SOBHA DAFFODIL,صبحة دافوديل,قرية جميرا (ش.ذ.م.م),قريه-جميرا,Al Barsha South Fourth,Jumeirah Village Circle,FINISHED,188,1,1,178,188,551,28,6817038,1,1006799621
PN1219,register_extract_2026-06-15,1219,1219,QPOINT LIWAN-PLOT R022,كيو بوينت ليوان -PLOT R022,رمرام ش.ذ.م.م,رمرام,Wadi Al Safa 2,Liwan1,FINISHED,65,1,1,65,65,129,4,6437705,1,
PN2298,register_extract_2026-06-15,2298,377039141,Elysee III by Pantheon,اليزيه 3 من بانثيون,قرية جميرا (ش.ذ.م.م),قريه-جميرا,Al Barsha South Fourth,Jumeirah Village Circle,FINISHED,322,1,1,0,322,452,39,6817379,1,
PN1795,register_extract_2026-06-15,1795,33541820,Bluewaters Residences,بلو واترز ريزيدنسز,مراس العقارية (ش.ذ.م.م),meraas,Marsa Dubai,Bluewaters Island,FINISHED,751,10,10,719,751,1750,132,3926997,1,1399972405
PN3442,register_extract_2026-06-15,3442,690522403,Binghatti Haven,بن غاطي هايفن,مدينة دبي الرياضية (ش. ذ. م. م),مدينه-دبي-الرياضيه,Al Hebiah Fourth,Dubai Sports City,ACTIVE,501,1,1,0,501,483,237,6820136,1,1505661041
PN490,register_extract_2026-06-15,490,490,THE EXCHANGE,اكستشانج,الخليج التجاري (ش.ذ.م.م),الخليج-التجاري,Business Bay,Business Bay,FINISHED,188,1,1,3,188,508,24,3460474,1,1277615015
PN1704,register_extract_2026-06-15,1704,27187653,QLINE (QPOINT PHASEII) 3C-LW-R-054,كيولاين (كيوبوينت فيز 2)3C-LW-R-054,ليوان(ش.ذ.م.م.),ليوان,Wadi Al Safa 2,Liwan1,FINISHED,108,1,1,108,108,109,0,6437657,1,
PN612,register_extract_2026-06-15,612,612,SOBHA IVORY,صبحة ايفوري,دبي للعقارات (ش.ذ.م.م),dubai-properties,Business Bay,Business Bay,FINISHED,92,1,1,0,92,241,8,3460578,1,1596018663
PN1922,register_extract_2026-06-15,1922,100127165,BELGRAVIA III,III بلغرافيا,قرية جميرا (ش.ذ.م.م),قريه-جميرا,Al Barsha South Fourth,Jumeirah Village Circle,FINISHED,260,2,2,0,264,497,47,6817356,1,1925961472
PN1966,register_extract_2026-06-15,1966,139350465,Azizi Riviera 20,عزيزي ريفييرا 20,مجموعة ميدان (ش.ذ.م.م),meydan,Al Merkadh,Meydan One Community,FINISHED,250,1,1,0,251,376,20,3475012,1,931268266
PN2759,register_extract_2026-06-15,2759,534374883,THE MELGRANO,دي ميلجرانو,مراس العقارية (ش.ذ.م.م),meraas,Jumeirah Second,Dubai Water Canal,ACTIVE,14,1,1,0,14,2,0,3420552,1,
PN161,register_extract_2026-06-15,161,161,OBEROI CENTRE,مركز أوبروي,الخليج التجاري (ش.ذ.م.م),الخليج-التجاري,Business Bay,Business Bay,FINISHED,137,2,2,0,137,382,43,3466813,1,503339749
PN1660,register_extract_2026-06-15,1660,22275847,FORTE,فورتي,اعمار العقارية (ش . م. ع),emaar,Burj Khalifa,DownTown Dubai,FINISHED,927,3,3,0,1092,1772,133,3456899,1,1375266392
PN2815,register_extract_2026-06-15,2815,546435862,THE QUAYSIDE,ذا كيسايد,الخليج التجاري (ش.ذ.م.م),الخليج-التجاري,Business Bay,Business Bay,ACTIVE,119,1,1,0,119,129,15,3460558,1,1713338415
PN2095,register_extract_2026-06-15,2095,191135077,Q - Zone (Qpoint - Phase III) MU007,كيوزون (كيوبوينت فيز 3) MU007,ليوان(ش.ذ.م.م.),ليوان,Wadi Al Safa 2,Liwan1,FINISHED,176,0,1,176,176,7,1,6437707,1,
PN2662,register_extract_2026-06-15,2662,503733622,Binghatti Gardenia,بن غاطي جاردينيا,قرية جميرا (ش.ذ.م.م),قريه-جميرا,Al Barsha South Fourth,Jumeirah Village Circle,FINISHED,308,1,1,0,308,467,69,6816315,1,1111870403
PN1187,register_extract_2026-06-15,1187,1187,QPOINT LIWAN - PLOT R003,كيو بوينت ليوان -PLOT R003,رمرام ش.ذ.م.م,رمرام,Wadi Al Safa 2,Liwan1,FINISHED,91,1,1,91,91,239,18,6437734,1,
PN485,register_extract_2026-06-15,485,485,CLOVER BAY,كلوفر باي,دبي للعقارات (ش.ذ.م.م),dubai-properties,Business Bay,Business Bay,FINISHED,302,2,2,0,302,853,35,3460454,1,513584907
PN1855,register_extract_2026-06-15,1855,47206747,Royal Manor,رويال مانور,مجموعة ميدان (ش.ذ.م.م),meydan,Nad Al Shiba First,Meydan Racecourse Community,ACTIVE,36,1,1,35,36,47,0,6189033,1,
PN2053,register_extract_2026-06-15,2053,170908581,Grande,جراندي,إعمار للتطوير (مساهمة عامة),emaar,Burj Khalifa,DownTown Dubai,FINISHED,912,4,4,401,1507,1659,101,3456900,1,1121441650
PN3597,register_extract_2026-06-15,3597,729137709,Mangrove 2,مانجروف 2,ليوان(ش.ذ.م.م.),ليوان,Wadi Al Safa 3,Majan,NOT_STARTED,18,1,1,0,18,18,15,6457988,1,1836458301
PN1542,register_extract_2026-06-15,1542,13065414,ELITE 9 SPORTS RESIDENCE,إيليت 9 سبورت ريزيدنس,مدينة دبي الرياضية (ش. ذ. م. م),مدينه-دبي-الرياضيه,Al Hebiah Fourth,Dubai Sports City,FINISHED,288,1,1,288,288,502,27,6821382,1,1983413952
PN3871,register_extract_2026-06-15,3871,787491019,Samana Barari Heights,سامانا براري هايتس,ليوان(ش.ذ.م.م.),ليوان,Wadi Al Safa 3,Majan,NOT_STARTED,737,1,1,0,737,732,500,6457763,1,1980436144
PN2112,register_extract_2026-06-15,2112,207291137,Burj Royale,برج رويال,اولد تاون فيوز ش.ذ.م.م,اولد-تاون-فيوز,Burj Khalifa,DownTown Dubai,FINISHED,602,1,1,0,609,1254,45,3450793,1,1322691615
PN3818,register_extract_2026-06-15,3818,770612058,AUM 99 Residences,أيوم 99 ريزيدنس,دبي لاند ريزيدنسز (ش.ذ.م.م),دبي-لاند-ريزيدنسز,Wadi Al Safa 5,Dubai Land Residence Complex,PENDING,186,1,1,0,186,106,105,6488582,1,1133507763
PN1309,register_extract_2026-06-15,1309,1309,THE STERLING EAST HOUSE,بيت الشرق الشرقي,الخليج التجاري (ش.ذ.م.م),الخليج-التجاري,Business Bay,Business Bay,FINISHED,222,1,1,0,222,421,28,3460711,1,929455070
PN2939,register_extract_2026-06-15,2939,580975578,Aba Lux Living,أبا لوكس ليفينج,إعمار للتطوير (مساهمة عامة),emaar,Marsa Dubai,Dubai Marina,ACTIVE,419,1,1,0,419,423,31,3920594,1,736147046
PN3595,register_extract_2026-06-15,3595,728968000,Amazonia,امازونيا,دبي للعقارات (ش.ذ.م.م),dubai-properties,Al Jadaf,Jaddaf Waterfront,PENDING,76,1,1,0,76,28,25,3260930,1,1724480594
PN3627,register_extract_2026-06-15,3627,735244874,Hills View at Wasl Gate,هيلز فيو - وصل جيت,جيه ايه جي للتطوير ش.ذ.م.م,جيه-ايه-جي-للتطوير,Jabal Ali First,Wasl Gate,NOT_STARTED,350,1,1,0,350,256,252,5919566,1,60295298
PN3513,register_extract_2026-06-15,3513,710466215,Sola Residences,صولا السكنية,جيه ايه جي للتطوير ش.ذ.م.م,جيه-ايه-جي-للتطوير,Jabal Ali First,Wasl Gate,NOT_STARTED,260,1,1,0,260,240,103,5919562,1,1923915147
PN1345,register_extract_2026-06-15,1345,8037213,BAY'S EDGE,حافة الخليج,دبي للعقارات (ش.ذ.م.م),dubai-properties,Business Bay,Business Bay,FINISHED,261,1,1,0,261,502,19,3460534,1,2100272334
PN3890,register_extract_2026-06-15,3890,792589959,Eywa The Way Of Water,,الخليج التجاري (ش.ذ.م.م),الخليج-التجاري,Business Bay,Business Bay,PENDING,65,0,1,0,65,2,2,3460541,1,346542895
PN1458,register_extract_2026-06-15,1458,1458,PARK ISLANDS,جزر المتنزه,اعمار العقارية (ش . م. ع),emaar,Marsa Dubai,Dubai Marina,FINISHED,751,7,8,0,767,3354,125,3920286,1,639510678
PN477,register_extract_2026-06-15,477,477,ROYALE RESIDENCE1,رويال ريزيدنس 1,مدينة دبي الرياضية (ش. ذ. م. م),مدينه-دبي-الرياضيه,Al Hebiah Fourth,Dubai Sports City,FINISHED,305,1,1,305,305,663,50,6821371,1,1996105710
PN1916,register_extract_2026-06-15,1916,97545469,Shorooq Land 2,شروق لاند 2,دبي لاند ريزيدنسز (ش.ذ.م.م),دبي-لاند-ريزيدنسز,Wadi Al Safa 5,Dubai Land Residence Complex,FINISHED,253,1,1,0,253,264,6,6488681,1,1244082055
PN2041,register_extract_2026-06-15,2041,168193168,Azizi Riviera 35,عزيزي ريفييرا 35,مجموعة ميدان (ش.ذ.م.م),meydan,Al Merkadh,Meydan One Community,FINISHED,252,1,1,0,253,362,20,3475056,1,1090411885
PN2154,register_extract_2026-06-15,2154,248318643,SAMANA HILLS,سامانا هيلز,ليوان(ش.ذ.م.م.),ليوان,Arjan,Arjan,FINISHED,202,1,1,0,202,343,28,6731103,1,
PN593,register_extract_2026-06-15,593,593,GLOBAL GOLF RESIDENCE 2,جلوبال جولف ريزيدنس 2,مدينة دبي الرياضية (ش. ذ. م. م),مدينه-دبي-الرياضيه,Al Hebiah Fourth,Dubai Sports City,FINISHED,342,1,1,342,351,738,39,6820145,1,1080610817
PN2904,register_extract_2026-06-15,2904,572469968,THE CORNER,ذا كورنر,دبي لاند ريزيدنسز (ش.ذ.م.م),دبي-لاند-ريزيدنسز,Wadi Al Safa 5,Dubai Land Residence Complex,ACTIVE,126,1,1,0,126,96,94,6489266,1,166934853
PN2792,register_extract_2026-06-15,2792,540489644,Royal Regency Suites,رويال ريجينسى سويتس,الخليج التجاري (ش.ذ.م.م),الخليج-التجاري,Business Bay,Business Bay,ACTIVE,238,2,2,0,238,131,61,3460153,1,1748365716
PN1459,register_extract_2026-06-15,1459,1459,TANARO,تانارو,اعمار العقارية (ش . م. ع),emaar,Al Thanyah Third,The Greens,FINISHED,249,1,1,249,249,1250,39,3881524,1,646998113
PN4058,register_extract_2026-06-15,4058,806365637,Saray prime residence,سراي برايم ريزيدنس,دبي لاند ريزيدنسز (ش.ذ.م.م),دبي-لاند-ريزيدنسز,Wadi Al Safa 5,Dubai Land Residence Complex,PENDING,121,0,1,0,121,59,56,6488586,1,926013805
PN2246,register_extract_2026-06-15,2246,353396246,"Mohammed Bin Rashid Al Maktoum City , District One Phase III  , Residences 20",مدينة محمد بن راشد ال مكتوم الحي الأول ، المرحلة الثالثة ، ريسيدنز 20,مجموعة ميدان (ش.ذ.م.م),meydan,Al Merkadh,Mohammed Bin Rashid AL Maktoum City -District -1 Community,FINISHED,31,1,1,0,31,153,0,3470264,1,457892498
PN2826,register_extract_2026-06-15,2826,549106286,Sobha Reserve,شوبا ريزرف,شوبا ش.ذ.م.م,sobha,Wadi Al Safa 2,,ACTIVE,11,0,342,0,11,389,39,6430338;6430340;6430341;6430343;6430344;6430346;6430347;6430348;6430349;6430350;6430351;6430352;6430353;6430354;6430355;6430358;6430360;6430361;6430362;6430363;6430364;6430365;6430366;6430367;6430368;6430369;6430371;6430372;6430373;6430374;6430375;6430376;6430377;6430379;6430380;6430381;6430383;6430384;6430385;6430386;6430603;6430604;6430605;6430606;6430607;6430608;6430609;6430610;6430612;6430614;6430616;6430620;6430621;6430622;6430625;6430626;6430628;6430629;6430630;6430722,342,
PN3867,register_extract_2026-06-15,3867,784988734,Blue Marina Residence by Shakirov Developments,بلو مارينا ريزيدنس باي شاكيروف دفيليبومنتس,النخلة  - ديره (ش.ذ.م.م),nakheel,Palm Deira,Palm Deira,PENDING,125,0,2,0,125,20,19,1010390,1,1791220304
PN3662,register_extract_2026-06-15,3662,741171785,Azizi Milan 20,عزيزي ميلان 20,الياس و مصطفى كلداري لإدارة الاستثمار و التطوير (ش.ذ.م.م),الياس-و-مصطفي-كلداري-لاداره-الاستثمار-و-التطوير,Wadi Al Safa 4,City Of Arabia,NOT_STARTED,741,1,1,0,741,371,345,6466959,1,2015824777
PN3115,register_extract_2026-06-15,3115,619112362,Saria,سارية,مدينة دبي الملاحية م م ح,مدينه-دبي-الملاحيه,Madinat Dubai Almelaheyah,Dubai Maritime City,ACTIVE,372,1,1,0,372,365,10,3210275,1,1119505044
PN3040,register_extract_2026-06-15,3040,605112844,VITALITY RESIDENCE,فيتالتي ريزيدنس,قرية جميرا (ش.ذ.م.م),قريه-جميرا,Al Barsha South Fourth,Jumeirah Village Circle,ACTIVE,170,1,1,0,170,182,15,6816146,1,
PN723,register_extract_2026-06-15,723,723,VILLA PERA,فيلا بيرا,قرية جميرا (ش.ذ.م.م),قريه-جميرا,Al Barsha South Fourth,Jumeirah Village Circle,FINISHED,81,1,1,81,81,267,14,6817385,1,1069216079
PN3631,register_extract_2026-06-15,3631,735597757,Bay Grove Residences B - Dubai Islands,جزر دبي - B باي غروف رزيدينسز,شركة نخيل (ش.م.خ),nakheel,Palm Deira,Palm Deira,NOT_STARTED,241,3,3,0,241,247,4,1011255,1,1083563724;1442891330;2107625825
PN2379,register_extract_2026-06-15,2379,408030867,TORINO BY ORO24,تورينو من أورو24,ليوان(ش.ذ.م.م.),ليوان,Arjan,Arjan,ACTIVE,625,6,6,0,625,882,180,6730122,1,2047061033
PN2621,register_extract_2026-06-15,2621,494399216,EYWA DUBAI,إيفا دبى,الخليج التجاري (ش.ذ.م.م),الخليج-التجاري,Business Bay,Business Bay,ACTIVE,53,1,1,0,53,19,1,3460542,1,1103417420
PN2108,register_extract_2026-06-15,2108,203033357,Hyati Avenue,حياتى أفينيو,قرية جميرا (ش.ذ.م.م),قريه-جميرا,Al Barsha South Fourth,Jumeirah Village Circle,FINISHED,103,1,20,103,103,260,29,6817206;6817207;6817208,3,732622805
PN2327,register_extract_2026-06-15,2327,388412465,Luma21,لوما21,قرية جميرا (ش.ذ.م.م),قريه-جميرا,Al Barsha South Fourth,Jumeirah Village Circle,FINISHED,238,1,1,0,247,410,33,6817252,1,342632597
PN2972,register_extract_2026-06-15,2972,589203514,City Walk Northline 2,سيتي ووك نورث لاين 2,مراس العقارية (ش.ذ.م.م),meraas,Al Wasl,City Walk,ACTIVE,192,2,2,0,192,204,11,3431238,1,1232650071;1753202223
PN2144,register_extract_2026-06-15,2144,244600848,Golf ville,جولف فل,دبي هيلز استيت ش.ذ.م.م,dubai-hills-estate,Hadaeq Sheikh Mohammed Bin Rashid,Dubai Hills Estate,FINISHED,308,2,2,0,313,717,53,6316931,1,
PN2991,register_extract_2026-06-15,2991,594499141,WINNER TOWER,وينر تاور,قرية جميرا (ش.ذ.م.م),قريه-جميرا,Al Barsha South Fifth,Jumeirah Village Triangle,ACTIVE,138,1,1,0,138,115,8,6843468,1,
PN2901,register_extract_2026-06-15,2901,572440139,"Marbella Resort Hotel, a Vignette Collection world Islands Dubai",فندق منتجع ماربيلا، مجموعة فيجنيت جزر العالم دبي,شركة نخيل (ش.م.خ),nakheel,World Islands,The World,ACTIVE,153,1,1,0,153,90,14,3035206,1,
PN3097,register_extract_2026-06-15,3097,613460716,Linden Residences,ليندنريزيدنسز,انترناشونال سيتي ( ش.ذ.م.م ),انترناشونال-سيتي,Warsan Fourth,International City Phase 3,NOT_STARTED,72,1,1,0,72,19,17,6240833,1,
PN2642,register_extract_2026-06-15,2642,499384424,Samana IVY Gardens,سمانا إيفي جارد نز,دبي لاند ريزيدنسز (ش.ذ.م.م),دبي-لاند-ريزيدنسز,Wadi Al Safa 5,Dubai Land Residence Complex,ACTIVE,374,1,1,0,374,377,33,6488665,1,1959821294
PN3805,register_extract_2026-06-15,3805,768163884,The Weave,ذا وييف,شركة نخيل (ش.م.خ),nakheel,Al Barsha South Fourth,Jumeirah Village Circle,NOT_STARTED,130,1,1,0,130,19,14,6816333,1,
PN3724,register_extract_2026-06-15,3724,751787381,BEACH WALK GRAND 2 BY IMTIAZ,بيتش ووك جراند 2 من امتياز,شركة نخيل (ش.م.خ),nakheel,Palm Deira,Palm Deira,NOT_STARTED,108,1,1,0,108,108,107,1010334,1,617735633
PN3885,register_extract_2026-06-15,3885,791126130,Nuvana by Wadan,نوانا من ودان,شركة نخيل (ش.م.خ),nakheel,Palm Deira,Palm Deira,NOT_STARTED,57,1,1,0,57,59,57,1010514,1,772987682
PN3728,register_extract_2026-06-15,3728,752612360,Aero 1,ايرو 1,مؤسسه مدينه دبى للطيران,موسسه-مدينه-دبي-للطيران,Madinat Al Mataar,Dubai South Residential District,NOT_STARTED,48,1,1,0,48,12,11,5213528,1,
PN347,register_extract_2026-06-15,347,347,SWISS TOWER,سويس تاور,شركة نخيل (ش.م.خ),nakheel,Al Thanyah Fifth,Jumeirah Lakes Towers,FINISHED,177,1,1,0,177,522,25,3936067,1,202111856
PN3536,register_extract_2026-06-15,3536,713755297,Whitestone Residence,وايت ستون رزدنس,مراس العقارية (ش.ذ.م.م),meraas,Al Satwa,Jumeirah Garden City,NOT_STARTED,46,1,1,0,46,16,14,3347568,1,
PN1843,register_extract_2026-06-15,1843,45561625,Regent Court,ريجنت كورت,شركة نخيل (ش.م.خ),nakheel,Al Barsha South Fourth,Jumeirah Village Circle,FINISHED,89,1,1,86,89,142,39,6817266,1,
PN3440,register_extract_2026-06-15,3440,689936062,Flora Isle,فلورا ايل,شركة نخيل (ش.م.خ),nakheel,Palm Deira,Palm Deira,NOT_STARTED,251,3,3,0,251,250,36,1010608,1,1002703308;2140535629;522889419
PN2833,register_extract_2026-06-15,2833,551155236,Ashton Park Residences,آشتون بارك رز يدنس,قرية جميرا (ش.ذ.م.م),قريه-جميرا,Al Barsha South Fourth,Jumeirah Village Circle,ACTIVE,99,1,13,0,99,145,30,6816716;6816717,2,
PN3473,register_extract_2026-06-15,3473,701068999,Oakyard Residences,اوكيارد رزيدنسز,قرية جميرا (ش.ذ.م.م),قريه-جميرا,Al Barsha South Fourth,Jumeirah Village Circle,ACTIVE,191,1,1,0,191,112,89,6816144,1,
PN2993,register_extract_2026-06-15,2993,594523549,ROSEMONT RESIDENCES,روزمونت ريزيدنسز,قرية جميرا (ش.ذ.م.م),قريه-جميرا,Al Barsha South Fifth,Jumeirah Village Triangle,ACTIVE,49,1,1,0,49,53,3,6843480,1,49632900
PN1316,register_extract_2026-06-15,1316,4463425,PALM VIEWS - EAST,بالم فيوز - شرق,شركة نخيل (ش.م.خ),nakheel,Palm Jumeirah,Palm Jumeirah,FINISHED,105,1,1,96,105,278,29,3812728,1,881748231
PN4005,register_extract_2026-06-15,4005,795130230,Weybridge Gardens 5,ويبريدج غاردنز 5,دبي للعقارات (ش.ذ.م.م),dubai-properties,Wadi Al Safa 5,Dubai Land Residence Complex,NOT_STARTED,168,1,1,0,168,137,134,6488644,1,
PN3678,register_extract_2026-06-15,3678,742739158,Coventry 66,كوفنتري 66,مؤسسه مدينه دبى للطيران,موسسه-مدينه-دبي-للطيران,Madinat Al Mataar,Dubai South Residential District,NOT_STARTED,64,1,1,0,64,29,15,5213522,1,1959893557
PN1844,register_extract_2026-06-15,1844,45833762,ROXANA RESIDENCE,مجمع روكسانا السكني,شركة نخيل (ش.م.خ),nakheel,Al Barsha South Fourth,Jumeirah Village Circle,FINISHED,255,4,4,255,255,426,31,6816781,1,777898368
PN1117,register_extract_2026-06-15,1117,1117,EMIRATES GARDEN 1 (LAVENDER - GARDENIA - ROSE),الإمارات جاردن 1 (لافندر - جاردينيا - روز),شركة نخيل (ش.م.خ),nakheel,Al Barsha South Fourth,Jumeirah Village Circle,FINISHED,190,2,2,179,190,510,19,6816490,1,
PN3720,register_extract_2026-06-15,3720,749749714,Villea West,فيليا ويست,مراس العقارية (ش.ذ.م.م),meraas,Al Satwa,Jumeirah Garden City,NOT_STARTED,229,1,1,0,229,80,78,3343020,1,
PN2914,register_extract_2026-06-15,2914,574836257,Binghatti Galaxy,بن غاطي قالاكسي,قرية جميرا (ش.ذ.م.م),قريه-جميرا,Al Barsha South Fourth,Jumeirah Village Circle,FINISHED,147,2,2,0,147,210,20,6816354,1,659380636
PN559,register_extract_2026-06-15,559,559,LAKE SHORE TOWER,ليك سور تاور,مجمع اعمال مركز دبى للسلع المتعدده م.د.م.س,مجمع-اعمال-مركز-دبي-للسلع-المتعدده-مدمس,Al Thanyah Fifth,Jumeirah Lakes Towers,FINISHED,418,1,1,399,418,1863,47,3936071,1,541290738
PN3073,register_extract_2026-06-15,3073,610546608,AZIZI VENICE 14,عزيزى فينيس 14,مؤسسه مدينه دبى للطيران,موسسه-مدينه-دبي-للطيران,Madinat Al Mataar,Dubai World Central,ACTIVE,3438,8,8,0,3438,2659,2033,5211358,1,
PN2514,register_extract_2026-06-15,2514,458327585,Rukan Residence,روكان ريزدنس,دبي لاند ريزيدنسز (ش.ذ.م.م),دبي-لاند-ريزيدنسز,Wadi Al Safa 7,Rukan,FINISHED,153,1,1,0,153,282,31,6654327,1,
PN3057,register_extract_2026-06-15,3057,607232580,Skyhills II by HRE,سكاي هيلز ريزدنسز 2,قرية جميرا (ش.ذ.م.م),قريه-جميرا,Al Barsha South Fourth,Jumeirah Village Circle,ACTIVE,526,1,1,0,526,501,117,6817783,1,2073188381
PN3707,register_extract_2026-06-15,3707,747263300,Beach Walk Residences 4 by Imtiaz,بيتش ووك ريزيدنسز 4 من امتياز,شركة نخيل (ش.م.خ),nakheel,Palm Deira,Palm Deira,ACTIVE,70,1,1,0,70,63,26,1010591,1,1283922271
PN1820,register_extract_2026-06-15,1820,37341702,Belgravia 2,بلغرافيا 2,قرية جميرا (ش.ذ.م.م),قريه-جميرا,Al Barsha South Fourth,Jumeirah Village Circle,FINISHED,188,1,1,188,188,517,37,6817247,1,617560423
PN49,register_extract_2026-06-15,49,49,SAPPHIRE RESIDENCE,سفير ريزيدنس,سلطة دبي للمناطق الإقتصادية المتكاملة,سلطه-دبي-للمناطق-الاقتصاديه-المتكامله,Nadd Hessa,Silicon Oasis,FINISHED,90,1,1,90,90,311,22,6262164,1,365993629
PN3403,register_extract_2026-06-15,3403,683762319,INTERSTELLAR TOWER,برج انترستلر,قرية جميرا (ش.ذ.م.م),قريه-جميرا,Al Barsha South Fifth,Jumeirah Village Triangle,PENDING,285,1,1,0,285,247,243,6848909,1,1002159776
PN3342,register_extract_2026-06-15,3342,670181047,Coventry Gardens,حدائق كوفنتري,دبي لاند ريزيدنسز (ش.ذ.م.م),دبي-لاند-ريزيدنسز,Wadi Al Safa 5,Dubai Land Residence Complex,ACTIVE,97,1,1,0,97,69,11,6489268,1,
PN1702,register_extract_2026-06-15,1702,27149064,MODELUX TOWER 1,موديلكس تاور 1,انترناشونال سيتي ( ش.ذ.م.م ),انترناشونال-سيتي,Warsan Fourth,International City Phase 3,FINISHED,85,1,1,85,85,128,19,6241055,1,
PN3053,register_extract_2026-06-15,3053,606552666,Binghatti Hills,بن غاطي هيلز,دى اتش ايه ام منطقه حره - ذ.م.م,دي-اتش-ايه-ام,Al Barshaa South Second,Dubai Science Park,ACTIVE,1701,2,2,0,1701,1727,404,6723163,1,1617284172
PN2301,register_extract_2026-06-15,2301,377175223,AVANOS,أفانوس,قرية جميرا (ش.ذ.م.م),قريه-جميرا,Al Barsha South Fourth,Jumeirah Village Circle,FINISHED,96,1,1,0,96,206,15,6816194,1,1294682025
PN3790,register_extract_2026-06-15,3790,764691887,Avana Residences by DECA Real Estate Development,افانا ريزيدنسز من ديكا للتطوير العقاري,قرية جميرا (ش.ذ.م.م),قريه-جميرا,Al Barsha South Fourth,Jumeirah Village Circle,NOT_STARTED,167,1,1,0,167,107,104,6816179,1,293543103
PN1448,register_extract_2026-06-15,1448,1448,J&G PLEXS,ج أند جي بليكس,مركز دبي للسلع المتعددة,مركز-دبي-للسلع-المتعدده,Jabal Ali First,DMCC-EZ2,FINISHED,1182,3,3,0,1182,1454,24,5918405,1,988923259
PN3845,register_extract_2026-06-15,3845,777222281,Azizi Sikander,عزيزي سكندر,شركة نخيل (ش.م.خ),nakheel,Jabal Ali First,Al Furjan,NOT_STARTED,226,1,1,0,226,92,86,5911843,1,
PN3013,register_extract_2026-06-15,3013,598891319,Iliyaa 5,ايلياء 5,ليوان(ش.ذ.م.م.),ليوان,Wadi Al Safa 3,Majan,ACTIVE,100,1,1,0,100,2,0,6455962,1,
PN3576,register_extract_2026-06-15,3576,725032089,VERDANIA 2,فيردانيا 2,دبي لاند ريزيدنسز (ش.ذ.م.م),دبي-لاند-ريزيدنسز,Wadi Al Safa 5,Dubai Land Residence Complex,NOT_STARTED,108,1,1,0,108,50,19,6488641,1,1010838960
PN916,register_extract_2026-06-15,916,916,S.P OASIS,أس بي أوسيس,سلطة دبي للمناطق الإقتصادية المتكاملة,سلطه-دبي-للمناطق-الاقتصاديه-المتكامله,Nadd Hessa,Silicon Oasis,FINISHED,68,1,1,68,68,145,11,6262161,1,1166510911
PN2781,register_extract_2026-06-15,2781,537711422,Nautica One,نوتيكا ون,مدينة دبي الملاحية م م ح,مدينه-دبي-الملاحيه,Madinat Dubai Almelaheyah,Dubai Maritime City,ACTIVE,328,1,1,0,328,370,19,3210276,1,473632284
PN3450,register_extract_2026-06-15,3450,693500370,Odessa,أوديسا,نشاما للعقارات لمالكها نشمي ديفلوبمنت شركة الشخص الواحد ش.ذ.م.م,nshama,Al Yelayiss 2,TOWN SQUARE,NOT_STARTED,178,1,1,0,178,163,36,92225762,1,1989653166
PN2977,register_extract_2026-06-15,2977,590079374,Ozone 1 Residence,اوزون 1 ريزيدنس,قرية جميرا (ش.ذ.م.م),قريه-جميرا,Al Barsha South Fourth,Jumeirah Village Circle,ACTIVE,272,1,1,0,272,251,37,6817112,1,685696314
PN2494,register_extract_2026-06-15,2494,449216588,Binghatti Nova,بن غاطي نوفا,قرية جميرا (ش.ذ.م.م),قريه-جميرا,Al Barsha South Fourth,Jumeirah Village Circle,FINISHED,211,1,1,0,211,388,16,6816721,1,2120497321
PN645,register_extract_2026-06-15,645,645,CAMBRIDGE BUSINESS CENTRE,مركز أعمال كامبريدج,سلطة دبي للمناطق الإقتصادية المتكاملة,سلطه-دبي-للمناطق-الاقتصاديه-المتكامله,Nadd Hessa,Silicon Oasis,FINISHED,116,1,1,0,124,106,0,6261646,1,429148288
PN1524,register_extract_2026-06-15,1524,12745871,Five at Jumeirah Village Circle Dubai,فايف أت جميرا فيلج سيركل دبي,شركة نخيل (ش.م.خ),nakheel,Al Barsha South Fourth,Jumeirah Village Circle,FINISHED,507,1,1,0,509,846,55,6817265,1,1320017668
PN289,register_extract_2026-06-15,289,289,POINT RESIDENCIA,بوينت ريزيدنس,قرية جميرا (ش.ذ.م.م),قريه-جميرا,Al Barsha South Fifth,Jumeirah Village Triangle,PENDING,92,1,1,92,92,156,0,6849734,1,462572751
PN4110,register_extract_2026-06-15,4110,817636114,Samana Business Park 2,سامانا بيزنس بارك 2,ليوان(ش.ذ.م.م.),ليوان,Wadi Al Safa 3,Majan,PENDING,174,0,1,0,174,6,4,6457800,1,1475295039
PN2839,register_extract_2026-06-15,2839,553864167,EQUITI GATES,ايكويتي جيتس,شركة نخيل (ش.م.خ),nakheel,Jabal Ali Industrial Second,Down Town Jabal Ali,ACTIVE,284,1,1,0,284,256,18,5180124,1,2121459606
PN3377,register_extract_2026-06-15,3377,678109847,Beachfront Gates 1,بوابات الشاطئ 1,مؤسسه مدينه دبى للطيران,موسسه-مدينه-دبي-للطيران,Madinat Al Mataar,Dubai South Residential District,NOT_STARTED,74,1,1,0,74,0,0,5214226,1,1685001717
PN2678,register_extract_2026-06-15,2678,508560266,Sunridge,صن ريدج,ميناء راشد العقارية ش.ذ.م.م,ميناء-راشد-العقاريه,Madinat Dubai Almelaheyah,Mina Rashid,ACTIVE,130,1,1,0,130,193,55,3210345,1,1042252232
PN3277,register_extract_2026-06-15,3277,654849294,SPORTS VIEW RESIDENCE BY AL HELAL AL ZAHABY,سبورتس فيو ريسيدنس باي الهلال الذهبي,انترناشونال سيتي ( ش.ذ.م.م ),انترناشونال-سيتي,Warsan Fourth,International City Phase 3,ACTIVE,124,1,1,0,124,135,39,6241106,1,
PN2871,register_extract_2026-06-15,2871,563883763,LAYA COURTYARD,لايا كورتيارد,دى اتش ايه ام منطقه حره - ذ.م.م,دي-اتش-ايه-ام,Al Hebiah Second,Dubai Studio City,ACTIVE,289,2,2,0,289,159,117,6750295,1,1184071235;644382759
PN1753,register_extract_2026-06-15,1753,29864239,CLUB VILLAS,فيلات كلوب,شركة النخلة - جميرا (ش.ذ.م.م),nakheel,Palm Jumeirah,Palm Jumeirah,FINISHED,10,1,23,0,10,52,4,3815510,1,1755546149
PN4109,register_extract_2026-06-15,4109,817427261,Seraph by Wadan,سيراف من ودان,دبي لاند ريزيدنسز (ش.ذ.م.م),دبي-لاند-ريزيدنسز,Wadi Al Safa 5,Dubai Land Residence Complex,PENDING,190,1,1,0,190,193,187,6488669,1,1208467464
PN3644,register_extract_2026-06-15,3644,738477472,KORO ONE,كورو ون,مراس العقارية (ش.ذ.م.م),meraas,Al Satwa,Jumeirah Garden City,ACTIVE,147,1,1,0,147,147,32,3343006,1,1045970784
PN3844,register_extract_2026-06-15,3844,777203697,Azizi Amir,عزيزي أمير,شركة نخيل (ش.م.خ),nakheel,Jabal Ali First,Al Furjan,NOT_STARTED,104,1,1,0,104,52,50,5913010,1,1205352426
PN3093,register_extract_2026-06-15,3093,612809940,Cresswell Residences,كريسويل ريزيدنسز,مؤسسه مدينه دبى للطيران,موسسه-مدينه-دبي-للطيران,Madinat Al Mataar,Dubai South Residential District,ACTIVE,72,1,1,0,72,130,55,5213501,1,939461211
PN2528,register_extract_2026-06-15,2528,462517254,Seslia Tower,سيسليا تاور,قرية جميرا (ش.ذ.م.م),قريه-جميرا,Al Barsha South Fifth,Jumeirah Village Triangle,ACTIVE,381,1,1,0,381,394,33,6849721,1,
PN3830,register_extract_2026-06-15,3830,772980083,Flow Residences,فلو ريزيدنسز,شركة نخيل (ش.م.خ),nakheel,Palm Deira,Palm Deira,NOT_STARTED,50,1,1,0,50,26,25,1010485,1,945261870
PN1766,register_extract_2026-06-15,1766,31171657,Laya Residences,لايا ريزيدنسز,قرية جميرا (ش.ذ.م.م),قريه-جميرا,Al Barsha South Fourth,Jumeirah Village Circle,FINISHED,164,1,1,164,164,435,43,6816160,1,1348794791
PN3608,register_extract_2026-06-15,3608,733064856,Altan,التان,دبي كريك هاربور ش.ذ.م.م,دبي-كريك-هاربور,Al Khairan First,Dubai Creek Harbour,ACTIVE,479,1,1,0,479,453,78,4150259,1,270846672
PN3060,register_extract_2026-06-15,3060,608734908,butterfly,بترفلاى ريسيدينس,ليوان(ش.ذ.م.م.),ليوان,Arjan,Arjan,NOT_STARTED,596,2,2,0,596,212,211,6730126,1,1128662834
PN3575,register_extract_2026-06-15,3575,724532955,KYOMI RESIDENCE,,شركة نخيل (ش.م.خ),nakheel,Warsan Fourth,International City Phase 3,PENDING,121,0,1,0,121,17,15,6240894,1,
PN3516,register_extract_2026-06-15,3516,710563109,Amaya Residences,أمايا ريزيدنسز,الفرجان ( ش.ذ.م.م ),الفرجان,Jabal Ali First,Al Furjan,NOT_STARTED,78,1,1,0,78,2,0,5912288,1,282103162
PN2681,register_extract_2026-06-15,2681,508812121,The Residence By Prestige One,ذا ريزيدنس من برستيج وان,قرية جميرا (ش.ذ.م.م),قريه-جميرا,Al Barsha South Fourth,Jumeirah Village Circle,ACTIVE,98,1,1,0,98,126,23,6816521,1,
PN3286,register_extract_2026-06-15,3286,656785931,Cove Edition Residence 2 By Imtiaz,كوف ايديشن ريزيدنس 2 من امتياز,دبي لاند ريزيدنسز (ش.ذ.م.م),دبي-لاند-ريزيدنسز,Wadi Al Safa 5,Dubai Land Residence Complex,ACTIVE,260,1,1,0,260,270,22,6488571,1,
PN3492,register_extract_2026-06-15,3492,705323429,ETHAN,إيثان,شمال العقارية ش.ذ.م.م,شمال-العقاريه,Nad Al Shiba First,Nad Al Sheba Gardens,ACTIVE,48,1,1,0,48,25,23,6185434,1,
PN2243,register_extract_2026-06-15,2243,353374618,"Mohammed Bin Rashid Al Maktoum City , District One Phase III  , Residences 23",مدينة محمد بن راشد ال مكتوم الحي الأول ، المرحلة الثالثة ، ريسيدنز 23,مجموعة ميدان (ش.ذ.م.م),meydan,Al Merkadh,Mohammed Bin Rashid AL Maktoum City -District -1 Community,FINISHED,31,1,1,0,42,59,8,3470267,1,63157696
PN1645,register_extract_2026-06-15,1645,21182512,MAPLE,مابل,دبي هيلز استيت ش.ذ.م.م,dubai-hills-estate,Hadaeq Sheikh Mohammed Bin Rashid,DUBAI HILLS,FINISHED,11,5,651,0,11,1889,114,6310102;6310203;6311217;6311261;6311436;6312119;6312231;6312322;6313238;6314091;6314123;6316289;6316793;6317387;6317666;6317729;6317827;6318672;6318673;6318674;6318677;6318680;6318690;6318695;6318701;6318712;6318713;6318729;6318734;6318740;6318741;6318743;6318746;6318759;6318761;6318766;6318780;6318785;6318786;6318797;6318804;6318814;6318817;6318818;6318836;6318854;6318858;6318869;6318877;6318887;6318891;6318896;6318900;6318901;6318908;6318919;6318925;6318932;6318946;6318951,211,1226532142
PN3012,register_extract_2026-06-15,3012,598749018,AZIZI RIVIERA 69,عزيزى ريفيرا 69,شركة نخيل (ش.م.خ),nakheel,Al Merkadh,Meydan One Community,ACTIVE,123,1,1,0,123,67,58,3475098,1,1431530354
PN2526,register_extract_2026-06-15,2526,460004305,HOLLAND GARDENS,هولاند جاردنس,نشاما للعقارات لمالكها نشمي ديفلوبمنت شركة الشخص الواحد ش.ذ.م.م,nshama,Al Yelayiss 2,TOWN SQUARE,ACTIVE,228,1,1,0,228,476,229,9229082,1,693823533
PN1688,register_extract_2026-06-15,1688,25676611,TFG ONE HOTEL,فندق تي اف جي ون,اعمار العقارية (ش . م. ع),emaar,Marsa Dubai,Dubai Marina,FINISHED,468,1,1,0,468,574,27,3920454,1,1571132475
PN3527,register_extract_2026-06-15,3527,711221883,Celeste,سيليست,دبي للعقارات (ش.ذ.م.م),dubai-properties,Al Jadaf,Jaddaf Waterfront,NOT_STARTED,49,2,2,17,49,39,35,3260894,1,1705791305
PN2752,register_extract_2026-06-15,2752,533336479,Olivia Residences,اوليفيا ريزيدنسز,شركة تطوير مجمع دبي للاستثمار (ذ. م. م),تطوير-مجمع-دبي-للاستثمار,Dubai Investment Park First,Dubai Investment Park First,ACTIVE,231,1,1,0,231,234,12,5981201,1,783576959
PN2097,register_extract_2026-06-15,2097,194020796,Madinat Jumeirah Living,مدينة جميرا ليفينج,جميرا هيلز ديفيلوبمنت ش.ذ.م.م,جميرا-هيلز-ديفيلوبمنت,Um Suqaim Third,,FINISHED,161,2,2,0,191,339,23,3660274,1,
PN255,register_extract_2026-06-15,255,255,HARBOUR RESIDENCES,المرفأ ريزيدنس,اعمار العقارية (ش . م. ع),emaar,Marsa Dubai,Dubai Marina,FINISHED,162,2,2,7,162,695,9,3920484,1,
PN98,register_extract_2026-06-15,98,98,THE BRIDGE,ذا بريدج,مدينة دبي الرياضية (ش. ذ. م. م),مدينه-دبي-الرياضيه,Al Hebiah Fourth,Dubai Sports City,FINISHED,289,1,1,214,289,516,36,6820117,1,1567602082
PN1867,register_extract_2026-06-15,1867,51474209,Al Haseen Residence,الحسين رسيدانس,مدينه دبى الصناعيه ش ذ م م,مدينه-دبي-الصناعيه,Saih Shuaib 2,,FINISHED,138,1,1,0,138,147,6,5310306,1,
PN2383,register_extract_2026-06-15,2383,409860384,Creek Beach - Orchid,شاطئ الخور - اوركيد,دبي كريك هاربور ش.ذ.م.م,دبي-كريك-هاربور,Al Khairan First,Dubai Creek Harbour,FINISHED,208,2,2,0,219,385,45,4154766,1,1709332028;899448267
PN794,register_extract_2026-06-15,794,794,SKY COURTS,سكاي كورتس,دبي لاند ريزيدنسز (ش.ذ.م.م),دبي-لاند-ريزيدنسز,Wadi Al Safa 5,Dubai Land Residence Complex,FINISHED,2859,6,6,2836,2859,10815,479,6489265,1,1354581861
PN2924,register_extract_2026-06-15,2924,576906053,Keturah Reserve,كيتوراه ريزيرف,مجموعة ميدان (ش.ذ.م.م),meydan,Hadaeq Sheikh Mohammed Bin Rashid,HADAEQ SHEIKH MOHAMMED BIN RASHID - DISRICT 7,ACTIVE,551,6,99,0,551,321,23,63110817;63110844;63110846;63111298;63111299;63111306;63111307;6314287;6316813,9,938566059
PN1333,register_extract_2026-06-15,1333,6562167,The Address Residence-Fountain Views,العنوان رزيدنس فاونتن فيوز,اعمار العقارية (ش . م. ع),emaar,Burj Khalifa,DownTown Dubai,FINISHED,286,1,1,5,286,931,46,3456903,1,
PN1284,register_extract_2026-06-15,1284,1284,JUMEIRAH GOLF ESTATES,عقارات جميرا للجولف,عقارات جميرا جولف ش.ذ.م.م,عقارات-جميرا-جولف,Me'Aisem First,Jumeirah Golf Estates,FINISHED,19,2,273,0,19,1370,89,6850393;6850423;6850424;6850425;6850426;6850427;6850429;6850435;6850436;6850437;6850438;6850439;6850440;6850441;6850442;6850443;6850444;6850445;6850446;6850447;6850448;6850449;6850450;6850452;6850454;6850456;6850457;6850458;6850459;6850460;6850461;6850463;6850464;6850465;6850468;6850469;6850470;6850471;6850472;6850474;6850475;6850476;6850477;6850478;6850479;6850480;6850481;6850482;6850521;6850560;6850579;6850630;6850692;6850693;6850694;6850695;6850696;6850697;6850702;6851358,313,489042066
PN3457,register_extract_2026-06-15,3457,695770780,Woodland Terraces,ودلاند تراسيز,مجموعة ميدان (ش.ذ.م.م),meydan,Wadi Al Safa 3,Mohammed Bin Rashid AL Maktoum District 11,NOT_STARTED,78,1,1,0,78,52,8,6453207,1,326709779
PN1206,register_extract_2026-06-15,1206,1206,QPOINT LIWAN-PLOT R073,كيو بوينت ليوان -PLOT R073,رمرام ش.ذ.م.م,رمرام,Wadi Al Safa 2,Liwan1,FINISHED,61,1,1,61,61,66,0,6437594,1,
PN2475,register_extract_2026-06-15,2475,444891542,ELEGANCE TOWER,اليجانس تاور,اعمار العقارية (ش . م. ع),emaar,Burj Khalifa,DownTown Dubai,ACTIVE,296,1,1,0,296,320,14,3450439,1,343465834
PN3409,register_extract_2026-06-15,3409,684673886,ME DO RE Business,مي دو ري بزنس,مركز دبي للسلع المتعددة,مركز-دبي-للسلع-المتعدده,Al Thanyah Fifth,Jumeirah Islands,ACTIVE,293,1,1,0,293,37,18,3930899,1,
PN1301,register_extract_2026-06-15,1301,1301,HUB CANAL 1 TOWER,هب كانال 1 برج,مدينة دبي الرياضية (ش. ذ. م. م),مدينه-دبي-الرياضيه,Al Hebiah Fourth,Dubai Sports City,FINISHED,210,1,1,210,210,685,34,6820137,1,847528915
PN2508,register_extract_2026-06-15,2508,457406609,AZIZI RIVIERA AZURE,عزيزي ريفييرا  ازور,مجموعة ميدان (ش.ذ.م.م),meydan,Al Merkadh,Meydan One Community,FINISHED,124,1,1,0,124,111,29,3475072,1,716215198
PN1672,register_extract_2026-06-15,1672,24606914,MIDTOWN - AFNAN,ميدتاون - أفنان,تيكوم للإستثمارات منطقة حرة- ذ.م.م,تيكوم-للاستثمارات,Me'Aisem First,International Media Production Zone,FINISHED,677,5,5,659,677,1482,134,6854517,1,114169980
PN1811,register_extract_2026-06-15,1811,35238007,Imperial  Avenue,امبيريال افنيو,اعمار العقارية (ش . م. ع),emaar,Burj Khalifa,DownTown Dubai,FINISHED,431,1,1,0,431,824,103,3450883,1,829270162
PN2010,register_extract_2026-06-15,2010,152741118,SAMAYA,سمايا,ليوان(ش.ذ.م.م.),ليوان,Wadi Al Safa 3,Majan,FINISHED,212,1,1,0,212,19,0,6458005,1,1567894211
PN3667,register_extract_2026-06-15,3667,741283391,DAMAC RIVERSIDE VIEWS - ROYAL 1,داماك ريفرسايد فيوز - رويال 1,داماك ميري للاستثمار ش.ذ.م.م,damac,Dubai Investment Park Second,,NOT_STARTED,335,2,2,0,335,253,73,5976677,1,465087239;603566593
PN3082,register_extract_2026-06-15,3082,611360561,340 Riverside Crescent,ريفرسايد كريسنت 340,شوبا ش.ذ.م.م,sobha,Bukadra,,ACTIVE,769,1,1,0,769,796,61,6110686,1,
PN2001,register_extract_2026-06-15,2001,148742205,"Mohammed Bin Rashid Al Maktoum City , District One Phase III  , Residences 2",مدينة  محمد بن راشد ال مكتوم ديستركت ون ، المرحلة الثالثة ، ريسيدنز 2,الحي الاول - منطقة حرة,الحي-الاول,Al Merkadh,Mohammed Bin Rashid AL Maktoum City -District -1 Community,FINISHED,31,1,1,0,43,55,1,3474855,1,1730467615
PN3780,register_extract_2026-06-15,3780,761114903,MBL Signature,ام بي ال سيجنتشر,مركز دبي للسلع المتعددة,مركز-دبي-للسلع-المتعدده,Al Thanyah Fifth,Jumeirah Islands,ACTIVE,463,1,1,0,463,229,140,3930935,1,75383576
PN3308,register_extract_2026-06-15,3308,661038576,Expo City Sidr Residences,إكسبو سيتي سدر ريزيدنسز,إكسبو سيتي للتطوير العقاري ش م ح,اكسبو-سيتي-للتطوير-العقاري,Madinat Al Mataar,Dubai World Central,ACTIVE,443,3,3,0,443,434,54,5210755,1,2078251437
PN46,register_extract_2026-06-15,46,46,BURLINGTON TOWER,برج برلنجتون,الخليج التجاري (ش.ذ.م.م),الخليج-التجاري,Business Bay,Business Bay,FINISHED,501,1,1,0,501,1617,68,3460504,1,1913201651
PN1921,register_extract_2026-06-15,1921,98466562,17 ICON BAY,أيكون باي 17,ذي لاجونز المرحلة الاولى ش.ذ.م.م,ذي-لاجونز-المرحله-الاولي,Al Khairan First,Dubai Creek Harbour,FINISHED,383,2,2,0,434,778,62,4158708,1,400323293
PN2797,register_extract_2026-06-15,2797,541919047,Aeternitas Tower,ايتيرنيتاس تاور,إعمار للتطوير (مساهمة عامة),emaar,Marsa Dubai,Dubai Marina,ACTIVE,661,1,1,0,661,677,23,3920198,1,706600150
PN1831,register_extract_2026-06-15,1831,42307973,VIDA Residences Dubai Marina,فيدا ريزيدنسز دبي مارينا,اعمار العقارية (ش . م. ع),emaar,Marsa Dubai,Dubai Marina,FINISHED,364,1,1,0,379,779,48,3920453,1,1753221088
PN124,register_extract_2026-06-15,124,124,IRIS AMBER,ايريس العنبر,دبي للعقارات (ش.ذ.م.م),dubai-properties,Al Jadaf,Jaddaf Waterfront,FINISHED,95,1,1,95,95,140,18,3260876,1,1110531218
PN1304,register_extract_2026-06-15,1304,1304,TENNIS TOWER,برج التنس,مدينة دبي الرياضية (ش. ذ. م. م),مدينه-دبي-الرياضيه,Al Hebiah Fourth,Dubai Sports City,FINISHED,84,1,1,84,84,256,5,6821301,1,211931207
PN793,register_extract_2026-06-15,793,793,RITZ RESIDENCE,ريزدنس ريتز,شركة نخيل (ش.م.خ),nakheel,Warsan Fourth,International City Phase 3,FINISHED,156,1,1,150,156,410,18,6241248,1,
PN1201,register_extract_2026-06-15,1201,1201,QPOINT LIWAN-PLOT R055,كيو بوينت ليوان -PLOT R055,رمرام ش.ذ.م.م,رمرام,Wadi Al Safa 2,Liwan1,FINISHED,82,1,1,82,82,236,11,6437654,1,
PN641,register_extract_2026-06-15,641,641,DUNES VILLAGE,قرية الكثبان,شركة تطوير مجمع دبي للاستثمار (ذ. م. م),تطوير-مجمع-دبي-للاستثمار,Dubai Investment Park Second,Dubai Investment Park Second,FINISHED,943,10,20,900,943,284,28,5970786,1,617820564
PN1892,register_extract_2026-06-15,1892,81544667,GREEN DIAMOND 1,غرين دايموند 1,ليوان(ش.ذ.م.م.),ليوان,Arjan,Arjan,FINISHED,194,2,2,194,194,382,26,6731273,1,43036836
PN2782,register_extract_2026-06-15,2782,537921241,VOLTA TOWER,فولتا تاور,داماك سي اس ال للاستثمار ش.ذ.م.م,damac,Burj Khalifa,,ACTIVE,417,1,1,0,417,440,33,3450182,1,814565259
PN51,register_extract_2026-06-15,51,51,OXFORD TOWER,برج أوكسفورد,دبي للعقارات (ش.ذ.م.م),dubai-properties,Business Bay,Business Bay,FINISHED,105,1,1,0,105,237,15,3460605,1,195679432
PN1042,register_extract_2026-06-15,1042,1042,RITAJ,ريتاج,شركة تطوير مجمع دبي للاستثمار (ذ. م. م),تطوير-مجمع-دبي-للاستثمار,Dubai Investment Park Second,Dubai Investment Park Second,FINISHED,2043,12,12,0,2043,1632,213,5970592,1,1584563156
PN4016,register_extract_2026-06-15,4016,796936532,SOL LUXE,سول لوكس,مجموعة ميدان (ش.ذ.م.م),meydan,Trade Center First,,PENDING,370,1,1,0,370,92,89,3350144,1,
PN2808,register_extract_2026-06-15,2808,544244974,Hillside Residences 1,هيلسايد ريزيدنسيز 1,جيه ايه جي للتطوير ش.ذ.م.م,جيه-ايه-جي-للتطوير,Jabal Ali First,Wasl Gate,ACTIVE,235,4,4,0,235,248,19,5919629,1,1682058595;1861822768;2060696276;365682840
PN1216,register_extract_2026-06-15,1216,1216,QPOINT LIWAN-PLOT R098,كيو بوينت ليوان -PLOT R098,رمرام ش.ذ.م.م,رمرام,Wadi Al Safa 2,Liwan1,FINISHED,55,1,1,55,55,185,14,6437645,1,
PN75,register_extract_2026-06-15,75,75,MADINA TOWER,برج المدينة,مركز دبي للسلع المتعددة,مركز-دبي-للسلع-المتعدده,Al Thanyah Fifth,Jumeirah Lakes Towers,FINISHED,205,1,1,200,205,775,19,3936147,1,716070846
PN3723,register_extract_2026-06-15,3723,751745969,Ashley Hills,اشلي هيلز,دى اتش ايه ام منطقه حره - ذ.م.م,دي-اتش-ايه-ام,Arjan,Arjan,ACTIVE,616,1,1,0,616,224,221,6734101,1,1030862719
PN1508,register_extract_2026-06-15,1508,12556191,DAMAC HILLS - LORETO,دماك هيلز - لوريتو,دبي لاند (ش.ذ.م.م),دبي-لاند,Al Hebiah Third,DAMAC HILLS,FINISHED,504,6,6,504,504,1004,93,6768697,1,986283854
PN3694,register_extract_2026-06-15,3694,745832625,Azizi Milan 18,عزيزي ميلان 18,الياس و مصطفى كلداري لإدارة الاستثمار و التطوير (ش.ذ.م.م),الياس-و-مصطفي-كلداري-لاداره-الاستثمار-و-التطوير,Wadi Al Safa 4,City Of Arabia,NOT_STARTED,1541,1,1,0,1541,1,0,6467755,1,1074008344
PN828,register_extract_2026-06-15,828,828,SONDOS ORCHID,سندس أوركيد,دبي للعقارات (ش.ذ.م.م),dubai-properties,Wadi Al Safa 5,Dubai Land Residence Complex,FINISHED,146,1,1,146,146,17,0,6488745,1,633758683
PN2654,register_extract_2026-06-15,2654,502336252,Royal Regency,رويال ريجينسي,الخليج التجاري (ش.ذ.م.م),الخليج-التجاري,Business Bay,Business Bay,ACTIVE,165,1,1,0,165,177,27,3460150,1,630265260
PN2119,register_extract_2026-06-15,2119,220521993,Azizi Riviera 26,عزيزي ريفيرا 26,مجموعة ميدان (ش.ذ.م.م),meydan,Al Merkadh,Meydan One Community,FINISHED,270,1,1,0,272,421,26,3475023,1,1475266660
PN2341,register_extract_2026-06-15,2341,391624185,Azizi Riviera 42,عزيزي ريفييرا 42,مجموعة ميدان (ش.ذ.م.م),meydan,Al Merkadh,Meydan One Community,FINISHED,185,1,1,0,185,260,16,3475034,1,53394801
PN1194,register_extract_2026-06-15,1194,1194,QPOINT LIWAN-PLOT R050,كيو بوينت ليوان -PLOT R050,رمرام ش.ذ.م.م,رمرام,Wadi Al Safa 2,Liwan1,FINISHED,73,1,1,73,73,303,0,6437661,1,
PN407,register_extract_2026-06-15,407,407,NEW DUBAI GATE1,نيو دبي جيت 1,مركز دبي للسلع المتعددة,مركز-دبي-للسلع-المتعدده,Al Thanyah Fifth,Jumeirah Lakes Towers,FINISHED,621,1,1,592,621,1399,44,3930939,1,1812064459
PN2666,register_extract_2026-06-15,2666,504023915,California by SD,SD كاليفورنيا بواسطة,شركة نخيل (ش.م.خ),nakheel,Jabal Ali First,Discovery Gardens,ACTIVE,178,1,1,0,178,182,4,59110353,1,1217235271
PN4043,register_extract_2026-06-15,4043,803211549,Fendi Residences The Palm,بالم 01 من بن غاطي,شركة نخيل (ش.م.خ),nakheel,Palm Jumeirah,Palm Jumeirah,PENDING,53,0,1,0,53,0,0,3812953,1,940315571
PN3679,register_extract_2026-06-15,3679,742892515,Confident Preston,كونفيدنت بريستون,ليوان(ش.ذ.م.م.),ليوان,Wadi Al Safa 2,Liwan1,PENDING,99,1,1,0,99,0,0,6437620,1,
PN3091,register_extract_2026-06-15,3091,612699331,Amana Jewels,أمانة جويلز,ليوان(ش.ذ.م.م.),ليوان,Wadi Al Safa 2,Liwan2,PENDING,24,1,1,0,24,0,0,6439820,1,
PN2512,register_extract_2026-06-15,2512,457760522,THE GROVE BY IMAN,ذا جروف باي ايمان,دبي هيلز استيت ش.ذ.م.م,dubai-hills-estate,Hadaeq Sheikh Mohammed Bin Rashid,Dubai Hills Estate,FINISHED,125,1,1,0,125,230,20,6313353,1,1589947106
PN1383,register_extract_2026-06-15,1383,10567338,TOWNHOUSES AT JUMEIRAH ISLANDS,تاون هاوسز في جزر الجميرا,شركة جزر جميرا (ش.ذ.م.م),جزر-جميرا,Al Thanyah Fifth,Jumeirah Islands,FINISHED,14,1,85,0,14,211,13,3934040;3934041;3934042;3934043;3934044;3934045;3934046;3934047;3934048;3934049;3934050;3934051;3934052;3934053;3934054;3934055;3934056;3934057;3934058;3934059;3934060;3934061;3934062;3934063;3934064;3934065;3934066;3934067;3934068;3934069;3934070;3934071;3934072;3934073;3934074;3934075;3934076;3934077;3934078;3934079;3934080;3934081;3934082;3934083;3934084;3934085;3934086;3934087;3934088;3934089;3934090;3934091;3934092;3934093;3934094;3934194;3934195;3934196;3934197;3934198,86,48113323
PN688,register_extract_2026-06-15,688,688,THE APRICOT,المشمش,سلطة دبي للمناطق الإقتصادية المتكاملة,سلطه-دبي-للمناطق-الاقتصاديه-المتكامله,Nadd Hessa,Silicon Oasis,FINISHED,219,2,2,0,224,429,26,6262256,1,1602843852
PN3605,register_extract_2026-06-15,3605,731772938,Tomorrow Commercial Tower,برج غدا التجاري,شركة نخيل (ش.م.خ),nakheel,Al Warsan First,International City Phase 1,ACTIVE,133,1,1,0,133,112,106,6211369,1,
PN3488,register_extract_2026-06-15,3488,704445877,Parkwood,باركوود,دبي هيلز استيت ش.ذ.م.م,dubai-hills-estate,Hadaeq Sheikh Mohammed Bin Rashid,Dubai Hills Estate,NOT_STARTED,488,3,3,0,488,403,83,63111912,1,1116992572;1663197411;1941255384
PN2710,register_extract_2026-06-15,2710,517703795,V1TER Residence,,قرية جميرا (ش.ذ.م.م),قريه-جميرا,Al Barsha South Fourth,Jumeirah Village Circle,ACTIVE,176,1,1,0,176,161,37,6816754,1,1626232575
PN3118,register_extract_2026-06-15,3118,619347346,DAMAC LAGOONS - LAGOON VIEWS 10,داماك لاجونز - لاجون فيوز 10,واحة الجزيرة العقارية (ش.ذ.م.م),واحه-الجزيره-العقاريه,Al Hebiah Fifth,,ACTIVE,108,2,2,0,108,112,4,68311619,1,381312414;765762720
PN3541,register_extract_2026-06-15,3541,714772095,Bhuvi Residence,بهوفي ريزيدنس,مؤسسه مدينه دبى للطيران,موسسه-مدينه-دبي-للطيران,Madinat Al Mataar,Dubai South Residential District,NOT_STARTED,70,1,1,0,70,28,27,5213602,1,665642459
PN2436,register_extract_2026-06-15,2436,428526052,Jumeirah Living Business Bay,جميرا ليفينغ بيزنس باي,الخليج التجاري (ش.ذ.م.م),الخليج-التجاري,Business Bay,Business Bay,ACTIVE,82,1,1,0,82,97,13,3460190,1,616483549
PN3763,register_extract_2026-06-15,3763,759156809,J-Haus Residences,جي-هاوس رزيدنسيس,شركة نخيل (ش.م.خ),nakheel,Al Barsha South Fourth,Jumeirah Village Circle,ACTIVE,128,1,1,0,128,18,15,6816519,1,381837369
PN4061,register_extract_2026-06-15,4061,807590058,Floarea Breeze,,شركة نخيل (ش.م.خ),nakheel,Palm Deira,Palm Deira,PENDING,52,1,1,0,52,21,20,1010466,1,1978543886
PN3836,register_extract_2026-06-15,3836,774113052,SPORTS VIEW RESIDENCE 2 BY AL HELAL AL ZAHABY,سبورتس فيو ريسيدنس 2 باي الهلال الذهبي,انترناشونال سيتي ( ش.ذ.م.م ),انترناشونال-سيتي,Warsan Fourth,International City Phase 3,PENDING,128,0,1,0,128,23,19,6241166,1,
PN3509,register_extract_2026-06-15,3509,709746450,Almaara Residences,المارا ريزيدنس,الفرجان ( ش.ذ.م.م ),الفرجان,Jabal Ali First,Al Furjan,NOT_STARTED,59,1,1,0,59,17,15,5911812,1,373091631
PN2970,register_extract_2026-06-15,2970,588971808,City Walk Northline 1,سيتي ووك نورث لاين 1,مراس العقارية (ش.ذ.م.م),meraas,Al Wasl,City Walk,ACTIVE,115,1,1,0,115,122,5,3431252,1,850033468
PN2589,register_extract_2026-06-15,2589,483917929,MAR CASA,ماركاسا,مدينة دبي الملاحية م م ح,مدينه-دبي-الملاحيه,Madinat Dubai Almelaheyah,Dubai Maritime City,ACTIVE,585,1,1,0,585,673,37,3210243,1,1279643145
PN843,register_extract_2026-06-15,843,843,PALACIO,بالاسيو,سلطة دبي للمناطق الإقتصادية المتكاملة,سلطه-دبي-للمناطق-الاقتصاديه-المتكامله,Nadd Hessa,Silicon Oasis,FINISHED,335,2,2,326,335,3,0,6262257,1,1296628067
PN1248,register_extract_2026-06-15,1248,1248,AXIS RESIDENCES 2,المحور 2 ريزيدنس,سلطة دبي للمناطق الإقتصادية المتكاملة,سلطه-دبي-للمناطق-الاقتصاديه-المتكامله,Nadd Hessa,Silicon Oasis,FINISHED,284,1,1,284,284,468,14,6262612,1,188923775
PN1666,register_extract_2026-06-15,1666,23663994,THE ONE,الواحد,قرية جميرا (ش.ذ.م.م),قريه-جميرا,Al Barsha South Fourth,Jumeirah Village Circle,FINISHED,501,1,1,0,501,558,29,6817148,1,1157827238
PN1653,register_extract_2026-06-15,1653,21377043,TOPAZ RESIDENCES 3,توباز ريزيدينسيس 3,سلطة دبي للمناطق الإقتصادية المتكاملة,سلطه-دبي-للمناطق-الاقتصاديه-المتكامله,Nadd Hessa,Silicon Oasis,FINISHED,112,1,1,112,112,228,31,6262592,1,1468462391
PN2392,register_extract_2026-06-15,2392,415973328,Q Gardens Lofts,كيو جاردنز لوفتس,قرية جميرا (ش.ذ.م.م),قريه-جميرا,Al Barsha South Fourth,Jumeirah Village Circle,ACTIVE,194,1,1,0,194,115,34,6817017,1,
PN3480,register_extract_2026-06-15,3480,702561871,Skyhills Astra by HRE,سكاي هيلز أسترا,دى اتش ايه ام منطقه حره - ذ.م.م,دي-اتش-ايه-ام,Al Barshaa South Second,Dubai Science Park,ACTIVE,1911,3,3,0,1911,1611,1214,6727781,1,1690790489
PN3881,register_extract_2026-06-15,3881,790263916,Ocean Bay by Samana Developers,اوشن باي باي سامانا ديفيلوبرز,شركة نخيل (ش.م.خ),nakheel,Palm Deira,Palm Deira,PENDING,143,2,2,0,143,110,109,1011298,1,1914068828;2023832302
PN3545,register_extract_2026-06-15,3545,716301998,BLISS TOWER,برج بليس,دبي لاند ريزيدنسز (ش.ذ.م.م),دبي-لاند-ريزيدنسز,Wadi Al Safa 5,Dubai Land Residence Complex,ACTIVE,131,1,1,0,131,116,115,6488619,1,1562435726
PN2905,register_extract_2026-06-15,2905,572541372,Maison Elysee I,(  مايسون الاليزيه I ),قرية جميرا (ش.ذ.م.م),قريه-جميرا,Al Barsha South Fourth,Jumeirah Village Circle,ACTIVE,355,1,1,0,355,285,54,6816505,1,
PN2645,register_extract_2026-06-15,2645,499541253,Westwood Grande II By Imtiaz,,قرية جميرا (ش.ذ.م.م),قريه-جميرا,Al Barsha South Fourth,Jumeirah Village Circle,FINISHED,153,1,1,0,153,264,36,6817786,1,
PN3680,register_extract_2026-06-15,3680,743256550,Soul by vision,سول باي فيجن,دى اتش ايه ام منطقه حره - ذ.م.م,دي-اتش-ايه-ام,Me'Aisem First,International Media Production Zone,NOT_STARTED,176,1,1,0,176,177,146,6854431,1,466674475
PN1614,register_extract_2026-06-15,1614,15427644,GLITZ RESIDENCE 1,جليتس ريزيدنس 1,تيكوم للإستثمارات منطقة حرة- ذ.م.م,تيكوم-للاستثمارات,Al Hebiah Second,Dubai Studio City,FINISHED,151,1,1,146,151,361,21,6757722,1,1184669299
PN1673,register_extract_2026-06-15,1673,24754715,MAG 5 BOULEVARD,ماج 5 بوليفارد,مركز دبي التجاري العالمي ش.ذ.م.م,مركز-دبي-التجاري-العالمي,Madinat Al Mataar,Dubai South Residential District,FINISHED,1452,13,13,1452,1452,2626,171,5212760;5212761;5212762;5212763;5212764;5212766;5212767;5212768;5212769;5212770;5212771;5212773;5212774,13,1079302341
PN2495,register_extract_2026-06-15,2495,449686347,Petalz By Danube,بيتلز من دانوب,مراس العقارية (ش.ذ.م.م),meraas,Al Warsan First,WARSAN FIRST DEVELOPMENT,ACTIVE,354,2,2,0,354,453,52,6210108,1,
PN2862,register_extract_2026-06-15,2862,562214909,Binghatti Azure,بن غاطي ازيور,قرية جميرا (ش.ذ.م.م),قريه-جميرا,Al Barsha South Fourth,Jumeirah Village Circle,FINISHED,650,1,1,0,650,929,220,6817669,1,23350854
PN2897,register_extract_2026-06-15,2897,571095084,Samana IBIZA,سمانا ايبيزا,دبي لاند ريزيدنسز (ش.ذ.م.م),دبي-لاند-ريزيدنسز,Wadi Al Safa 5,Dubai Land Residence Complex,NOT_STARTED,455,1,1,0,455,444,92,6488715,1,1812012523
PN2437,register_extract_2026-06-15,2437,430703836,ELLINGTON BEACH HOUSE,إلينغتون بيتش هاوس,شركة النخلة - جميرا (ش.ذ.م.م),nakheel,Palm Jumeirah,Palm Jumeirah,FINISHED,126,1,1,0,126,209,23,3817051,1,816748965
PN3579,register_extract_2026-06-15,3579,725528588,Golf Meadow,جولف ميدو,إعمار دبي الجنوب دي دبليو سي ش.ذ.م.م,emaar,Madinat Al Mataar,Dubai World Central,NOT_STARTED,188,1,1,0,188,183,8,5211665,1,
PN3530,register_extract_2026-06-15,3530,712340429,City Walk Crestlane 2,سيتي ووك كريستلين 2,مراس العقارية (ش.ذ.م.م),meraas,Al Wasl,City Walk,NOT_STARTED,203,2,2,0,203,209,10,3431275,1,643632117
PN3469,register_extract_2026-06-15,3469,700422641,OMORIA HOTEL RESIDENCES,أوموريا هوتيل ريزيدنسز,شركة نخيل (ش.م.خ),nakheel,Palm Deira,Palm Deira,NOT_STARTED,57,1,1,0,57,16,14,1010606,1,1111814655
PN2855,register_extract_2026-06-15,2855,558688710,Vincitore Aqua Dimore,فينسيتوري أكوا دي مووري,دى اتش ايه ام منطقه حره - ذ.م.م,دي-اتش-ايه-ام,Al Barshaa South Second,Dubai Science Park,CONDITIONAL_ACTIVATING,987,1,1,0,987,889,123,6727770,1,1915908468
PN1537,register_extract_2026-06-15,1537,12919951,MONTROSE,مونتروز,تيكوم للإستثمارات منطقة حرة- ذ.م.م,تيكوم-للاستثمارات,Al Barshaa South Second,Dubai Science Park,FINISHED,302,2,2,297,302,657,39,6727738,1,169633183
PN2745,register_extract_2026-06-15,2745,529861478,The First Collection at Dubai Sports City,ذا فيرست كوليكشن ات مدينة دبي الرياضية,مدينة دبي الرياضية (ش. ذ. م. م),مدينه-دبي-الرياضيه,Al Hebiah Fourth,Dubai Sports City,ACTIVE,478,1,1,0,478,439,101,6821272,1,1975510535
PN4066,register_extract_2026-06-15,4066,808700174,Avida Residences,أفيدا رزيدنسيس,النخلة  - ديره (ش.ذ.م.م),nakheel,Palm Deira,Palm Deira,NOT_STARTED,50,1,1,0,50,43,40,1010510,1,1852802621
PN4062,register_extract_2026-06-15,4062,807604947,Reef 996,ريف 996,دى اتش ايه ام منطقه حره - ذ.م.م,دي-اتش-ايه-ام,Me'Aisem First,International Media Production Zone,PENDING,505,0,1,0,505,220,219,6854308,1,207347436
PN4075,register_extract_2026-06-15,4075,811439440,Garnet by Siroya,جارنيت باي سيرويا,مؤسسه مدينه دبى للطيران,موسسه-مدينه-دبي-للطيران,Madinat Al Mataar,Dubai South Residential District,PENDING,66,0,1,0,66,0,0,5213339,1,571923557
PN3747,register_extract_2026-06-15,3747,756414142,ARLINGTON PARK By MAJID,أرلينجتون بارك من مجيد,دبي لاند ريزيدنسز (ش.ذ.م.م),دبي-لاند-ريزيدنسز,Wadi Al Safa 5,Dubai Land Residence Complex,NOT_STARTED,140,1,1,0,140,128,99,6488605,1,
PN1713,register_extract_2026-06-15,1713,27461839,BELGRAVIA,بلجرافيا,قرية جميرا (ش.ذ.م.م),قريه-جميرا,Al Barsha South Fourth,Jumeirah Village Circle,FINISHED,181,1,1,181,181,607,28,6817219,1,
PN1985,register_extract_2026-06-15,1985,145928260,MICASA AVENUE,ميكاسا أفينو,الفرجان ( ش.ذ.م.م ),الفرجان,Jabal Ali First,Al Furjan,FINISHED,64,1,1,63,64,19,1,5911797,1,1045558891
PN3812,register_extract_2026-06-15,3812,769803014,Samana Business Park,سامانا بيزنس بارك,ليوان(ش.ذ.م.م.),ليوان,Wadi Al Safa 3,Majan,NOT_STARTED,103,1,1,0,103,94,38,6457794,1,673032236
PN2923,register_extract_2026-06-15,2923,576549994,Sonate Residences by Condor,سونيت ريزيدنسيز باي كوندور,قرية جميرا (ش.ذ.م.م),قريه-جميرا,Al Barsha South Fifth,Jumeirah Village Triangle,ACTIVE,215,1,1,0,215,195,32,6848929,1,490293322
PN3870,register_extract_2026-06-15,3870,785999671,Nova Tower,برج نوفا,دى اتش ايه ام منطقه حره - ذ.م.م,دي-اتش-ايه-ام,Al Barshaa South Second,Dubai Science Park,ACTIVE,134,1,1,0,134,57,53,6727696,1,512512997
PN2155,register_extract_2026-06-15,2155,248350640,ZADA TOWER,زادا تاور,الخليج التجاري (ش.ذ.م.م),الخليج-التجاري,Business Bay,Business Bay,FINISHED,703,1,1,0,709,1190,85,3460479,1,1075116637
PN635,register_extract_2026-06-15,635,635,HANOVER SQUARE,ميدان هانوفر,قرية جميرا (ش.ذ.م.م),قريه-جميرا,Al Barsha South Fourth,Jumeirah Village Circle,FINISHED,419,1,1,419,419,831,70,6816182,1,602497512
PN3782,register_extract_2026-06-15,3782,763565724,Maison Cannelle Residences by Casa Moderna,ميزون كانيل ريزيدنسيز من كازا مودرنا,الفرجان ( ش.ذ.م.م ),الفرجان,Jabal Ali First,Al Furjan,PENDING,40,1,1,0,40,3,0,5911800,1,663430361
PN3544,register_extract_2026-06-15,3544,716081457,Coastal Haven by Prestige Harbour Real Estate Development,كوستال هافين من بريستيج هاربور للتطوير العقاري,شركة نخيل (ش.م.خ),nakheel,Palm Deira,Palm Deira,NOT_STARTED,73,1,1,0,73,67,26,1010322,1,951606706
PN3477,register_extract_2026-06-15,3477,701161748,Azurline Residences by MAAS Developers,أزور لاين ريزيدنس من مااس للتطوير,قرية جميرا (ش.ذ.م.م),قريه-جميرا,Al Barsha South Fourth,Jumeirah Village Circle,ACTIVE,205,1,1,0,205,132,56,6816137,1,13351423
PN2872,register_extract_2026-06-15,2872,564079600,Serene Gardens 2 by Prescott,سيرين جاردنز 2 من بريسكوت,شركة نخيل (ش.م.خ),nakheel,Jabal Ali First,Discovery Gardens,ACTIVE,285,1,1,0,285,302,16,59110348,1,645086666
PN1785,register_extract_2026-06-15,1785,33227399,Belvedere,بلفدير,انترناشونال سيتي ( ش.ذ.م.م ),انترناشونال-سيتي,Al Warsan First,International City Phase 1,FINISHED,141,1,1,0,142,35,2,6212041,1,
PN2047,register_extract_2026-06-15,2047,170104609,Collective,كولكتيف,دبي هيلز استيت ش.ذ.م.م,dubai-hills-estate,Hadaeq Sheikh Mohammed Bin Rashid,Dubai Hills Estate,FINISHED,477,3,3,0,480,1098,88,6312345,1,619489006
PN1572,register_extract_2026-06-15,1572,14217762,AZIZI. DAISY,عزيزي. ديزي,الفرجان ( ش.ذ.م.م ),الفرجان,Jabal Ali First,Al Furjan,FINISHED,129,1,1,129,129,337,16,5912993,1,1339692689
PN2415,register_extract_2026-06-15,2415,422918062,Binghatti Heights,بن غاطي هايتس,قرية جميرا (ش.ذ.م.م),قريه-جميرا,Al Barsha South Fourth,Jumeirah Village Circle,FINISHED,366,1,1,0,366,707,59,6816233,1,83807526
PN1693,register_extract_2026-06-15,1693,26542835,J8,جي 8,تيكوم للإستثمارات منطقة حرة- ذ.م.م,تيكوم-للاستثمارات,Al Safouh First,Sufouh Gardens,FINISHED,92,1,1,92,92,209,16,3720572,1,
PN3245,register_extract_2026-06-15,3245,648529389,Golf Grove by Regent,جولف جروف باي ريجنت,دى اتش ايه ام منطقه حره - ذ.م.م,دي-اتش-ايه-ام,Me'Aisem First,International Media Production Zone,NOT_STARTED,98,1,1,0,98,88,26,6850752,1,1188793614
PN2956,register_extract_2026-06-15,2956,583228047,AZIZI VENICE 7,عزيزى فينس 7,مؤسسه مدينه دبى للطيران,موسسه-مدينه-دبي-للطيران,Madinat Al Mataar,Dubai World Central,NOT_STARTED,2276,6,6,0,2276,1239,686,5211352,1,
PN2565,register_extract_2026-06-15,2565,476809216,Como Residences,كومو ريزيدنسز,شركة نخيل (ش.م.خ),nakheel,Palm Jumeirah,Palm Jumeirah,ACTIVE,81,1,1,0,81,79,10,3811968,1,756884570
PN2622,register_extract_2026-06-15,2622,495049719,WEST FIVE BUSINESS BAY RESIDENCES,ويست فايف بيزنس باي ريزيدنسز,الخليج التجاري (ش.ذ.م.م),الخليج-التجاري,Business Bay,Business Bay,FINISHED,139,1,1,0,139,218,67,3460597,1,865580818
PN3531,register_extract_2026-06-15,3531,712350042,City Walk Crestlane 3,سيتي ووك كريستلين 3,مراس العقارية (ش.ذ.م.م),meraas,Al Wasl,City Walk,NOT_STARTED,195,2,2,0,195,198,7,3431276,1,143907411;490161817
PN2463,register_extract_2026-06-15,2463,441213123,LA PERLA HOMES 12,لا بيرلا هومز 12,قرية جميرا (ش.ذ.م.م),قريه-جميرا,Al Barsha South Fourth,Jumeirah Village Circle,FINISHED,1,1,18,0,1,33,2,6816523,1,
PN2276,register_extract_2026-06-15,2276,369745110,Prime Residency 3,بريم ريزيدنسي 3,الفرجان ( ش.ذ.م.م ),الفرجان,Jabal Ali First,Al Furjan,FINISHED,292,1,1,0,292,562,47,5911818,1,1651092009
PN1848,register_extract_2026-06-15,1848,46067672,PLAZZO RESIDENCE,بلازو ريزيدنس,قرية جميرا (ش.ذ.م.م),قريه-جميرا,Al Barsha South Fifth,Jumeirah Village Triangle,FINISHED,114,1,1,110,114,246,18,6843396,1,161863964
PN3713,register_extract_2026-06-15,3713,748053613,Sobha Central Phase I,I شوبا سنترال فيز,شوبا ش.ذ.م.م,sobha,Jabal Ali First,DMCC-EZ2,NOT_STARTED,2383,2,2,0,2383,1098,610,59112756,1,
PN10,register_extract_2026-06-15,10,10,LA VISITA 01,لافيستا 01,سلطة دبي للمناطق الإقتصادية المتكاملة,سلطه-دبي-للمناطق-الاقتصاديه-المتكامله,Nadd Hessa,Silicon Oasis,FINISHED,128,1,1,128,128,327,21,6262575,1,704281210
PN2968,register_extract_2026-06-15,2968,588821426,99 PARK PLACE,,قرية جميرا (ش.ذ.م.م),قريه-جميرا,Al Barsha South Fourth,Jumeirah Village Circle,ACTIVE,102,1,1,0,102,94,17,6817255,1,
PN1067,register_extract_2026-06-15,1067,1067,Uniestate Prime Tower,يونيستيت برايم تاور,قرية جميرا (ش.ذ.م.م),قريه-جميرا,Al Barsha South Fourth,Jumeirah Village Circle,FINISHED,138,1,1,0,138,287,23,6816157,1,
PN2958,register_extract_2026-06-15,2958,584194841,Binghatti Phantom,بن غاطي فانتوم,قرية جميرا (ش.ذ.م.م),قريه-جميرا,Al Barsha South Fourth,Jumeirah Village Circle,ACTIVE,369,1,1,0,369,457,84,6817754,1,160322061
PN2942,register_extract_2026-06-15,2942,581720736,DAMAC LAGOONS - LAGOON VIEWS 3,داماك لاجونز - لاجون فيوز 3,واحة الجزيرة العقارية (ش.ذ.م.م),واحه-الجزيره-العقاريه,Al Hebiah Fifth,,ACTIVE,162,3,3,0,162,165,1,68311607,1,1709330259;1957216907;998288666
PN1699,register_extract_2026-06-15,1699,27088122,STARZ TOWER by DANUBE,ستارز تاور من الدانوب,الفرجان ( ش.ذ.م.م ),الفرجان,Jabal Ali First,Al Furjan,FINISHED,454,2,2,446,454,1479,76,5912273,1,751683651
PN2557,register_extract_2026-06-15,2557,474648266,7 PARK CENTRAL BY METEORA,سفن بارك سنترال بواسطة ميتيورا,قرية جميرا (ش.ذ.م.م),قريه-جميرا,Al Barsha South Fourth,Jumeirah Village Circle,ACTIVE,121,1,1,0,121,131,5,6817753,1,
PN3743,register_extract_2026-06-15,3743,754867614,CHELSEA RESIDENCES 2 BY DAMAC,تشلسي ريزيدنس 2 باي داماك,مدينة دبي الملاحية م م ح,مدينه-دبي-الملاحيه,Madinat Dubai Almelaheyah,Dubai Maritime City,NOT_STARTED,958,3,3,0,958,870,499,3210140,1,1868656149;425163846;811775519
PN2640,register_extract_2026-06-15,2640,88842153,Fashionz 1 By Danube,فاشنز1 من دانوب,قرية جميرا (ش.ذ.م.م),قريه-جميرا,Al Barsha South Fifth,Jumeirah Village Triangle,ACTIVE,788,1,1,0,788,768,56,6849713,1,1427975152
PN317,register_extract_2026-06-15,317,317,SILICON HEIGHTS,مرتفعات السيليكون,سلطة دبي للمناطق الإقتصادية المتكاملة,سلطه-دبي-للمناطق-الاقتصاديه-المتكامله,Nadd Hessa,Silicon Oasis,FINISHED,279,1,1,278,279,643,25,6262563,1,937457969
PN2567,register_extract_2026-06-15,2567,477433150,One Crescent,وان كريسنت,شركة النخلة - جميرا (ش.ذ.م.م),nakheel,Palm Jumeirah,Palm Jumeirah,ACTIVE,25,1,1,0,25,30,0,3817054,1,624070916
PN4004,register_extract_2026-06-15,4004,794623096,Rivo,ريفو,دبي لاند ريزيدنسز (ش.ذ.م.م),دبي-لاند-ريزيدنسز,Wadi Al Safa 5,Dubai Land Residence Complex,PENDING,133,1,1,0,133,82,82,6488704,1,
PN3165,register_extract_2026-06-15,3165,629759937,Binghatti Aurora,بن غاطي أرورا,قرية جميرا (ش.ذ.م.م),قريه-جميرا,Al Barsha South Fourth,Jumeirah Village Circle,ACTIVE,275,1,1,0,275,363,113,6816772,1,575076844
PN3427,register_extract_2026-06-15,3427,688051631,Golf Dale,جولف دايل,إعمار دبي الجنوب دي دبليو سي ش.ذ.م.م,emaar,Madinat Al Mataar,Dubai World Central,NOT_STARTED,200,3,3,0,200,181,3,5211857,1,
PN1504,register_extract_2026-06-15,1504,12423050,DAMAC HILLS - GOLF PROMENADE,دماك هيلز - جولف برومندي,داماك كريسنت للعقارات (ش.ذ.م.م),damac,Al Hebiah Third,DAMAC HILLS,FINISHED,741,8,8,492,741,1390,111,6764944;6769063,2,187125926
PN1270,register_extract_2026-06-15,1270,1270,THE ONE TOWER,البرج الواحد,تيكوم للإستثمارات منطقة حرة- ذ.م.م,تيكوم-للاستثمارات,Al Thanyah First,Barsha Heights,FINISHED,191,1,1,3,191,245,67,3830354,1,
PN3588,register_extract_2026-06-15,3588,727321334,Rose Gardens 3,روز جاردنز 3,ليوان(ش.ذ.م.م.),ليوان,Arjan,Arjan,ACTIVE,49,1,1,0,49,32,26,6731210,1,1813062115
PN2009,register_extract_2026-06-15,2009,151622640,Azizi Riviera 23,عزيزي ريفيرا 23,مجموعة ميدان (ش.ذ.م.م),meydan,Al Merkadh,Meydan One Community,FINISHED,248,1,1,0,250,399,27,3475016,1,374518056
PN1260,register_extract_2026-06-15,1260,1260,ARMADA TOWERS,أبراج أرمادا,مركز دبي للسلع المتعددة,مركز-دبي-للسلع-المتعدده,Al Thanyah Fifth,Jumeirah Lakes Towers,FINISHED,1162,1,3,438,1162,1712,85,3930941;3930942;3930943,3,1785085434
PN1937,register_extract_2026-06-15,1937,105619556,PARK RIDGE,بارك ريدج,دبي هيلز استيت ش.ذ.م.م,dubai-hills-estate,Hadaeq Sheikh Mohammed Bin Rashid,Dubai Hills Estate,FINISHED,1056,3,3,0,1084,2200,141,6316283,1,705302267
PN1690,register_extract_2026-06-15,1690,26109290,MAPLE 2,مابل 2,دبي هيلز استيت ش.ذ.م.م,dubai-hills-estate,Hadaeq Sheikh Mohammed Bin Rashid,Dubai Hills Estate,FINISHED,672,1,667,0,677,1789,91,6313190;6313239;6316259;6317005;6317008;6317029;6317034;6317055;6317056;6317057;6317075;6317081;6317087;6317093;6317103;6317110;6317118;6317121;6317127;6317129;6317131;6317136;6317152;6317170;6317177;6317182;6317186;6317191;6317194;6317206;6317207;6317217;6317228;6317243;6317244;6317247;6317255;6317262;6317271;6317279;6317281;6317286;6317288;6317291;6317298;6317303;6317308;6317309;6317319;6317328;6317340;6317342;6317346;6317354;6317365;6317367;6317371;6317373;6317375;6317378,192,1593216307
PN2036,register_extract_2026-06-15,2036,165943777,Azizi Grand,عزيزي غراند,مدينة دبي الرياضية (ش. ذ. م. م),مدينه-دبي-الرياضيه,Al Hebiah Fourth,Dubai Sports City,ACTIVE,411,1,1,0,411,400,205,6827300,1,1106734347
PN3461,register_extract_2026-06-15,3461,697002052,Aman Residences Dubai,آمان رزيدنسز دبي,دبي بينينسولا ش.ذ.م.م,دبي-بينينسولا,Jumeirah Second,,NOT_STARTED,82,3,3,0,82,32,23,3420964,1,
PN356,register_extract_2026-06-15,356,356,ROYAL AMWAJ,رويال أمواج,شركة نخيل (ش.م.خ),nakheel,Palm Jumeirah,Palm Jumeirah,FINISHED,542,3,21,0,542,1201,60,3812772;3812773;3812774,3,1528433332
PN1342,register_extract_2026-06-15,1342,7531224,REEM-MIRA COMMUNITY PH5,مجتمع ريم ميرا PH5,الاريام المرحلة الاولى ش.ذ.م.م,الاريام-المرحله-الاولي,Al Yelayiss 1,,FINISHED,8,1,317,0,8,1099,46,9211834;9211835;9211836;9211837;9211838;9211839;9211840;9211841;9211842;9211843;9211844;9211845;9211846;9211847;9211848;9211849;9211850;9211851;9211852;9211853;9211854;9211855;9211856;9211857;9211858;9211859;9211860;9211861;9211862;9211863;9211864;9211865;9211866;9211867;9211868;9211869;9211870;9211871;9211872;9211873;9211874;9211875;9211876;9211877;9211878;9211879;9211880;9211881;9211882;9211883;9211884;9211885;9211886;9211887;9211888;9211889;9211890;9211891;9211892;9211893,91,930677848
PN130,register_extract_2026-06-15,130,130,CAYAN TOWER,برج كيان,اعمار العقارية (ش . م. ع),emaar,Marsa Dubai,Dubai Marina,FINISHED,506,2,2,501,506,2073,79,3920570,1,393889052
PN474,register_extract_2026-06-15,474,474,ARYENE GREENS,أرين جرينز,رمرام ش.ذ.م.م,رمرام,Arjan,Arjan,ACTIVE,124,2,2,124,124,223,18,6731266,1,1034587944
PN1499,register_extract_2026-06-15,1499,12193740,TOWER 108,تاور 108,قرية جميرا (ش.ذ.م.م),قريه-جميرا,Al Barsha South Fourth,Jumeirah Village Circle,FINISHED,418,1,1,0,418,746,60,6817791,1,962104216
PN1951,register_extract_2026-06-15,1951,137915630,Azizi Riviera 3,عزيزي ريفييرا 3,مجموعة ميدان (ش.ذ.م.م),meydan,Al Merkadh,Meydan One Community,FINISHED,301,1,1,0,302,410,29,3474978,1,1444659618
PN159,register_extract_2026-06-15,159,159,PRIME TOWER,برج برايم,الخليج التجاري (ش.ذ.م.م),الخليج-التجاري,Business Bay,Business Bay,FINISHED,206,1,1,112,206,530,24,3460451,1,276307827
PN2168,register_extract_2026-06-15,2168,258360050,Creek Beach - Surf,شاطئ الخور - سيرف,دبي كريك هاربور ش.ذ.م.م,دبي-كريك-هاربور,Al Khairan First,Dubai Creek Harbour,FINISHED,173,2,2,0,173,321,30,4154766,1,
PN1311,register_extract_2026-06-15,1311,1311,BD BOULEVARD PLAZA,بي دي بوليفارد بلازا,اعمار العقارية (ش . م. ع),emaar,Burj Khalifa,DownTown Dubai,FINISHED,251,3,3,0,251,523,12,3450894,1,2028418062
PN2892,register_extract_2026-06-15,2892,569621985,"The Residences, Al Habtoor Grand",ذا ريزيدنسيز، الحبتور جراند,شمال العقارية ش.ذ.م.م,شمال-العقاريه,Marsa Dubai,,ACTIVE,272,5,5,0,283,63,42,3920536,1,125344629;1266317318;439540869
PN1178,register_extract_2026-06-15,1178,1178,CHURCHILL TOWER,تشرشل تاور,دبي للعقارات (ش.ذ.م.م),dubai-properties,Business Bay,Business Bay,FINISHED,1168,2,2,472,1168,4059,149,3460563,1,2124847489
PN2527,register_extract_2026-06-15,2527,462463162,EXQUISITE LIVING RESIDENCES,اكسكوزيت ليفينج ريذيدنسز,إعمار للتطوير (مساهمة عامة),emaar,Burj Khalifa,DownTown Dubai,ACTIVE,234,1,1,0,234,299,16,3450391,1,1212279698
PN1145,register_extract_2026-06-15,1145,1145,MAG218,ماج 218,اعمار العقارية (ش . م. ع),emaar,Marsa Dubai,Dubai Marina,FINISHED,562,1,1,555,562,1841,66,3920199,1,1276305421
PN3357,register_extract_2026-06-15,3357,674589798,EMPIRE LAKEVIEWS,إمباير ليك فيوز,ليوان(ش.ذ.م.م.),ليوان,Wadi Al Safa 2,Liwan1,NOT_STARTED,634,1,1,0,634,564,392,6437742,1,
PN2502,register_extract_2026-06-15,2502,452008579,LIV LUX,ليف لوكس,إعمار للتطوير (مساهمة عامة),emaar,Marsa Dubai,Dubai Marina,ACTIVE,229,1,1,0,229,251,17,3920288,1,
PN84,register_extract_2026-06-15,84,84,AL MANARA,المنارة,دبي للعقارات (ش.ذ.م.م),dubai-properties,Business Bay,Business Bay,FINISHED,321,1,1,0,321,1137,22,3460487,1,741929541
PN16,register_extract_2026-06-15,16,16,LAKESIDE RESIDENCE,ليك سايد ريزيدنس,مركز دبي للسلع المتعددة,مركز-دبي-للسلع-المتعدده,Al Thanyah Fifth,Jumeirah Lakes Towers,FINISHED,358,1,1,358,358,815,47,3930967,1,140602963
PN86,register_extract_2026-06-15,86,86,PALLADIUM,البلاديوم,مركز دبي للسلع المتعددة,مركز-دبي-للسلع-المتعدده,Al Thanyah Fifth,Jumeirah Lakes Towers,FINISHED,320,1,1,212,320,919,26,3930961,1,903642100
PN3206,register_extract_2026-06-15,3206,640777396,One.B Tower,ون بي تاور,الخليج التجاري (ش.ذ.م.م),الخليج-التجاري,Business Bay,,ACTIVE,262,1,1,0,262,179,44,3460165,1,138432710
PN52,register_extract_2026-06-15,52,52,MAYFAIR RESIDENCY,ميفير ريزيدنس,دبي للعقارات (ش.ذ.م.م),dubai-properties,Business Bay,Business Bay,FINISHED,217,1,1,213,217,717,36,3460634,1,1389277896
PN1523,register_extract_2026-06-15,1523,12727332,DAMAC HILLS - ARTESIA,دماك هيلز - أرتسيا,دبي لاند (ش.ذ.م.م),دبي-لاند,Al Hebiah Third,DAMAC HILLS,FINISHED,1246,5,5,0,1261,1697,104,6765408,1,828529965
PN2499,register_extract_2026-06-15,2499,450857491,Vincitore Volare,فينسيتور فولاري,ليوان(ش.ذ.م.م.),ليوان,Arjan,Arjan,ACTIVE,415,1,1,0,415,423,18,6731287,1,669961970
PN3738,register_extract_2026-06-15,3738,754568971,Azizi Riviera 66,عزيزي ريفيرا 66,مجموعة ميدان (ش.ذ.م.م),meydan,Al Merkadh,Meydan One Community,ACTIVE,112,1,1,0,112,24,23,3475096,1,1101879925
PN60,register_extract_2026-06-15,60,60,CLAYTON RESIDENCY,كلايتون ريزيدنس,دبي للعقارات (ش.ذ.م.م),dubai-properties,Business Bay,Business Bay,FINISHED,173,1,1,164,173,564,16,3460654,1,2109444540
PN1188,register_extract_2026-06-15,1188,1188,QPOINT LIWAN-PLOT R004,كيو بوينت ليوان -PLOT R004,رمرام ش.ذ.م.م,رمرام,Wadi Al Safa 2,Liwan1,FINISHED,220,1,1,220,220,468,11,6437731,1,
PN297,register_extract_2026-06-15,297,297,BOTANICA,بوتانيكا,اعمار العقارية (ش . م. ع),emaar,Marsa Dubai,Dubai Marina,FINISHED,371,1,1,365,371,1258,64,3920279,1,904747028
PN316,register_extract_2026-06-15,316,316,WINDSOR MANOR,ويندسور مانور,دبي للعقارات (ش.ذ.م.م),dubai-properties,Business Bay,Business Bay,FINISHED,346,1,1,338,346,828,23,3460757,1,
PN919,register_extract_2026-06-15,919,919,ZENITH TOWER A1,برج زينيث A1,مدينة دبي الرياضية (ش. ذ. م. م),مدينه-دبي-الرياضيه,Al Hebiah Fourth,Dubai Sports City,FINISHED,197,1,1,197,197,371,18,6820271,1,825725745
PN2191,register_extract_2026-06-15,2191,284643698,Creek Palace,كريك بالاس,ذي لاجونز المرحلة الاولى ش.ذ.م.م,ذي-لاجونز-المرحله-الاولي,Al Khairan First,Dubai Creek Harbour,FINISHED,337,1,1,0,354,631,77,4154947,1,
PN1835,register_extract_2026-06-15,1835,43658450,MIRDIF HILLS- AL MULTAQA AVENUE,تلال مردف - الملتقى أفنيو,دبي للاستثمار العقاري (ش ذ م م),دبي-للاستثمار-العقاري,Mirdif,,FINISHED,491,5,5,0,491,396,35,2519276,1,
PN3615,register_extract_2026-06-15,3615,733580464,Azizi Riviera 53,عزيزي ريفيرا 53,مجموعة ميدان (ش.ذ.م.م),meydan,Al Merkadh,Meydan One Community,ACTIVE,225,1,1,0,225,2,1,3475069,1,1681454850
PN414,register_extract_2026-06-15,414,414,BUSINESS TOWER,بزنس تاور,دبي للعقارات (ش.ذ.م.م),dubai-properties,Business Bay,Business Bay,FINISHED,166,1,1,1,166,547,28,3460552,1,224999262
PN2886,register_extract_2026-06-15,2886,569133085,Euphoric Residences,يوفوريك ريزدنسز,اعمار العقارية (ش . م. ع),emaar,Burj Khalifa,DownTown Dubai,ACTIVE,276,1,1,0,276,281,6,3450385,1,1974642239
PN1364,register_extract_2026-06-15,1364,9533811,DAMAC HILLS - GOLF VEDUTA,داماك هيلز - جولف فيدوتا,داماك كريسنت للعقارات (ش.ذ.م.م),damac,Al Hebiah Third,DAMAC HILLS,FINISHED,151,2,2,0,151,327,24,6767219,1,814347936
PN1994,register_extract_2026-06-15,1994,148398435,Azizi Riviera 14,عزيزي ريفيرا 14,مجموعة ميدان (ش.ذ.م.م),meydan,Al Merkadh,Meydan One Community,FINISHED,228,1,1,0,230,332,28,3475001,1,930019235
PN1263,register_extract_2026-06-15,1263,1263,EXECUTIVE BAY B,الخليج التنفيذي ب,الخليج التجاري (ش.ذ.م.م),الخليج-التجاري,Business Bay,Business Bay,FINISHED,298,4,4,178,298,837,31,3466875,1,1655796396
PN1461,register_extract_2026-06-15,1461,1461,THE DUBAI MALL,دبي مول,اعمار العقارية (ش . م. ع),emaar,Burj Khalifa,DownTown Dubai,FINISHED,2139,3,3,449,2139,1818,73,3450897,1,1411972936;330384867;852241376
PN3140,register_extract_2026-06-15,3140,624885016,South Garden B,B ساوث غاردن,جيه ايه جي للتطوير ش.ذ.م.م,جيه-ايه-جي-للتطوير,Jabal Ali First,Wasl Gate,ACTIVE,258,1,1,0,258,234,31,5912876,1,1980482377
PN2343,register_extract_2026-06-15,2343,391625516,Azizi Riviera 41,عزيزي ريفييرا 41,مجموعة ميدان (ش.ذ.م.م),meydan,Al Merkadh,Meydan One Community,FINISHED,248,1,1,0,248,354,41,3475050,1,1648716413
PN2302,register_extract_2026-06-15,2302,377252316,Ahad Residences,أحد ريزيدانسز,الخليج التجاري (ش.ذ.م.م),الخليج-التجاري,Business Bay,Business Bay,FINISHED,350,1,1,0,357,639,48,3460501,1,1199046128
PN547,register_extract_2026-06-15,547,547,DUBAI ARCH TOWER,دبي أرك تاور,مركز دبي للسلع المتعددة,مركز-دبي-للسلع-المتعدده,Al Thanyah Fifth,Jumeirah Lakes Towers,FINISHED,404,1,1,384,404,1258,42,3930948,1,915022414
PN1176,register_extract_2026-06-15,1176,1176,ONE BUSINESS BAY,ون بيزنس باي,دبي للعقارات (ش.ذ.م.م),dubai-properties,Business Bay,Business Bay,FINISHED,121,1,1,0,121,465,22,3460471,1,2142007833
PN3757,register_extract_2026-06-15,3757,757891393,Taiyo Residences,تايو ريزيدنسيز,جيه ايه جي للتطوير ش.ذ.م.م,جيه-ايه-جي-للتطوير,Jabal Ali First,Wasl Gate,NOT_STARTED,379,1,1,0,379,355,300,5919565,1,1365930621
PN662,register_extract_2026-06-15,662,662,PROFILE RESIDENCE,بروفايل ريزيدنس,مدينة دبي الرياضية (ش. ذ. م. م),مدينه-دبي-الرياضيه,Al Hebiah Fourth,Dubai Sports City,FINISHED,138,1,1,0,142,208,14,6820273,1,1545573725
PN2042,register_extract_2026-06-15,2042,168224988,Azizi Riviera 32,عزيزي ريفييرا 32,مجموعة ميدان (ش.ذ.م.م),meydan,Al Merkadh,Meydan One Community,FINISHED,247,1,1,0,248,352,24,3475061,1,1223436571
PN1685,register_extract_2026-06-15,1685,25474041,VOLANTE,فولانت,الخليج التجاري (ش.ذ.م.م),الخليج-التجاري,Business Bay,Business Bay,FINISHED,47,1,1,45,47,88,1,3460545,1,
PN2225,register_extract_2026-06-15,2225,341900129,"Mohammed Bin Rashid Al Maktoum City , District One Phase III  , Residences 8",مدينة محمد بن راشد ال مكتوم الحي الأول ، المرحلة الثالثة ، ريسيدنز 8,مجموعة ميدان (ش.ذ.م.م),meydan,Al Merkadh,Mohammed Bin Rashid AL Maktoum City -District -1 Community,FINISHED,73,1,1,0,101,72,0,3474851,1,983539803
PN1703,register_extract_2026-06-15,1703,27171206,"Mohammed Bin Rashid Al Maktoum City , District One Phase III  , Residences 4",مدينة  محمد بن راشد ال مكتوم- ديستركت ون ، المرحلة الثالثة ، ريسيدنز 4,الحي الاول - منطقة حرة,الحي-الاول,Al Merkadh,SOBHA HARTLAND,FINISHED,73,1,1,0,99,253,42,3474841,1,1492480728
PN2742,register_extract_2026-06-15,2742,527609215,AZIZI RIVIERA 65,عزيزى ريفيرا65,مجموعة ميدان (ش.ذ.م.م),meydan,Al Merkadh,Meydan One Community,FINISHED,169,1,1,0,169,158,37,3475093,1,1550361635
PN1635,register_extract_2026-06-15,1635,16514851,TOPAZ RESIDENCES 1,توباز ريزيدينسيس 1,سلطة دبي للمناطق الإقتصادية المتكاملة,سلطه-دبي-للمناطق-الاقتصاديه-المتكامله,Nadd Hessa,Silicon Oasis,FINISHED,136,2,1,136,136,261,10,6262625,1,366426242
PN1986,register_extract_2026-06-15,1986,146143244,Keturah Resort,منتجع كتوراه,مدينه دبى الطبيه منطقه حرة - ذ.م.م.,مدينه-دبي-الطبيه,Al Jadaf,Dubai Health Care City Phase 2,CONDITIONAL_ACTIVATING,231,8,12,0,231,181,12,3261493;3261494;3261496;3261497;3262984;3262985;3262988;3262989;3262990;3262993;3262994;3262995;3262998;3263004,14,1154405316;1604595255;1847051069;2001858047;2026674035;237969262;346794349;991103403
PN3596,register_extract_2026-06-15,3596,729059343,STAMN YUNI,ستيمن يوني,مراس العقارية (ش.ذ.م.م),meraas,Al Satwa,Jumeirah Garden City,NOT_STARTED,88,1,1,0,88,50,23,3342944,1,78729095
PN1988,register_extract_2026-06-15,1988,146775856,PANTHEON ELYSEE,بانثيون اليسي,قرية جميرا (ش.ذ.م.م),قريه-جميرا,Al Barsha South Fourth,Jumeirah Village Circle,FINISHED,272,2,1,0,272,477,26,6817022,1,2088210526
PN4054,register_extract_2026-06-15,4054,804635297,Orchid Residence 1,أوركيد ر?س?دنس 1,مؤسسه مدينه دبى للطيران,موسسه-مدينه-دبي-للطيران,Madinat Al Mataar,Dubai South Residential District,PENDING,44,1,1,0,44,1,0,5213021,1,225541291
PN1510,register_extract_2026-06-15,1510,12597060,AZIZI. YASAMINE,عزيزي ياسمين,الفرجان ( ش.ذ.م.م ),الفرجان,Jabal Ali First,Al Furjan,FINISHED,109,1,1,109,109,307,9,5913007,1,62923017
PN2668,register_extract_2026-06-15,2668,504709411,Symbolic Alpha,سيمبوليك ألفا,ليوان(ش.ذ.م.م.),ليوان,Wadi Al Safa 2,Liwan1,FINISHED,97,1,1,0,97,169,24,6437612,1,
PN2675,register_extract_2026-06-15,2675,507902751,Terrazzo Residences,تيرازو ريزيدنسز,قرية جميرا (ش.ذ.م.م),قريه-جميرا,Al Barsha South Fourth,Jumeirah Village Circle,ACTIVE,211,2,2,0,211,218,13,6816430,1,2002307266;423095356
PN3591,register_extract_2026-06-15,3591,727844957,Golden Woods Albab Views,جولدن وودز الباب فيوز,مؤسسه مدينه دبى للطيران,موسسه-مدينه-دبي-للطيران,Madinat Al Mataar,Dubai South Residential District,NOT_STARTED,132,1,1,0,132,67,53,5212927,1,460294290
PN1492,register_extract_2026-06-15,1492,11895881,MANAZEL ALKHOR,منازل الخور,قريه الثقافه ( ش.ذ.م.م),قريه-الثقافه,Al Jadaf,Jaddaf Waterfront,FINISHED,125,1,1,0,231,89,1,3260869,1,1735160222
PN388,register_extract_2026-06-15,388,388,GOLDEN MILE,جولدن ميل,شركة نخيل (ش.م.خ),nakheel,Palm Jumeirah,Palm Jumeirah,FINISHED,990,10,10,0,1039,3322,142,3812762;3812763,2,370964183
PN1919,register_extract_2026-06-15,1919,98109046,joya verde residences dubai,جويا فيردي ريزيدينس دبى,قرية جميرا (ش.ذ.م.م),قريه-جميرا,Al Barsha South Fourth,Jumeirah Village Circle,FINISHED,110,1,1,110,110,229,9,6816421,1,59280308
PN2056,register_extract_2026-06-15,2056,172054728,Dune Residency Dubai,ديون ريزيدنسي دبي,شركة النخلة - جميرا (ش.ذ.م.م),nakheel,Al Barsha South Fourth,Jumeirah Village Circle,FINISHED,99,0,1,98,99,238,40,6817768,1,1217220693
PN3243,register_extract_2026-06-15,3243,648520814,STAMN ONE,ستامن وان,مراس العقارية (ش.ذ.م.م),meraas,Al Satwa,Jumeirah Garden City,NOT_STARTED,77,1,1,0,77,53,27,3347629,1,1163213797
PN3452,register_extract_2026-06-15,3452,694302980,Wellington Ocean by ANK Motiwala Developments,ويلينغتون أوشن من تطوير شركة إيه إن كيه ميتولى,شركة نخيل (ش.م.خ),nakheel,Palm Deira,Palm Deira,ACTIVE,49,1,1,0,49,32,20,1010531,1,48363801
PN2802,register_extract_2026-06-15,2802,542672566,Manhattan 2 by SD,مانهاتن 2 باي اس دي,قرية جميرا (ش.ذ.م.م),قريه-جميرا,Al Barsha South Fourth,Jumeirah Village Circle,ACTIVE,193,1,1,0,193,199,5,6816755,1,
PN2541,register_extract_2026-06-15,2541,469339459,Time 2,تايم 2,دبي لاند ريزيدنسز (ش.ذ.م.م),دبي-لاند-ريزيدنسز,Wadi Al Safa 5,Dubai Land Residence Complex,ACTIVE,304,1,1,0,304,353,30,6488687,1,1868981786
PN149,register_extract_2026-06-15,149,149,GOLD CREST EXECUTIVE,جولد كريست اكزيكنتف,شركة نخيل (ش.م.خ),nakheel,Al Thanyah Fifth,Jumeirah Lakes Towers,FINISHED,574,1,1,324,574,1504,43,3930962,1,2034741027
PN2959,register_extract_2026-06-15,2959,584301540,Enqlave By Aqasa,جيب الاقصى,شركة نخيل (ش.م.خ),nakheel,Jabal Ali First,Discovery Gardens,ACTIVE,159,1,1,0,159,161,9,59110349,1,1414656210
PN3464,register_extract_2026-06-15,3464,698719655,Ashwood Residences by Skyland Horizons Real Estate Development,اشوود ريزيدنسز من سكاي لاند هوريزونز للتطوير العقاري,قرية جميرا (ش.ذ.م.م),قريه-جميرا,Al Barsha South Fifth,Jumeirah Village Triangle,ACTIVE,153,1,1,0,153,32,18,6843469,1,
PN3792,register_extract_2026-06-15,3792,764817468,AVANT GARDE RESIDENCES II BY SKYLINE,اوانت جارد  رسيدانس II من سكاي لاين بلدرز للعقارات,قرية جميرا (ش.ذ.م.م),قريه-جميرا,Al Barsha South Fourth,Jumeirah Village Circle,NOT_STARTED,223,1,1,0,223,126,124,6816991,1,
PN2603,register_extract_2026-06-15,2603,488098244,CONCEPT 7 RESIDENCES,كونسيبت 7 السكنى,قرية جميرا (ش.ذ.م.م),قريه-جميرا,Al Barsha South Fourth,Jumeirah Village Circle,FINISHED,160,1,1,0,160,225,28,6816331,1,
PN3572,register_extract_2026-06-15,3572,724289374,Celestara Residences,سيليستارا ريزيدنسز,قرية جميرا (ش.ذ.م.م),قريه-جميرا,Al Barsha South Fourth,Jumeirah Village Circle,NOT_STARTED,121,1,1,0,121,28,21,6817758,1,508212043
PN3223,register_extract_2026-06-15,3223,644473035,Natuzzi Harmony Residences by Peace Homes,ناتوزي هارموني ريزيدنسيس باي بيس هومز,شركة نخيل (ش.م.خ),nakheel,Palm Deira,Palm Deira,NOT_STARTED,50,1,1,0,50,22,15,1010528,1,1039516063
PN2829,register_extract_2026-06-15,2829,550192289,AZIZI VENICE 9,عزيزى فينيس 9,مؤسسه مدينه دبى للطيران,موسسه-مدينه-دبي-للطيران,Madinat Al Mataar,Dubai World Central,ACTIVE,778,2,3,0,778,552,332,5211353,1,
PN2692,register_extract_2026-06-15,2692,510830250,SLS RESIDENCES AT PALM JUMEIRAH,س ل س ريزيدنسز أت بالم جميرا,شركة النخلة - جميرا (ش.ذ.م.م),nakheel,Palm Jumeirah,Palm Jumeirah,ACTIVE,114,1,1,0,114,84,1,3812217,1,1928008985
PN3852,register_extract_2026-06-15,3852,780581406,ELTIERA HEIGHTS,إلتييرا هايتس,شركة نخيل (ش.م.خ),nakheel,Al Thanyah Fifth,Jumeirah Islands,NOT_STARTED,357,1,1,0,357,301,300,3934253,1,1687337813
PN1708,register_extract_2026-06-15,1708,27378229,TOPAZ RESIDENCES 2,توباز ريزيدنسز 2,سلطة دبي للمناطق الإقتصادية المتكاملة,سلطه-دبي-للمناطق-الاقتصاديه-المتكامله,Nadd Hessa,Silicon Oasis,FINISHED,202,1,1,0,202,167,19,6262629,1,1967139919
PN2890,register_extract_2026-06-15,2890,569452124,HELVETIA RESIDENCES,هلفيتيا ريزيدنس,قرية جميرا (ش.ذ.م.م),قريه-جميرا,Al Barsha South Fourth,Jumeirah Village Circle,ACTIVE,432,1,1,0,432,365,67,6810397,1,303961525
PN4122,register_extract_2026-06-15,4122,819413954,"Solaya (4,6)","سولايا (4,6)",مراس العقارية (ش.ذ.م.م),meraas,Jumeirah First,LA MER,PENDING,44,0,2,0,44,42,40,3321882,1,
PN2637,register_extract_2026-06-15,2637,88015952,ELBRUS TOWER,ايلبروس تاور,قرية جميرا (ش.ذ.م.م),قريه-جميرا,Al Barsha South Fifth,Jumeirah Village Triangle,ACTIVE,271,1,1,0,271,218,20,6843410,1,775786017
PN3400,register_extract_2026-06-15,3400,682974700,999 Residences by Reef Luxury Development,ريزيدنس من ريف للتطوير العقاري الفاخر 999,شركة نخيل (ش.م.خ),nakheel,Jabal Ali First,Al Furjan,NOT_STARTED,148,2,2,0,148,141,75,5911829,1,624149718
PN422,register_extract_2026-06-15,422,422,SUBERBIA,سبربيى,ليمتلس ش .ذ.م.م,ليمتلس,Jabal Ali Industrial Second,Down Town Jabal Ali,FINISHED,387,3,3,359,387,1012,70,5180184,1,111574490;2136402328;486592665
PN54,register_extract_2026-06-15,54,54,MADISON RESIDENCY,ماديسون ريزيدنس,تيكوم للإستثمارات منطقة حرة- ذ.م.م,تيكوم-للاستثمارات,Al Thanyah First,Barsha Heights,FINISHED,311,1,1,311,311,1316,36,3830359,1,
PN1884,register_extract_2026-06-15,1884,78776074,The Pulse Boulevard Apartments - C3,C3-النبض شقق الجادة,مؤسسه مدينه دبى للطيران,موسسه-مدينه-دبي-للطيران,Madinat Al Mataar,Dubai South Residential District,FINISHED,157,1,1,0,158,264,26,5213467,1,350250231
PN3538,register_extract_2026-06-15,3538,713784290,TULIP OASIS 11,توليب أويسس 11,ليوان(ش.ذ.م.م.),ليوان,Wadi Al Safa 3,Majan,ACTIVE,108,1,1,0,108,90,83,6455941,1,2110459106
PN3645,register_extract_2026-06-15,3645,738479264,Lusin Residences by Ermax Development,لوزين ريزدنس باي ايرماكس ديفيلوبمنت,انترناشونال سيتي ( ش.ذ.م.م ),انترناشونال-سيتي,Al Warsan First,International City Phase 1,PENDING,57,1,1,0,57,6,4,6211384,1,
PN2870,register_extract_2026-06-15,2870,563766979,Roma Residences by JRP,روما ريزيدنس باي جي آر بي,قرية جميرا (ش.ذ.م.م),قريه-جميرا,Al Barsha South Fourth,Jumeirah Village Circle,ACTIVE,80,1,1,0,80,88,5,6816323,1,255934433
PN2535,register_extract_2026-06-15,2535,465784051,Binghatti Crescent,بن غاطي كريسنت,قرية جميرا (ش.ذ.م.م),قريه-جميرا,Al Barsha South Fourth,Jumeirah Village Circle,FINISHED,170,1,1,0,170,314,35,6816388,1,814820535
PN3649,register_extract_2026-06-15,3649,739129149,Augusta,أوغستا,نشاما للعقارات لمالكها نشمي ديفلوبمنت شركة الشخص الواحد ش.ذ.م.م,nshama,Al Yelayiss 2,TOWN SQUARE,NOT_STARTED,154,1,1,0,154,140,19,92225808,1,1388591135
PN3814,register_extract_2026-06-15,3814,769914994,Azizi Venice 16,عزيزي فينيس 16,مؤسسه مدينه دبى للطيران,موسسه-مدينه-دبي-للطيران,Madinat Al Mataar,Dubai World Central,NOT_STARTED,1055,1,1,0,1055,295,290,5211363,1,
PN3107,register_extract_2026-06-15,3107,617282507,One by Binghatti,ون من بن غاطي,الخليج التجاري (ش.ذ.م.م),الخليج-التجاري,Business Bay,Business Bay,ACTIVE,755,1,1,0,755,650,218,3460507,1,1416390896
PN3432,register_extract_2026-06-15,3432,688763508,Celia gardens,سيليا غاردنز,مراس العقارية (ش.ذ.م.م),meraas,Nad Al Shiba First,Nad Al Sheba Gardens,ACTIVE,44,1,1,0,44,22,17,6185417,1,504774233
PN1513,register_extract_2026-06-15,1513,12626401,AZIZI. ORCHID,عزيزي أوركيد,الفرجان ( ش.ذ.م.م ),الفرجان,Jabal Ali First,Al Furjan,FINISHED,99,1,1,99,99,297,27,5913003,1,498160548
PN2212,register_extract_2026-06-15,2212,301674157,CLOUD Tower,كلاود تاور,قرية جميرا (ش.ذ.م.م),قريه-جميرا,Al Barsha South Fifth,Jumeirah Village Triangle,ACTIVE,456,2,2,0,456,579,169,6843412,1,1064493586;1298666667
PN3209,register_extract_2026-06-15,3209,641369288,LAZORD BY LAPIS,لازورد باي لابيس,ليوان(ش.ذ.م.م.),ليوان,Wadi Al Safa 3,Majan,ACTIVE,313,1,1,0,313,248,62,6457792,1,229396924
PN2775,register_extract_2026-06-15,2775,536775740,Park Lane,بارك لين,دبي هيلز استيت ش.ذ.م.م,dubai-hills-estate,Hadaeq Sheikh Mohammed Bin Rashid,Dubai Hills Estate,ACTIVE,854,7,7,0,854,900,41,63111215,1,1664842758;1812585108;1815941091;1876318373;244814854;3766930;570311644
PN3424,register_extract_2026-06-15,3424,687015537,Oasis Loft,اويسيس لوفت,سلطة دبي للمناطق الإقتصادية المتكاملة,سلطه-دبي-للمناطق-الاقتصاديه-المتكامله,Nadd Hessa,Silicon Oasis,NOT_STARTED,164,1,1,0,164,170,23,6261577,1,318747510
PN2843,register_extract_2026-06-15,2843,556089384,Cello Residences,تشيللو ريزيدنسز,شركة نخيل (ش.م.خ),nakheel,Al Barsha South Fourth,Jumeirah Village Circle,ACTIVE,392,2,2,0,392,365,28,6817801,1,
PN3287,register_extract_2026-06-15,3287,657207697,DGM Vision,دي جي ام فيجن,مراس العقارية (ش.ذ.م.م),meraas,Al Satwa,Jumeirah Garden City,ACTIVE,95,1,1,0,95,98,63,3342733,1,1633765626
PN2981,register_extract_2026-06-15,2981,591194048,HATIMI RESIDENCES BY FAKHRUDDIN,حاتمي ريزيدنس باي فخرالدين,شركة نخيل (ش.م.خ),nakheel,Palm Deira,Palm Deira,NOT_STARTED,116,1,1,0,116,102,14,1010581,1,396532803
PN2474,register_extract_2026-06-15,2474,444885393,Zazen Gardens,زازين غاردنز,الفرجان ( ش.ذ.م.م ),الفرجان,Jabal Ali First,Al Furjan,FINISHED,157,1,1,0,157,270,21,5911788,1,102511501
PN3276,register_extract_2026-06-15,3276,654757950,Bonds Avenue Residences,بوندز افينيو ريزدنس,النخلة  - ديره (ش.ذ.م.م),nakheel,Palm Deira,Palm Deira,NOT_STARTED,75,1,1,0,75,58,13,1010522,1,817182807
PN2707,register_extract_2026-06-15,2707,516332524,Samana Golf Views,سامانا جولف  فيوز,مدينة دبي الرياضية (ش. ذ. م. م),مدينه-دبي-الرياضيه,Al Hebiah Fourth,Dubai Sports City,ACTIVE,243,1,1,0,243,248,7,6820155,1,358769438
PN2799,register_extract_2026-06-15,2799,542253249,AZIZI VENICE 3,عزيزى فينيس3,مؤسسه مدينه دبى للطيران,موسسه-مدينه-دبي-للطيران,Madinat Al Mataar,Dubai World Central,ACTIVE,352,2,2,0,352,261,50,5211350,1,
PN43,register_extract_2026-06-15,43,43,CORAL RESIDENCE,كورال ريزيدنس,سلطة دبي للمناطق الإقتصادية المتكاملة,سلطه-دبي-للمناطق-الاقتصاديه-المتكامله,Nadd Hessa,Silicon Oasis,FINISHED,145,1,1,145,145,505,21,6261842,1,497383696
PN2790,register_extract_2026-06-15,2790,540161163,ELLINGTON HOUSE IV,IV إلينغتون هاوس,دبي هيلز استيت ش.ذ.م.م,dubai-hills-estate,Hadaeq Sheikh Mohammed Bin Rashid,Dubai Hills Estate,ACTIVE,110,1,1,0,110,114,13,6312346,1,816807587
PN3275,register_extract_2026-06-15,3275,654592316,Lumina,لومينا,مدينه دبى الطبيه منطقه حرة - ذ.م.م.,مدينه-دبي-الطبيه,Um Hurair Second,Dubai Health Care City Phase 1,NOT_STARTED,24,1,1,0,24,5,2,3156274,1,
PN3714,register_extract_2026-06-15,3714,748815636,SUNSET BAY FOUR BY IMTIAZ,صن سيت باي فور من امتياز,شركة نخيل (ش.م.خ),nakheel,Palm Deira,Palm Deira,ACTIVE,63,1,1,0,63,66,40,1010532,1,1121369952
PN4132,register_extract_2026-06-15,4132,822707388,Primrose 1,برايم روز 1,دبي لاند ريزيدنسز (ش.ذ.م.م),دبي-لاند-ريزيدنسز,Wadi Al Safa 5,Dubai Land Residence Complex,PENDING,47,0,1,0,47,0,0,6488615,1,1594568811
PN1592,register_extract_2026-06-15,1592,14611754,The Community,المجتمع,قرية جميرا (ش.ذ.م.م),قريه-جميرا,Al Barsha South Fifth,Jumeirah Village Triangle,FINISHED,379,1,1,0,379,438,87,6849707,1,2105721106
PN2361,register_extract_2026-06-15,2361,401147435,Binghatti Creek,بن غاطي كريك,مدينه دبى الطبيه منطقه حرة - ذ.م.م.,مدينه-دبي-الطبيه,Al Jadaf,Dubai Health Care City Phase 2,FINISHED,335,1,1,0,335,589,44,3261709,1,867806452
PN1799,register_extract_2026-06-15,1799,33710887,Azizi Aliyah Residences,عزيزي علِّيا السكنية,مدينه دبى الطبيه منطقه حرة - ذ.م.م.,مدينه-دبي-الطبيه,Al Jadaf,Dubai Health Care City Phase 2,FINISHED,359,1,1,346,359,687,46,3261723,1,
PN4015,register_extract_2026-06-15,4015,796898049,Palace Residences Hillside A,A بالاس رزيدنسز هيلسايد,دبي هيلز استيت ش.ذ.م.م,dubai-hills-estate,Hadaeq Sheikh Mohammed Bin Rashid,Dubai Hills Estate,NOT_STARTED,360,1,1,0,360,345,345,63110657,1,693680665
PN2805,register_extract_2026-06-15,2805,543121347,Emerald Vision Tower,اميرالد فيجن تاور,قرية جميرا (ش.ذ.م.م),قريه-جميرا,Al Barsha South Fifth,Jumeirah Village Triangle,FINISHED,141,1,1,0,141,71,33,6848849,1,460029677
PN3817,register_extract_2026-06-15,3817,770532785,Azizi Milan 28,عزيزي ميلان 28,الياس و مصطفى كلداري لإدارة الاستثمار و التطوير (ش.ذ.م.م),الياس-و-مصطفي-كلداري-لاداره-الاستثمار-و-التطوير,Wadi Al Safa 4,City Of Arabia,NOT_STARTED,610,1,1,0,610,98,86,6466966,1,847382285
PN3339,register_extract_2026-06-15,3339,669749965,Verano By Prescott,فيرانو من بريسكوت,دى اتش ايه ام منطقه حره - ذ.م.م,دي-اتش-ايه-ام,Al Hebiah Second,Dubai Studio City,ACTIVE,269,1,1,0,269,240,33,6757816,1,2001656088
PN3284,register_extract_2026-06-15,3284,656450379,ESTRELLA BY NEXUS,استريلا من نكسيس,ليوان(ش.ذ.م.م.),ليوان,Wadi Al Safa 3,Majan,ACTIVE,60,1,1,0,60,10,7,6457939,1,1819971202
PN2537,register_extract_2026-06-15,2537,466957996,THE PORTMAN,بورتمان,قرية جميرا (ش.ذ.م.م),قريه-جميرا,Al Barsha South Fourth,Jumeirah Village Circle,ACTIVE,167,1,1,0,167,211,15,6816752,1,430780096
PN1917,register_extract_2026-06-15,1917,97549532,Azizi Pearl,عزيزي بيرل,الفرجان ( ش.ذ.م.م ),الفرجان,Jabal Ali First,Al Furjan,FINISHED,223,1,1,0,223,320,37,5911836,1,1925694545
PN3555,register_extract_2026-06-15,3555,718837584,LEVEN RESIDENCES,ليفين ريزيدينسز,قرية جميرا (ش.ذ.م.م),قريه-جميرا,Al Barsha South Fifth,Jumeirah Village Triangle,NOT_STARTED,228,1,1,0,228,197,100,6849728,1,78910722
PN2021,register_extract_2026-06-15,2021,158930255,Golden Wood Views,غولدن وود فيوس,قرية جميرا (ش.ذ.م.م),قريه-جميرا,Al Barsha South Fifth,Jumeirah Village Triangle,FINISHED,60,1,1,0,60,120,4,6848920,1,
PN1582,register_extract_2026-06-15,1582,14289957,MURABA RESIDENCES PALM JUMERIAH,مورابا ريزيدنس نخلة جميرا,شركة النخلة - جميرا (ش.ذ.م.م),nakheel,Palm Jumeirah,Palm Jumeirah,FINISHED,50,1,1,50,50,85,16,3814747,1,1559013798
PN1968,register_extract_2026-06-15,1968,139542812,Park ville 07,بارك فيل07,انترناشونال سيتي ( ش.ذ.م.م ),انترناشونال-سيتي,Warsan Fourth,International City Phase 3,FINISHED,84,1,1,84,84,129,7,6240919,1,
PN1878,register_extract_2026-06-15,1878,54058440,Dubai Wharf - Tower 1,دبي وورف - برج 1,دبي للعقارات (ش.ذ.م.م),dubai-properties,Al Jadaf,Jaddaf Waterfront,FINISHED,128,1,1,128,128,0,0,3265635,1,
PN1804,register_extract_2026-06-15,1804,34144880,THE PULSE TOWNHOUSES,النبض المنازل,مؤسسه مدينه دبى للطيران,موسسه-مدينه-دبي-للطيران,Madinat Al Mataar,Dubai South Residential District,FINISHED,243,41,41,238,243,561,30,5213128,1,1923611839
PN1782,register_extract_2026-06-15,1782,32823025,AL JAWHARA TOWER,برج الجوهرة,قرية جميرا (ش.ذ.م.م),قريه-جميرا,Al Barsha South Fifth,,FINISHED,532,1,1,0,540,875,65,6848905,1,1343658626
PN2650,register_extract_2026-06-15,2650,501262614,AZIZI VISTA,عزيزى فيستا,دى اتش ايه ام منطقه حره - ذ.م.م,دي-اتش-ايه-ام,Al Hebiah Second,Dubai Studio City,FINISHED,163,1,1,0,163,201,78,6757700,1,
PN2128,register_extract_2026-06-15,2128,225969732,Palace Residences - Dubai Creek Harbour,بالاس رزيدنسز - خور دبي,ذي لاجونز المرحلة الاولى ش.ذ.م.م,ذي-لاجونز-المرحله-الاولي,Al Khairan First,Dubai Creek Harbour,FINISHED,592,2,2,0,714,1158,76,4154763,1,1480575785
PN2414,register_extract_2026-06-15,2414,422740774,MYKA Residence,ميكا ريزدنس,تيكوم للإستثمارات منطقة حرة- ذ.م.م,تيكوم-للاستثمارات,Me'Aisem First,International Media Production Zone,FINISHED,120,1,1,0,120,207,20,6854421,1,718636211
PN2323,register_extract_2026-06-15,2323,386110372,O10,,مدينه دبى الطبيه منطقه حرة - ذ.م.م.,مدينه-دبي-الطبيه,Al Jadaf,Dubai Health Care City Phase 2,FINISHED,126,1,1,0,129,220,46,3261708,1,739078097
PN2026,register_extract_2026-06-15,2026,162465361,PLAZZO HEIGHTS,بلازو هايتس,قرية جميرا (ش.ذ.م.م),قريه-جميرا,Al Barsha South Fourth,Jumeirah Village Circle,FINISHED,116,1,1,0,116,159,25,6816151,1,36534974
PN871,register_extract_2026-06-15,871,871,EDMONTON ELM,إدمونتون إلم,شركة نخيل (ش.م.خ),nakheel,Al Barsha South Fifth,Jumeirah Village Triangle,FINISHED,65,1,1,0,66,213,23,6848922,1,160602788
PN3020,register_extract_2026-06-15,3020,600718571,AZIZI JEWEL,عزيزى جويل,الفرجان ( ش.ذ.م.م ),الفرجان,Jabal Ali First,Al Furjan,NOT_STARTED,280,1,1,0,280,231,144,5911850,1,1303293375
PN251,register_extract_2026-06-15,251,251,SANDOVAL GARDENS,ساندوفال جاردن,قرية جميرا (ش.ذ.م.م),قريه-جميرا,Al Barsha South Fourth,Jumeirah Village Circle,FINISHED,165,2,2,165,165,666,21,6817191,1,
PN3815,register_extract_2026-06-15,3815,770404105,Arib Collection,عريب كوليكشن,دبي لاند ريزيدنسز (ش.ذ.م.م),دبي-لاند-ريزيدنسز,Wadi Al Safa 5,Dubai Land Residence Complex,NOT_STARTED,49,1,1,0,49,4,2,6489096,1,2071859304
PN1040,register_extract_2026-06-15,1040,1040,TIARA RESIDENCE,تيارا ريزيدنس,شركة نخيل (ش.م.خ),nakheel,Palm Jumeirah,Palm Jumeirah,FINISHED,647,10,10,0,647,1805,50,3812742,1,6736505
PN3146,register_extract_2026-06-15,3146,625112555,Peace Lagoons by Peace Homes,بيس لاغونز باي بيس هومز,دبي لاند ريزيدنسز (ش.ذ.م.م),دبي-لاند-ريزيدنسز,Wadi Al Safa 5,Dubai Land Residence Complex,NOT_STARTED,1000,1,1,0,1000,806,263,6489264,1,1639945979
PN1285,register_extract_2026-06-15,1285,1285,JUMEIRAH HEIGHTS FRONDS,مرتفعات جميرا,شركة نخيل (ش.م.خ),nakheel,Al Thanyah Fifth,Jumeirah Islands,CONDITIONAL_ACTIVATING,1372,4,16,1372,1372,58,0,3934145,1,1540234961;787927343
PN3194,register_extract_2026-06-15,3194,637325436,AL SERH RESIDENCES 11 BY ASAK REAL ESTATE DEVELOPMENT,مساكن الصرح 11,شركة نخيل (ش.م.خ),nakheel,Al Barsha South Fourth,Jumeirah Village Circle,FINISHED,105,2,2,46,151,128,32,6816170,1,
PN2349,register_extract_2026-06-15,2349,393746570,LAYA HEIGHTS,,تيكوم للإستثمارات منطقة حرة- ذ.م.م,تيكوم-للاستثمارات,Al Hebiah Second,Dubai Studio City,FINISHED,396,1,1,0,397,584,108,6757734,1,1373599495
PN776,register_extract_2026-06-15,776,776,SILICON GATE2,بوابة السيليكون 2,سلطة دبي للمناطق الإقتصادية المتكاملة,سلطه-دبي-للمناطق-الاقتصاديه-المتكامله,Nadd Hessa,Silicon Oasis,FINISHED,132,1,1,131,132,290,9,6262561,1,
PN3197,register_extract_2026-06-15,3197,638225365,Club Place,كلوب بلايس,دبي هيلز استيت ش.ذ.م.م,dubai-hills-estate,Hadaeq Sheikh Mohammed Bin Rashid,Dubai Hills Estate,ACTIVE,473,3,3,0,473,492,35,63111219,1,2131133273
PN2472,register_extract_2026-06-15,2472,444001855,Bali Residences,بالي مساكن,قرية جميرا (ش.ذ.م.م),قريه-جميرا,Al Barsha South Fifth,Jumeirah Village Triangle,FINISHED,121,1,1,0,121,283,19,6843530,1,1781591799
PN1769,register_extract_2026-06-15,1769,31809936,Burj Sabah,برج صباح,شركة نخيل (ش.م.خ),nakheel,Al Barsha South Fourth,Jumeirah Village Circle,FINISHED,230,0,1,228,230,10,5,6816725,1,1826575293
PN2950,register_extract_2026-06-15,2950,582784296,Enaya Residences,انايا ريزيدنسز,قرية جميرا (ش.ذ.م.م),قريه-جميرا,Al Barsha South Fifth,Jumeirah Village Triangle,ACTIVE,61,1,1,0,61,37,14,6848921,1,191250638
PN1689,register_extract_2026-06-15,1689,25732410,BINGHATTI VIEWS,بن غاطي فيوز,سلطة دبي للمناطق الإقتصادية المتكاملة,سلطه-دبي-للمناطق-الاقتصاديه-المتكامله,Nadd Hessa,Silicon Oasis,FINISHED,174,1,1,171,174,401,29,6261587,1,1806110437
PN2751,register_extract_2026-06-15,2751,532169873,HAVEN LIVING,هـايفين ليفينج,شركة نخيل (ش.م.خ),nakheel,Palm Deira,Palm Deira,ACTIVE,51,1,1,0,51,52,8,1010206,1,211337433
PN1619,register_extract_2026-06-15,1619,15643745,Seventh Heaven - Ashjar,سفنث هيفن - أشجار,شركة أبواب العقارية المحدودة (ش.ذ.م.م),ابواب-العقاريه-المحدوده,Wadi Al Safa 3,,FINISHED,302,15,13,121,317,683,140,6453380;6453986;6455911;6455913,4,
PN2,register_extract_2026-06-15,2,2,JUMEIRAH BUSINESS CENTRE 5,جميرا بزنس سنتر 5,مركز دبي للسلع المتعددة,مركز-دبي-للسلع-المتعدده,Al Thanyah Fifth,Jumeirah Lakes Towers,FINISHED,299,1,1,0,299,928,47,3930919,1,590854357
PN320,register_extract_2026-06-15,320,320,GALLERY VILLAS,جاليري فيلا,مدينة دبي الرياضية (ش. ذ. م. م),مدينه-دبي-الرياضيه,Al Hebiah Fourth,Dubai Sports City,FINISHED,108,12,16,1,108,12,0,6820127;6820143;6820283;6820286;6820511;6820585;6820899;6820949;6821052;6821271;6821283;6821359;6821360;6821364;6821373;6821399;6821404;6821407;6821449;6821450;6821451;6821476;6821477;6821483;6821485;6821486;6821487;6821571;6821834;6821891;6821892;6821893;6822577;6822578;6822579;6822580;6822581;6822582;6822583;6822584;6822585;6822586;6822587;6822590;6822592;6822593;6822594;6822595;6822695;6822704;6822705;6822706;6822708;6822709;6823849;6823874;6824239;6824435;6825128;6825131,69,146232036
PN1346,register_extract_2026-06-15,1346,8269622,The Hills,التلال,اعمار العقارية (ش . م. ع),emaar,Al Thanyah Third,,FINISHED,593,5,5,426,602,1698,68,3880102;3886352,2,1081641222;1304076756;1689242137;276743348;751269619
PN2579,register_extract_2026-06-15,2579,481666710,Tiger Sky Tower,برج تايجر سكاي,الخليج التجاري (ش.ذ.م.م),الخليج-التجاري,Business Bay,Business Bay,ACTIVE,849,1,1,0,849,316,190,3460688,1,856603261
PN413,register_extract_2026-06-15,413,413,THE SIGNATURE,سيجنتشر,اعمار العقارية (ش . م. ع),emaar,Burj Khalifa,DownTown Dubai,FINISHED,357,1,1,355,357,903,52,3450393,1,
PN1847,register_extract_2026-06-15,1847,45970166,The 50,ذا 50,ليوان(ش.ذ.م.م.),ليوان,Wadi Al Safa 3,Majan,FINISHED,60,1,1,0,60,37,23,6457946,1,1652575311
PN397,register_extract_2026-06-15,397,397,THE MEDALIST,ميداليست,مدينة دبي الرياضية (ش. ذ. م. م),مدينه-دبي-الرياضيه,Al Hebiah Fourth,Dubai Sports City,FINISHED,154,1,1,154,154,360,20,6820158,1,276154197
PN3120,register_extract_2026-06-15,3120,619672688,La Boutique,لا بوتيك,دبي للعقارات (ش.ذ.م.م),dubai-properties,Al Jadaf,Jaddaf Waterfront,ACTIVE,119,1,1,0,119,129,9,3260880,1,1599847682
PN1404,register_extract_2026-06-15,1404,11411833,VIDA RESIDENCE DOWNTOWN DUBAI,فيدا رزيدنس وسط مدينة دبي,اعمار العقارية (ش . م. ع),emaar,Burj Khalifa,DownTown Dubai,FINISHED,347,1,1,0,347,898,69,3456794,1,1297386474
PN3838,register_extract_2026-06-15,3838,774553524,ASPIRZ By Danube,أسبايرز من دانوب,مدينة دبي الرياضية (ش. ذ. م. م),مدينه-دبي-الرياضيه,Al Hebiah Fourth,Dubai Sports City,NOT_STARTED,706,1,1,0,706,528,524,6824303,1,747296511
PN53,register_extract_2026-06-15,53,53,MAYFAIR TOWER,برج مايفير,دبي للعقارات (ش.ذ.م.م),dubai-properties,Business Bay,Business Bay,FINISHED,224,1,1,218,224,692,20,3460632,1,1595394521
PN1961,register_extract_2026-06-15,1961,139034831,Prime Views,بريم فيوز,مجموعة ميدان (ش.ذ.م.م),meydan,Nad Al Shiba First,Meydan Racecourse Community,FINISHED,153,1,1,0,153,312,18,6184158,1,1426736538
PN2189,register_extract_2026-06-15,2189,284589643,Creek Beach - Grove,شاطئ الخور - جروف,دبي كريك هاربور ش.ذ.م.م,دبي-كريك-هاربور,Al Khairan First,Dubai Creek Harbour,FINISHED,269,5,5,0,291,570,56,4154766,1,124345602;1339567369;1709298407;246214337;532879009
PN1717,register_extract_2026-06-15,1717,27826933,NO.9 & NO.10 CITYWALK RESIDENTIAL,نو.9 ، نو.10 سيتي ووك ريزيدينشال,سيتي ووك ريزيدينشال 1 ش.ذ.م.م,سيتي-ووك-ريزيدينشال-1,Al Wasl,City Walk,FINISHED,166,2,2,149,166,622,20,3439445,1,1142122614
PN1941,register_extract_2026-06-15,1941,135647295,TONINO LAMBORGHINI RESIDENCES,تونينو لامبورغيني ريزيدنسز,مجموعة ميدان (ش.ذ.م.م),meydan,Nad Al Shiba First,Meydan Racecourse Community,ACTIVE,553,4,4,0,553,273,170,6184086,1,1510953542;1619028609;2004530583;931027655
PN2230,register_extract_2026-06-15,2230,346488630,Azizi Riviera 25,عزيزي ريفييرا 25,مجموعة ميدان (ش.ذ.م.م),meydan,Al Merkadh,Meydan One Community,FINISHED,276,1,1,0,277,426,22,3475019,1,1439328817
PN1280,register_extract_2026-06-15,1280,1280,BAY SQUARE,ساحة الخليج,الخليج التجاري (ش.ذ.م.م),الخليج-التجاري,Business Bay,Business Bay,FINISHED,1026,23,23,326,1026,3026,195,3466801,1,1443808523
PN2983,register_extract_2026-06-15,2983,591500953,TAT RESIDENCE,تات رزدنت,اعمار العقارية (ش . م. ع),emaar,Burj Khalifa,DownTown Dubai,PENDING,42,1,1,0,42,0,0,3450420,1,149797990
PN480,register_extract_2026-06-15,480,480,SOBHA IVORY - II,صبحا العاجي - II,دبي للعقارات (ش.ذ.م.م),dubai-properties,Business Bay,Business Bay,FINISHED,92,1,1,0,92,237,11,3460596,1,1661088796
PN323,register_extract_2026-06-15,323,323,CANAL RESIDENCE WEST (PHASE 1),كانل ريزيدنس ويست (فيس 1),مدينة دبي الرياضية (ش. ذ. م. م),مدينه-دبي-الرياضيه,Al Hebiah Fourth,Dubai Sports City,FINISHED,612,3,3,590,612,1868,88,6821402,1,716538365
PN1541,register_extract_2026-06-15,1541,13027437,HAMENI,هامينى,قرية جميرا (ش.ذ.م.م),قريه-جميرا,Al Barsha South Fourth,Jumeirah Village Circle,FINISHED,504,1,1,497,504,1254,86,6817413,1,1257050063
PN2554,register_extract_2026-06-15,2554,473421787,Viewz 1 By Danube,فيوز1 من دانوب,مركز دبي للسلع المتعددة,مركز-دبي-للسلع-المتعدده,Al Thanyah Fifth,Jumeirah Lakes Towers,ACTIVE,564,1,1,0,564,612,22,3936019,1,1527740572
PN3098,register_extract_2026-06-15,3098,614034710,CLAYDON HOUSE BY ELLINGTON,كلايدون هاوس من إلينغتون,مجموعة ميدان (ش.ذ.م.م),meydan,Bukadra,,ACTIVE,415,1,1,0,415,404,45,6117214,1,
PN1905,register_extract_2026-06-15,1905,93395204,Qline (Qpoint phase II) R010,كيولاين ( كيوبوينت فيز 2) R010,ليوان(ش.ذ.م.م.),ليوان,Wadi Al Safa 2,Liwan1,FINISHED,154,1,1,154,154,249,18,6437744,1,
PN1719,register_extract_2026-06-15,1719,27875224,"NO.1, NO.2A, NO.2B, NO.3A AND 3B CITYWALK RESIDENTIAL",نو.1، نو.2 إيه، نو.2 بي و نو.3 إيه، نو.3 بي سيتي ووك ريزيدينشال,سيتي ووك ريزيدينشال 1 ش.ذ.م.م,سيتي-ووك-ريزيدينشال-1,Al Wasl,City Walk,FINISHED,286,5,5,255,286,790,23,3439449,1,53662325
PN1212,register_extract_2026-06-15,1212,1212,QPOINT LIWAN-PLOT R099,كيو بوينت ليوان -PLOT R099,رمرام ش.ذ.م.م,رمرام,Wadi Al Safa 2,Liwan1,FINISHED,55,1,1,55,55,159,11,6437646,1,
PN2583,register_extract_2026-06-15,2583,482154959,Verde by Sobha,فيردي باي شوبا,مركز دبي للسلع المتعددة,مركز-دبي-للسلع-المتعدده,Al Thanyah Fifth,Jumeirah Lakes Towers,ACTIVE,610,1,1,0,610,656,42,3935816,1,1941952044
PN1886,register_extract_2026-06-15,1886,79501150,SLS DUBAI,اس ال اس دبي,الخليج التجاري (ش.ذ.م.م),الخليج-التجاري,Business Bay,Business Bay,FINISHED,895,1,1,0,928,1176,81,3460685,1,455746828
PN3664,register_extract_2026-06-15,3664,741196440,DAMAC RIVERSIDE VIEWS - CAPRI 2,داماك ريفرسايد فيوز - كابري 2,داماك ميري للاستثمار ش.ذ.م.م,damac,Dubai Investment Park Second,,NOT_STARTED,576,5,5,0,576,468,302,5976679,1,1282120422;573496341;716577185;731910009;939530167
PN3661,register_extract_2026-06-15,3661,741163685,DAMAC RIVERSIDE VIEWS - AZURE 2,داماك ريفرسايد فيوز - أزور 2,داماك ميري للاستثمار ش.ذ.م.م,damac,Dubai Investment Park Second,,NOT_STARTED,720,5,5,0,720,692,692,5976666,1,1138220671;252638226;494077122;775216043;822558021
PN416,register_extract_2026-06-15,416,416,XL TOWER,أكس أل تاور,دبي للعقارات (ش.ذ.م.م),dubai-properties,Business Bay,Business Bay,FINISHED,165,1,1,0,165,566,25,3460554,1,16277828
PN848,register_extract_2026-06-15,848,848,RED RESIDENCE,ريد ريزيدنس,مدينة دبي الرياضية (ش. ذ. م. م),مدينه-دبي-الرياضيه,Al Hebiah Fourth,Dubai Sports City,FINISHED,333,1,2,333,333,743,50,6820108,1,810887426
PN1745,register_extract_2026-06-15,1745,29172452,GEMINI SPLENDOR,الجوزاء روعة,شوبا ش.ذ.م.م,sobha,Al Merkadh,SOBHA HARTLAND,FINISHED,140,1,1,134,140,208,37,3473927,1,1814071742
PN4057,register_extract_2026-06-15,4057,806003262,Helvetia Verde,هيلفيتيا فيردي,مجموعة ميدان (ش.ذ.م.م),meydan,Bukadra,,PENDING,109,1,1,0,109,12,9,6117223,1,
PN1997,register_extract_2026-06-15,1997,148738229,"Mohammed Bin Rashid Al Maktoum City , District One Phase III  , Residences 16",مدينة محمد بن راشد ال مكتوم - ديستركت ون ، المرحلة الثالثة ، ريسيدنز 16,الحي الاول - منطقة حرة,الحي-الاول,Al Merkadh,Mohammed Bin Rashid AL Maktoum City -District -1 Community,FINISHED,95,1,1,0,95,200,6,3474846,1,1061652791
PN979,register_extract_2026-06-15,979,979,AG TOWER,أي جي تاور,مركز دبي للسلع المتعددة,مركز-دبي-للسلع-المتعدده,Al Thanyah Fifth,Jumeirah Lakes Towers,FINISHED,380,1,1,0,380,1507,43,3930959;3930960,2,1108669030
PN207,register_extract_2026-06-15,207,207,THE WATER FRONT,الواجهة البحرية,اعمار العقارية (ش . م. ع),emaar,Marsa Dubai,Dubai Marina,FINISHED,72,1,1,71,72,288,8,3920493,1,1559428793
PN3523,register_extract_2026-06-15,3523,711087248,Expo City Al Waha Residences 01,إكسبو سيتي الواحة ريزيدنسز 01,إكسبو سيتي للتطوير العقاري ش م ح,اكسبو-سيتي-للتطوير-العقاري,Madinat Al Mataar,Dubai World Central,ACTIVE,288,21,21,0,288,286,15,5211027,1,
PN1363,register_extract_2026-06-15,1363,9533435,DAMAC HILLS - GOLF HORIZON,داماك هيلز - جولف هورايزون,داماك كريسنت للعقارات (ش.ذ.م.م),damac,Al Hebiah Third,DAMAC HILLS,FINISHED,159,2,2,159,159,352,28,6767212,1,1032166191
PN1940,register_extract_2026-06-15,1940,135422266,Azizi Riviera 7,عزيزي ريفييرا 7,مجموعة ميدان (ش.ذ.م.م),meydan,Al Merkadh,Meydan One Community,FINISHED,158,1,1,0,159,275,15,3474987,1,1679014592
PN487,register_extract_2026-06-15,487,487,OPAL TOWER,برج اوبال,الخليج التجاري (ش.ذ.م.م),الخليج-التجاري,Business Bay,Business Bay,FINISHED,206,1,1,0,206,661,43,3460519,1,
PN1924,register_extract_2026-06-15,1924,100897810,Remraam - Al Ramth,رمرام - الرمث,دبي للعقارات (ش.ذ.م.م),dubai-properties,Al Hebiah Fifth,Remraam,FINISHED,951,12,12,0,951,719,67,6830847;6830863;6831987;6832007,4,279325066
PN2360,register_extract_2026-06-15,2360,400684997,Welcome Residency,ويلكم ريزيدنسي,ليوان(ش.ذ.م.م.),ليوان,Arjan,Arjan,FINISHED,94,1,1,0,94,177,28,6731147,1,1092542494
PN2295,register_extract_2026-06-15,2295,376764714,Azizi Riviera 45,عزيزي ريفييرا 45,مجموعة ميدان (ش.ذ.م.م),meydan,Al Merkadh,Meydan One Community,FINISHED,190,1,1,0,190,254,26,3475033,1,1011218884
PN2313,register_extract_2026-06-15,2313,381859835,SKYZ By Danube,سكايز من دانوب,ليوان(ش.ذ.م.م.),ليوان,Arjan,Arjan,ACTIVE,827,1,1,0,827,1153,180,6731215,1,1094687976
PN1186,register_extract_2026-06-15,1186,1186,QPOINT LIWAN-PLOT R015,كيو بوينت ليوان -PLOT R015,رمرام ش.ذ.م.م,رمرام,Wadi Al Safa 2,Liwan1,FINISHED,90,1,1,90,90,216,11,6437739,1,
PN3230,register_extract_2026-06-15,3230,646331493,Urban Park Residences,اوربان بارك ريزيدنسيز,مدينة دبي الرياضية (ش. ذ. م. م),مدينه-دبي-الرياضيه,Al Hebiah Fourth,Dubai Sports City,ACTIVE,187,1,1,0,187,122,67,6821376,1,63455830
PN1851,register_extract_2026-06-15,1851,46619958,La Quinta,لا كينتا,دبي للعقارات (ش.ذ.م.م),dubai-properties,Wadi Al Safa 5,,FINISHED,35,1,250,0,35,626,39,6480255;6480261;6480263;6480264;6480265;6480266;6480282;6480284;6480285;6480287;6480290;6480291;6480293;6480313;6480326;6480327;6480330;6480339;6480347;6480362;6480372;6480373;6480375;6480377;6480378;6480379;6480381;6480385;6480388;6480390;6480399;6480400;6480408;6480411;6480413;6480414;6480417;6480423;6480424;6480425;6480429;6480434;6480440;6480914;6480915;6483027;6483028;6483029;6483049;6483050;6483068;6483074;6483076;6483084;6483095;6483096;6483097;6483098;6483102;6483112,257,1704417545
PN1976,register_extract_2026-06-15,1976,140608318,Azizi Riviera 13,عزيزي ريفييرا 13,مجموعة ميدان (ش.ذ.م.م),meydan,Al Merkadh,Meydan One Community,FINISHED,234,1,1,0,236,350,20,3475000,1,1612287112
PN192,register_extract_2026-06-15,192,192,SOBHA SAPPHIRE,صبحة سافير,دبي للعقارات (ش.ذ.م.م),dubai-properties,Business Bay,Business Bay,FINISHED,172,1,1,0,172,651,25,3460611,1,968982921
PN3420,register_extract_2026-06-15,3420,686228427,Mayfair Nexus by Seven Mayfair,مايفير نكزوس من سيفين مايفير,سيفين مايفير للتطوير العقاري ش.ذ.م.م,سيفين-مايفير-للتطوير-العقاري,Wadi Al Safa 7,Dubai Life Style City,NOT_STARTED,473,9,9,0,473,22,19,6655836,1,
PN1199,register_extract_2026-06-15,1199,1199,QPOINT LIWAN-PLOT R053,كيو بوينت ليوان -PLOT R053,رمرام ش.ذ.م.م,رمرام,Wadi Al Safa 2,Liwan1,FINISHED,67,1,1,67,67,157,5,6437658,1,
PN2570,register_extract_2026-06-15,2570,478441856,TALIA RESIDENCES,تاليا ريزيدنسز,الفرجان ( ش.ذ.م.م ),الفرجان,Jabal Ali First,Al Furjan,ACTIVE,160,1,1,0,160,233,89,5911847,1,2127830436
PN1305,register_extract_2026-06-15,1305,1305,GRAND CENTRAL,غراند سنترال,تيكوم للإستثمارات منطقة حرة- ذ.م.م,تيكوم-للاستثمارات,Al Thanyah First,Barsha Heights,FINISHED,185,1,1,184,185,286,11,3830319,1,
PN2117,register_extract_2026-06-15,2117,218628987,Binghatti Gateway,بن غاطي جيت وي,مدينه دبى الطبيه منطقه حرة - ذ.م.م.,مدينه-دبي-الطبيه,Al Jadaf,Dubai Health Care City Phase 2,FINISHED,182,1,1,0,182,365,20,3261715,1,2133579292
PN2571,register_extract_2026-06-15,2571,478663836,Binghatti Emerald,بن غاطي إيميرالد,قرية جميرا (ش.ذ.م.م),قريه-جميرا,Al Barsha South Fourth,Jumeirah Village Circle,FINISHED,328,1,1,0,328,571,49,6817337,1,1508870365
PN2747,register_extract_2026-06-15,2747,531529275,Maya Residences 5,مساكن مايا 5,شركة نخيل (ش.م.خ),nakheel,Al Barsha South Fifth,Jumeirah Village Triangle,FINISHED,59,1,1,0,59,120,23,6843484,1,178868518
PN1698,register_extract_2026-06-15,1698,27082393,W Residences Dubai - The Palm,دبليو ريزيدنس دبي - النخلة,شركة النخلة - جميرا (ش.ذ.م.م),nakheel,Palm Jumeirah,Palm Jumeirah,FINISHED,113,2,2,0,155,183,12,3817064,1,318195764
PN2820,register_extract_2026-06-15,2820,547022699,AZIZI VENICE 2,عزيزى فينيس 2,مؤسسه مدينه دبى للطيران,موسسه-مدينه-دبي-للطيران,Madinat Al Mataar,Dubai World Central,ACTIVE,526,1,1,0,526,370,197,5211349,1,
PN2433,register_extract_2026-06-15,2433,427035961,SAMANA MIAMI,سامانا ميامي,شركة نخيل (ش.م.خ),nakheel,Al Barsha South Fourth,Jumeirah Village Circle,ACTIVE,93,1,1,0,93,100,2,6817274,1,
PN3003,register_extract_2026-06-15,3003,596302407,ORA,أورا,نشاما للعقارات لمالكها نشمي ديفلوبمنت شركة الشخص الواحد ش.ذ.م.م,nshama,Al Yelayiss 2,TOWN SQUARE,ACTIVE,157,1,1,0,157,165,12,92225668,1,
PN2395,register_extract_2026-06-15,2395,417144298,GEMZ by Danube,جيمز من دانوب,الفرجان ( ش.ذ.م.م ),الفرجان,Jabal Ali First,Al Furjan,FINISHED,279,1,1,0,279,413,71,5912326,1,397578344
PN4041,register_extract_2026-06-15,4041,802469400,LDWI Hotel,الفندق ل د و ي,شركة نخيل (ش.م.خ),nakheel,World Islands,The World,PENDING,86,1,1,0,86,0,0,3035206,1,
PN1828,register_extract_2026-06-15,1828,41938966,The Pulse Boulevard Apartments-C1,C1-ذا بلس بوليفارد,مؤسسه مدينه دبى للطيران,موسسه-مدينه-دبي-للطيران,Madinat Al Mataar,Dubai South Residential District,FINISHED,147,1,1,0,147,215,13,5212777,1,
PN3016,register_extract_2026-06-15,3016,599992670,Cilia,سليا,ماجد الفطيم لتشغيل مشاريع المدن المتكاملة الاماراتية ش.ذ.م.م,ماجد-الفطيم-لتشغيل-مشاريع-المدن-المتكامله-الاماراتيه,Wadi Al Safa 4,,NOT_STARTED,546,10,10,0,546,576,24,6460152,1,1036629126;1157696638;1379550675;1468488579;1725053700;1822476196;1938453732;2107099151;581099361;831671421
PN3764,register_extract_2026-06-15,3764,759243279,lridian Park 1,1 إيريديان بارك,شركة نخيل (ش.م.خ),nakheel,Al Barsha South Fourth,Jumeirah Village Circle,PENDING,76,1,1,0,76,36,33,6817091,1,
PN17,register_extract_2026-06-15,17,17,LA VISTA 06,لا فيستا 06,سلطة دبي للمناطق الإقتصادية المتكاملة,سلطه-دبي-للمناطق-الاقتصاديه-المتكامله,Nadd Hessa,Silicon Oasis,FINISHED,96,1,1,96,96,24,0,6262554,1,1235965401
PN3626,register_extract_2026-06-15,3626,734499201,Flora Shore by Calgary Properties,فلورا شور باي كالجاري بروبرتيز,النخلة  - ديره (ش.ذ.م.م),nakheel,Palm Deira,Palm Deira,NOT_STARTED,76,1,1,0,76,43,40,1010347,1,1668440348
PN1696,register_extract_2026-06-15,1696,26904655,"THE ROYAL ATLANTIS,RESORT AND RESIDENCES",أتلانتس الملكي والمنتجعات والإقامة,شركة النخلة - جميرا (ش.ذ.م.م),nakheel,Palm Jumeirah,Palm Jumeirah,FINISHED,232,1,1,0,386,485,31,3812426,1,610427723
PN3511,register_extract_2026-06-15,3511,709861003,Celeste Heights by Zimaya Properties,سيليستي هايتس من زيمايا للعقارات,الفرجان ( ش.ذ.م.م ),الفرجان,Jabal Ali First,Al Furjan,ACTIVE,71,1,1,0,71,64,9,5911804,1,1092812481
PN2724,register_extract_2026-06-15,2724,521906306,"Baccarat Hotel and Residences, Dubai",فندق ومساكن بكارات ، دبي,إعمار للتطوير (مساهمة عامة),emaar,Burj Khalifa,DownTown Dubai,ACTIVE,98,2,2,0,98,95,33,3454486,1,1899355392
PN3058,register_extract_2026-06-15,3058,607599671,Skyhills III by HRE,سكاي هيلز ريزدنسز 3,قرية جميرا (ش.ذ.م.م),قريه-جميرا,Al Barsha South Fourth,Jumeirah Village Circle,ACTIVE,513,2,2,0,513,437,134,6817793,1,136068706
PN3788,register_extract_2026-06-15,3788,764533561,AURA PRESTIGE,برستيج أورا,سلطة دبي للمناطق الإقتصادية المتكاملة,سلطه-دبي-للمناطق-الاقتصاديه-المتكامله,Nadd Hessa,Silicon Oasis,NOT_STARTED,81,1,1,0,81,74,70,6262626,1,
PN1739,register_extract_2026-06-15,1739,28764992,VICTORIA RESIDENCY,فيكتوريا ريزدينس,الفرجان ( ش.ذ.م.م ),الفرجان,Jabal Ali First,Al Furjan,FINISHED,103,1,1,103,103,326,11,5912996,1,1553013092
PN2688,register_extract_2026-06-15,2688,509715625,GATEWAY BY PREMIER CHOICE,واسطة اختيار بريميير بوابة,قرية جميرا (ش.ذ.م.م),قريه-جميرا,Al Barsha South Fourth,Jumeirah Village Circle,ACTIVE,152,1,1,0,152,121,30,6816261,1,843705032
PN3636,register_extract_2026-06-15,3636,736914943,VALORE,آريا هايتس,شركة نخيل (ش.م.خ),nakheel,Al Barsha South Fourth,Jumeirah Village Circle,ACTIVE,172,1,1,0,172,33,31,6816514,1,1733832557
PN1438,register_extract_2026-06-15,1438,1438,TUSCAN RESIDENCES1 - SIENA,مساكن توسكان 1 - سيينا,شركة نخيل (ش.م.خ),nakheel,Al Barsha South Fourth,Jumeirah Village Circle,FINISHED,179,2,2,174,179,567,5,6816142,1,
PN3628,register_extract_2026-06-15,3628,735254170,Zenith Tower J1,برج زينيث J1,شركة نخيل (ش.م.خ),nakheel,Al Barsha South Fourth,Jumeirah Village Circle,ACTIVE,76,1,1,0,76,9,5,6816252,1,
PN2264,register_extract_2026-06-15,2264,361432410,Port De La Mer - La Sirene,بورت دي لامير- لاسيرين,مراس العقارية (ش.ذ.م.م),meraas,Jumeirah First,LA MER,FINISHED,151,3,3,0,154,274,15,3320328,1,
PN2777,register_extract_2026-06-15,2777,537180963,Pearl House II By Imtiaz,بيرل هاوس 2 من امتياز,قرية جميرا (ش.ذ.م.م),قريه-جميرا,Al Barsha South Fourth,Jumeirah Village Circle,ACTIVE,202,1,1,0,202,334,82,6816496,1,1046907576
PN2774,register_extract_2026-06-15,2774,536730444,Santorini Residences by Loutraki,سانتوريني ريزيدنسيز من لوتراكي,شركة نخيل (ش.م.خ),nakheel,Al Barsha South Fifth,Jumeirah Village Triangle,ACTIVE,169,1,1,0,169,91,40,6843470,1,418517186
PN1796,register_extract_2026-06-15,1796,33556511,BLOOM HEIGHTS,بلوم هايتس,قرية جميرا (ش.ذ.م.م),قريه-جميرا,Al Barsha South Fourth,Jumeirah Village Circle,FINISHED,692,2,2,0,692,1284,96,6817412,1,1148162244
PN4096,register_extract_2026-06-15,4096,816616710,Azizi David,عزيزي ديفيد,عزيزي ديفليوبمنتس ش.ذ.م.م,azizi,Al Jadaf,Sama Al Jadaf,PENDING,256,0,1,0,256,143,138,3261515,1,1054316349
PN3285,register_extract_2026-06-15,3285,656498551,BEACH WALK RESIDENCES 3 BY IMTIAZ,بيتش ووك ريزيدنسز3 من امتياز,النخلة  - ديره (ش.ذ.م.م),nakheel,Palm Deira,Palm Deira,ACTIVE,82,1,1,0,82,91,2,1010339,1,1038021999
PN2129,register_extract_2026-06-15,2129,228999695,2020 Marquis,ماركيز 2020,ليوان(ش.ذ.م.م.),ليوان,Arjan,Arjan,FINISHED,150,1,1,0,150,277,29,6731259,1,1914163961
PN3856,register_extract_2026-06-15,3856,781297828,VERDANIA 3,فيردانيا 3,دبي لاند ريزيدنسز (ش.ذ.م.م),دبي-لاند-ريزيدنسز,Wadi Al Safa 5,Dubai Land Residence Complex,PENDING,142,1,1,0,142,0,0,6488548,1,912313057
PN2834,register_extract_2026-06-15,2834,551209238,MOONSA Residences,مساكن مونسا,انترناشونال سيتي ( ش.ذ.م.م ),انترناشونال-سيتي,Warsan Fourth,International City Phase 3,ACTIVE,93,1,1,0,93,90,16,6241176,1,
PN4087,register_extract_2026-06-15,4087,813599097,ARMAS,أرماس,دبي الجنوب للعقارات دي دبليو سي ش.ذ.م.م,دبي-الجنوب-للعقارات-دي-دبليو-سي,Madinat Al Mataar,Dubai South Residential District,PENDING,64,0,1,0,64,0,0,5213531,1,1321936880
PN4115,register_extract_2026-06-15,4115,818123439,Aurea,اوريا,ميناء راشد العقارية ش.ذ.م.م,ميناء-راشد-العقاريه,Madinat Dubai Almelaheyah,Mina Rashid,NOT_STARTED,172,1,1,0,172,158,158,3210492,1,971816605
PN3754,register_extract_2026-06-15,3754,757760604,Norah Residence,نورا ريزيدنس,قرية جميرا (ش.ذ.م.م),قريه-جميرا,Al Barsha South Fourth,Jumeirah Village Circle,NOT_STARTED,184,1,1,0,184,56,44,6817236,1,
PN3458,register_extract_2026-06-15,3458,696212190,GUZEL TOWERS,جوزيل تاورز,شركة نخيل (ش.م.خ),nakheel,Al Barsha South Fifth,Jumeirah Village Triangle,NOT_STARTED,522,2,2,0,522,412,196,6848848,1,1580006934;1818805275
PN2376,register_extract_2026-06-15,2376,406045345,PEARLZ by Danube,بيرلز من دانوب,الفرجان ( ش.ذ.م.م ),الفرجان,Jabal Ali First,Al Furjan,FINISHED,302,1,1,0,304,508,77,5912995,1,1734808449
PN2058,register_extract_2026-06-15,2058,172299126,Living Garden II,II حديقة المعيشة,قرية جميرا (ش.ذ.م.م),قريه-جميرا,Al Barsha South Fourth,Jumeirah Village Circle,FINISHED,123,1,1,0,123,175,12,6817198,1,
PN2825,register_extract_2026-06-15,2825,548316344,Binghatti Lavender,بن غاطي لافندر,قرية جميرا (ش.ذ.م.م),قريه-جميرا,Al Barsha South Fourth,Jumeirah Village Circle,FINISHED,166,1,1,0,166,243,21,6816253,1,2069063026
PN2321,register_extract_2026-06-15,2321,384722736,Oxford 212,212 اوكسفورد,قرية جميرا (ش.ذ.م.م),قريه-جميرا,Al Barsha South Fourth,Jumeirah Village Circle,FINISHED,212,1,1,0,212,445,36,6816185,1,262524567
PN3749,register_extract_2026-06-15,3749,757227732,Olbia,أولبيا,نشاما للعقارات لمالكها نشمي ديفلوبمنت شركة الشخص الواحد ش.ذ.م.م,nshama,Al Yelayiss 2,TOWN SQUARE,NOT_STARTED,156,1,1,0,156,133,116,92225785,1,1922501417
PN3857,register_extract_2026-06-15,3857,781331844,COURTYARD ONE,كورت يارد ون,مؤسسه مدينه دبى للطيران,موسسه-مدينه-دبي-للطيران,Madinat Al Mataar,Dubai South Residential District,PENDING,47,1,1,0,47,9,8,5213556,1,
PN3829,register_extract_2026-06-15,3829,772484436,Samana Barari Avenue,سامانا براري افنيو,ليوان(ش.ذ.م.م.),ليوان,Wadi Al Safa 3,Majan,NOT_STARTED,349,1,1,0,349,233,136,6457881,1,2030558402
PN2197,register_extract_2026-06-15,2197,289489987,LUCKY RESIDENCE,لكي ريزيدنس,قرية جميرا (ش.ذ.م.م),قريه-جميرا,Al Barsha South Fourth,Jumeirah Village Circle,FINISHED,142,1,1,0,144,327,27,6817036,1,1497096459
PN3887,register_extract_2026-06-15,3887,791634608,Firoza,فيروزا,شركة نخيل (ش.م.خ),nakheel,Palm Deira,Palm Deira,NOT_STARTED,75,1,1,0,75,16,15,1010482,1,663456680
PN1802,register_extract_2026-06-15,1802,34098072,The One at Jumeirah Village Triangle,ذا ون ات جميرا فيلج تراينجل,قرية جميرا (ش.ذ.م.م),قريه-جميرا,Al Barsha South Fifth,Jumeirah Village Triangle,FINISHED,593,1,1,0,593,616,43,6849778,1,956880223
PN3351,register_extract_2026-06-15,3351,673057641,Mackerel Tower,برج ماكريل,النخلة  - ديره (ش.ذ.م.م),nakheel,Palm Deira,Palm Deira,ACTIVE,62,1,1,0,62,45,14,1010539,1,460622612
PN3109,register_extract_2026-06-15,3109,617881435,ZaZEN Ivy,زازين ايفي,الفرجان ( ش.ذ.م.م ),الفرجان,Jabal Ali First,Al Furjan,ACTIVE,73,1,1,0,73,184,110,5911789,1,1021266502
PN1344,register_extract_2026-06-15,1344,7900151,VICEROY HOTEL RESORTS RESIDENCES,مساكن فيسروى للفنادق والمنتجعات,شركة نخيل (ش.م.خ),nakheel,Palm Jumeirah,Palm Jumeirah,FINISHED,708,1,1,221,708,1905,33,3812735,1,1168382718
PN2496,register_extract_2026-06-15,2496,450159387,EQUITI APARTMENTS,شقق ايكويتي,شركة نخيل (ش.م.خ),nakheel,Warsan Fourth,International City Phase 3,FINISHED,135,1,1,0,136,170,17,6241233,1,
PN3563,register_extract_2026-06-15,3563,721763371,WASL BY AZIZI,عزيزي وصل,شركة نخيل (ش.م.خ),nakheel,Palm Deira,Palm Deira,NOT_STARTED,227,1,1,0,227,78,70,1010632,1,602765697
PN1603,register_extract_2026-06-15,1603,15087057,THE PALM TOWER,ذا بالم تاور,شركة نخيل (ش.م.خ),nakheel,Palm Jumeirah,Palm Jumeirah,FINISHED,449,1,2,0,869,872,51,3812743,1,1748311605
PN50,register_extract_2026-06-15,50,50,RUBY RESIDENCE,روبي ريزيدنس,سلطة دبي للمناطق الإقتصادية المتكاملة,سلطه-دبي-للمناطق-الاقتصاديه-المتكامله,Nadd Hessa,Silicon Oasis,FINISHED,138,1,1,138,138,377,19,62662159,1,1785732809
PN3371,register_extract_2026-06-15,3371,677437134,SquareX One,سكويراكس ون,قرية جميرا (ش.ذ.م.م),قريه-جميرا,Al Barsha South Fourth,Jumeirah Village Circle,PENDING,207,1,1,0,207,14,12,6816515,1,
PN2127,register_extract_2026-06-15,2127,225819360,Park Vista,بارك فيستا,قرية جميرا (ش.ذ.م.م),قريه-جميرا,Al Barsha South Fourth,Jumeirah Village Circle,FINISHED,73,1,1,0,73,142,13,6817064,1,412001208
PN3034,register_extract_2026-06-15,3034,602973450,Riva Residence,ر?فا ريزيدنس,مدينة دبي الملاحية م م ح,مدينه-دبي-الملاحيه,Madinat Dubai Almelaheyah,Dubai Maritime City,ACTIVE,155,1,1,0,155,119,21,3210251,1,2019110348
PN2408,register_extract_2026-06-15,2408,419816361,THE S TOWER,ذا إس تاور,تيكوم للإستثمارات منطقة حرة- ذ.م.م,تيكوم-للاستثمارات,Al Safouh Second,Site A,FINISHED,95,1,1,0,95,155,14,3820777,1,
PN4025,register_extract_2026-06-15,4025,799284326,Samana Hills South 2,سامانا هيلز جنوب 2,دى اتش ايه ام منطقه حره - ذ.م.م,دي-اتش-ايه-ام,Saih Shuaib 2,,NOT_STARTED,140,2,2,0,140,133,106,5310378,1,
PN3338,register_extract_2026-06-15,3338,669589489,OLIVO PARK RESIDENCES BY EVERA,,قرية جميرا (ش.ذ.م.م),قريه-جميرا,Al Barsha South Fourth,Jumeirah Village Circle,ACTIVE,122,1,1,0,122,224,141,6816167,1,
PN3696,register_extract_2026-06-15,3696,745894257,Azizi Milan 55,عزيزي ميلان 55,الياس و مصطفى كلداري لإدارة الاستثمار و التطوير (ش.ذ.م.م),الياس-و-مصطفي-كلداري-لاداره-الاستثمار-و-التطوير,Wadi Al Safa 4,City Of Arabia,NOT_STARTED,465,1,1,0,465,242,231,6466985,1,770341201
PN3162,register_extract_2026-06-15,3162,628665653,BEACH WALK RESIDENCES 1,بيتش ووك ريزيدنسز1,شركة نخيل (ش.م.خ),nakheel,Palm Deira,Palm Deira,ACTIVE,76,1,1,0,76,93,16,1010333,1,709591017
PN1370,register_extract_2026-06-15,1370,9859588,AVENUE RESIDENCE1,أفنيو ريزيدنس,شركة نخيل (ش.م.خ),nakheel,Jabal Ali First,Al Furjan,FINISHED,99,2,2,99,99,423,11,5913008,1,811407633
PN3677,register_extract_2026-06-15,3677,742522998,Rose Gold Residences by Zee Development,روز جولد رزيدينسز باي زيي ديفيلوبمنت,قرية جميرا (ش.ذ.م.م),قريه-جميرا,Al Barsha South Fourth,Jumeirah Village Circle,NOT_STARTED,175,1,1,0,175,9,7,6816334,1,2070026522
PN3195,register_extract_2026-06-15,3195,637562677,Binghatti Starlight,بن غاطي ستارلايت,مدينه دبى الطبيه منطقه حرة - ذ.م.م.,مدينه-دبي-الطبيه,Al Jadaf,Dubai Health Care City Phase 2,NOT_STARTED,511,1,1,0,511,474,271,3261719,1,
PN3484,register_extract_2026-06-15,3484,704153945,Al Haseen Residence 3,3 الحسين ريزيدينس,دى اتش ايه ام منطقه حره - ذ.م.م,دي-اتش-ايه-ام,Saih Shuaib 2,,ACTIVE,180,1,1,0,180,150,79,5310414,1,
PN85,register_extract_2026-06-15,85,85,CENTRIUM TOWER,سنتريوم تاور,تيكوم للإستثمارات منطقة حرة- ذ.م.م,تيكوم-للاستثمارات,Me'Aisem First,International Media Production Zone,FINISHED,585,4,4,583,585,1644,100,6854331,1,1547744595;1937599304;733499064;827396468
PN2721,register_extract_2026-06-15,2721,520107187,Azizi Central,عزيزي سنترال,شركة نخيل (ش.م.خ),nakheel,Jabal Ali First,Al Furjan,ACTIVE,97,1,1,0,97,141,123,5912990,1,
PN1897,register_extract_2026-06-15,1897,83055243,Azizi Aura Residences,عزيزي أورا ريزيدنزس,ليمتلس ش .ذ.م.م,ليمتلس,Jabal Ali Industrial Second,Down Town Jabal Ali,FINISHED,487,1,1,0,487,823,85,5180209,1,
PN2975,register_extract_2026-06-15,2975,589414563,Ocean Point,اوشن بوينت,ميناء راشد العقارية ش.ذ.م.م,ميناء-راشد-العقاريه,Madinat Dubai Almelaheyah,Mina Rashid,ACTIVE,217,3,3,0,217,236,18,3210403,1,1913868646
PN3624,register_extract_2026-06-15,3624,734107872,Rose Gardens 2,روز جاردنز 2,قرية جميرا (ش.ذ.م.م),قريه-جميرا,Al Barsha South Fourth,Jumeirah Village Circle,NOT_STARTED,71,1,1,0,71,25,19,6816740,1,898911343
PN3482,register_extract_2026-06-15,3482,703910009,Azha Millennium Residences,أزها ميلينيوم ريزيدنسز,قرية جميرا (ش.ذ.م.م),قريه-جميرا,Al Barsha South Fifth,Jumeirah Village Triangle,NOT_STARTED,200,1,1,0,200,66,63,6849732,1,1333974207
PN2454,register_extract_2026-06-15,2454,438693896,MIAMI BY SD,ميامي باي اس دي,قرية جميرا (ش.ذ.م.م),قريه-جميرا,Al Barsha South Fifth,,ACTIVE,115,2,1,0,115,126,4,6849712,1,671639552
PN2884,register_extract_2026-06-15,2884,568286816,Palace Residences Dubai Hills Estate,بالاس رزيدنسز دبي هيلز استيت,دبي هيلز استيت ش.ذ.م.م,dubai-hills-estate,Hadaeq Sheikh Mohammed Bin Rashid,Dubai Hills Estate,ACTIVE,962,4,4,0,962,1024,47,63111216,1,1494901828
PN3084,register_extract_2026-06-15,3084,611464821,161 Jumeirah Lane,161 جميرا لين,مراس العقارية (ش.ذ.م.م),meraas,Al Satwa,Jumeirah Garden City,ACTIVE,161,1,1,0,161,153,26,3347356,1,569883323
PN4081,register_extract_2026-06-15,4081,812840958,Breez by Danube,بريز من دانوب,مدينة دبي الملاحية م م ح,مدينه-دبي-الملاحيه,Madinat Dubai Almelaheyah,Dubai Maritime City,NOT_STARTED,1199,1,1,0,1199,914,910,3210277,1,733748
PN1496,register_extract_2026-06-15,1496,12004658,MOHAMMED BIN RASHID AL MAKTOUM CITY-DISTRICT ONE PHASE II VILLAS,محمد بن راشد ال مكتوم ستي ديسترك ون فيس 2 فلل,الحي الاول - منطقة حرة,الحي-الاول,Al Merkadh,,FINISHED,4,1,238,0,4,680,45,3470278;3470279;3470280;3470281;3470282;3470283;3470284;3470285;3470286;3470287;3470289;3470290;3470291;3470292;3470293;3470294;3470295;3470296;3470297;3470298;3470299;3473994;3474683;3474684;3474685;3474686;3474689;3474692;3474694;3474695;3474696;3474697;3474698;3474699;3474700;3474701;3474703;3474704;3474711;3474713;3474715;3474718;3474719;3474720;3474721;3474722;3474723;3474727;3474728;3474729;3474733;3474734;3474735;3474736;3474737;3474841;3475260;3475693;3475694;3475695,248,1749202030
PN1312,register_extract_2026-06-15,1312,1312,DM MARINA PLAZA,دي أم مارينا بلازا,اعمار العقارية (ش . م. ع),emaar,Marsa Dubai,Dubai Marina,FINISHED,170,1,1,0,170,538,43,3920472,1,2029433050
PN1338,register_extract_2026-06-15,1338,7053716,THE ADDRESS RESIDENCE - SKY VIEW,ذا أدريس ريزيدنسي - سكاي فيو,اعمار العقارية (ش . م. ع),emaar,Burj Khalifa,DownTown Dubai,FINISHED,712,5,5,153,791,1468,90,3457562,1,650875566
PN2961,register_extract_2026-06-15,2961,585849445,Binghatti Royale,بن غاطي رويال,قرية جميرا (ش.ذ.م.م),قريه-جميرا,Al Barsha South Fourth,Jumeirah Village Circle,ACTIVE,370,1,1,0,370,458,186,6817792,1,986564877
PN3373,register_extract_2026-06-15,3373,677589079,DAMAC RIVERSIDE VIEWS - MARINE 2,داماك ريفرسايد فيوز - مارين 2,داماك ميري للاستثمار ش.ذ.م.م,damac,Dubai Investment Park Second,,NOT_STARTED,358,2,2,0,358,275,76,5976671,1,1376811566;1840312435
PN2471,register_extract_2026-06-15,2471,443948947,Lamaa,لـمّـــاع,جميرا هيلز ديفيلوبمنت ش.ذ.م.م,جميرا-هيلز-ديفيلوبمنت,Um Suqaim Third,,ACTIVE,372,4,4,0,372,614,88,3660844,1,
PN3760,register_extract_2026-06-15,3760,758963457,South Garden D,D ساوث غاردن,جيه ايه جي للتطوير ش.ذ.م.م,جيه-ايه-جي-للتطوير,Jabal Ali First,Wasl Gate,NOT_STARTED,256,1,1,0,256,210,210,5919616,1,250182015
PN603,register_extract_2026-06-15,603,603,BONNINGTON TOWER HOTEL & RESIDENCE DUBAI,فندق بونينجتون تاور آند ريزدنس دبي,مركز دبي للسلع المتعددة,مركز-دبي-للسلع-المتعدده,Al Thanyah Fifth,Jumeirah Lakes Towers,FINISHED,280,1,1,0,294,721,45,3930971,1,273902638
PN1138,register_extract_2026-06-15,1138,1138,I - RISE TOWER,رايز تاور - I,تيكوم للإستثمارات منطقة حرة- ذ.م.م,تيكوم-للاستثمارات,Al Thanyah First,Barsha Heights,FINISHED,490,1,1,0,490,1475,63,3830303,1,
PN351,register_extract_2026-06-15,351,351,THE DOME TOWER,ذا دوم تاور,مركز دبي للسلع المتعددة,مركز-دبي-للسلع-المتعدده,Al Thanyah Fifth,Jumeirah Lakes Towers,FINISHED,275,1,1,0,275,603,53,3930987,1,1329465331
PN1758,register_extract_2026-06-15,1758,30284679,The Residences,المنازل,مركز دبي للسلع المتعددة,مركز-دبي-للسلع-المتعدده,Al Thanyah Fifth,,FINISHED,82,1,1,81,82,155,14,3935794,1,967037069
PN1607,register_extract_2026-06-15,1607,15165513,ELITE 10 SPORTS RESIDENCE,إيليت 10 سبورتس ريزيدنس,مدينة دبي الرياضية (ش. ذ. م. م),مدينه-دبي-الرياضيه,Al Hebiah Fourth,Dubai Sports City,FINISHED,800,2,2,800,800,1356,103,6821284,1,1791332205
PN2551,register_extract_2026-06-15,2551,472804997,Creek Beach - Savanna-Cedar-Mangrove,شاطئ الخور - سافانا-سيدار-مانجروف,دبي كريك هاربور ش.ذ.م.م,دبي-كريك-هاربور,Al Khairan First,Dubai Creek Harbour,ACTIVE,595,9,9,0,595,747,122,4154766,1,1207272771;1795829512;1805320306;1851618379;2007862207;2025979943;525547431;663142672;87594067
PN1556,register_extract_2026-06-15,1556,14086318,THE DERBY RESIDENCE 2&3,ذا ديربي ريزيدنس 2 و 3,مؤسسة مدينة ميدان,meydan,Nad Al Shiba First,Meydan Racecourse Community,FINISHED,64,2,2,0,64,4,2,6188970;6188971,2,1032284812;525511209
PN3303,register_extract_2026-06-15,3303,660381847,Verdana Residence 3,فيردانا ريسدينس 3,شركة تطوير مجمع دبي للاستثمار (ذ. م. م),تطوير-مجمع-دبي-للاستثمار,Dubai Investment Park First,Dubai Investment Park First,PENDING,278,4,1,0,278,166,166,5981487,1,
PN2685,register_extract_2026-06-15,2685,509257518,UH EAST BY ELLINGTON,يو اتش إيست من إلينغتون,مركز دبي للسلع المتعددة,مركز-دبي-للسلع-المتعدده,Al Thanyah Fifth,Jumeirah Lakes Towers,ACTIVE,381,1,1,0,381,458,67,3935810,1,191560593
PN531,register_extract_2026-06-15,531,531,GIOVANNI BOUTIQUE,جيوفاني بوتيك,مدينة دبي الرياضية (ش. ذ. م. م),مدينه-دبي-الرياضيه,Al Hebiah Fourth,Dubai Sports City,FINISHED,400,1,1,400,400,1116,62,6821369,1,1738302227
PN1191,register_extract_2026-06-15,1191,1191,QPOINT LIWAN-PLOT R016,كيو بوينت ليوان -PLOT R016,رمرام ش.ذ.م.م,رمرام,Wadi Al Safa 2,Liwan1,FINISHED,72,1,1,72,72,128,7,6437738,1,
PN2658,register_extract_2026-06-15,2658,503022522,Azizi Riviera 59,عزيزى ريفيرا 59,الحي الاول - منطقة حرة,الحي-الاول,Al Merkadh,Meydan One Community,FINISHED,123,1,1,0,123,154,24,3475084,1,836225188
PN42,register_extract_2026-06-15,42,42,ALSEEF I,السيف I,اعمار العقارية (ش . م. ع),emaar,Marsa Dubai,Dubai Marina,FINISHED,166,1,1,158,166,526,21,3920195,1,629854398
PN1299,register_extract_2026-06-15,1299,1299,CRICKET TOWER,برج الكريكيت,مدينة دبي الرياضية (ش. ذ. م. م),مدينه-دبي-الرياضيه,Al Hebiah Fourth,Dubai Sports City,FINISHED,168,1,1,168,168,394,19,6821300,1,883513959
PN1185,register_extract_2026-06-15,1185,1185,QPOINT LIWAN - PLOT R002,كيو بوينت ليوان -PLOT R002,رمرام ش.ذ.م.م,رمرام,Wadi Al Safa 2,Liwan1,FINISHED,78,1,1,78,78,225,15,6437733,1,
PN3246,register_extract_2026-06-15,3246,649111531,PELaGOS By IGO,بيلاغوس باي أي جي أو,إعمار للتطوير (مساهمة عامة),emaar,Marsa Dubai,Dubai Marina,ACTIVE,296,1,1,0,296,283,15,3920498,1,2029240746
PN2388,register_extract_2026-06-15,2388,413473882,One Za'abeel,ون زعبيل,ون زعبيل ذ.م.م,ون-زعبيل,Zaabeel First,,FINISHED,484,2,2,0,634,615,93,3250752;3250753,2,
PN3141,register_extract_2026-06-15,3141,624888670,South Garden C,C ساوث غاردن,جيه ايه جي للتطوير ش.ذ.م.م,جيه-ايه-جي-للتطوير,Jabal Ali First,Wasl Gate,ACTIVE,258,1,1,0,258,252,28,5912878,1,865107885
PN2124,register_extract_2026-06-15,2124,221704460,Azizi Riviera 39,عزيزي ريفيرا 39,مجموعة ميدان (ش.ذ.م.م),meydan,Al Merkadh,Meydan One Community,FINISHED,171,1,1,0,172,245,18,3475030,1,1882986191
PN3428,register_extract_2026-06-15,3428,688258613,THE BOULEVARD BY PRESTIGE ONE,ذا بوليفارد من برستيج وان,دبي لاند ريزيدنسز (ش.ذ.م.م),دبي-لاند-ريزيدنسز,Wadi Al Safa 5,Dubai Land Residence Complex,NOT_STARTED,387,1,1,0,387,376,131,6488678,1,1968639112
PN504,register_extract_2026-06-15,504,1,JUMEIRAH BUSINESS CENTRE 4,جميرا بزنس سنتر 4,مركز دبي للسلع المتعددة,مركز-دبي-للسلع-المتعدده,Al Thanyah Fifth,Jumeirah Lakes Towers,FINISHED,248,1,1,0,253,607,47,3930985,1,1356014565
PN2422,register_extract_2026-06-15,2422,425465942,AG CENTRAL,ايه جي سينترال,دبي لاند ريزيدنسز (ش.ذ.م.م),دبي-لاند-ريزيدنسز,Wadi Al Safa 5,Dubai Land Residence Complex,ACTIVE,96,1,1,0,99,100,3,6488610,1,
PN48,register_extract_2026-06-15,48,48,AL SEEF II,السيف II,شركة نخيل (ش.م.خ),nakheel,Al Thanyah Fifth,Jumeirah Lakes Towers,FINISHED,229,1,1,210,229,1172,31,3936248,1,309586079
PN1663,register_extract_2026-06-15,1663,23387492,CREEKSIDE 18,كريك سايد 18,ذي لاجونز المرحلة الاولى ش.ذ.م.م,ذي-لاجونز-المرحله-الاولي,Al Khairan First,Dubai Creek Harbour,FINISHED,506,3,3,0,554,1026,74,4158705;4158720;4158722;4158723,4,540729235
PN1868,register_extract_2026-06-15,1868,51963138,ELITE BUSINESS BAY RESIDENCE,اليت بزنس باي ريذيدنس,دبي للعقارات (ش.ذ.م.م),dubai-properties,Business Bay,Business Bay,FINISHED,540,1,1,0,540,931,65,3460567,1,1743249756
PN4090,register_extract_2026-06-15,4090,814545623,Lumena Alta by Omniyat,لومينا ألتا من أمنيات,شمال العقارية ش.ذ.م.م,شمال-العقاريه,Business Bay,Business Bay,PENDING,186,0,1,0,186,137,136,3466804,1,1283065212
PN172,register_extract_2026-06-15,172,172,INDIGO TOWER,برج النيلي,مركز دبي للسلع المتعددة,مركز-دبي-للسلع-المتعدده,Al Thanyah Fifth,Jumeirah Lakes Towers,FINISHED,348,1,1,272,348,972,42,3930957,1,1357878661
PN2613,register_extract_2026-06-15,2613,491239233,Divine Living,ديفاين ليفينج,ليوان(ش.ذ.م.م.),ليوان,Arjan,Arjan,FINISHED,118,1,1,0,118,217,83,6731309,1,234763223
PN1875,register_extract_2026-06-15,1875,53856865,BRIGHT CORNER,برايت كورنر,مجموعة ميدان (ش.ذ.م.م),meydan,Nad Al Shiba First,Meydan Racecourse Community,FINISHED,43,1,1,40,43,48,2,6189034,1,
PN1183,register_extract_2026-06-15,1183,1183,QPOINT LIWAN-PLOT R008 A&B,كيو بوينت ليوان -PLOT R008 A&B,رمرام ش.ذ.م.م,رمرام,Wadi Al Safa 2,Liwan1,FINISHED,230,2,2,230,230,655,32,6437721,1,
PN2417,register_extract_2026-06-15,2417,423243753,BERKELEY PLACE,باركلي بليس,شوبا ش.ذ.م.م,sobha,Al Merkadh,SOBHA HARTLAND,FINISHED,127,1,1,0,127,235,25,3473911,1,1882038993
PN2371,register_extract_2026-06-15,2371,404652443,Boutique Xll,بوتيك Xll,دبي للعقارات (ش.ذ.م.م),dubai-properties,Al Jadaf,Jaddaf Waterfront,FINISHED,129,1,1,0,129,256,28,3260927,1,855917796
PN2120,register_extract_2026-06-15,2120,220522123,Azizi Riviera 24,عزيزي ريفيرا 24,مجموعة ميدان (ش.ذ.م.م),meydan,Al Merkadh,Meydan One Community,FINISHED,211,1,1,0,212,316,15,3475018,1,231206845
PN1208,register_extract_2026-06-15,1208,1208,QPOINT LIWAN- R093,كيو بوينت ليوان - R093,رمرام ش.ذ.م.م,رمرام,Wadi Al Safa 2,Liwan1,FINISHED,65,1,1,65,65,206,13,6437640,1,
PN2192,register_extract_2026-06-15,2192,284651567,Gardenia Livings,جاردنيا ليفينض,ليوان(ش.ذ.م.م.),ليوان,Arjan,Arjan,FINISHED,156,1,1,0,156,289,47,6731258,1,1082659310
PN895,register_extract_2026-06-15,895,895,QPOINT LIWAN-PLOTR001,كيو بوينت ليوان -PLOTR001,رمرام ش.ذ.م.م,رمرام,Wadi Al Safa 2,Liwan1,FINISHED,63,1,1,63,63,202,10,6437732,1,
PN1849,register_extract_2026-06-15,1849,46377657,Downtown Views II,II داون تاون فيوز,اعمار العقارية (ش . م. ع),emaar,Zaabeel Second,,FINISHED,1515,3,3,0,1523,2888,164,3370587,1,
PN3389,register_extract_2026-06-15,3389,680354260,Mirdif Hills - Asayel Avenue,مردف هيلز - اصايل افنيو,دبي لاند (ش.ذ.م.م),دبي-لاند,Mirdif,,NOT_STARTED,193,1,1,0,193,110,85,2519317,1,
PN2190,register_extract_2026-06-15,2190,284628211,La Vie,لا في,مشاريع وسط دبي ش.ذ.م.م,مشاريع-وسط-دبي,Marsa Dubai,Jumeriah Beach Residence  - JBR,FINISHED,269,1,1,0,277,491,24,3920529,1,1965379767
PN2817,register_extract_2026-06-15,2817,546622001,AZIZI RIVIERA 61,عزيزى ريفيرا 61,مجموعة ميدان (ش.ذ.م.م),meydan,Al Merkadh,Meydan One Community,FINISHED,240,1,1,0,240,280,50,3475086,1,944993888
PN2957,register_extract_2026-06-15,2957,583695609,Address Residences Zabeel,العنوان ريزيدنسز زعبيل,زعبيل سكوير ش.ذ.م.م,زعبيل-سكوير,Zaabeel First,,ACTIVE,1754,5,5,0,1754,1864,73,3250587,1,
PN2891,register_extract_2026-06-15,2891,569550265,Joya Mimosa Residences,جويا ميموسا ريزيدنس,مدينة دبي الرياضية (ش. ذ. م. م),مدينه-دبي-الرياضيه,Al Hebiah Fourth,Dubai Sports City,PENDING,213,1,1,0,213,0,0,6820267,1,560478328
PN1732,register_extract_2026-06-15,1732,28336532,BAHWAN TOWER,برج بهوان,اعمار العقارية (ش . م. ع),emaar,Burj Khalifa,DownTown Dubai,FINISHED,135,1,1,132,135,359,28,3450438,1,716294308
PN1174,register_extract_2026-06-15,1174,1174,THE BINARY BY OMNIYAT,ذا باينري من أمنيات,الخليج التجاري (ش.ذ.م.م),الخليج-التجاري,Business Bay,Business Bay,FINISHED,418,1,1,0,430,1130,50,3460499,1,1154561796
PN2374,register_extract_2026-06-15,2374,405399019,DAMAC CITY,داماك سيتي,مراس العقارية (ش.ذ.م.م),meraas,Al Wasl,Dubai Water Canal,ACTIVE,511,2,2,0,511,604,55,3435304,1,
PN1605,register_extract_2026-06-15,1605,15155987,RP HEIGHTS,أر بي هايتس,اعمار العقارية (ش . م. ع),emaar,Burj Khalifa,DownTown Dubai,FINISHED,297,1,1,0,304,430,25,3450394,1,1397391586
PN1315,register_extract_2026-06-15,1315,4444959,PANORAMA,بانوراما,اعمار العقارية (ش . م. ع),emaar,Al Thanyah Third,The Greens,FINISHED,233,2,2,224,233,971,21,3886350,1,1070215007;1809722950
PN1444,register_extract_2026-06-15,1444,1444,LINCOLN PARK(WEST SIDE & LINCOLN PARK - B),لينكولن بارك (الجانب الغربي وحديقة لينكولن - ب),رمرام ش.ذ.م.م,رمرام,Arjan,Arjan,FINISHED,75,1,1,0,75,9,0,6731358;6817376,2,231567256
PN523,register_extract_2026-06-15,523,523,LAKE CENTRAL,ليك سنترال,دبي للعقارات (ش.ذ.م.م),dubai-properties,Business Bay,Business Bay,FINISHED,195,1,1,0,195,331,12,3460529,1,518806246
PN621,register_extract_2026-06-15,621,621,THE STERLING WEST HOUSE,ستيرلنغ ويست هاوس,الخليج التجاري (ش.ذ.م.م),الخليج-التجاري,Business Bay,Business Bay,FINISHED,187,1,1,0,196,316,36,3460712,1,
PN2254,register_extract_2026-06-15,2254,353792726,"Mohammed Bin Rashid Al Maktoum City , District One Phase III  , Residences 30",مدينة محمد بن راشد ال مكتوم الحي الأول ، المرحلة الثالثة ، ريسيدنز 30,مجموعة ميدان (ش.ذ.م.م),meydan,Al Merkadh,Mohammed Bin Rashid AL Maktoum City -District -1 Community,FINISHED,31,1,1,0,42,33,2,3470260,1,833251810
PN501,register_extract_2026-06-15,501,501,OASIS TOWER ONE,واحة تاور ون,مدينة دبي الرياضية (ش. ذ. م. م),مدينه-دبي-الرياضيه,Al Hebiah Fourth,Dubai Sports City,FINISHED,221,1,1,0,251,374,19,6820125,1,1561174272
PN923,register_extract_2026-06-15,923,923,ZENITH TOWER A2,برج زينيث A2,مدينة دبي الرياضية (ش. ذ. م. م),مدينه-دبي-الرياضيه,Al Hebiah Fourth,Dubai Sports City,FINISHED,191,2,2,191,191,218,50,6001497;6821387,2,1927844966
PN1780,register_extract_2026-06-15,1780,32789152,NO.23A and 23B CITYWALK RESIDENTIAL,نو.23 إيه ، نو.23 بي سيتي ووك ريزيدينشال,مراس العقارية (ش.ذ.م.م),meraas,Al Wasl,City Walk,FINISHED,68,2,2,59,68,3,0,3439479,1,
PN3493,register_extract_2026-06-15,3493,706069216,High Best Tower,البرج العالي الأفضل,مجموعة ميدان (ش.ذ.م.م),meydan,Wadi Al Safa 3,Mohammed Bin Rashid AL Maktoum District 11,ACTIVE,88,2,2,0,88,80,22,6456413,1,1921814096;903025969
PN2821,register_extract_2026-06-15,2821,547030581,AZIZI VENICE 1,عزيزى فينيس 1,مؤسسه مدينه دبى للطيران,موسسه-مدينه-دبي-للطيران,Madinat Al Mataar,Dubai World Central,ACTIVE,143,1,1,0,143,65,45,5211348,1,
PN2850,register_extract_2026-06-15,2850,557369833,Grove,جروف,نشاما للعقارات لمالكها نشمي ديفلوبمنت شركة الشخص الواحد ش.ذ.م.م,nshama,Al Yelayiss 2,TOWN SQUARE,NOT_STARTED,378,2,2,0,378,420,41,9229272,1,
PN3037,register_extract_2026-06-15,3037,603796305,Coral by Vision,كورال باي فيجين,مراس العقارية (ش.ذ.م.م),meraas,Al Satwa,Jumeirah Garden City,ACTIVE,88,1,1,0,88,92,40,3347273,1,
PN3076,register_extract_2026-06-15,3076,610810014,Serra,سيرا,ماجد الفطيم لتشغيل مشاريع المدن المتكاملة الاماراتية ش.ذ.م.م,ماجد-الفطيم-لتشغيل-مشاريع-المدن-المتكامله-الاماراتيه,Wadi Al Safa 4,,NOT_STARTED,535,10,10,0,535,555,89,6460157,1,1713721680;1924638124;1952291670;2000186184;452068896;466512120;526514842;589910334;761086350;805364142
PN3872,register_extract_2026-06-15,3872,787491855,Agua Residences by Citi Developers - Tower 1,أغوا ريزيدنسز من سيتي ديفيلوبرز - تاور 1,شركة نخيل (ش.م.خ),nakheel,Palm Deira,Palm Deira,NOT_STARTED,61,1,1,0,61,39,38,1010460,1,1697186118
PN3566,register_extract_2026-06-15,3566,722132328,Azizi Emerald,عزيزي ايمرالد,مدينه دبى الطبيه منطقه حرة - ذ.م.م.,مدينه-دبي-الطبيه,Um Hurair Second,Dubai Health Care City Phase 1,NOT_STARTED,102,1,1,0,102,1,0,3156272,1,
PN3561,register_extract_2026-06-15,3561,721156306,Ayamore Residence,آياموري ريزيدنس,النخلة  - ديره (ش.ذ.م.م),nakheel,Palm Deira,Palm Deira,ACTIVE,94,1,1,0,94,81,33,1010494,1,193316498
PN4044,register_extract_2026-06-15,4044,803276833,Rise by Athlon 1,رايز من أثلون 1,دبي لاند (ش.ذ.م.م),دبي-لاند,Wadi Al Safa 5,,NOT_STARTED,650,3,3,0,650,337,337,6485848,1,1900537116
PN3249,register_extract_2026-06-15,3249,649994953,ENSO JADE,إنسو جاد,دبي للعقارات (ش.ذ.م.م),dubai-properties,Al Satwa,Jumeirah Garden City,ACTIVE,105,1,1,0,105,107,105,3343018,1,641581554
PN2520,register_extract_2026-06-15,2520,459745811,Westwood Grande by Imtiaz,ويستوود غراند من امتياز,قرية جميرا (ش.ذ.م.م),قريه-جميرا,Al Barsha South Fourth,Jumeirah Village Circle,FINISHED,157,1,1,0,157,267,27,6817785,1,1296408982
PN2350,register_extract_2026-06-15,2350,394874603,"Six Senses Residences The Palm, Dubai","سيكس سينسز رزيدنسز ذي بالم, دبي",شركة النخلة - جميرا (ش.ذ.م.م),nakheel,Palm Jumeirah,Palm Jumeirah,ACTIVE,173,5,5,0,173,262,25,3817069,1,121248091;556124843;650152298;684247297;79528651
PN3799,register_extract_2026-06-15,3799,766556970,Arka Enclave Residences,مساكن  انكلاف أركا,شركة نخيل (ش.م.خ),nakheel,Palm Deira,Palm Deira,NOT_STARTED,140,1,1,0,140,54,53,1010218,1,1881370587
PN2215,register_extract_2026-06-15,2215,305455439,Olivz Residence,اوليفز رزيدنس,مراس العقارية (ش.ذ.م.م),meraas,Al Warsan First,WARSAN FIRST DEVELOPMENT,FINISHED,411,3,3,0,411,623,43,6210110,1,
PN4130,register_extract_2026-06-15,4130,821690179,W1,دبليو 1,شركة نخيل (ش.م.خ),nakheel,Jabal Ali First,Al Furjan,PENDING,83,0,1,0,83,2,0,5912289,1,223095688
PN2034,register_extract_2026-06-15,2034,165943722,Azizi Mirage 1,عزيزي ميراج 1,تيكوم للإستثمارات منطقة حرة- ذ.م.م,تيكوم-للاستثمارات,Al Hebiah Second,Dubai Studio City,ACTIVE,762,2,2,0,762,968,485,6750293,1,1434803967
PN3506,register_extract_2026-06-15,3506,708561275,Rose Gardens 1,روز جاردنز 1,مراس العقارية (ش.ذ.م.م),meraas,Al Satwa,Jumeirah Garden City,ACTIVE,166,1,1,0,166,58,45,3343014,1,1897186167
PN2737,register_extract_2026-06-15,2737,525654964,Riviera Chalet,شاليه ريفيرا,قرية جميرا (ش.ذ.م.م),قريه-جميرا,Al Barsha South Fourth,Jumeirah Village Circle,ACTIVE,57,1,1,0,57,63,5,6816248,1,483218162
PN2460,register_extract_2026-06-15,2460,440239910,CHIC TOWER,شييك تاور,الخليج التجاري (ش.ذ.م.م),الخليج-التجاري,Business Bay,Business Bay,ACTIVE,467,1,1,0,467,550,32,3460484,1,369370842
PN2896,register_extract_2026-06-15,2896,571087243,Samana Park Meadows,سمانا بارك ميدوز,دبي لاند ريزيدنسز (ش.ذ.م.م),دبي-لاند-ريزيدنسز,Wadi Al Safa 5,Dubai Land Residence Complex,ACTIVE,221,1,1,0,221,213,56,6488670,1,553046221
PN3074,register_extract_2026-06-15,3074,610570603,Jade Tower,برج جايد,ليوان(ش.ذ.م.م.),ليوان,Wadi Al Safa 3,Majan,NOT_STARTED,436,1,1,0,436,212,53,6457865,1,1903319905
PN2299,register_extract_2026-06-15,2299,377068824,Port De La Mer - La Sirene 2,بورت دي لامير - لاسيرين 2,مراس العقارية (ش.ذ.م.م),meraas,Jumeirah First,LA MER,FINISHED,130,3,3,0,132,235,22,3320328,1,
PN2206,register_extract_2026-06-15,2206,298342892,Nicholas Residence,نيكولاس ريزيدنس,قرية جميرا (ش.ذ.م.م),قريه-جميرا,Al Barsha South Fourth,Jumeirah Village Circle,FINISHED,97,1,1,0,98,156,19,6816484,1,1296906783
PN3235,register_extract_2026-06-15,3235,647832691,BRAND CENTRO,براند سنترو,مراس العقارية (ش.ذ.م.م),meraas,Al Satwa,Jumeirah Garden City,ACTIVE,56,1,1,0,56,12,0,3347554,1,192414792
PN3314,register_extract_2026-06-15,3314,662135362,Binghatti Grove,بن غاطي جروف,قرية جميرا (ش.ذ.م.م),قريه-جميرا,Al Barsha South Fourth,Jumeirah Village Circle,ACTIVE,404,1,1,0,404,369,76,6817761,1,1282818689
PN2971,register_extract_2026-06-15,2971,588975135,Barari Parkview by Al Mawared,براري بارك فيو من الموارد,ليوان(ش.ذ.م.م.),ليوان,Wadi Al Safa 3,Majan,ACTIVE,199,1,1,0,199,3,1,6457880,1,1706505824
PN2693,register_extract_2026-06-15,2693,510870785,Elitz 2 By Danube,إليتز 2 من دانوب,قرية جميرا (ش.ذ.م.م),قريه-جميرا,Al Barsha South Fourth,Jumeirah Village Circle,ACTIVE,801,2,2,0,801,854,40,6816173,1,
PN2965,register_extract_2026-06-15,2965,588310146,ELEVE BY DEYAAR,إليفي من ديار,شركة نخيل (ش.م.خ),nakheel,Jabal Ali Industrial Second,Down Town Jabal Ali,NOT_STARTED,818,1,1,0,818,787,150,5180212,1,2066112580
PN2902,register_extract_2026-06-15,2902,572456064,Maison Elysee II,مايسون الاليزيه II,قرية جميرا (ش.ذ.م.م),قريه-جميرا,Al Barsha South Fourth,Jumeirah Village Circle,ACTIVE,352,1,1,0,352,260,49,6816503,1,
PN3263,register_extract_2026-06-15,3263,652274028,Ashton Park Residences The Second,أشتون بارك ريزيدنسز الثاني,قرية جميرا (ش.ذ.م.م),قريه-جميرا,Al Barsha South Fourth,Jumeirah Village Circle,ACTIVE,194,1,1,0,194,205,4,6817172,1,916902927
PN3089,register_extract_2026-06-15,3089,612493385,4B Living,4B ليفينج,انترناشونال سيتي ( ش.ذ.م.م ),انترناشونال-سيتي,Warsan Fourth,International City Phase 3,ACTIVE,74,1,1,0,74,71,32,6241191,1,
PN2765,register_extract_2026-06-15,2765,535046487,Binghatti Tulip,بن غاطي توليب,قرية جميرا (ش.ذ.م.م),قريه-جميرا,Al Barsha South Fourth,Jumeirah Village Circle,FINISHED,279,1,1,0,279,410,69,6816316,1,1327291613
PN3551,register_extract_2026-06-15,3551,718359411,Avenue Residence 8,8 أفينيو ريذدنس,الفرجان ( ش.ذ.م.م ),الفرجان,Jabal Ali First,Al Furjan,NOT_STARTED,104,1,1,0,104,106,20,5913011,1,1451932562
PN2420,register_extract_2026-06-15,2420,424488472,SERENIA LIVING,سيرينيا ليفينج,شركة النخلة - جميرا (ش.ذ.م.م),nakheel,Palm Jumeirah,Palm Jumeirah,ACTIVE,226,5,5,0,226,381,59,3811928,1,1033924959
PN4021,register_extract_2026-06-15,4021,797974352,Ryze by AUM,رايز من اوم,مراس العقارية (ش.ذ.م.م),meraas,Al Warsan First,WARSAN FIRST DEVELOPMENT,PENDING,93,0,1,0,93,59,57,6218455,1,
PN1783,register_extract_2026-06-15,1783,32972196,Azizi Shaista Residence,عزيزي شايستا ريزيدنس,الفرجان ( ش.ذ.م.م ),الفرجان,Jabal Ali First,Al Furjan,FINISHED,297,1,1,0,301,481,45,5912281,1,576069051
PN1807,register_extract_2026-06-15,1807,34220580,SHAMAL WAVES,شمال ويفس,شركة نخيل (ش.م.خ),nakheel,Al Barsha South Fourth,Jumeirah Village Circle,FINISHED,68,1,1,68,68,287,18,6817179,1,1543046726
PN1501,register_extract_2026-06-15,1501,12331295,SHAMAL RESIDENCES 2,شمال ريزيدنسز 2,قرية جميرا (ش.ذ.م.م),قريه-جميرا,Al Barsha South Fourth,Jumeirah Village Circle,FINISHED,128,1,1,128,128,299,22,6817175,1,818328835
PN3241,register_extract_2026-06-15,3241,648348043,AURA ELITE,أورا يليت,سلطة دبي للمناطق الإقتصادية المتكاملة,سلطه-دبي-للمناطق-الاقتصاديه-المتكامله,Nadd Hessa,Silicon Oasis,NOT_STARTED,86,1,1,0,86,68,23,6261595,1,291554482
PN2464,register_extract_2026-06-15,2464,441216030,ELLINGTON HOUSE II,II إلينغتون هاوس,دبي هيلز استيت ش.ذ.م.م,dubai-hills-estate,Hadaeq Sheikh Mohammed Bin Rashid,Dubai Hills Estate,ACTIVE,166,1,1,0,166,280,73,6316928,1,1200884719
PN3189,register_extract_2026-06-15,3189,635640455,Verdes by Haven 2,فيرديس من جنان 2,دبي لاند (ش.ذ.م.م),دبي-لاند,Wadi Al Safa 5,,ACTIVE,59,1,1,0,59,56,2,6485250,1,603340786
PN2568,register_extract_2026-06-15,2568,478101084,TERRACES MARASI DRIVE,تيراسيس مراسي درايف,الخليج التجاري (ش.ذ.م.م),الخليج-التجاري,Business Bay,Business Bay,FINISHED,125,1,1,0,128,173,26,3460661,1,
PN2644,register_extract_2026-06-15,2644,499507686,DAMAC BAY 2,داماك باي 2,هاربور العقارية ذ.م.م,هاربور-العقاريه,Marsa Dubai,Dubai Harbour,ACTIVE,646,2,2,0,646,637,50,3920719,1,250317979;493884143
PN3384,register_extract_2026-06-15,3384,679344539,WHITECLIFFS RESIDENCES,سكن المنحدرات البيضاء,شركة نخيل (ش.م.خ),nakheel,Palm Deira,Palm Deira,ACTIVE,73,1,1,0,73,51,21,1010324,1,527360054
PN3365,register_extract_2026-06-15,3365,676185951,The Baltimore,ذا بالتيمور,نشاما للعقارات لمالكها نشمي ديفلوبمنت شركة الشخص الواحد ش.ذ.م.م,nshama,Al Yelayiss 2,TOWN SQUARE,NOT_STARTED,167,1,1,0,167,163,23,92225800,1,731905690
PN3550,register_extract_2026-06-15,3550,717672690,Lume Residences,ريزيدنسز لوم,قرية جميرا (ش.ذ.م.م),قريه-جميرا,Al Barsha South Fourth,Jumeirah Village Circle,NOT_STARTED,182,1,1,0,182,154,72,6817787,1,2038558146
PN4008,register_extract_2026-06-15,4008,795178819,Binghatti Flare 02,بن غاطي فلير 02,شركة نخيل (ش.م.خ),nakheel,Al Barsha South Fifth,Jumeirah Village Triangle,NOT_STARTED,613,1,1,0,613,566,565,6848902,1,1678113637
PN3135,register_extract_2026-06-15,3135,624006379,Havelock Heights,هافلوك هايتس,قرية جميرا (ش.ذ.م.م),قريه-جميرا,Al Barsha South Fourth,Jumeirah Village Circle,CONDITIONAL_ACTIVATING,156,1,1,0,156,114,28,6816251,1,1990977082
PN1862,register_extract_2026-06-15,1862,49027017,Golf Views,جولف فيوز,إعمار دبي الجنوب دي دبليو سي ش.ذ.م.م,emaar,Madinat Al Mataar,Dubai World Central,FINISHED,291,3,3,288,296,553,56,5211860,1,
PN3848,register_extract_2026-06-15,3848,778642290,Flora Bay,,شركة نخيل (ش.م.خ),nakheel,Palm Deira,Palm Deira,PENDING,84,0,1,0,84,4,0,1010465,1,1100348004
PN3054,register_extract_2026-06-15,3054,606594424,Pearls by Vision,بيرلز باي فيجن,سلطة دبي للمناطق الإقتصادية المتكاملة,سلطه-دبي-للمناطق-الاقتصاديه-المتكامله,Nadd Hessa,Silicon Oasis,FINISHED,114,1,1,0,114,190,69,6262593,1,2109141828
PN2431,register_extract_2026-06-15,2431,427003345,Westwood By Imtiaz,ويستوود من امتياز,الفرجان ( ش.ذ.م.م ),الفرجان,Jabal Ali First,Al Furjan,FINISHED,188,1,1,0,190,346,34,5913019,1,731355920
PN3233,register_extract_2026-06-15,3233,646974124,Views VII by Golden Woods,لجولدن  وودس VII فيوز,مؤسسه مدينه دبى للطيران,موسسه-مدينه-دبي-للطيران,Madinat Al Mataar,Dubai South Residential District,NOT_STARTED,68,1,1,0,68,45,14,5213661,1,29761911
PN2837,register_extract_2026-06-15,2837,552492835,10 OXFORD by IMAN,10 اوكسفورد باي ايمان,قرية جميرا (ش.ذ.م.م),قريه-جميرا,Al Barsha South Fourth,Jumeirah Village Circle,ACTIVE,430,2,2,0,430,520,45,6817922,1,
PN3603,register_extract_2026-06-15,3603,731227382,FLOAREA OASIS,فلوريا أو أسس,دبي لاند ريزيدنسز (ش.ذ.م.م),دبي-لاند-ريزيدنسز,Wadi Al Safa 5,Dubai Land Residence Complex,NOT_STARTED,257,1,1,0,257,224,192,6489019,1,170757202
PN2090,register_extract_2026-06-15,2090,188275958,Tabeer 1,تعبير 1,انترناشونال سيتي ( ش.ذ.م.م ),انترناشونال-سيتي,Al Warsan First,International City Phase 1,FINISHED,107,1,1,0,107,157,8,6210202,1,
PN3023,register_extract_2026-06-15,3023,600961878,Dawn by Binghatti,داون من بن غاطي,قرية جميرا (ش.ذ.م.م),قريه-جميرا,Al Barsha South Fourth,Jumeirah Village Circle,FINISHED,97,1,1,0,97,102,12,6817666,1,
PN2925,register_extract_2026-06-15,2925,577001715,DAMAC LAGOONS - LAGOON VIEWS 1,داماك لاجونز -لاجون فيوز 1,واحة الجزيرة العقارية (ش.ذ.م.م),واحه-الجزيره-العقاريه,Al Hebiah Fifth,,ACTIVE,162,3,3,0,162,162,1,68311602,1,1606497069;371673016;519906885
PN1829,register_extract_2026-06-15,1829,41940138,The Pulse Residence Icon,النبض المساكن أيقونة,مؤسسه مدينه دبى للطيران,موسسه-مدينه-دبي-للطيران,Madinat Al Mataar,Dubai South Residential District,FINISHED,99,1,1,0,99,179,20,5212779,1,1445329295
PN2073,register_extract_2026-06-15,2073,180069887,Lawnz Residence by Danube,لونز رزيدنس من دانوب,انترناشونال سيتي ( ش.ذ.م.م ),انترناشونال-سيتي,Al Warsan First,International City Phase 1,FINISHED,1063,4,4,0,1063,1689,100,6212066,1,
PN3258,register_extract_2026-06-15,3258,651310406,GHARBI II RESIDENCES,غربي II,شركة نخيل (ش.م.خ),nakheel,Al Barsha South Fourth,Jumeirah Village Circle,ACTIVE,236,1,1,0,236,233,35,6816448,1,1862529597
PN2987,register_extract_2026-06-15,2987,592949396,The Alba Residences by Omniyat,ذا ألبا ريزيدنسز من أمنيات,شركة نخيل (ش.م.خ),nakheel,Palm Jumeirah,Palm Jumeirah,ACTIVE,165,3,3,0,165,58,26,3817063,1,1334651144;1666390771
PN2989,register_extract_2026-06-15,2989,593503945,Gharbi I Residences,غربيI ريزيدنس,دبي للعقارات (ش.ذ.م.م),dubai-properties,Arjan,Arjan,ACTIVE,170,1,1,0,170,170,21,6734097,1,1114274316
PN3394,register_extract_2026-06-15,3394,682261710,COTIER HOUSE 1 BY IMTIAZ,كوتير هاوس 1 من امتياز,النخلة  - ديره (ش.ذ.م.م),nakheel,Palm Deira,Palm Deira,ACTIVE,137,1,1,0,137,138,25,1010577,1,1374004027
PN2485,register_extract_2026-06-15,2485,447523380,JOYA DORADO RESIDENCE,جويا دورادو رزدينس,ليوان(ش.ذ.م.م.),ليوان,Arjan,Arjan,ACTIVE,422,1,1,0,422,526,45,6731293,1,2140258823
PN3048,register_extract_2026-06-15,3048,606068817,THE FIFTH TOWER,البرج الخامس,قرية جميرا (ش.ذ.م.م),قريه-جميرا,Al Barsha South Fourth,Jumeirah Village Circle,ACTIVE,345,1,1,0,345,392,55,6817428,1,1870506662
PN3454,register_extract_2026-06-15,3454,694810299,Alma Gardens,الما غاردنز,ليوان(ش.ذ.م.م.),ليوان,Wadi Al Safa 2,Liwan1,ACTIVE,80,1,1,0,80,76,44,6430291,1,
PN3560,register_extract_2026-06-15,3560,721108190,Zyra Vista Residences,سييرا فيستا رزيدينسيز,انترناشونال سيتي ( ش.ذ.م.م ),انترناشونال-سيتي,Warsan Fourth,International City Phase 3,NOT_STARTED,51,1,1,0,51,25,20,6242516,1,
PN3655,register_extract_2026-06-15,3655,740443258,WAHA LIVING by AL YAKKA,واحة ليفينغ برعاية ال يكة,مراس العقارية (ش.ذ.م.م),meraas,Al Satwa,Jumeirah Garden City,ACTIVE,71,1,1,0,71,61,33,3347302,1,815102832
PN2763,register_extract_2026-06-15,2763,534777371,H Three By Aurora,الذي اتش ثري من أرورا,شركة نخيل (ش.م.خ),nakheel,Al Barsha South Fourth,Jumeirah Village Circle,FINISHED,147,1,1,0,147,228,44,6816398,1,1287628037
PN4047,register_extract_2026-06-15,4047,803278882,Rise by Athlon 4,رايز من أثلون 4,دبي لاند (ش.ذ.م.م),دبي-لاند,Wadi Al Safa 5,,NOT_STARTED,66,1,1,0,66,52,52,6489945,1,753360300
PN436,register_extract_2026-06-15,436,436,LAKESIDE,ليكسايد,تيكوم للإستثمارات منطقة حرة- ذ.م.م,تيكوم-للاستثمارات,Me'Aisem First,International Media Production Zone,FINISHED,1967,5,5,1957,1967,4436,237,6854304,1,696537107
PN2563,register_extract_2026-06-15,2563,476173217,Hadley Heights,هادلي هايتس,قرية جميرا (ش.ذ.م.م),قريه-جميرا,Al Barsha South Fourth,Jumeirah Village Circle,ACTIVE,219,1,1,0,219,308,74,6816299,1,1573738417
PN872,register_extract_2026-06-15,872,872,Selicon Star 2,سيليكون ستار 2,سلطة دبي للمناطق الإقتصادية المتكاملة,سلطه-دبي-للمناطق-الاقتصاديه-المتكامله,Nadd Hessa,Silicon Oasis,FINISHED,119,1,1,0,119,186,156,6262564,1,95183149
PN2926,register_extract_2026-06-15,2926,577006574,DAMAC LAGOONS - LAGOON VIEWS 2,داماك لاجونز -لاجون فيوز 2,واحة الجزيرة العقارية (ش.ذ.م.م),واحه-الجزيره-العقاريه,Al Hebiah Fifth,,ACTIVE,162,3,3,0,162,166,4,68311605,1,1116549177;1413175971;1684405092
PN3370,register_extract_2026-06-15,3370,677392827,The First Collection at Dubai Studio City,ذا فيرست كولكشن ات دبي ستوديو سيتي,دى اتش ايه ام منطقه حره - ذ.م.م,دي-اتش-ايه-ام,Al Hebiah Second,Dubai Studio City,ACTIVE,379,1,1,0,379,408,204,6757657,1,648022730
PN2183,register_extract_2026-06-15,2183,277474888,Chaimaa Avenue,شيماء افنيو,قرية جميرا (ش.ذ.م.م),قريه-جميرا,Al Barsha South Fourth,Jumeirah Village Circle,FINISHED,89,1,1,0,89,178,16,6817123,1,
PN799,register_extract_2026-06-15,799,799,CORDOBA PALACE,قصر قرطبة,سلطة دبي للمناطق الإقتصادية المتكاملة,سلطه-دبي-للمناطق-الاقتصاديه-المتكامله,Nadd Hessa,Silicon Oasis,FINISHED,136,1,1,136,136,438,16,6261810,1,1794251108
PN2559,register_extract_2026-06-15,2559,474944068,DAMAC BAY,داماك باي,شمال العقارية ش.ذ.م.م,شمال-العقاريه,Marsa Dubai,Dubai Harbour,ACTIVE,1087,4,4,0,1087,1149,56,3920717,1,1058533335;1255410072;1602811753;924894077
PN3601,register_extract_2026-06-15,3601,730491476,ELEMENTAL 22,اليمينتال 22,مراس العقارية (ش.ذ.م.م),meraas,Al Satwa,Jumeirah Garden City,NOT_STARTED,42,1,1,0,42,25,1,3347632,1,918558327
PN2033,register_extract_2026-06-15,2033,165299690,MAG EYE Phase 1,ماج آي المرحلة 1,مجموعة ميدان (ش.ذ.م.م),meydan,Hadaeq Sheikh Mohammed Bin Rashid,HADAEQ SHEIKH MOHAMMED BIN RASHID - DISRICT 7,FINISHED,904,8,702,0,905,2703,216,6313347;6313348;6313375;6314040;6314049;6314051;6314053;6314054;6314061;6314065;6314067;6314074;6314078;6314089;6314093;6314095;6314097;6314098;6314100;6314111;6314112;6314113;6314135;6314137;6314149;6314150;6314162;6314166;6314185;6314194;6314196;6314207;6314208;6314241;6314247;6314250;6314329;6316776;6316779;6316782;6316783;6316787;6316797;6316811;6316824;6316826;6316827;6316828;6316830,49,1371010790
PN1340,register_extract_2026-06-15,1340,7386657,BURJ VISTA,برج برج,اعمار العقارية (ش . م. ع),emaar,Burj Khalifa,DownTown Dubai,FINISHED,790,5,5,770,790,1921,84,3450840,1,1252815235
PN443,register_extract_2026-06-15,443,443,DAMAC TOWERS BY PARAMOUNT,داماك تاورز من باراماونت,الخليج التجاري (ش.ذ.م.م),الخليج-التجاري,Business Bay,Business Bay,FINISHED,2041,5,5,8,2041,3704,211,3460128,1,2045785070
PN2647,register_extract_2026-06-15,2647,500040616,Society House Downtown Dubai,سوسايتي هاوس داون تاون دبي,إعمار للتطوير (مساهمة عامة),emaar,Burj Khalifa,DownTown Dubai,ACTIVE,417,1,1,0,417,409,25,3450395,1,487553726
PN551,register_extract_2026-06-15,551,551,MARINA STAR,مارينا ستار,اعمار العقارية (ش . م. ع),emaar,Marsa Dubai,Dubai Marina,FINISHED,211,1,1,0,252,374,38,3920495,1,1143804240
PN2447,register_extract_2026-06-15,2447,434688810,Sobha Hartland - The Crest,شوبا هارتلاند - ذا كرست,شوبا ش.ذ.م.م,sobha,Al Merkadh,SOBHA HARTLAND,FINISHED,1518,5,5,0,1518,2326,487,3470383,1,1547949399;25230300;390664516;754674749;831060018
PN2040,register_extract_2026-06-15,2040,168189447,Azizi Riviera 33,عزيزي ريفييرا 33,مجموعة ميدان (ش.ذ.م.م),meydan,Al Merkadh,Meydan One Community,FINISHED,204,1,1,0,207,332,32,3475053,1,984357503
PN256,register_extract_2026-06-15,256,256,ROYAL OCEANIC TOWER,برج رويال المحيط,اعمار العقارية (ش . م. ع),emaar,Marsa Dubai,Dubai Marina,FINISHED,232,1,1,224,232,975,39,3920290,1,1119228011
PN2555,register_extract_2026-06-15,2555,473548848,Creek Beach - Canopy - Moor,شاطئ الخور - كانوبي - مور,دبي كريك هاربور ش.ذ.م.م,دبي-كريك-هاربور,Al Khairan First,Dubai Creek Harbour,ACTIVE,444,9,9,0,444,387,154,4154766,1,1063032231;1417443167;1576849203;241260280;442584559;498705376;569882363;684508956;79011019
PN2135,register_extract_2026-06-15,2135,238037167,Creek Beach - Bayshore,شاطئ الخور - بيشور,دبي كريك هاربور ش.ذ.م.م,دبي-كريك-هاربور,Al Khairan First,Dubai Creek Harbour,FINISHED,305,4,4,0,320,617,46,4154766,1,1140113627;1423387743;458106210;960610687
PN3152,register_extract_2026-06-15,3152,627334036,Verve City Walk,فيرف سيتي ووك,مراس العقارية (ش.ذ.م.م),meraas,Al Wasl,City Walk,ACTIVE,440,3,3,0,440,461,22,3435342,1,1041409094;1152136036;350819982
PN1710,register_extract_2026-06-15,1710,27388864,HARBOUR VIEWS,هاربور فيوز,ذي لاجونز المرحلة الاولى ش.ذ.م.م,ذي-لاجونز-المرحله-الاولي,Al Khairan First,Dubai Creek Harbour,FINISHED,784,3,3,0,848,1494,120,4158719,1,22179444
PN331,register_extract_2026-06-15,331,331,ELITE 3 SPORTS RESIDENCE,إيليت 3 سبورتس ريزيدنس,مدينة دبي الرياضية (ش. ذ. م. م),مدينه-دبي-الرياضيه,Al Hebiah Fourth,Dubai Sports City,FINISHED,315,1,1,316,315,846,35,6820270,1,1161864183
PN595,register_extract_2026-06-15,595,595,GLOBAL GREEN VIEW II,جلوبال جرين فيو II,انترناشونال سيتي ( ش.ذ.م.م ),انترناشونال-سيتي,Al Warsan First,International City Phase 1,FINISHED,168,1,1,160,168,332,7,6212039,1,
PN2214,register_extract_2026-06-15,2214,304480775,15 Northside,15 نورث سايد,الخليج التجاري (ش.ذ.م.م),الخليج-التجاري,Business Bay,Business Bay,FINISHED,358,2,2,0,358,761,68,3460665,1,1716523350
PN3198,register_extract_2026-06-15,3198,638717832,The Waterway by Prestige One,ذا ووتر واي باي بريستسج وان,مجموعة ميدان (ش.ذ.م.م),meydan,Bukadra,,ACTIVE,115,1,1,0,115,115,18,6117270,1,
PN1896,register_extract_2026-06-15,1896,82811651,Island Park II,II آيلاند بارك,ذي لاجونز المرحلة الاولى ش.ذ.م.م,ذي-لاجونز-المرحله-الاولي,Al Khairan First,Dubai Creek Harbour,FINISHED,160,1,1,0,160,402,68,4154950,1,443715112
PN3368,register_extract_2026-06-15,3368,676938468,Opulence Residences by Sido Development,إميرالد ريزيدنس من شركة سيدو للتطوير,قرية جميرا (ش.ذ.م.م),قريه-جميرا,Wadi Al Safa 3,Mohammed Bin Rashid AL Maktoum District 11,PENDING,51,1,1,0,51,0,0,6453232,1,1518670154
PN1993,register_extract_2026-06-15,1993,148394168,Azizi Riviera 10,عزيزي ريفيرا 10,مجموعة ميدان (ش.ذ.م.م),meydan,Al Merkadh,Meydan One Community,FINISHED,131,1,1,0,141,222,16,3475005,1,2083452167
PN41,register_extract_2026-06-15,41,41,51@BUSINESS BAY,51 @ بزنس باي,دبي للعقارات (ش.ذ.م.م),dubai-properties,Business Bay,Business Bay,FINISHED,176,1,1,0,176,439,21,3460722,1,1029509060
PN2024,register_extract_2026-06-15,2024,161604943,"Mohammed Bin Rashid Al Maktoum City , District One Phase III  , Residences 14",مدينة محمد بن راشد ال مكتوم ديستركت ون ، المرحلة الثالثة ، ريسيدنسز14,الحي الاول - منطقة حرة,الحي-الاول,Al Merkadh,Mohammed Bin Rashid AL Maktoum City -District -1 Community,FINISHED,136,1,1,0,182,257,18,3474849,1,1786760689
PN1889,register_extract_2026-06-15,1889,79736684,Bayz Tower,بايز تاور,الخليج التجاري (ش.ذ.م.م),الخليج-التجاري,Business Bay,Business Bay,FINISHED,463,1,1,0,463,795,64,3460151,1,746657218
PN1972,register_extract_2026-06-15,1972,139848506,Azizi Riviera 12,عزيزي ريفييرا 12,مجموعة ميدان (ش.ذ.م.م),meydan,Al Merkadh,Meydan One Community,FINISHED,135,1,1,0,145,217,22,3475003,1,912252244
PN2125,register_extract_2026-06-15,2125,221705794,Azizi Riviera 40,عزيزي ريفيرا 40,مجموعة ميدان (ش.ذ.م.م),meydan,Al Merkadh,Meydan One Community,FINISHED,165,1,1,0,165,222,16,3475036,1,21230556
PN349,register_extract_2026-06-15,349,349,ONTARIO TOWER,أونتاريو تاور,دبي للعقارات (ش.ذ.م.م),dubai-properties,Business Bay,Business Bay,FINISHED,300,1,1,175,300,920,69,3460481,1,1649142704
PN2476,register_extract_2026-06-15,2476,444916071,MR.C RESIDENCES DOWNTOWN,مستر سي رزيدنسس  داون تاون,مراس العقارية (ش.ذ.م.م),meraas,Al Wasl,,ACTIVE,169,1,1,0,169,100,36,3430115,1,276557711
PN3164,register_extract_2026-06-15,3164,629554611,Weybridge Gardens 3,ويبريدج غاردنز 3,دبي للعقارات (ش.ذ.م.م),dubai-properties,Wadi Al Safa 5,Dubai Land Residence Complex,NOT_STARTED,208,1,1,0,208,213,30,6488595,1,1298106111
PN1546,register_extract_2026-06-15,1546,13603766,SAFEER TOWER 1,سفير تاور 2,الخليج التجاري (ش.ذ.م.م),الخليج-التجاري,Business Bay,Business Bay,FINISHED,176,1,1,170,176,369,26,3460601,1,2138417937
PN45,register_extract_2026-06-15,45,45,CITADEL TOWER,برج سيتادل,دبي للعقارات (ش.ذ.م.م),dubai-properties,Business Bay,Business Bay,FINISHED,419,1,1,0,419,1609,30,3460485,1,1195561273
PN2938,register_extract_2026-06-15,2938,580833344,GARDENS 2,غاردنز 2,ليوان(ش.ذ.م.م.),ليوان,Arjan,Arjan,ACTIVE,223,1,1,0,223,250,29,6731304,1,2132016100
PN184,register_extract_2026-06-15,184,184,SCALA TOWER,برج سكالا,دبي للعقارات (ش.ذ.م.م),dubai-properties,Business Bay,Business Bay,FINISHED,188,1,1,0,188,596,27,3460662,1,1873428664
PN3535,register_extract_2026-06-15,3535,713747698,ANANDA RESIDENCES,اناندا ريزدنسيس,الاتحاد العقارية (شركة مساهمة عامة),union-properties,Al Hebiah First,Motor City,NOT_STARTED,1027,2,2,0,1027,278,275,6740192,1,
PN1209,register_extract_2026-06-15,1209,1209,QPOINT LIWAN-PLOT R082,كيو بوينت ليوان -PLOT R082,رمرام ش.ذ.م.م,رمرام,Wadi Al Safa 2,Liwan1,FINISHED,95,1,1,95,95,93,0,6437622,1,
PN155,register_extract_2026-06-15,155,155,INIGO ICON,امجو أيكون,شركة نخيل (ش.م.خ),nakheel,Al Thanyah Fifth,Jumeirah Lakes Towers,FINISHED,246,1,1,0,246,589,37,3930949,1,1377889318
PN57,register_extract_2026-06-15,57,57,FAIR VIEW RESIDENCY,فير فيو ريزيدنس,الخليج التجاري (ش.ذ.م.م),الخليج-التجاري,Business Bay,Business Bay,FINISHED,177,1,1,168,177,495,17,3460629,1,1837841780
PN1205,register_extract_2026-06-15,1205,1205,QPOINT LIWAN-PLOT R094,كيو بوينت ليوان -PLOT R094,رمرام ش.ذ.م.م,رمرام,Wadi Al Safa 2,Liwan1,FINISHED,55,1,1,55,55,186,9,6437641,1,
PN3382,register_extract_2026-06-15,3382,678813961,Eden House The Park,ايدن هاوس ذا بارك,مراس العقارية (ش.ذ.م.م),meraas,Al Wasl,Dubai Water Canal,ACTIVE,466,7,7,0,466,315,113,3435542,1,1844935924;1880574043;1884324002;2139283345;289660021;686031894;793659598
PN2093,register_extract_2026-06-15,2093,190242883,Port de La Mer - La Cote,بورت دو لامير - لا كوت,مراس العقارية (ش.ذ.م.م),meraas,Jumeirah First,LA MER,FINISHED,429,5,5,0,443,805,47,3320304,1,
PN3517,register_extract_2026-06-15,3517,710566396,Rosewood Residences Dubai,روزوود رزيدنسز دبي,دبي بينينسولا ش.ذ.م.م,دبي-بينينسولا,Jumeirah Second,,NOT_STARTED,61,0,7,0,61,22,20,3420986,1,
PN2115,register_extract_2026-06-15,2115,216726302,ELZ Residence,إلز رزيدنس,ليوان(ش.ذ.م.م.),ليوان,Arjan,Arjan,FINISHED,275,1,1,0,275,456,31,6731190,1,1178022866
PN3072,register_extract_2026-06-15,3072,610448171,Livel Residenza,ليفيل ريزيدنزا,شركة نخيل (ش.م.خ),nakheel,Al Barsha South Fourth,Jumeirah Village Circle,ACTIVE,137,1,1,0,137,27,24,6817747,1,911779667
PN315,register_extract_2026-06-15,315,315,FRANKFURT SPORTS TOWER I,برج فرانكفورت الرياضي 1,مدينة دبي الرياضية (ش. ذ. م. م),مدينه-دبي-الرياضيه,Al Hebiah Fourth,Dubai Sports City,FINISHED,224,1,1,224,224,485,31,6821289,1,140953033
PN1073,register_extract_2026-06-15,1073,1073,MIRDIF HILLS- JANAYEN AVENUE,تلال مردف - جنـاين أفينيو,دبي للاستثمار العقاري (ش ذ م م),دبي-للاستثمار-العقاري,Mirdif,,FINISHED,359,2,2,359,391,327,22,2514955,1,
PN445,register_extract_2026-06-15,445,445,EXECUTIVE HEIGHT,اكزكتيف هايت,تيكوم للإستثمارات منطقة حرة- ذ.م.م,تيكوم-للاستثمارات,Al Thanyah First,Barsha Heights,FINISHED,181,1,1,1,181,528,41,3830242,1,
PN230,register_extract_2026-06-15,230,230,PRIME BUSINESS CENTER,برايم بزنس سنتر,شركة نخيل (ش.م.خ),nakheel,Al Barsha South Fourth,Jumeirah Village Circle,FINISHED,178,2,2,0,178,551,28,6817098,1,
PN1403,register_extract_2026-06-15,1403,11405210,ELITE DOWNTOWN RESIDENCE,ايليت داون تاون رزيدنس,اعمار العقارية (ش . م. ع),emaar,Burj Khalifa,DownTown Dubai,FINISHED,469,1,1,0,469,574,35,3450430,1,1141032344
PN1547,register_extract_2026-06-15,1547,13608318,THE RESIDENCES AT MARINA GATE 2,ريزيدنس أت مارينا جيت 2,مرسى دبي المرحلة الاولى (ش.ذ.م.م),مرسي-دبي-المرحله-الاولي,Marsa Dubai,Dubai Marina,FINISHED,535,1,1,519,535,1236,68,3925336,1,1517339511
PN3729,register_extract_2026-06-15,3729,752769157,Gate Eleven Residences,جيت إيليفن ريزيدنسز,مجموعة ميدان (ش.ذ.م.م),meydan,Wadi Al Safa 3,Mohammed Bin Rashid AL Maktoum District 11,NOT_STARTED,189,4,4,0,189,147,85,6456561,1,1612372125;2012568404;8622381;973406220
PN1130,register_extract_2026-06-15,1130,1130,HDS BUSINESS CENTRE,اتش دي اس بزنس سنتر,مركز دبي للسلع المتعددة,مركز-دبي-للسلع-المتعدده,Al Thanyah Fifth,Jumeirah Lakes Towers,FINISHED,312,1,1,0,312,1053,61,3930982,1,268401465
PN1852,register_extract_2026-06-15,1852,46953486,Resortz Residence,ريزورتز ريزيدنس,ليوان(ش.ذ.م.م.),ليوان,Arjan,Arjan,FINISHED,444,3,3,419,444,815,78,6731359,1,1840471452
PN3803,register_extract_2026-06-15,3803,767974684,COVE EDITION RESIDENCE 6 BY IMTIAZ,كوف ايديشن ريزيدنس 6 من امتياز,دبي لاند ريزيدنسز (ش.ذ.م.م),دبي-لاند-ريزيدنسز,Wadi Al Safa 5,Dubai Land Residence Complex,NOT_STARTED,264,1,1,0,264,267,250,6489259,1,
PN2101,register_extract_2026-06-15,2101,195495460,SHERENA RESIDENCE 2,2 مجمع شيرينا السكني,ليوان(ش.ذ.م.م.),ليوان,Wadi Al Safa 3,Majan,ACTIVE,120,1,1,120,120,106,2,6457888,1,2004490271
PN1329,register_extract_2026-06-15,1329,5509527,THE DISTINCTION,التمييز,اعمار العقارية (ش . م. ع),emaar,Burj Khalifa,DownTown Dubai,FINISHED,308,1,1,0,308,586,33,3450386,1,1868233719
PN1264,register_extract_2026-06-15,1264,1264,CAPITAL BAY B,كابيتال باي ب,الخليج التجاري (ش.ذ.م.م),الخليج-التجاري,Business Bay,Business Bay,FINISHED,186,3,3,339,363,505,54,3466872,1,
PN507,register_extract_2026-06-15,507,507,SOLITAIRE CASCADES,سوليتير كاسكيد,دبي للعقارات (ش.ذ.م.م),dubai-properties,Wadi Al Safa 5,Dubai Land Residence Complex,FINISHED,70,1,1,66,70,69,2,6488606,1,220317519
PN1195,register_extract_2026-06-15,1195,1195,QPOINT LIWAN-PLOT R047,كيو بوينت ليوان -PLOT R047,رمرام ش.ذ.م.م,رمرام,Wadi Al Safa 2,Liwan1,FINISHED,96,1,1,96,96,247,10,6437672,1,
PN307,register_extract_2026-06-15,307,307,MADISON RESIDENCE,ماديسون ريزيدنس,رمرام ش.ذ.م.م,رمرام,Wadi Al Safa 3,Majan,FINISHED,123,2,2,173,180,245,14,6453376;6457808,2,827175890
PN3794,register_extract_2026-06-15,3794,765732413,Azizi Riviera 64,عزيزي ريفيرا 64,مجموعة ميدان (ش.ذ.م.م),meydan,Al Merkadh,Meydan One Community,ACTIVE,127,1,1,0,127,2,1,3475091,1,302262994
PN463,register_extract_2026-06-15,463,463,SABA TOWER 2,سابا تاور 2,شركة نخيل (ش.م.خ),nakheel,Al Thanyah Fifth,Jumeirah Lakes Towers,FINISHED,377,1,1,366,377,1240,55,3930938,1,1731524209
PN398,register_extract_2026-06-15,398,398,THE WIND TOWER I,وند تاور  I,شركة نخيل (ش.م.خ),nakheel,Al Thanyah Fifth,Jumeirah Islands,ACTIVE,515,1,1,500,515,790,23,3930964,1,207640711
PN2448,register_extract_2026-06-15,2448,434693003,Luxury Family Residence II,II لوكجري  فاميلي ريزيدنس,الخليج التجاري (ش.ذ.م.م),الخليج-التجاري,Business Bay,Business Bay,FINISHED,205,1,1,0,205,263,43,3460577,1,1896127657
PN2245,register_extract_2026-06-15,2245,353393416,"Mohammed Bin Rashid Al Maktoum City , District One Phase III  , Residences 19",مدينة محمد بن راشد ال مكتوم الحي الأول ، المرحلة الثالثة ، ريسيدنز 19,مجموعة ميدان (ش.ذ.م.م),meydan,Al Merkadh,Mohammed Bin Rashid AL Maktoum City -District -1 Community,FINISHED,31,1,1,0,31,97,4,3470263,1,1321752986
PN1775,register_extract_2026-06-15,1775,32539639,Sunbeam Homes,مساكن سن بيم,تيكوم للإستثمارات منطقة حرة- ذ.م.م,تيكوم-للاستثمارات,Saih Shuaib 2,,FINISHED,32,4,4,32,32,39,0,5310115,1,
PN1738,register_extract_2026-06-15,1738,28753591,CANDACE ASTER HOTEL APARTMENTS,شقق كانديس أستر الفندقية,الفرجان ( ش.ذ.م.م ),الفرجان,Jabal Ali First,Al Furjan,FINISHED,229,1,1,0,229,428,29,5912991,1,2023580597
PN146,register_extract_2026-06-15,146,146,NILOOFAR,نيلوفر,دبي للعقارات (ش.ذ.م.م),dubai-properties,Al Jadaf,Jaddaf Waterfront,FINISHED,94,1,1,94,94,216,3,3260872,1,227236753
PN1721,register_extract_2026-06-15,1721,27890363,ROYAL BAY,رويال باي,شركة النخلة - جميرا (ش.ذ.م.م),nakheel,Palm Jumeirah,Palm Jumeirah,FINISHED,91,1,1,0,91,208,15,3814743,1,682261940
PN2801,register_extract_2026-06-15,2801,542369284,DAMAC CASA,داماك كازا,دى اتش ايه ام منطقه حره - ذ.م.م,دي-اتش-ايه-ام,Al Safouh Second,Site A,ACTIVE,404,1,1,0,404,383,49,3820749,1,
PN3515,register_extract_2026-06-15,3515,710555101,Westar Altair,ويستار ألتير,مؤسسه مدينه دبى للطيران,موسسه-مدينه-دبي-للطيران,Madinat Al Mataar,Dubai South Residential District,ACTIVE,56,1,1,0,56,32,8,5213622,1,1456525964
PN2606,register_extract_2026-06-15,2606,489192951,Adhara Star,أدهارا ستار,ليوان(ش.ذ.م.م.),ليوان,Arjan,Arjan,ACTIVE,115,1,1,0,115,166,57,6734070,1,1919280627
PN4117,register_extract_2026-06-15,4117,818317808,Golf Hills,جولف هيلز,إعمار دبي الجنوب دي دبليو سي ش.ذ.م.م,emaar,Madinat Al Mataar,Dubai World Central,PENDING,204,0,1,0,204,167,167,5211663,1,528421510
PN3773,register_extract_2026-06-15,3773,760282755,MARWA VIEWS,,قرية جميرا (ش.ذ.م.م),قريه-جميرا,Al Barsha South Fifth,Jumeirah Village Triangle,PENDING,70,0,1,0,70,5,0,6849725,1,286010413
PN3741,register_extract_2026-06-15,3741,754843259,Azizi Venice 15,عزيزي فينيس 15,مؤسسه مدينه دبى للطيران,موسسه-مدينه-دبي-للطيران,Madinat Al Mataar,Dubai World Central,NOT_STARTED,1855,2,2,0,1855,865,822,5211362,1,398398860
PN3654,register_extract_2026-06-15,3654,740412314,NAUTIS RESIDENCES,ناتس ريزيدانسيز,شركة نخيل (ش.م.خ),nakheel,Palm Deira,Palm Deira,NOT_STARTED,63,1,1,0,63,25,20,1010433,1,1629997800
PN3280,register_extract_2026-06-15,3280,655102119,Moonsa Residences 2,مونسا ريزيدينس 2,شركة نخيل (ش.م.خ),nakheel,Warsan Fourth,International City Phase 3,NOT_STARTED,125,1,1,0,125,98,31,6241282,1,
PN3415,register_extract_2026-06-15,3415,685784048,Bay Grove Residences C - Dubai Islands,جزر دبي - C باي غروف رزيدنسز,شركة نخيل (ش.م.خ),nakheel,Palm Deira,Palm Deira,NOT_STARTED,360,4,4,0,360,368,7,1011257,1,1250735768;2115906120;383728802;717790502
PN3364,register_extract_2026-06-15,3364,676180289,Lexington,ليكسينغتون,نشاما للعقارات لمالكها نشمي ديفلوبمنت شركة الشخص الواحد ش.ذ.م.م,nshama,Al Yelayiss 2,TOWN SQUARE,NOT_STARTED,142,1,1,0,142,138,10,92225801,1,1640815272
PN3203,register_extract_2026-06-15,3203,640262505,AZIZI NEILA,عزيزى نايلا,شركة نخيل (ش.م.خ),nakheel,Jabal Ali First,Al Furjan,NOT_STARTED,274,1,1,0,274,207,119,5913016,1,1039505024
PN2078,register_extract_2026-06-15,2078,181881311,Maria Tower,ماريا تاور,الفرجان ( ش.ذ.م.م ),الفرجان,Jabal Ali First,Al Furjan,FINISHED,98,1,1,95,98,191,27,5912286,1,297572186
PN4013,register_extract_2026-06-15,4013,796703939,Stax,استاكس,قرية جميرا (ش.ذ.م.م),قريه-جميرا,Al Barsha South Fourth,Jumeirah Village Circle,NOT_STARTED,530,2,2,0,530,222,218,6817315,1,2121729567
PN3774,register_extract_2026-06-15,3774,760303129,Cove Grand Residence by Imtiaz,كوف جراند ريزيدنس من امتياز,شركة نخيل (ش.م.خ),nakheel,Wadi Al Safa 5,Dubai Land Residence Complex,NOT_STARTED,538,1,1,0,538,528,449,6488556,1,
PN3448,register_extract_2026-06-15,3448,693254537,VISTARA HOUSE,فيزتارا هاوس,شركة نخيل (ش.م.خ),nakheel,Jabal Ali First,Al Furjan,ACTIVE,141,1,1,0,141,120,40,5912299,1,
PN3211,register_extract_2026-06-15,3211,641521851,Hillcrest,هيلكريست,نشاما للعقارات لمالكها نشمي ديفلوبمنت شركة الشخص الواحد ش.ذ.م.م,nshama,Al Yelayiss 2,TOWN SQUARE,NOT_STARTED,171,1,1,0,171,163,13,92225792,1,191564526
PN3746,register_extract_2026-06-15,3746,756112172,Orbit Residences by Jewel 2,2 أوربت ريزيدنسز باي جيول,شركة نخيل (ش.م.خ),nakheel,Warsan Fourth,International City Phase 3,PENDING,147,0,1,0,147,0,0,6240948,1,
PN1858,register_extract_2026-06-15,1858,47941979,Al Fouad,الفؤاد,شركة نخيل (ش.م.خ),nakheel,Jabal Ali First,Al Furjan,FINISHED,108,1,1,106,108,272,6,5911811,1,483719192
PN3797,register_extract_2026-06-15,3797,766399788,Samana Imperial Garden,سامانا امبريال جاردن,ليوان(ش.ذ.م.م.),ليوان,Arjan,Arjan,NOT_STARTED,344,1,1,0,344,308,306,6731274,1,1905285796
PN815,register_extract_2026-06-15,815,815,DANA TOWER,برج الدانة,قرية جميرا (ش.ذ.م.م),قريه-جميرا,Al Barsha South Fourth,Jumeirah Village Circle,FINISHED,154,1,1,151,154,464,21,6816751,1,1780244846
PN807,register_extract_2026-06-15,807,807,PARADISE ONE,الجنة الأولى,قرية جميرا (ش.ذ.م.م),قريه-جميرا,Al Barsha South Fifth,Jumeirah Village Triangle,ACTIVE,121,1,1,121,121,55,0,6849727,1,317239513
PN1722,register_extract_2026-06-15,1722,27973220,TERHAB HOTEL & TOWERS AT JUMEIRAH VILLAGE TRIANGLE,فندق وأبراج ترهاب في مثلث قرية جميرا,قرية جميرا (ش.ذ.م.م),قريه-جميرا,Al Barsha South Fifth,Jumeirah Village Triangle,FINISHED,943,2,2,0,943,733,100,6843458,1,351281720
PN3640,register_extract_2026-06-15,3640,737809199,ISOLANA RESIDENCES,إيزولانا ريزيدنسز,شركة نخيل (ش.م.خ),nakheel,Palm Deira,Palm Deira,NOT_STARTED,73,1,1,0,73,46,19,1010523,1,452686634
PN3213,register_extract_2026-06-15,3213,641590792,HAVELOCK RESIDENCES,هافلوك ريذيدنس,شركة نخيل (ش.م.خ),nakheel,Jabal Ali First,Discovery Gardens,CONDITIONAL_ACTIVATING,230,1,1,0,230,219,21,59110359,1,1243306139
PN3030,register_extract_2026-06-15,3030,602078513,Century,سنشري,الخليج التجاري (ش.ذ.م.م),الخليج-التجاري,Business Bay,Business Bay,ACTIVE,214,1,1,0,214,240,23,3466860,1,610187897
PN3344,register_extract_2026-06-15,3344,670340370,EMBER AT PARK FIVE,إيمبر في بارك فايف,دى اتش ايه ام منطقه حره - ذ.م.م,دي-اتش-ايه-ام,Me'Aisem First,International Media Production Zone,NOT_STARTED,205,1,1,0,205,200,127,6854441,1,998193217
PN2381,register_extract_2026-06-15,2381,408968741,Myrtle,مرتيل,مراس العقارية (ش.ذ.م.م),meraas,Al Wasl,City Walk,FINISHED,130,1,1,0,130,245,58,3431205,1,974231519
PN3024,register_extract_2026-06-15,3024,600970270,Dusk by Binghatti,داسك من بن غاطي,قرية جميرا (ش.ذ.م.م),قريه-جميرا,Al Barsha South Fourth,Jumeirah Village Circle,FINISHED,107,1,1,0,107,139,26,6817430,1,1035610166
PN4026,register_extract_2026-06-15,4026,799411925,Wellington Ocean Walk,ممشى ويلينغتون المحيطي,شركة نخيل (ش.م.خ),nakheel,Palm Deira,Palm Deira,PENDING,79,1,1,0,79,43,40,1010495,1,1283221648
PN3310,register_extract_2026-06-15,3310,661399976,105 Residences by Kamdar,105 ريزيدنسز من كامدار,قرية جميرا (ش.ذ.م.م),قريه-جميرا,Al Barsha South Fourth,Jumeirah Village Circle,NOT_STARTED,105,1,1,0,105,60,13,6817057,1,1853882987
PN2480,register_extract_2026-06-15,2480,446599737,Burj Binghatti Jacob & Co. Residences,برج بن غاطي جيكوب اند كو. ريزيدنسز,الخليج التجاري (ش.ذ.م.م),الخليج-التجاري,Business Bay,Business Bay,ACTIVE,325,1,1,0,325,229,49,3460687,1,2062713319
PN2943,register_extract_2026-06-15,2943,581724311,DAMAC LAGOONS - LAGOON VIEWS 4,داماك لاجونز - لاجون فيوز 4,واحة الجزيرة العقارية (ش.ذ.م.م),واحه-الجزيره-العقاريه,Al Hebiah Fifth,,ACTIVE,144,3,3,0,144,149,2,68311600,1,1576121657;1802797646;422263041
PN4060,register_extract_2026-06-15,4060,807049483,CG Living,سي جي ليفينج,شركة نخيل (ش.م.خ),nakheel,Palm Deira,Palm Deira,PENDING,116,1,1,0,116,23,22,1010356,1,785714499
PN2607,register_extract_2026-06-15,2607,489582936,DESIGN QUARTER,ديزاين كوارتر,دى اتش ايه ام منطقه حره - ذ.م.م,دي-اتش-ايه-ام,Zaabeel Second,Business Park,ACTIVE,564,3,9,0,564,570,20,3372442,1,
PN647,register_extract_2026-06-15,647,647,GARDENIA1 & 2,جاردينيا 1 و 2,قرية جميرا (ش.ذ.م.م),قريه-جميرا,Al Barsha South Fourth,Jumeirah Village Circle,PENDING,171,1,2,168,171,85,0,6817414,1,469203975
PN2677,register_extract_2026-06-15,2677,508251158,Q Gardens Lofts 2,2 كيو جاردنز لوفتس,قرية جميرا (ش.ذ.م.م),قريه-جميرا,Al Barsha South Fourth,Jumeirah Village Circle,ACTIVE,221,1,1,0,221,122,55,6816486,1,
PN2651,register_extract_2026-06-15,2651,501671008,Floarea Residence,فلو ريا رزيدنس,ليوان(ش.ذ.م.م.),ليوان,Arjan,Arjan,FINISHED,206,1,1,0,206,364,117,6731270,1,
PN3133,register_extract_2026-06-15,3133,623919311,Dubai Harbour Residences (Area 1),دبي هاربور رزيدنسز (المنطقة 1),دبي هاربور كوميونيتي ذ.م.م,دبي-هاربور-كوميونيتي,Marsa Dubai,Dubai Harbour,ACTIVE,217,2,2,0,217,202,49,3920739,1,
PN4098,register_extract_2026-06-15,4098,816727014,Lyvia by Palace,ليفيا باي بالاس,دبي كريك هاربور ش.ذ.م.م,دبي-كريك-هاربور,Al Khairan First,Dubai Creek Harbour,NOT_STARTED,481,1,1,0,481,465,465,4150258,1,
PN4077,register_extract_2026-06-15,4077,812040992,Allegro Park by Mill Hill Riviera Development,اليجرو بارك من ميل هيل ريفيرا للتطوير,النخلة  - ديره (ش.ذ.م.م),nakheel,Palm Deira,Palm Deira,PENDING,52,0,1,0,52,25,24,1010481,1,1117640402
PN3481,register_extract_2026-06-15,3481,703588029,Binghatti Hillside,بن غاطي هيل سايد,دى اتش ايه ام منطقه حره - ذ.م.م,دي-اتش-ايه-ام,Al Barshaa South Second,Dubai Science Park,NOT_STARTED,411,1,1,0,411,302,299,6727720,1,
PN1509,register_extract_2026-06-15,1509,12596518,AZIZI. FEIROUZ,عزيزي فيروز,الفرجان ( ش.ذ.م.م ),الفرجان,Jabal Ali First,Al Furjan,FINISHED,99,2,2,99,99,252,26,5913006,1,998598003
PN2785,register_extract_2026-06-15,2785,538921855,AARK RESIDENCES,ايه ايه ار كيه ريزيدنسز,دبي لاند ريزيدنسز (ش.ذ.م.م),دبي-لاند-ريزيدنسز,Wadi Al Safa 5,Dubai Land Residence Complex,ACTIVE,100,1,1,0,100,118,16,6488609,1,
PN2907,register_extract_2026-06-15,2907,573512871,1WOOD RESIDENCE,ون وود ريزيدنس,قرية جميرا (ش.ذ.م.م),قريه-جميرا,Al Barsha South Fourth,Jumeirah Village Circle,ACTIVE,227,1,1,0,227,242,43,6817237,1,546740667
PN720,register_extract_2026-06-15,720,720,PARK CORNER,بارك كورنر,قرية جميرا (ش.ذ.م.م),قريه-جميرا,Al Barsha South Fourth,Jumeirah Village Circle,FINISHED,46,1,1,46,46,109,4,6817055,1,510216237
PN3355,register_extract_2026-06-15,3355,674084597,Glorious Central Residences,ريزيدينسز سنترال مُجَلَّل,انترناشونال سيتي ( ش.ذ.م.م ),انترناشونال-سيتي,Warsan Fourth,International City Phase 3,ACTIVE,151,1,1,0,151,117,52,6240886,1,
PN1571,register_extract_2026-06-15,1571,14215195,ACES CHATEAU,آيس شاتو,قرية جميرا (ش.ذ.م.م),قريه-جميرا,Al Barsha South Fourth,Jumeirah Village Circle,FINISHED,53,1,1,51,53,132,10,6816307,1,696373592
PN3646,register_extract_2026-06-15,3646,738749620,Tetris Tower,تيتريس تاور,شركة نخيل (ش.م.خ),nakheel,Al Barsha South Fourth,Jumeirah Village Circle,PENDING,205,1,1,0,205,22,19,6817097,1,1881846724
PN2203,register_extract_2026-06-15,2203,297429304,Binghatti Point,بن غاطي  بوينت,سلطة دبي للمناطق الإقتصادية المتكاملة,سلطه-دبي-للمناطق-الاقتصاديه-المتكامله,Nadd Hessa,Silicon Oasis,FINISHED,127,1,1,0,127,223,17,6261579,1,17416372
PN1616,register_extract_2026-06-15,1616,15475464,AXIS SILVER,آكسيس سيلفر,سلطة دبي للمناطق الإقتصادية المتكاملة,سلطه-دبي-للمناطق-الاقتصاديه-المتكامله,Nadd Hessa,Silicon Oasis,FINISHED,120,1,1,120,120,246,25,6261836,1,1712789593
PN3735,register_extract_2026-06-15,3735,753904418,Azizi Milan 9,عزيزي ميلان 9,الياس و مصطفى كلداري لإدارة الاستثمار و التطوير (ش.ذ.م.م),الياس-و-مصطفي-كلداري-لاداره-الاستثمار-و-التطوير,Wadi Al Safa 4,,NOT_STARTED,1180,1,1,0,1180,178,166,6468140,1,1562340666
PN3402,register_extract_2026-06-15,3402,683735233,Almaan 101,المان 101,قرية جميرا (ش.ذ.م.م),قريه-جميرا,Al Barsha South Fourth,Jumeirah Village Circle,ACTIVE,102,1,1,0,102,37,32,6817138,1,680607906
PN3467,register_extract_2026-06-15,3467,699137702,Elire,إلير,الخليج التجاري (ش.ذ.م.م),الخليج-التجاري,Business Bay,Business Bay,NOT_STARTED,101,1,1,0,101,4,3,3460268,1,
PN3229,register_extract_2026-06-15,3229,646258168,Address Residences l Dubai Creek Harbour,خور دبي l العنوان رزيدنسز,دبي كريك هاربور ش.ذ.م.م,دبي-كريك-هاربور,Al Khairan First,Dubai Creek Harbour,ACTIVE,326,1,1,0,326,359,34,4156368,1,1126914685
PN2397,register_extract_2026-06-15,2397,417792415,Address The Bay,العنوان ذا باي,إعمار للتطوير (مساهمة عامة),emaar,Marsa Dubai,Dubai Harbour,ACTIVE,448,1,1,0,448,680,43,3927073,1,224780165
PN3186,register_extract_2026-06-15,3186,635495813,THE AUTOGRAPH-S SERIES,ذا اوتوجراف - ايس سيريس,قرية جميرا (ش.ذ.م.م),قريه-جميرا,Al Barsha South Fourth,Jumeirah Village Circle,NOT_STARTED,253,1,1,0,253,258,18,6817403,1,1276556183
PN2853,register_extract_2026-06-15,2853,557516909,AURA ELEGANCE,اورا اناقة,سلطة دبي للمناطق الإقتصادية المتكاملة,سلطه-دبي-للمناطق-الاقتصاديه-المتكامله,Nadd Hessa,Silicon Oasis,ACTIVE,109,1,1,0,109,185,79,6261833,1,1188928392
PN3882,register_extract_2026-06-15,3882,790442743,Elevia Residences III,مساكن إيليفيا III,انترناشونال سيتي ( ش.ذ.م.م ),انترناشونال-سيتي,Warsan Fourth,International City Phase 3,NOT_STARTED,105,1,1,0,105,2,0,6240844,1,
PN4042,register_extract_2026-06-15,4042,802999842,Sobha Central Phase II,II شوبا سنترال فيز,شوبا ش.ذ.م.م,sobha,Jabal Ali First,DMCC-EZ2,NOT_STARTED,2143,2,2,0,2143,755,752,59112756,1,
PN2608,register_extract_2026-06-15,2608,489804610,SAMANA SKYROS,سامانا سكايروز,ليوان(ش.ذ.م.م.),ليوان,Arjan,Arjan,ACTIVE,441,1,1,0,441,457,19,6731129,1,447500093
PN1888,register_extract_2026-06-15,1888,79549713,Bloom Towers,بلووم تاورز,قرية جميرا (ش.ذ.م.م),قريه-جميرا,Al Barsha South Fourth,Jumeirah Village Circle,FINISHED,944,3,3,0,944,1738,157,6816225,1,1475195149
PN3811,register_extract_2026-06-15,3811,769718938,SUNSET BAY FIVE by Imtiaz,صن سيت باي فايف من امتياز,شركة نخيل (ش.م.خ),nakheel,Palm Deira,Palm Deira,NOT_STARTED,62,1,1,0,62,57,55,1010540,1,105819560
PN633,register_extract_2026-06-15,633,633,DUSIT EMIRATES SARAY,دوسِت الإمارات سراي,شركة نخيل (ش.م.خ),nakheel,Palm Jumeirah,Palm Jumeirah,FINISHED,272,1,1,252,272,2,0,3817057,1,1004561337
PN4050,register_extract_2026-06-15,4050,804489146,Kanyon By Beyond,كانيون من بيوند,مدينة دبي الملاحية م م ح,مدينه-دبي-الملاحيه,Madinat Dubai Almelaheyah,Dubai Maritime City,PENDING,412,0,1,0,412,334,332,3210354,1,1836617175
PN2235,register_extract_2026-06-15,2235,348255855,ARAS Residence,أراس ريزيدنس,ليوان(ش.ذ.م.م.),ليوان,Wadi Al Safa 3,Majan,FINISHED,96,1,1,0,96,159,21,6456039,1,829454691
PN3839,register_extract_2026-06-15,3839,774590315,Camden,كامدن,نشاما للعقارات لمالكها نشمي ديفلوبمنت شركة الشخص الواحد ش.ذ.م.م,nshama,Al Yelayiss 2,TOWN SQUARE,NOT_STARTED,168,1,1,0,168,124,104,92225761,1,721785829
PN3552,register_extract_2026-06-15,3552,718489977,Binghatti Amberhall,بن غاطي أمبر هول,شركة نخيل (ش.م.خ),nakheel,Al Barsha South Fourth,Jumeirah Village Circle,NOT_STARTED,710,3,1,0,710,676,606,6817024,1,1809648749
PN3568,register_extract_2026-06-15,3568,722635450,LUXURY CANAL RESIDENCES,لكشري كانال ريزيدنسز,شركة نخيل (ش.م.خ),nakheel,Palm Deira,Palm Deira,NOT_STARTED,73,1,1,0,73,59,11,1010323,1,1140721062
PN2697,register_extract_2026-06-15,2697,511809776,555 PARK VIEWS,555 بارك فيوز,قرية جميرا (ش.ذ.م.م),قريه-جميرا,Al Barsha South Fifth,Jumeirah Village Triangle,FINISHED,71,1,1,0,71,128,22,6848862,1,
PN2856,register_extract_2026-06-15,2856,559842864,Mallside Residence,مول سايد رزيدنس,دبي هيلز استيت ش.ذ.م.م,dubai-hills-estate,Hadaeq Sheikh Mohammed Bin Rashid,Dubai Hills Estate,ACTIVE,148,1,1,0,148,157,7,63110686,1,155319992
PN2670,register_extract_2026-06-15,2670,507543610,Binghatti House,بن غاطي هاوس,قرية جميرا (ش.ذ.م.م),قريه-جميرا,Al Barsha South Fourth,Jumeirah Village Circle,FINISHED,294,1,1,0,294,429,67,6816246,1,341703112
PN3873,register_extract_2026-06-15,3873,787513282,Al Ghaf 2,الغاف 2,الفرجان ( ش.ذ.م.م ),الفرجان,Jabal Ali First,Al Furjan,PENDING,79,1,1,0,79,1,0,5912320,1,1474250977
PN3756,register_extract_2026-06-15,3756,757864606,Agua Residences by Citi Developers - Tower 2,أغوا ريزيدنسز من سيتي ديفيلوبرز - تاور 2,شركة نخيل (ش.م.خ),nakheel,Palm Deira,Palm Deira,NOT_STARTED,61,1,1,0,61,32,31,1010461,1,486987610
PN1255,register_extract_2026-06-15,1255,1255,AXIS RESIDENCES 8,المحور 8 ريزيدنس,سلطة دبي للمناطق الإقتصادية المتكاملة,سلطه-دبي-للمناطق-الاقتصاديه-المتكامله,Nadd Hessa,Silicon Oasis,FINISHED,112,1,1,112,112,285,18,6262582,1,
PN3708,register_extract_2026-06-15,3708,747341347,Zenith Residences,زينيث ريزيدنسز,انترناشونال سيتي ( ش.ذ.م.م ),انترناشونال-سيتي,Warsan Fourth,International City Phase 3,ACTIVE,267,1,1,0,267,118,116,6241221,1,
PN1350,register_extract_2026-06-15,1350,8388161,AZURE RESIDENCE,أزور ريزيدنس,شركة النخلة - جميرا (ش.ذ.م.م),nakheel,Palm Jumeirah,Palm Jumeirah,FINISHED,179,1,1,170,179,384,27,3812411,1,1449123507
PN2722,register_extract_2026-06-15,2722,521174735,Elitz 3 By Danube,إليتز3 من دانوب,قرية جميرا (ش.ذ.م.م),قريه-جميرا,Al Barsha South Fourth,Jumeirah Village Circle,ACTIVE,692,2,2,0,692,718,52,6817028,1,
PN178,register_extract_2026-06-15,178,178,MANHATTAN,منهاتن,قرية جميرا (ش.ذ.م.م),قريه-جميرا,Al Barsha South Fourth,Jumeirah Village Circle,FINISHED,345,2,2,339,345,1102,49,6816171,1,583188322
PN1763,register_extract_2026-06-15,1763,31017064,Montrell Hotel Aprtments,مونتريل للشقق الفندقية,الفرجان ( ش.ذ.م.م ),الفرجان,Jabal Ali First,Al Furjan,FINISHED,224,1,1,0,224,468,23,5911835,1,398829133
PN1706,register_extract_2026-06-15,1706,27301989,AL MANARAH TOWER,المنارة تاور,قرية جميرا (ش.ذ.م.م),قريه-جميرا,Al Barsha South Fifth,Jumeirah Village Triangle,FINISHED,259,1,1,257,259,477,40,6843411,1,
PN2591,register_extract_2026-06-15,2591,484056692,Marquis Galleria,ماركيز جاليريا,ليوان(ش.ذ.م.م.),ليوان,Arjan,Arjan,ACTIVE,126,1,1,0,126,215,95,6731264,1,18010432
PN2296,register_extract_2026-06-15,2296,376765346,Azizi Riviera 44,عزيزي ريفييرا 44,مجموعة ميدان (ش.ذ.م.م),meydan,Al Merkadh,Meydan One Community,FINISHED,279,1,1,0,279,357,34,3475032,1,625770603
PN439,register_extract_2026-06-15,439,439,LAGO VISTA,لاغو فيستا,تيكوم للإستثمارات منطقة حرة- ذ.م.م,تيكوم-للاستثمارات,Me'Aisem First,International Media Production Zone,FINISHED,1018,3,3,998,1018,3563,118,6854303,1,1686415881
PN444,register_extract_2026-06-15,444,444,THE VOGUE,ذا فوغ,الخليج التجاري (ش.ذ.م.م),الخليج-التجاري,Business Bay,Business Bay,FINISHED,191,1,1,177,191,505,32,3460753,1,1651900346
PN1658,register_extract_2026-06-15,1658,21509590,RIAH TOWERS,براج ريا,قريه الثقافه ( ش.ذ.م.م),قريه-الثقافه,Al Jadaf,Jaddaf Waterfront,FINISHED,160,1,1,156,160,496,25,3260908,1,371064180
PN2921,register_extract_2026-06-15,2921,576335932,The 100,ذا 100,شركة نخيل (ش.م.خ),nakheel,Nad Al Shiba First,Meydan Racecourse Community,FINISHED,91,2,2,0,91,122,15,6184162,1,
PN712,register_extract_2026-06-15,712,712,EAGLE HEIGHTS,مرتفعات النسر,مدينة دبي الرياضية (ش. ذ. م. م),مدينه-دبي-الرياضيه,Al Hebiah Fourth,Dubai Sports City,FINISHED,291,1,1,0,295,539,39,6820759,1,278861245
PN3659,register_extract_2026-06-15,3659,741004437,burj capital,برج كابيتال,الخليج التجاري (ش.ذ.م.م),الخليج-التجاري,Business Bay,Business Bay,NOT_STARTED,296,1,1,0,296,174,148,3460569,1,61093995
PN1325,register_extract_2026-06-15,1325,4664193,LIVING LEGENDS PHASE 6,الأساطير الحية المرحلة 6,دبي لاند (ش.ذ.م.م),دبي-لاند,Wadi Al Safa 3,Living Legends,ACTIVE,648,3,3,475,648,418,174,6457552;6457553;6457554,3,406433499
PN2416,register_extract_2026-06-15,2416,422937774,Prime Gardens,بريم جاردنز,ليوان(ش.ذ.م.م.),ليوان,Arjan,Arjan,FINISHED,139,1,1,0,139,277,27,6731256,1,1156313239
PN2300,register_extract_2026-06-15,2300,377167331,KENSINGTON WATERS,كنسينغتون واترز,شوبا ش.ذ.م.م,sobha,Al Merkadh,SOBHA HARTLAND,FINISHED,281,2,2,0,281,492,86,3475286,1,1633179188;208241053
PN336,register_extract_2026-06-15,336,336,Hera Tower,هيرا تاور,مدينة دبي الرياضية (ش. ذ. م. م),مدينه-دبي-الرياضيه,Al Hebiah Fourth,Dubai Sports City,FINISHED,531,1,1,0,545,866,146,6820110,1,437276128
PN2165,register_extract_2026-06-15,2165,255271253,BLUE WAVE,بلو ويف,دبي لاند ريزيدنسز (ش.ذ.م.م),دبي-لاند-ريزيدنسز,Wadi Al Safa 5,Dubai Land Residence Complex,FINISHED,578,1,1,0,601,818,89,6488520,1,1431107865
PN2377,register_extract_2026-06-15,2377,407154187,Creek Beach - Lotus,شاطئ الخور - لوتس,دبي كريك هاربور ش.ذ.م.م,دبي-كريك-هاربور,Al Khairan First,Dubai Creek Harbour,FINISHED,270,4,4,0,277,488,63,4154766,1,1403013356;1423142430;1729153809;2098589801
PN2174,register_extract_2026-06-15,2174,268255748,Creek Beach - VIDA Residences,شاطىء الخور - فيدا رزيدنسز,دبي كريك هاربور ش.ذ.م.م,دبي-كريك-هاربور,Al Khairan First,Dubai Creek Harbour,FINISHED,233,2,2,0,233,457,42,4154766,1,1423664625
PN1898,register_extract_2026-06-15,1898,83184750,Vida Dubai Mall,فيدا دبي مول,اعمار العقارية (ش . م. ع),emaar,Burj Khalifa,DownTown Dubai,FINISHED,682,3,3,0,682,1121,83,3456903,1,610254259
PN1394,register_extract_2026-06-15,1394,10805705,NO 9,رقم9,مرسى دبي المرحلة الاولى (ش.ذ.م.م),مرسي-دبي-المرحله-الاولي,Marsa Dubai,Dubai Marina,FINISHED,223,1,1,216,223,512,24,3920499,1,984644978
PN1336,register_extract_2026-06-15,1336,6869110,THE ADDRESS RESIDENCE FOUNTAIN VIEWS II,إطلالات على نافورة العنوان II,اعمار العقارية (ش . م. ع),emaar,Burj Khalifa,DownTown Dubai,FINISHED,289,1,1,0,289,870,45,3456903,1,1509594840
PN589,register_extract_2026-06-15,589,589,THE PRISM,بريسم,دبي للعقارات (ش.ذ.م.م),dubai-properties,Business Bay,Business Bay,FINISHED,300,1,1,0,300,982,27,3460472,1,611350125
PN20,register_extract_2026-06-15,20,20,PARK LANE TOWER,بارك لين تاور,الخليج التجاري (ش.ذ.م.م),الخليج-التجاري,Business Bay,Business Bay,FINISHED,604,1,1,0,604,1137,67,3460480,1,1837362341
PN510,register_extract_2026-06-15,510,510,EDEN GARDEN,عدن جاردن,مدينة دبي الرياضية (ش. ذ. م. م),مدينه-دبي-الرياضيه,Al Hebiah Fourth,Dubai Sports City,ACTIVE,394,1,1,394,394,330,4,6820123,1,351332771
PN267,register_extract_2026-06-15,267,267,MARINA WHARF II,مارينا وارف II,اعمار العقارية (ش . م. ع),emaar,Marsa Dubai,Dubai Marina,FINISHED,179,1,1,166,179,390,18,3920402,1,417526441
PN1135,register_extract_2026-06-15,1135,1135,GRAND HORIZON 1,جراند هوريزن 1,مدينة دبي الرياضية (ش. ذ. م. م),مدينه-دبي-الرياضيه,Al Hebiah Fourth,Dubai Sports City,FINISHED,126,1,1,126,126,265,19,6821386,1,1468613963
PN976,register_extract_2026-06-15,976,976,AL MAS TOWER,الماس تاور,مركز دبي للسلع المتعددة,مركز-دبي-للسلع-المتعدده,Al Thanyah Fifth,Jumeirah Lakes Towers,FINISHED,484,1,1,0,537,1754,46,3936146,1,812502271
PN2211,register_extract_2026-06-15,2211,301418382,MIDTOWN - MESK,ميدتاون مسك,تيكوم للإستثمارات منطقة حرة- ذ.م.م,تيكوم-للاستثمارات,Me'Aisem First,International Media Production Zone,FINISHED,282,2,2,0,608,625,116,6854517,1,1730549588
PN704,register_extract_2026-06-15,704,704,STADIUM POINT,ستاديوم بوينت,مدينة دبي الرياضية (ش. ذ. م. م),مدينه-دبي-الرياضيه,Al Hebiah Fourth,Dubai Sports City,FINISHED,299,1,1,238,299,561,44,6820133,1,488982892
PN3589,register_extract_2026-06-15,3589,727650200,CASA AHS,كاسا ا يه اتش ا س,مراس العقارية (ش.ذ.م.م),meraas,Al Wasl,Dubai Water Canal,ACTIVE,32,1,1,0,32,18,12,3430865,1,
PN2352,register_extract_2026-06-15,2352,396755654,LIV MARINA,ليف مارينا,مرسى دبي المرحلة الاولى (ش.ذ.م.م),مرسي-دبي-المرحله-الاولي,Marsa Dubai,Dubai Marina,FINISHED,243,1,1,0,243,356,69,3920502,1,1970644972
PN1626,register_extract_2026-06-15,1626,15986259,CENTURION RESIDENCE,سنتوريون ريزدينس,شركة تطوير مجمع دبي للاستثمار (ذ. م. م),تطوير-مجمع-دبي-للاستثمار,Dubai Investment Park Second,Dubai Investment Park Second,FINISHED,212,2,2,212,212,441,28,5974901,1,1360571542
PN259,register_extract_2026-06-15,259,259,BAY CENTRAL WEST & CENTRAL TOWERS,باي سنترال ويست أند سنترال,اعمار العقارية (ش . م. ع),emaar,Marsa Dubai,Dubai Marina,FINISHED,748,4,4,741,748,2795,84,3920597,1,1626534448
PN1664,register_extract_2026-06-15,1664,23477580,STELLA MARIS,ستيلا ماريس,مرسى دبي المرحلة الاولى (ش.ذ.م.م),مرسي-دبي-المرحله-الاولي,Marsa Dubai,Dubai Marina,FINISHED,317,1,1,0,330,606,43,3920444,1,1456330042
PN2482,register_extract_2026-06-15,2482,446859717,Sobha Hartland - Crest Grande,شوبا هارتلاند كريست جراندي,شوبا ش.ذ.م.م,sobha,Al Merkadh,SOBHA HARTLAND,ACTIVE,985,1,1,0,985,1386,301,3470896,1,1210166948
PN1632,register_extract_2026-06-15,1632,16457431,THE 118,ذا 118,اعمار العقارية (ش . م. ع),emaar,Burj Khalifa,DownTown Dubai,FINISHED,28,1,1,28,28,106,11,3450791,1,1488259089
PN3282,register_extract_2026-06-15,3282,656052210,The Collection by NASER,ذي كوليكشن من ناصر,مجموعة ميدان (ش.ذ.م.م),meydan,Wadi Al Safa 3,Mohammed Bin Rashid AL Maktoum District 11,NOT_STARTED,37,1,1,0,37,6,5,6453223,1,831122620
PN3571,register_extract_2026-06-15,3571,723652420,The Willows Residences,ذا ويلوز ريزيدنسز,مجموعة ميدان (ش.ذ.م.م),meydan,Wadi Al Safa 3,Mohammed Bin Rashid AL Maktoum District 11,NOT_STARTED,56,1,1,0,56,20,18,6456324,1,
PN1193,register_extract_2026-06-15,1193,1193,QPOINT LIWAN-PLOT R048,كيو بوينت ليوان -PLOT R048,رمرام ش.ذ.م.م,رمرام,Wadi Al Safa 2,Liwan1,FINISHED,50,1,1,50,50,178,11,6437673,1,
PN2438,register_extract_2026-06-15,2438,430930040,The Autograph,التوقيع,قرية جميرا (ش.ذ.م.م),قريه-جميرا,Al Barsha South Fourth,Jumeirah Village Circle,FINISHED,283,2,2,0,283,539,82,6816223,1,
PN3083,register_extract_2026-06-15,3083,611401206,350 Riverside Crescent,ريفرسايد كريسنت 350,شوبا ش.ذ.م.م,sobha,Bukadra,,ACTIVE,750,1,1,0,750,763,63,6110677,1,
PN1757,register_extract_2026-06-15,1757,30176250,Il PRIMO,Il  بريمو,اعمار العقارية (ش . م. ع),emaar,Burj Khalifa,DownTown Dubai,FINISHED,137,1,1,0,137,250,20,3456900,1,79122623
PN2602,register_extract_2026-06-15,2602,487283558,CANAL HEIGHTS,قنال هايتس,الخليج التجاري (ش.ذ.م.م),الخليج-التجاري,Business Bay,Business Bay,ACTIVE,415,1,1,0,415,468,38,3460173,1,
PN1190,register_extract_2026-06-15,1190,1190,QPOINT LIWAN-PLOT R009,كيو بوينت ليوان -PLOT R009,رمرام ش.ذ.م.م,رمرام,Wadi Al Safa 2,Liwan1,FINISHED,117,1,1,117,117,219,6,6437745,1,
PN1743,register_extract_2026-06-15,1743,29101001,JUMEIRAH LIVING MARINA GATE,بوابة مارينا الحية في جميرا,مرسى دبي المرحلة الاولى (ش.ذ.م.م),مرسي-دبي-المرحله-الاولي,Marsa Dubai,Dubai Marina,FINISHED,418,1,1,0,418,828,72,3925337,1,1792879891
PN3330,register_extract_2026-06-15,3330,668306529,FOREST CITY TOWER,فورست سيتي تاور,ليوان(ش.ذ.م.م.),ليوان,Wadi Al Safa 3,Majan,ACTIVE,253,1,1,0,253,238,102,6457811,1,951591622
PN771,register_extract_2026-06-15,771,771,NASTARAN TOWER,ناستاران تاور,دبي للعقارات (ش.ذ.م.م),dubai-properties,Al Jadaf,Jaddaf Waterfront,FINISHED,181,1,1,0,191,2,0,3260909,1,
PN3160,register_extract_2026-06-15,3160,628042026,SKYSCAPE,سكاي سكيب,شوبا ش.ذ.م.م,sobha,Bukadra,,ACTIVE,1852,4,4,0,1852,1467,396,6110884,1,
PN3329,register_extract_2026-06-15,3329,668298486,Rome 2 by SD,روما 2 باي اس دي,مجموعة ميدان (ش.ذ.م.م),meydan,Wadi Al Safa 3,Mohammed Bin Rashid AL Maktoum District 11,ACTIVE,42,1,1,0,42,44,4,6453236,1,
PN1232,register_extract_2026-06-15,1232,1232,QPOINT LIWAN-PLOT R100,كيو بوينت ليوان -PLOT R100,رمرام ش.ذ.م.م,رمرام,Wadi Al Safa 2,Liwan1,FINISHED,40,1,1,40,40,40,0,6437647,1,
PN1533,register_extract_2026-06-15,1533,12864388,MIRDIF TULIP,مرف توليب,جيرسي للتطوير العقاري ش.ذ.م.م,جيرسي-للتطوير-العقاري,Mirdif,Uptown Mirdif,FINISHED,146,1,1,116,146,291,9,2514825,1,
PN525,register_extract_2026-06-15,525,525,THE ZEN,ذا زين,اعمار العقارية (ش . م. ع),emaar,Marsa Dubai,Dubai Marina,FINISHED,72,1,1,67,72,216,13,3920492,1,494103830
PN72,register_extract_2026-06-15,72,72,CRYSTAL TOWER,برج كريستال,الخليج التجاري (ش.ذ.م.م),الخليج-التجاري,Business Bay,Business Bay,FINISHED,441,3,3,332,441,264,24,3460749,1,1372052380
PN3725,register_extract_2026-06-15,3725,751875646,Binghatti Skyblade,بن غاطي سكاي بليد,اعمار العقارية (ش . م. ع),emaar,Burj Khalifa,DownTown Dubai,ACTIVE,596,1,1,0,596,564,560,3450398,1,2125834076
PN516,register_extract_2026-06-15,516,516,U-BORA TOWERS,أبراج يو بورا,مراس العقارية (ش.ذ.م.م),meraas,Business Bay,Business Bay,FINISHED,430,5,5,232,430,744,37,3466876,1,632532451
PN2910,register_extract_2026-06-15,2910,574525068,BLISS HOMES,بليس هومز,دبي لاند ريزيدنسز (ش.ذ.م.م),دبي-لاند-ريزيدنسز,Wadi Al Safa 5,Dubai Land Residence Complex,FINISHED,105,1,1,0,105,139,9,6488657,1,1989165611
PN1070,register_extract_2026-06-15,1070,1070,PHOENIX TOWER,فينيكس تاور,دبي لاند ريزيدنسز (ش.ذ.م.م),دبي-لاند-ريزيدنسز,Wadi Al Safa 5,Dubai Land Residence Complex,FINISHED,116,1,1,112,116,253,19,6488694,1,1746471479
PN541,register_extract_2026-06-15,541,541,SKY VIEW TOWER,سكاي فيو تاور,اعمار العقارية (ش . م. ع),emaar,Marsa Dubai,Dubai Marina,FINISHED,195,1,1,189,195,579,34,3920522,1,358081291
PN3163,register_extract_2026-06-15,3163,629197904,One Beverly,واحد بيفرلى,ليوان(ش.ذ.م.م.),ليوان,Arjan,Arjan,ACTIVE,389,1,1,0,389,274,142,6731323,1,1459179284
PN2068,register_extract_2026-06-15,2068,176865160,Azizi Riviera 9,عزيزي ريفيرا 9,مجموعة ميدان (ش.ذ.م.م),meydan,Al Merkadh,Meydan One Community,FINISHED,231,1,1,0,232,345,22,3475008,1,1258214505
PN833,register_extract_2026-06-15,833,833,SONDOS LILAC,سندس ليلك,دبي للعقارات (ش.ذ.م.م),dubai-properties,Wadi Al Safa 5,Dubai Land Residence Complex,FINISHED,150,1,1,148,150,14,0,6488744,1,755892943
PN2065,register_extract_2026-06-15,2065,176257264,SEVEN CITY JLT,سفن سيتي جي إل تي,مركز دبي للسلع المتعددة,مركز-دبي-للسلع-المتعدده,Al Thanyah Fifth,Jumeirah Islands,ACTIVE,2666,1,1,2617,2666,3589,124,3936252,1,1480847988
PN1300,register_extract_2026-06-15,1300,1300,HOCKEY TOWER,برج الهوكي,مدينة دبي الرياضية (ش. ذ. م. م),مدينه-دبي-الرياضيه,Al Hebiah Fourth,Dubai Sports City,FINISHED,168,1,1,168,168,500,16,6821302,1,642850397
PN3614,register_extract_2026-06-15,3614,733576670,Azizi Riviera 50,عزيزي ريفيرا 50,مجموعة ميدان (ش.ذ.م.م),meydan,Al Merkadh,Meydan One Community,ACTIVE,234,1,1,0,234,83,83,3475077,1,367224570
PN611,register_extract_2026-06-15,611,611,BALQIS RESIDENCE,بلقيس ريزيدنس,شركة النخلة - جميرا (ش.ذ.م.م),nakheel,Palm Jumeirah,Palm Jumeirah,FINISHED,398,6,6,0,480,826,46,3811964,1,2134300484
PN3643,register_extract_2026-06-15,3643,738178281,AZIZI MILAN 51,عزيزي ميلان 51,الياس و مصطفى كلداري لإدارة الاستثمار و التطوير (ش.ذ.م.م),الياس-و-مصطفي-كلداري-لاداره-الاستثمار-و-التطوير,Wadi Al Safa 4,City Of Arabia,NOT_STARTED,579,1,1,0,579,217,201,6466982,1,1860109574
PN1956,register_extract_2026-06-15,1956,138464699,Azizi Riviera 6,عزيزي ريفييرا 6,مجموعة ميدان (ش.ذ.م.م),meydan,Al Merkadh,Meydan One Community,FINISHED,160,1,1,0,160,255,13,3474985,1,888256204
PN3262,register_extract_2026-06-15,3262,652256255,AG AUM RESIDENCE,ايه جي أوم السكني,دبي لاند ريزيدنسز (ش.ذ.م.م),دبي-لاند-ريزيدنسز,Wadi Al Safa 5,Dubai Land Residence Complex,NOT_STARTED,260,1,1,0,260,258,39,6488573,1,629575471
PN505,register_extract_2026-06-15,505,505,PLATINUM TOWER,برج بلاتينيوم,مركز دبي للسلع المتعددة,مركز-دبي-للسلع-المتعدده,Al Thanyah Fifth,Jumeirah Lakes Towers,FINISHED,453,1,1,0,453,1294,55,3930958,1,1443192034
PN329,register_extract_2026-06-15,329,329,ELITE 7 SPORTS RESIDENCE,إيليت 7 سبورتس ريزيدنس,مدينة دبي الرياضية (ش. ذ. م. م),مدينه-دبي-الرياضيه,Al Hebiah Fourth,Dubai Sports City,FINISHED,128,2,1,128,128,302,26,6821290,1,1588775686
PN2247,register_extract_2026-06-15,2247,353403713,"Mohammed Bin Rashid Al Maktoum City , District One Phase III  , Residences 21",مدينة محمد بن راشد ال مكتوم الحي الأول ، المرحلة الثالثة ، ريسيدنز 21,مجموعة ميدان (ش.ذ.م.م),meydan,Al Merkadh,Mohammed Bin Rashid AL Maktoum City -District -1 Community,FINISHED,31,1,1,0,31,106,2,3470265,1,1304721183
PN1365,register_extract_2026-06-15,1365,9534067,DAMAC HILLS - GOLF TERRACE,داماك هيلز - جولف تيراس,داماك كريسنت للعقارات (ش.ذ.م.م),damac,Al Hebiah Third,DAMAC HILLS,FINISHED,151,2,2,0,151,329,19,6767216,1,591230564
PN1401,register_extract_2026-06-15,1401,11393583,ELITE 8 SPORTS RESIDENCE,ايليت 8 سبورتس ريزيدنس,مدينة دبي الرياضية (ش. ذ. م. م),مدينه-دبي-الرياضيه,Al Hebiah Fourth,Dubai Sports City,FINISHED,468,1,1,468,468,995,69,6824209,1,1896886746
PN705,register_extract_2026-06-15,705,705,NOORA RESIDENCE 1,نورا ريزيدنس 1,قرية جميرا (ش.ذ.م.م),قريه-جميرا,Al Barsha South Fourth,Jumeirah Village Circle,FINISHED,101,1,2,98,101,265,7,6816110,1,1519420387
PN3156,register_extract_2026-06-15,3156,627820936,Solcasa Residence,سولكاسا ريزيدنس,شمال العقارية ش.ذ.م.م,شمال-العقاريه,Nad Al Shiba First,Nad Al Sheba Gardens,ACTIVE,58,1,1,0,58,50,9,6185390,1,
PN1735,register_extract_2026-06-15,1735,28397166,BADRA PHASE 1,بدرة المرحلة الأولى,شركة نخيل (ش.م.خ),nakheel,Hessyan First,Badra,FINISHED,448,8,8,448,448,596,27,5110783;5110784;5110785;5110786;5110787;5110788;5110789;5110790;5110791;5110792;5110793;5110794;5110795;5110796;5110797;5110798;5110799;5110800;5110801;5110802;5110803;5110804;5110805;5110806;5110807;5110808;5110809;5110810;5110811;5110812;5110813;5110814;5110815;5110816;5110817;5110818;5110819;5110820;5110821;5110822;5110823;5110824;5110825;5110826;5110827;5110828;5110829;5110830;5110831;5110832;5110833;5110834;5110835;5110836;5110837;5110838;5110839;5110840;5110841;5110842,149,
PN2546,register_extract_2026-06-15,2546,471653951,AVENUE RESIDENCE 4,أفينيو ريذدنس 4,الفرجان ( ش.ذ.م.م ),الفرجان,Jabal Ali First,Al Furjan,FINISHED,135,1,1,0,135,222,19,5912998,1,1394153609
PN4017,register_extract_2026-06-15,4017,797141635,Franck Muller Yachting,فرانك مولر يجتينغ,مدينة دبي الملاحية م م ح,مدينه-دبي-الملاحيه,Madinat Dubai Almelaheyah,Dubai Maritime City,NOT_STARTED,585,1,1,0,585,580,577,3210279,1,655208118
PN3029,register_extract_2026-06-15,3029,601892208,BEVERLY GARDENS BY AA AND HMB REAL ESTATE DEVELOPMENT,بيفرلي حدائق بواسطة ايه ايه اند اتش ام بي للتطوير العقاري,شركة نخيل (ش.م.خ),nakheel,Jabal Ali First,Discovery Gardens,ACTIVE,220,1,1,0,220,205,36,59110351,1,1436566576
PN142,register_extract_2026-06-15,142,142,SEASONS COMMUNITY- AUTUMN,سيزون كومينتي - الخريف,قرية جميرا (ش.ذ.م.م),قريه-جميرا,Al Barsha South Fourth,Jumeirah Village Circle,FINISHED,592,5,91,516,522,1778,111,6817324;6817351;6817352;6817353;6817390;6817391;6817397;6817401,8,755721642
PN1668,register_extract_2026-06-15,1668,24131119,PULSE SMART RESIDENCE,بولس سمارت ريزيدنس,قرية جميرا (ش.ذ.م.م),قريه-جميرا,Al Barsha South Fourth,Jumeirah Village Circle,FINISHED,66,1,1,66,66,180,13,6816439,1,152883443
PN2996,register_extract_2026-06-15,2996,594627746,ART BAY WEST,ارت باي ويست,قريه الثقافه ( ش.ذ.م.م),قريه-الثقافه,Al Jadaf,Jaddaf Waterfront,ACTIVE,173,1,1,0,173,177,7,3261503,1,1722213604
PN3144,register_extract_2026-06-15,3144,624931781,Savannah,سافانا,نشاما للعقارات لمالكها نشمي ديفلوبمنت شركة الشخص الواحد ش.ذ.م.م,nshama,Al Yelayiss 2,TOWN SQUARE,NOT_STARTED,154,1,1,0,154,155,11,92225760,1,
PN3510,register_extract_2026-06-15,3510,709857924,Arian By Azizi,عزيزي أريان,شركة نخيل (ش.م.خ),nakheel,Jabal Ali Industrial Second,Down Town Jabal Ali,NOT_STARTED,631,1,1,0,631,448,412,5180210,1,342071494
PN1334,register_extract_2026-06-15,1334,6865006,FAHAD 2,فهد 2,تيكوم للإستثمارات منطقة حرة- ذ.م.م,تيكوم-للاستثمارات,Al Thanyah First,Barsha Heights,FINISHED,234,1,1,234,234,532,35,3830335,1,
PN1522,register_extract_2026-06-15,1522,12725066,SUNSHINE RESIDENCE,سن شاين ريزيدنس,سلطة دبي للمناطق الإقتصادية المتكاملة,سلطه-دبي-للمناطق-الاقتصاديه-المتكامله,Nadd Hessa,Silicon Oasis,FINISHED,50,1,1,46,50,149,9,6261593,1,190247724
PN2615,register_extract_2026-06-15,2615,492233321,CANAL HEIGHTS 2,قنال هايتس 2,الخليج التجاري (ش.ذ.م.م),الخليج-التجاري,Business Bay,Business Bay,ACTIVE,505,1,1,0,505,505,35,3460412,1,1022462567
PN3379,register_extract_2026-06-15,3379,678166974,Beachfront Gates 2,بوابات الشاطئ 2,مؤسسه مدينه دبى للطيران,موسسه-مدينه-دبي-للطيران,Madinat Al Mataar,Dubai South Residential District,NOT_STARTED,162,1,1,0,162,137,22,5214225,1,222004053
PN2566,register_extract_2026-06-15,2566,477214125,ELEVATE by Prescott,إليفيت من بريسكوت,ليوان(ش.ذ.م.م.),ليوان,Arjan,Arjan,ACTIVE,223,1,1,0,223,388,95,6734087,1,
PN3721,register_extract_2026-06-15,3721,751062241,Sea View Residence By Sama Mayas,سي فيو ريزيدنس من سما مياس,دبي للعقارات (ش.ذ.م.م),dubai-properties,Palm Deira,Palm Deira,NOT_STARTED,63,1,1,0,63,15,14,1010509,1,128056918
PN3718,register_extract_2026-06-15,3718,749689193,TREPPAN SERENIQUE RESIDENCES,تريبان سيرينيك ريزيدنسز,شركة نخيل (ش.م.خ),nakheel,Palm Deira,Palm Deira,NOT_STARTED,164,2,2,0,164,46,44,1011299,1,1962686632;800043947
PN3468,register_extract_2026-06-15,3468,699142922,Lilian Residences,مساكن ليليان,مؤسسه مدينه دبى للطيران,موسسه-مدينه-دبي-للطيران,Madinat Al Mataar,Dubai South Residential District,NOT_STARTED,66,1,1,0,66,71,44,5212909,1,1228198033
PN3208,register_extract_2026-06-15,3208,641364621,Serenova,سيرينوفا,سلطة دبي للمناطق الإقتصادية المتكاملة,سلطه-دبي-للمناطق-الاقتصاديه-المتكامله,Nadd Hessa,Silicon Oasis,NOT_STARTED,222,1,1,0,222,225,5,6262580,1,818997387
PN2940,register_extract_2026-06-15,2940,581436046,PARK LANE BY HEILBRONN,بارك لاين من هيل برون,قرية جميرا (ش.ذ.م.م),قريه-جميرا,Al Barsha South Fourth,Jumeirah Village Circle,FINISHED,82,1,1,0,82,177,9,6817171,1,1048715126
PN3068,register_extract_2026-06-15,3068,609940790,Valores Residences,فالوريس رسيدانس,الفرجان ( ش.ذ.م.م ),الفرجان,Jabal Ali First,Al Furjan,ACTIVE,90,1,1,0,90,86,13,5911837,1,1667036352
PN509,register_extract_2026-06-15,509,509,LADY RATAN MANOR,ليدي راتان مانور,شركة نخيل (ش.م.خ),nakheel,Al Warsan First,International City Phase 1,FINISHED,154,1,1,150,154,367,13,6212026,1,
PN4010,register_extract_2026-06-15,4010,796384123,Meriden Beach by Green Horizon,ميريدين بيتش باي جرين هوريزون,النخلة  - ديره (ش.ذ.م.م),nakheel,Palm Deira,Palm Deira,PENDING,65,1,1,0,65,46,45,1010452,1,1134671669
PN3011,register_extract_2026-06-15,3011,598719305,Edgewater Residences 2,مساكن ايدج ووتر 2,شركة نخيل (ش.م.خ),nakheel,Palm Deira,Palm Deira,ACTIVE,97,1,1,0,97,90,26,1010345,1,1341180140
PN2712,register_extract_2026-06-15,2712,518156179,Pearl House I by Imtiaz,بيرل هاوس 1 من امتياز,قرية جميرا (ش.ذ.م.م),قريه-جميرا,Al Barsha South Fourth,Jumeirah Village Circle,FINISHED,185,1,1,0,185,295,60,6817143,1,
PN2015,register_extract_2026-06-15,2015,155846917,BEACH VISTA,بيتش فيستا,إعمار للتطوير (مساهمة عامة),emaar,Marsa Dubai,Dubai Harbour,FINISHED,466,3,3,0,476,1114,47,3927070,1,384272259
PN762,register_extract_2026-06-15,762,762,THE DUNES,ذا ديونز,سلطة دبي للمناطق الإقتصادية المتكاملة,سلطه-دبي-للمناطق-الاقتصاديه-المتكامله,Nadd Hessa,Silicon Oasis,FINISHED,189,1,1,189,189,492,32,6261845,1,1839364114
PN2676,register_extract_2026-06-15,2676,508039513,Luma Park Views,لوما بارك فيوز,قرية جميرا (ش.ذ.م.م),قريه-جميرا,Al Barsha South Fourth,Jumeirah Village Circle,ACTIVE,606,1,1,0,606,824,546,6817149,1,705548104
PN775,register_extract_2026-06-15,775,775,SILICON GATES 4,سيليكون جيت 4,سلطة دبي للمناطق الإقتصادية المتكاملة,سلطه-دبي-للمناطق-الاقتصاديه-المتكامله,Nadd Hessa,Silicon Oasis,FINISHED,316,1,1,314,316,536,29,6261822,1,1024267510
PN2403,register_extract_2026-06-15,2403,419224921,TRIA BY DEYAAR,تريا من ديار,سلطة دبي للمناطق الإقتصادية المتكاملة,سلطه-دبي-للمناطق-الاقتصاديه-المتكامله,Nadd Hessa,Silicon Oasis,ACTIVE,717,1,1,0,717,952,88,6261799,1,2055668491
PN3327,register_extract_2026-06-15,3327,666899559,Aura Central,أورا سينترال,ليوان(ش.ذ.م.م.),ليوان,Arjan,Arjan,ACTIVE,38,1,1,0,38,34,14,6731153,1,1884061755
PN2951,register_extract_2026-06-15,2951,582829640,The Stella Residences,ذا ستيلا ريزيدنسس,الفرجان ( ش.ذ.م.م ),الفرجان,Jabal Ali First,Al Furjan,ACTIVE,236,1,1,0,236,254,12,5912291,1,141232627
PN3404,register_extract_2026-06-15,3404,683958192,Allegro Residences,اليجرو ريزيدنسز,النخلة  - ديره (ش.ذ.م.م),nakheel,Palm Deira,Palm Deira,ACTIVE,60,1,1,0,60,56,6,1010389,1,1324690883
PN4035,register_extract_2026-06-15,4035,800865541,WINDSOR HOUSE,ويندسور هاوس,مؤسسه مدينه دبى للطيران,موسسه-مدينه-دبي-للطيران,Madinat Al Mataar,Dubai South Residential District,PENDING,424,3,3,0,424,407,406,5213578,1,1207128157;1365144856;980134765
PN1771,register_extract_2026-06-15,1771,31960359,Azizi Mina,عزيزي مينا,شركة النخلة - جميرا (ش.ذ.م.م),nakheel,Palm Jumeirah,Palm Jumeirah,FINISHED,184,1,1,0,196,295,32,3814741,1,1189717709
PN2600,register_extract_2026-06-15,2600,484711339,OXFORD TERRACES 2,اوكسفورد تيرسز 2,قرية جميرا (ش.ذ.م.م),قريه-جميرا,Al Barsha South Fourth,Jumeirah Village Circle,FINISHED,101,1,1,0,101,192,13,6816422,1,121144142
PN2572,register_extract_2026-06-15,2572,478858672,LUCE,لوتشه,شركة النخلة - جميرا (ش.ذ.م.م),nakheel,Palm Jumeirah,Palm Jumeirah,ACTIVE,38,1,1,0,38,48,5,3814745,1,2116286374
PN3825,register_extract_2026-06-15,3825,771113740,TAVORA RESIDENCES BY JHK HEIGHTS REAL ESTATE DEVELOPMENT,تافورا ريزيدنسز باي جيه إتش كيه هايتس للتطوير العقاري,شركة نخيل (ش.م.خ),nakheel,Warsan Fourth,International City Phase 3,ACTIVE,95,1,1,0,95,96,34,6240827,1,
PN3148,register_extract_2026-06-15,3148,626240887,City View Dubai Hills Residences,سيتي فيو دبي هيلز ريزيدنسز,دبي هيلز استيت ش.ذ.م.م,dubai-hills-estate,Hadaeq Sheikh Mohammed Bin Rashid,Dubai Hills Estate,ACTIVE,239,1,1,0,239,234,68,6317313,1,
PN3408,register_extract_2026-06-15,3408,684318752,SERENIA DISTRICT - WEST,سيرينيا ديستريكت - ويست,شركة نخيل (ش.م.خ),nakheel,Al Thanyah Fifth,Jumeirah Islands,NOT_STARTED,423,1,1,0,423,374,55,3934252,1,1789407546
PN3445,register_extract_2026-06-15,3445,691710228,Jumeirah Asora Bay,جميرا أسورا باي,مراس العقارية (ش.ذ.م.م),meraas,Jumeirah First,LA MER,NOT_STARTED,30,2,2,0,30,30,7,3323771,1,
PN278,register_extract_2026-06-15,278,278,RUFI GARDENS,روفي جاردن,شركة نخيل (ش.م.خ),nakheel,Al Warsan First,International City Phase 1,FINISHED,145,1,1,140,145,266,9,6212046,1,
PN4095,register_extract_2026-06-15,4095,816249611,Purvanchal Triana Residences,بيورفانشهال تريانا ريزيدنسز,مراس العقارية (ش.ذ.م.م),meraas,Al Satwa,Jumeirah Garden City,PENDING,72,1,1,0,72,9,8,3342940,1,510496628
PN3070,register_extract_2026-06-15,3070,610098793,Sobha Orbis,شوبا أوربيس,الاتحاد العقارية (شركة مساهمة عامة),union-properties,Al Hebiah First,Motor City,ACTIVE,3002,8,8,0,3002,2944,333,6740327,1,103488827;1442258186;1533386410;1555448760;26533319;350918939;724033057;846964049
PN2538,register_extract_2026-06-15,2538,466960243,HAMILTON HOUSE,هاملتون هاوس,قرية جميرا (ش.ذ.م.م),قريه-جميرا,Al Barsha South Fourth,Jumeirah Village Circle,FINISHED,102,1,1,0,102,230,26,6817231,1,699607275
PN3064,register_extract_2026-06-15,3064,609465632,The Roof Residence,زي رووف رزيدينس,شمال العقارية ش.ذ.م.م,شمال-العقاريه,Nad Al Shiba First,Nad Al Sheba Gardens,ACTIVE,68,1,1,0,68,51,26,6185360,1,
PN3069,register_extract_2026-06-15,3069,609941885,Pristine By Zoya,البكر من زويا,الفرجان ( ش.ذ.م.م ),الفرجان,Jabal Ali First,Al Furjan,NOT_STARTED,73,1,1,0,73,73,28,5911803,1,1019155901
PN3834,register_extract_2026-06-15,3834,773994722,Rosehill,روزهيل,دبي هيلز استيت ش.ذ.م.م,dubai-hills-estate,Hadaeq Sheikh Mohammed Bin Rashid,Dubai Hills Estate,NOT_STARTED,555,3,3,0,555,525,206,63111924,1,1103702585
PN2824,register_extract_2026-06-15,2824,548192216,Violet Tower,فيوليت تاور,شركة نخيل (ش.م.خ),nakheel,Al Barsha South Fourth,Jumeirah Village Circle,ACTIVE,287,1,1,0,287,284,29,6817154,1,708560756
PN3557,register_extract_2026-06-15,3557,719405069,THE ELYSIAN,ذا إليسيان,مراس العقارية (ش.ذ.م.م),meraas,Al Satwa,Jumeirah Garden City,NOT_STARTED,84,1,1,0,84,55,53,3347326,1,1950637388
PN3681,register_extract_2026-06-15,3681,743286639,Provenza Residences,مساكن بروفينزا,قرية جميرا (ش.ذ.م.م),قريه-جميرا,Al Barsha South Fourth,Jumeirah Village Circle,NOT_STARTED,188,1,1,0,188,107,73,6817261,1,14173865
PN4118,register_extract_2026-06-15,4118,818323478,Crystal Tower,كريستال تاور,مراس العقارية (ش.ذ.م.م),meraas,Al Warsan First,WARSAN FIRST DEVELOPMENT,PENDING,110,0,1,0,110,24,22,6218573,1,
PN1880,register_extract_2026-06-15,1880,77709106,URBANA III,III إربانا,إعمار دبي الجنوب دي دبليو سي ش.ذ.م.م,emaar,Madinat Al Mataar,Dubai World Central,FINISHED,372,55,55,0,372,796,50,5211607,1,1649022067
PN3318,register_extract_2026-06-15,3318,663108893,azizi venice 12,عزيزي فينيس 12,مؤسسه مدينه دبى للطيران,موسسه-مدينه-دبي-للطيران,Madinat Al Mataar,Dubai World Central,NOT_STARTED,1428,2,2,0,1428,714,624,5211357,1,
PN1726,register_extract_2026-06-15,1726,28086509,AYKON CITY,مدينة أيكون,مراس العقارية (ش.ذ.م.م),meraas,Business Bay,,FINISHED,1224,1,1,0,1232,1589,136,3460266,1,1119372805
PN2800,register_extract_2026-06-15,2800,542255265,AZIZI VENICE 4,عزيزى فينيس4,مؤسسه مدينه دبى للطيران,موسسه-مدينه-دبي-للطيران,Madinat Al Mataar,Dubai World Central,ACTIVE,389,3,3,0,389,296,92,5211360,1,
PN2882,register_extract_2026-06-15,2882,567073067,Aeon,ايون,دبي كريك هاربور ش.ذ.م.م,دبي-كريك-هاربور,Al Khairan First,Dubai Creek Harbour,ACTIVE,262,2,2,0,262,273,9,4156362,1,1196580123;1487854559
PN3335,register_extract_2026-06-15,3335,669484361,AZIZI ZAIN,عزيزي زين,شركة نخيل (ش.م.خ),nakheel,Jabal Ali First,Al Furjan,ACTIVE,115,1,1,0,115,115,83,5913021,1,1010405376
PN2652,register_extract_2026-06-15,2652,501931011,ARAS HEIGHTS,أراس هايتس,ليوان(ش.ذ.م.م.),ليوان,Wadi Al Safa 3,Majan,ACTIVE,73,1,1,0,73,94,27,6457847,1,1176381197
PN2639,register_extract_2026-06-15,2639,88164755,BELMONT RESIDENCES,بلمونت ريزيدنسز,قرية جميرا (ش.ذ.م.م),قريه-جميرا,Al Barsha South Fifth,Jumeirah Village Triangle,ACTIVE,69,1,1,0,69,86,8,6849719,1,415025274
PN2213,register_extract_2026-06-15,2213,303124269,SUN POINT DUBAI,صن بوينت دبي,تيكوم للإستثمارات منطقة حرة- ذ.م.م,تيكوم-للاستثمارات,Me'Aisem First,International Media Production Zone,FINISHED,255,3,3,0,255,138,25,6850763,1,2024180092
PN2789,register_extract_2026-06-15,2789,539963980,RED SQUARE,ريد سكوير,قرية جميرا (ش.ذ.م.م),قريه-جميرا,Al Barsha South Fifth,Jumeirah Village Triangle,ACTIVE,835,2,2,0,835,736,117,6843532,1,2024614790
PN2756,register_extract_2026-06-15,2756,533719199,Oceanz 2 By Danube,أوشنز 2 من دانوب,مدينة دبي الملاحية م م ح,مدينه-دبي-الملاحيه,Madinat Dubai Almelaheyah,Dubai Maritime City,ACTIVE,781,1,1,0,781,755,71,3210102,1,1542936994
PN3325,register_extract_2026-06-15,3325,665441759,Bearys Wafira,بيريس وافرة,مدينه دبى الطبيه منطقه حرة - ذ.م.م.,مدينه-دبي-الطبيه,Um Hurair Second,Dubai Health Care City Phase 1,PENDING,90,1,1,0,90,0,0,3156305,1,
PN3888,register_extract_2026-06-15,3888,791716596,The Collective,ذاكوليكتف,مؤسسه مدينه دبى للطيران,موسسه-مدينه-دبي-للطيران,Madinat Al Mataar,Dubai South Residential District,PENDING,94,0,1,0,94,44,43,5213569,1,377073677
PN3130,register_extract_2026-06-15,3130,623039567,The Harmony,ذي هارموني,مؤسسه مدينه دبى للطيران,موسسه-مدينه-دبي-للطيران,Madinat Al Mataar,Dubai South Residential District,ACTIVE,113,2,2,0,113,83,50,5213530,1,263563886
PN2086,register_extract_2026-06-15,2086,185692508,The Nook,ذا نوك,جيه ايه جي للتطوير ش.ذ.م.م,جيه-ايه-جي-للتطوير,Jabal Ali First,Wasl Gate,FINISHED,605,2,2,0,605,1103,108,59110055,1,1052471664;1114919133
PN4112,register_extract_2026-06-15,4112,817921790,NEST,نست,شركة نخيل (ش.م.خ),nakheel,Warsan Fourth,International City Phase 3,PENDING,112,0,1,0,112,67,65,6241167,1,
PN4093,register_extract_2026-06-15,4093,815324395,241 Waterside,واترسايد 241,النخلة  - ديره (ش.ذ.م.م),nakheel,Palm Deira,Palm Deira,PENDING,63,0,1,0,63,18,17,1010534,1,1304672727
PN4123,register_extract_2026-06-15,4123,819416922,"Solaya (5,7)","سولايا (5,7)",مراس العقارية (ش.ذ.م.م),meraas,Jumeirah First,LA MER,PENDING,55,0,2,0,55,22,22,3321884,1,
PN2098,register_extract_2026-06-15,2098,194494367,Golf Suites - Dubai Hills,جولف سويتس - دبي هيلز,دبي هيلز استيت ش.ذ.م.م,dubai-hills-estate,Hadaeq Sheikh Mohammed Bin Rashid,Dubai Hills Estate,FINISHED,216,1,1,0,223,427,30,6316823,1,893893070
PN2137,register_extract_2026-06-15,2137,239649853,MAJESTIQUE RESIDENCE 1,ماجيستك رزيدنس 1,مؤسسه مدينه دبى للطيران,موسسه-مدينه-دبي-للطيران,Madinat Al Mataar,Dubai South Residential District,FINISHED,124,1,1,0,124,141,34,5213557,1,1086182955
PN2079,register_extract_2026-06-15,2079,183468197,REGINA,ريجينا,قرية جميرا (ش.ذ.م.م),قريه-جميرا,Al Barsha South Fourth,Jumeirah Village Circle,FINISHED,328,1,1,0,332,538,33,6816989,1,178316261
PN982,register_extract_2026-06-15,982,982,GERMAN SUPREME TOWER 2,جيرمن سوبريم تاور 2,قرية جميرا (ش.ذ.م.م),قريه-جميرا,Al Barsha South Fourth,Jumeirah Village Circle,CONDITIONAL_ACTIVATING,165,1,1,165,165,7,0,6817234,1,
PN3855,register_extract_2026-06-15,3855,781280149,Samana Sky Views,سامانا سكاي فيوز,دى اتش ايه ام منطقه حره - ذ.م.م,دي-اتش-ايه-ام,Me'Aisem First,International Media Production Zone,NOT_STARTED,556,1,1,0,556,549,389,6854338,1,335095646
PN2811,register_extract_2026-06-15,2811,544745828,Beach Residences Dubai Islands,بيتش ريزيدنسز جزر دبي,شركة نخيل (ش.م.خ),nakheel,Palm Deira,Palm Deira,ACTIVE,334,5,5,0,334,374,18,1010649,1,1006477323;1314454554;1593894585;1679992668;890679359
PN1615,register_extract_2026-06-15,1615,15428444,GLITZ RESIDENCE 2,جليتس ريزيدنس 2,تيكوم للإستثمارات منطقة حرة- ذ.م.م,تيكوم-للاستثمارات,Al Hebiah Second,Dubai Studio City,FINISHED,151,1,1,146,151,343,18,6757718,1,1912735615
PN1627,register_extract_2026-06-15,1627,16023581,PARK SQUARE,بارك سكوير,قرية جميرا (ش.ذ.م.م),قريه-جميرا,Al Barsha South Fourth,Jumeirah Village Circle,FINISHED,48,1,2,48,48,51,0,6817157,1,
PN3215,register_extract_2026-06-15,3215,642818708,Golf Point,جولف بوينت,إعمار دبي الجنوب دي دبليو سي ش.ذ.م.م,emaar,Madinat Al Mataar,Dubai World Central,ACTIVE,590,2,2,0,590,593,34,5211861,1,1124959024;2053394405
PN2187,register_extract_2026-06-15,2187,280299769,Alexis Tower,برج أليكسيس,ليمتلس ش .ذ.م.م,ليمتلس,Jabal Ali Industrial Second,Down Town Jabal Ali,FINISHED,378,1,1,0,378,531,74,5180200,1,939624004
PN3604,register_extract_2026-06-15,3604,731725825,SUNSET BAY THREE BY IMTIAZ,صن سيت باي ثري من امتياز,شركة نخيل (ش.م.خ),nakheel,Palm Deira,Palm Deira,ACTIVE,63,1,1,0,63,66,21,1010507,1,1282888146
PN3192,register_extract_2026-06-15,3192,636385355,Binghatti Ghost,بن غاطي جوست,مدينه دبى الطبيه منطقه حرة - ذ.م.م.,مدينه-دبي-الطبيه,Al Jadaf,Dubai Health Care City Phase 2,ACTIVE,785,1,1,0,785,709,179,3261507,1,1911562000
PN3259,register_extract_2026-06-15,3259,651956379,Oasiz 1 by Danube,أويسز1 من دانوب,سلطة دبي للمناطق الإقتصادية المتكاملة,سلطه-دبي-للمناطق-الاقتصاديه-المتكامله,Nadd Hessa,Silicon Oasis,ACTIVE,410,1,1,0,410,343,25,6261650,1,1801088446
PN2664,register_extract_2026-06-15,2664,503832409,ORLA Infinity by OMNIYAT,أورلا إنفِنِتي من أمنيات,شركة نخيل (ش.م.خ),nakheel,Palm Jumeirah,Palm Jumeirah,ACTIVE,20,1,1,0,20,23,5,3812424,1,579693247
PN3570,register_extract_2026-06-15,3570,722726024,Sunset Bay Two By Imtiaz,صن ست باي تو من امتياز,شركة نخيل (ش.م.خ),nakheel,Palm Deira,Palm Deira,ACTIVE,66,1,1,0,66,68,10,1010445,1,1234568424
PN2275,register_extract_2026-06-15,2275,368654477,Chaimaa Avenue 2,شيماء افنيو2,قرية جميرا (ش.ذ.م.م),قريه-جميرا,Al Barsha South Fourth,Jumeirah Village Circle,FINISHED,92,1,1,0,93,172,15,6817124,1,227497464
PN3594,register_extract_2026-06-15,3594,728721254,THE HILLGATE,ذا هيلغيت,سلطة دبي للمناطق الإقتصادية المتكاملة,سلطه-دبي-للمناطق-الاقتصاديه-المتكامله,Nadd Hessa,Silicon Oasis,NOT_STARTED,356,2,2,0,356,325,227,6261827,1,7684149
PN2202,register_extract_2026-06-15,2202,295963039,SAMANA GOLF AVENUE,سامانا جولف افنيو,تيكوم للإستثمارات منطقة حرة- ذ.م.م,تيكوم-للاستثمارات,Al Hebiah Second,Dubai Studio City,FINISHED,229,1,1,0,229,332,26,6757642,1,1992151112
PN3851,register_extract_2026-06-15,3851,779834298,Unique One,يونيك وان,مؤسسه مدينه دبى للطيران,موسسه-مدينه-دبي-للطيران,Madinat Al Mataar,Dubai South Residential District,PENDING,43,1,1,0,43,0,0,5213656,1,1807875136
PN2139,register_extract_2026-06-15,2139,240207184,Q Gardens Boutique Residences,كيو جاردنز بوتيك رزيد نسيز,ليوان(ش.ذ.م.م.),ليوان,Arjan,Arjan,FINISHED,153,2,2,0,155,273,29,6731321,1,1316600757
PN1585,register_extract_2026-06-15,1585,14325316,Paradise Hills,,مدينة دبي للغولف  (ش.ذ.م.م),مدينه-دبي-للغولف,Al Hebiah Fifth,,ACTIVE,8,1,171,0,8,292,14,6832520;6832521;6832522;6832523;6832524;6832525;6832526;6832527;6832528;6832529;6832530;6832531;6832532;6832533;6832534;6832535;6832536;6832537;6832538;6833286;6833287;6833288;6833289;6833290;6833295;6833296;6833297;6833298;6833299;6833308;6833309;6833310;6833311;6833312;6833313;6833314;6833315;6833316;6833317;6833318;6833319;6833320;6833321;6833322;6833323;6833324;6833325;6833326;6833327;6833328;6833329;6833330;6833331;6833332;6833333;6833334;6833336;6833337;6833338;6833339,108,482133038
PN1276,register_extract_2026-06-15,1276,1276,29 BOULEVARD,29 بوليفارد,اعمار العقارية (ش . م. ع),emaar,Burj Khalifa,DownTown Dubai,FINISHED,756,3,3,749,756,3011,132,3450825,1,566636693
PN295,register_extract_2026-06-15,295,295,SYANN PARK1,سين بارك 1,رمرام ش.ذ.م.م,رمرام,Arjan,Arjan,FINISHED,165,1,1,165,165,389,28,6731230,1,73253582
PN3776,register_extract_2026-06-15,3776,760401228,Solanki One,سولانكي ون,دبي لاند ريزيدنسز (ش.ذ.م.م),دبي-لاند-ريزيدنسز,Wadi Al Safa 5,Dubai Land Residence Complex,ACTIVE,133,1,1,0,133,65,65,6488659,1,1335218819
PN2288,register_extract_2026-06-15,2288,375943380,MR. C RESIDENCES JUMEIRAH,مستر سي  رزيدنسس  جميرا,مراس العقارية (ش.ذ.م.م),meraas,Jumeirah Second,Dubai Water Canal,FINISHED,27,4,4,0,27,38,2,3424133,1,
PN1781,register_extract_2026-06-15,1781,32791325,"No.17, No.18a,No.18b and No.19 Citywalk Residential",نو.17، نو.18إيه، نو.18بي، نو.19 سيتي ووك ريزيدينشال,مراس العقارية (ش.ذ.م.م),meraas,Al Wasl,City Walk,FINISHED,196,4,4,176,196,829,150,3439483,1,1922498007
PN1197,register_extract_2026-06-15,1197,1197,QPOINT LIWAN-PLOT R052,كيو بوينت ليوان -PLOT R052,رمرام ش.ذ.م.م,رمرام,Wadi Al Safa 2,Liwan1,FINISHED,67,1,1,67,67,132,6,6437659,1,
PN2885,register_extract_2026-06-15,2885,568407730,Vela Viento by Omniyat,فيلا فينتو من أمنيات,الخليج التجاري (ش.ذ.م.م),الخليج-التجاري,Business Bay,Business Bay,ACTIVE,96,1,1,0,96,40,12,3460761,1,1691792359
PN7,register_extract_2026-06-15,7,7,JUMEIRAH BUSINESS CENTRE2,جميرا بزنس سنتر 2,مركز دبي للسلع المتعددة,مركز-دبي-للسلع-المتعدده,Al Thanyah Fifth,Jumeirah Lakes Towers,FINISHED,295,1,1,0,295,1098,49,3930922,1,1046081741
PN2111,register_extract_2026-06-15,2111,204552939,Creek Beach - Sunset,كريك بيتش - صن ست,دبي كريك هاربور ش.ذ.م.م,دبي-كريك-هاربور,Al Khairan First,Dubai Creek Harbour,FINISHED,151,3,3,0,163,275,17,4154766,1,331651106
PN3337,register_extract_2026-06-15,3337,669567855,Avenue Park Towers,افينيو بارك تاورز,بارك 1 ش.ذ.م.م,بارك-1,Al Kifaf,Wasl 1,NOT_STARTED,671,3,3,0,671,479,151,3246453,1,
PN1942,register_extract_2026-06-15,1942,135942190,Azizi Riviera 4,عزيزي ريفييرا 4,مجموعة ميدان (ش.ذ.م.م),meydan,Al Merkadh,Meydan One Community,FINISHED,212,1,1,0,213,328,31,3474983,1,479933851
PN97,register_extract_2026-06-15,97,97,EMERALD PALACE KEMPINSKI,قصر الزمرد كمبينسكي,شركة نخيل (ش.م.خ),nakheel,Palm Jumeirah,Palm Jumeirah,FINISHED,273,1,21,232,273,1009,24,3812775;3812776;3817062,3,
PN1955,register_extract_2026-06-15,1955,138444891,Azizi Riviera 2,عزيزي ريفييرا 2,مجموعة ميدان (ش.ذ.م.م),meydan,Al Merkadh,Meydan One Community,FINISHED,62,1,1,0,62,87,5,3474977,1,1040804634
PN2920,register_extract_2026-06-15,2920,575896160,Hammock Park,حاموك بارك,جيه ايه جي للتطوير ش.ذ.م.م,جيه-ايه-جي-للتطوير,Jabal Ali First,Wasl Gate,ACTIVE,252,1,1,0,252,217,11,5919626,1,1551246070
PN2948,register_extract_2026-06-15,2948,581913364,SOBHA ONE,شوبا ون,شوبا ش.ذ.م.م,sobha,Ras Al Khor Industrial First,,ACTIVE,3057,6,6,0,3057,3135,239,6120442,1,
PN2123,register_extract_2026-06-15,2123,220522549,Azizi Riviera 30,عزيزي ريفيرا 30,مجموعة ميدان (ش.ذ.م.م),meydan,Al Merkadh,Meydan One Community,FINISHED,135,1,1,0,137,186,6,3475059,1,1664590554
PN2909,register_extract_2026-06-15,2909,574441185,Samana IVY Gardens 2,سمانا ايفي جاردنز 2,دبي لاند ريزيدنسز (ش.ذ.م.م),دبي-لاند-ريزيدنسز,Wadi Al Safa 5,Dubai Land Residence Complex,ACTIVE,843,1,1,0,843,859,34,6488523,1,1020762016
PN2680,register_extract_2026-06-15,2680,508780518,Sensoria at Five Luxe,سنسوريا ات فايف لاكس,ديفكو لتطوير العقارات ش.ذ.م.م,ديفكو-لتطوير-العقارات,Marsa Dubai,,ACTIVE,54,1,1,0,54,98,27,3920549,1,
PN1772,register_extract_2026-06-15,1772,32282647,CREEK HORIZON,كريك هورايزون,ذي لاجونز المرحلة الاولى ش.ذ.م.م,ذي-لاجونز-المرحله-الاولي,Al Khairan First,Dubai Creek Harbour,FINISHED,559,3,3,0,598,1205,98,4158709,1,1513574662
PN1527,register_extract_2026-06-15,1527,12765916,AL KHAIL HEIGHTS,الخيل هايتس,الخيل هايتس ش.ذ.م.م,الخيل-هايتس,Al Goze Fourth,,FINISHED,2220,13,73,1821,2220,4026,239,3594681;3594683;3594686;3594687;3594688;3594689;3594690;3594691;3594692;3594693,10,
PN1358,register_extract_2026-06-15,1358,8713121,MASAAR RESIDENCES,مساكن مسار,شركة نخيل (ش.م.خ),nakheel,Al Barsha South Fourth,Jumeirah Village Circle,FINISHED,94,1,1,94,94,229,17,6817420,1,956959085
PN1214,register_extract_2026-06-15,1214,1214,QPOINT LIWAN-PLOT R096,كيو بوينت ليوان -PLOT R096,رمرام ش.ذ.م.م,رمرام,Wadi Al Safa 2,Liwan1,FINISHED,55,1,1,55,55,113,6,6437643,1,
PN1198,register_extract_2026-06-15,1198,1198,QPOINT LIWAN-PLOT R046,كيو بوينت ليوان -PLOT R046,رمرام ش.ذ.م.م,رمرام,Wadi Al Safa 2,Liwan1,FINISHED,57,1,1,57,57,115,4,6437671,1,
PN3634,register_extract_2026-06-15,3634,736445191,The Winslow,أيان هايتس 2,مجموعة ميدان (ش.ذ.م.م),meydan,Bukadra,,PENDING,260,0,1,0,260,1,0,6110889,1,
PN2978,register_extract_2026-06-15,2978,590140809,All Seasons Residence,اول سيزونز ريزيدنس,مدينة دبي الرياضية (ش. ذ. م. م),مدينه-دبي-الرياضيه,Al Hebiah Fourth,Dubai Sports City,ACTIVE,287,1,1,0,287,77,20,6820150,1,524944076
PN2286,register_extract_2026-06-15,2286,375426669,Beach Mansion,بيتش مانشن,إعمار للتطوير (مساهمة عامة),emaar,Marsa Dubai,Dubai Harbour,ACTIVE,495,2,2,0,495,858,104,3927076,1,1122705566
PN2380,register_extract_2026-06-15,2380,408174590,PIER 8,بيير8,اعمار العقارية (ش . م. ع),emaar,Marsa Dubai,Dubai Marina,ACTIVE,341,1,1,230,341,56,8,3920318,1,1083064481
PN4124,register_extract_2026-06-15,4124,819433518,VERDE BY VISION,فيردي باي فيجن,مدينة دبي الرياضية (ش. ذ. م. م),مدينه-دبي-الرياضيه,Al Hebiah Fourth,Dubai Sports City,PENDING,253,0,2,244,497,231,228,6821375,1,855058094;901903366
PN1518,register_extract_2026-06-15,1518,12666707,MAJESTINE,ماجستين,دبي للعقارات (ش.ذ.م.م),dubai-properties,Business Bay,Business Bay,FINISHED,506,1,1,0,506,808,57,3466830,1,2143899879
PN2170,register_extract_2026-06-15,2170,259442535,"Mohammed Bin Rashid Al Maktoum City , District One Phase III  , Residences 6",مدينة محمد بن راشد آل مكتوم- ديستركت ون ، المرحلة الثالثة ، ريسيدنز 6,الحي الاول - منطقة حرة,الحي-الاول,Al Merkadh,Mohammed Bin Rashid AL Maktoum City -District -1 Community,FINISHED,61,1,1,0,99,133,10,3474843,1,1013764923
PN8,register_extract_2026-06-15,8,8,JUMEIRAH BUSINESS CENTRE3,جميرا بزنس سنتر 3,مركز دبي للسلع المتعددة,مركز-دبي-للسلع-المتعدده,Al Thanyah Fifth,Jumeirah Lakes Towers,FINISHED,246,1,1,0,246,252,0,3936069,1,991809888
PN1041,register_extract_2026-06-15,1041,1041,ZABEEL SARAY,زعبيل سراي,شركة نخيل (ش.م.خ),nakheel,Palm Jumeirah,Palm Jumeirah,FINISHED,19,1,39,0,19,47,1,3817072,1,
PN1695,register_extract_2026-06-15,1695,26846510,THE ADDRESS DUBAI OPERA,العنوان أوبرا دبي,اعمار العقارية (ش . م. ع),emaar,Burj Khalifa,DownTown Dubai,FINISHED,873,3,3,0,873,1682,115,3456900,1,517272712
PN2524,register_extract_2026-06-15,2524,459999482,THE DIPLOMAT RESIDENCES,ذا ديبلومت ريزيدنس,نشاما للعقارات لمالكها نشمي ديفلوبمنت شركة الشخص الواحد ش.ذ.م.م,nshama,Al Yelayiss 2,TOWN SQUARE,FINISHED,153,1,1,0,153,291,55,9229115,1,1588465444
PN3248,register_extract_2026-06-15,3248,649745315,Cove Edition Residence 1 By Imtiaz,كوف ايديشن ريزيدنس 1 من امتياز,دبي لاند ريزيدنسز (ش.ذ.م.م),دبي-لاند-ريزيدنسز,Wadi Al Safa 5,Dubai Land Residence Complex,ACTIVE,182,1,1,0,182,192,7,6488653,1,
PN2630,register_extract_2026-06-15,2630,87258581,Park Views Residences A,A بارك فيوز ريزيدنسيز,بارك 1 ش.ذ.م.م,بارك-1,Al Kifaf,Wasl 1,ACTIVE,615,1,1,0,615,614,40,3246448,1,
PN2483,register_extract_2026-06-15,2483,446865081,Park Horizon,بارك هورايزون,دبي هيلز استيت ش.ذ.م.م,dubai-hills-estate,Hadaeq Sheikh Mohammed Bin Rashid,Dubai Hills Estate,ACTIVE,306,3,3,0,306,478,105,6311375,1,1295149199
PN1310,register_extract_2026-06-15,1310,1310,LIWA HEIGHTS,ليوا هايتس,مركز دبي للسلع المتعددة,مركز-دبي-للسلع-المتعدده,Al Thanyah Fifth,Jumeirah Lakes Towers,FINISHED,307,1,1,0,307,527,19,3930921,1,2035013937
PN2700,register_extract_2026-06-15,2700,512976252,The Hamilton,ذا هاميلتون,نشاما للعقارات لمالكها نشمي ديفلوبمنت شركة الشخص الواحد ش.ذ.م.م,nshama,Al Yelayiss 2,TOWN SQUARE,ACTIVE,242,1,1,0,242,512,237,9229114,1,232063347
PN1754,register_extract_2026-06-15,1754,29933613,NO.15 & NO.16 CITYWALK RESIDENTIAL,نو.15، نو.16 سيتي ووك ريزيدينشال,مراس العقارية (ش.ذ.م.م),meraas,Al Wasl,City Walk,FINISHED,113,2,2,101,113,169,7,3439442,1,1828317448
PN3669,register_extract_2026-06-15,3669,741310856,DAMAC RIVERSIDE VIEWS - ROYAL 3&4,داماك ريفرسايد فيوز - رويال 3&4,داماك ميري للاستثمار ش.ذ.م.م,damac,Dubai Investment Park Second,,NOT_STARTED,466,4,4,0,466,447,75,5976676,1,1293493683;245676920;860877098;93368481
PN3778,register_extract_2026-06-15,3778,760841031,California Residences,كاليفورنيا ريسدنسز,دبي لاند (ش.ذ.م.م),دبي-لاند,Wadi Al Safa 4,,NOT_STARTED,372,1,1,0,372,184,184,6464106,1,762849689
PN2310,register_extract_2026-06-15,2310,381347824,Lagoon Views at District One,لاجون فيوز في ديستريكت ون,مجموعة ميدان (ش.ذ.م.م),meydan,Al Merkadh,Mohammed Bin Rashid AL Maktoum City -District -1 Community,FINISHED,104,1,1,0,104,163,23,3470382,1,1822297810
PN1462,register_extract_2026-06-15,1462,1462,BURJ KHALIFA TOWERS,أبراج برج خليفة,اعمار العقارية (ش . م. ع),emaar,Burj Khalifa,DownTown Dubai,FINISHED,1078,1,1,0,1,3600,202,3450829,1,
PN3346,register_extract_2026-06-15,3346,670459665,MADA'IN,مدائن,إعمار للتطوير (مساهمة عامة),emaar,Marsa Dubai,Dubai Marina,NOT_STARTED,214,1,1,0,214,2,0,3920489,1,116234629
PN556,register_extract_2026-06-15,556,556,Mars Residences,مارس ريزيدنسس,مدينة دبي الرياضية (ش. ذ. م. م),مدينه-دبي-الرياضيه,Al Hebiah Fourth,Dubai Sports City,ACTIVE,554,2,2,554,554,201,36,6820287,1,882463189
PN2928,register_extract_2026-06-15,2928,577706096,SOLARA TOWER DUBAI,سولارا تاور دبي,إعمار للتطوير (مساهمة عامة),emaar,Burj Khalifa,DownTown Dubai,ACTIVE,231,1,1,0,231,171,51,3450811,1,1169162572
PN1979,register_extract_2026-06-15,1979,140974993,UNA,اٌنا,نشاما للعقارات لمالكها نشمي ديفلوبمنت شركة الشخص الواحد ش.ذ.م.م,nshama,Al Yelayiss 2,TOWN SQUARE,FINISHED,480,2,1,0,487,828,59,9229210,1,502188230
PN2674,register_extract_2026-06-15,2674,507894403,Naya at District One,نايا في ديستريكت ون,الحي الاول - منطقة حرة,الحي-الاول,Al Merkadh,Mohammed Bin Rashid AL Maktoum City -District -1 Community,ACTIVE,456,4,4,0,456,481,19,3470927,1,1254322690;1802624450;595939310;68912129
PN425,register_extract_2026-06-15,425,425,SMART HEIGHTS,سمارت هايتس,تيكوم للإستثمارات منطقة حرة- ذ.م.م,تيكوم-للاستثمارات,Al Thanyah First,Barsha Heights,FINISHED,205,1,1,0,205,704,37,3830294,1,
PN3106,register_extract_2026-06-15,3106,616732846,Muraba Veil,مربعة فيل?,دي اتش ار اي 2 بي تي اس ش.ذ.م.م,دي-اتش-ار-اي-2-بي-تي-اس,Al Wasl,Dubai Water Canal,NOT_STARTED,135,1,1,0,135,44,21,3435553,1,1240461839
PN2465,register_extract_2026-06-15,2465,441574539,Opalz By Danube,أوبالز من دانوب,تيكوم للإستثمارات منطقة حرة- ذ.م.م,تيكوم-للاستثمارات,Al Barshaa South Second,Dubai Science Park,FINISHED,575,2,2,0,575,738,99,6723159,1,
PN1909,register_extract_2026-06-15,1909,94327701,SKY BAY HOTEL,فندق سكاي باي,الخليج التجاري (ش.ذ.م.م),الخليج-التجاري,Business Bay,Business Bay,FINISHED,449,1,1,0,452,673,65,3460585,1,1503693899
PN2540,register_extract_2026-06-15,2540,468350016,Marina Living,مارينا ليفينج,اعمار العقارية (ش . م. ع),emaar,Marsa Dubai,Dubai Marina,ACTIVE,205,1,1,0,205,264,43,3920440,1,1042996484
PN330,register_extract_2026-06-15,330,330,ELITE 6 SPORTS RESIDENCE,إيليت 6 سبورتس ريزيدنس,مدينة دبي الرياضية (ش. ذ. م. م),مدينه-دبي-الرياضيه,Al Hebiah Fourth,Dubai Sports City,FINISHED,366,1,1,366,366,982,39,6820139,1,593278295
PN2038,register_extract_2026-06-15,2038,166477509,Azizi Park Avenue,عزيزي بارك أفينيو,مجموعة ميدان (ش.ذ.م.م),meydan,Nad Al Shiba First,Meydan Racecourse Community,FINISHED,124,1,1,0,125,186,13,6184163,1,
PN2493,register_extract_2026-06-15,2493,448659748,FORUM RESIDENCES,فوروم ريزيدنسز,ليوان(ش.ذ.م.م.),ليوان,Wadi Al Safa 3,Majan,FINISHED,46,1,1,0,46,86,16,6458039,1,
PN2087,register_extract_2026-06-15,2087,186466481,Dolphin Tower,دولفين تاور,الخليج التجاري (ش.ذ.م.م),الخليج-التجاري,Business Bay,Business Bay,FINISHED,340,1,1,0,340,363,12,3460655,1,1098753540
PN1705,register_extract_2026-06-15,1705,27189405,QLINE (QPOINT PHASEII) 3C-LW-R-064,كيولاين (كيوبوينت فيز 2)3C-LW-R-064,ليوان(ش.ذ.م.م.),ليوان,Wadi Al Safa 2,Liwan1,FINISHED,121,1,1,121,121,122,0,6437611,1,
PN1734,register_extract_2026-06-15,1734,28393939,SAFEER RESIDENCES 3,سفير ريزدنس 3,دبي لاند ريزيدنسز (ش.ذ.م.م),دبي-لاند-ريزيدنسز,Wadi Al Safa 5,Dubai Land Residence Complex,FINISHED,64,0,1,64,64,3,0,6488544,1,1139785265
PN2253,register_extract_2026-06-15,2253,353790842,"Mohammed Bin Rashid Al Maktoum City , District One Phase III  , Residences 28",مدينة محمد بن راشد ال مكتوم الحي الأول ، المرحلة الثالثة ، ريسيدنز 28,مجموعة ميدان (ش.ذ.م.م),meydan,Al Merkadh,Mohammed Bin Rashid AL Maktoum City -District -1 Community,FINISHED,31,1,1,0,42,78,8,3470258,1,1748912114
PN3366,register_extract_2026-06-15,3366,676468466,ONE PARK SQUARE BY IMAN,وان بارك سكوير باي إيمان,قرية جميرا (ش.ذ.م.م),قريه-جميرا,Al Barsha South Fourth,Jumeirah Village Circle,NOT_STARTED,269,1,1,0,269,259,32,6816317,1,762845587
PN3711,register_extract_2026-06-15,3711,747771546,South Square,ساوث سكوير,مؤسسه مدينه دبى للطيران,موسسه-مدينه-دبي-للطيران,Madinat Al Mataar,Dubai World Central,NOT_STARTED,571,4,4,0,571,427,248,5211056,1,1958045453;1978577110;536458155;540689847
PN3673,register_extract_2026-06-15,3673,742200498,Vio Residences,فيو ريزيدنسز,انترناشونال سيتي ( ش.ذ.م.م ),انترناشونال-سيتي,Warsan Fourth,International City Phase 3,NOT_STARTED,87,1,1,0,87,16,13,6241098,1,
PN3715,register_extract_2026-06-15,3715,748955420,La Vue Parc,لا فيو بارك,شمال العقارية ش.ذ.م.م,شمال-العقاريه,Nad Al Shiba First,Nad Al Sheba Gardens,NOT_STARTED,46,1,1,0,46,26,23,6185439,1,
PN2163,register_extract_2026-06-15,2163,251577410,Seagate,سي جيت,ميناء راشد العقارية ش.ذ.م.م,ميناء-راشد-العقاريه,Madinat Dubai Almelaheyah,Mina Rashid,FINISHED,302,5,5,0,302,429,59,3210270,1,1097613075;1131821568;1699610206;1930052539;386499002
PN4031,register_extract_2026-06-15,4031,800280796,SERA 1,سيرا 1,ميناء راشد العقارية ش.ذ.م.م,ميناء-راشد-العقاريه,Madinat Dubai Almelaheyah,Mina Rashid,NOT_STARTED,203,3,3,0,203,34,34,3210490,1,115140837;1570337366;1654110651
PN1512,register_extract_2026-06-15,1512,12626290,Azizi. Iris,عزيزي آيريس,الفرجان ( ش.ذ.م.م ),الفرجان,Jabal Ali First,Al Furjan,FINISHED,99,2,1,99,99,283,19,5913004,1,1062304876
PN3178,register_extract_2026-06-15,3178,632443545,DAMAC LAGOONS - LAGOON VIEWS 11,داماك لاجونز - لاجون فيوز 11,واحة الجزيرة العقارية (ش.ذ.م.م),واحه-الجزيره-العقاريه,Al Hebiah Fifth,,NOT_STARTED,322,4,4,0,322,323,19,68311639,1,1144034922;1167126526;2087498729;221991207
PN2660,register_extract_2026-06-15,2660,503401600,Elysee Heights,اليسي هايتس,قرية جميرا (ش.ذ.م.م),قريه-جميرا,Al Barsha South Fourth,Jumeirah Village Circle,CONDITIONAL_ACTIVATING,193,1,1,0,193,205,6,6816487,1,1432426894
PN3117,register_extract_2026-06-15,3117,619334375,Trafford Residence,ترافورد ريزيدنس,مؤسسه مدينه دبى للطيران,موسسه-مدينه-دبي-للطيران,Madinat Al Mataar,Dubai South Residential District,ACTIVE,44,1,1,0,44,46,18,5212902,1,1575870363
PN2739,register_extract_2026-06-15,2739,526724721,MARQUIS ELEGANCE,ماركيز إليجانس,ليوان(ش.ذ.م.م.),ليوان,Arjan,Arjan,ACTIVE,139,1,1,0,139,125,14,6730119,1,54310209
PN3217,register_extract_2026-06-15,3217,643569133,Imperial Residence,امبريال ريزيدنس,تيكوم للإستثمارات منطقة حرة- ذ.م.م,تيكوم-للاستثمارات,Me'Aisem First,International Media Production Zone,ACTIVE,137,1,1,0,137,66,11,6850596,1,464555138
PN2749,register_extract_2026-06-15,2749,531714602,Nadine Residences 2,مسكن نادين 2,شركة نخيل (ش.م.خ),nakheel,Jabal Ali First,Al Furjan,FINISHED,102,1,1,0,102,190,36,5913005,1,1723798497
PN3622,register_extract_2026-06-15,3622,733839859,Dalmore Tower,برج دالمور,دبي لاند ريزيدنسز (ش.ذ.م.م),دبي-لاند-ريزيدنسز,Wadi Al Safa 5,Dubai Land Residence Complex,ACTIVE,120,1,1,0,120,42,40,6488682,1,583119745
PN4028,register_extract_2026-06-15,4028,799659432,Fiori,فيوري,نشاما للعقارات لمالكها نشمي ديفلوبمنت شركة الشخص الواحد ش.ذ.م.م,nshama,Al Yelayiss 2,TOWN SQUARE,NOT_STARTED,146,1,1,0,146,111,111,92225755,1,
PN2233,register_extract_2026-06-15,2233,347740611,Binghatti Mirage,بن غاطي ميراج,قرية جميرا (ش.ذ.م.م),قريه-جميرا,Al Barsha South Fourth,Jumeirah Village Circle,FINISHED,160,1,1,0,160,297,23,6816202,1,510408989
PN3271,register_extract_2026-06-15,3271,653715273,Ocean Views,اوشن فيوز,ميناء راشد العقارية ش.ذ.م.م,ميناء-راشد-العقاريه,Madinat Dubai Almelaheyah,Mina Rashid,NOT_STARTED,78,2,2,0,78,78,0,3210437,1,1534488579;2030840380
PN2698,register_extract_2026-06-15,2698,512679608,DAMAC HILLS - GOLF GATE 2,داماك هيلز - جولف جايت 2,داماك كريسنت للعقارات (ش.ذ.م.م),damac,Al Hebiah Third,DAMAC HILLS,ACTIVE,464,1,1,0,464,515,56,6767876,1,1128462762
PN3785,register_extract_2026-06-15,3785,763750218,Bay Grove Residences D - Dubai Islands,جزر دبي  D - باي غروف رزيدينسز,شركة نخيل (ش.م.خ),nakheel,Palm Deira,Palm Deira,NOT_STARTED,257,4,4,0,257,259,200,1011254,1,1392315859;319283035;583788215;905620603
PN3142,register_extract_2026-06-15,3142,624923058,VAL BY KASCO,فال باي كاسكو,دبي للعقارات (ش.ذ.م.م),dubai-properties,Al Jadaf,Jaddaf Waterfront,ACTIVE,134,1,1,0,134,126,5,3260916,1,308790975
PN4020,register_extract_2026-06-15,4020,797628875,THE SERENE,ذي سيرين,مؤسسه مدينه دبى للطيران,موسسه-مدينه-دبي-للطيران,Madinat Al Mataar,Dubai South Residential District,PENDING,106,1,1,0,106,3,0,5213586,1,390702757
PN2687,register_extract_2026-06-15,2687,509530441,LILIUM TOWER,ليليوم تاور,قرية جميرا (ش.ذ.م.م),قريه-جميرا,Al Barsha South Fifth,,ACTIVE,266,1,1,0,266,208,13,6848917,1,923575165
PN3219,register_extract_2026-06-15,3219,644007193,REEF 1000,ريف 1000,دبي لاند ريزيدنسز (ش.ذ.م.م),دبي-لاند-ريزيدنسز,Wadi Al Safa 5,Dubai Land Residence Complex,ACTIVE,126,1,1,0,126,102,35,6488594,1,1896583315
PN1434,register_extract_2026-06-15,1434,1434,EMIRATES GARDEN I - ROSE 1,الإمارات حديقة 1 - روز 1,شركة نخيل (ش.م.خ),nakheel,Al Barsha South Fourth,Jumeirah Village Circle,FINISHED,172,2,2,162,172,872,33,6816499,1,
PN3734,register_extract_2026-06-15,3734,753723127,AURESTA TOWER,برج أوريستا,شركة نخيل (ش.م.خ),nakheel,Al Barsha South Fourth,Jumeirah Village Circle,NOT_STARTED,840,1,1,0,840,484,340,6816340,1,1557818319
PN2812,register_extract_2026-06-15,2812,544908674,Cubix Residences,كوبيكس رسيدنسس,قرية جميرا (ش.ذ.م.م),قريه-جميرا,Al Barsha South Fourth,Jumeirah Village Circle,ACTIVE,72,1,1,0,72,76,8,6816986,1,641689590
PN1630,register_extract_2026-06-15,1630,16310642,BINGHATTI APARTMENTS,بن غاطي ابارتمنتس,سلطة دبي للمناطق الإقتصادية المتكاملة,سلطه-دبي-للمناطق-الاقتصاديه-المتكامله,Nadd Hessa,Silicon Oasis,FINISHED,224,1,1,222,224,614,28,6262611,1,429593448
PN2864,register_extract_2026-06-15,2864,562667876,Aveline Residences by Citi Developers,افيلين ريزيدنسز من سيتي ديفيلوبرز,قرية جميرا (ش.ذ.م.م),قريه-جميرا,Al Barsha South Fourth,Jumeirah Village Circle,ACTIVE,265,3,3,303,568,256,52,6817436,1,1742880573
PN2270,register_extract_2026-06-15,2270,364654261,Regalia,ريغاليا,الخليج التجاري (ش.ذ.م.م),الخليج-التجاري,Business Bay,Business Bay,ACTIVE,913,1,1,0,921,1433,133,3466861,1,207346776
PN2979,register_extract_2026-06-15,2979,590150998,Sky Vista by Peace Homes,سكاي فيستا باي بيس هومز,قرية جميرا (ش.ذ.م.م),قريه-جميرا,Al Barsha South Fourth,Jumeirah Village Circle,ACTIVE,72,1,1,0,72,17,11,6816488,1,1505388042
PN3824,register_extract_2026-06-15,3824,770865314,Gate Royale Residences,جيت رويال ريزيدنسز,الفرجان ( ش.ذ.م.م ),الفرجان,Jabal Ali First,Al Furjan,NOT_STARTED,61,1,1,0,61,14,9,5911840,1,851969083
PN2435,register_extract_2026-06-15,2435,428402416,NORTH FORTY THREE SERVICED RESIDENCES,نورث فورتي ثري سيرفيسد ريزيدنسيز,قرية جميرا (ش.ذ.م.م),قريه-جميرا,Al Barsha South Fourth,Jumeirah Village Circle,ACTIVE,229,1,1,0,229,243,20,6817325,1,660851039
PN2582,register_extract_2026-06-15,2582,481990291,Jomana,جومانه,جميرا هيلز ديفيلوبمنت ش.ذ.م.م,جميرا-هيلز-ديفيلوبمنت,Um Suqaim Third,,ACTIVE,326,8,8,0,326,402,40,3660848,1,
PN3321,register_extract_2026-06-15,3321,664691294,Binghatti Hillviews,بن غاطي هيل فيوز,دى اتش ايه ام منطقه حره - ذ.م.م,دي-اتش-ايه-ام,Al Barshaa South Second,Dubai Science Park,NOT_STARTED,1575,1,1,0,1575,1579,837,6723167,1,1343277051
PN11,register_extract_2026-06-15,11,11,LA VISTA 03,لا فيستا 03,سلطة دبي للمناطق الإقتصادية المتكاملة,سلطه-دبي-للمناطق-الاقتصاديه-المتكامله,Nadd Hessa,Silicon Oasis,FINISHED,128,1,1,128,128,333,33,6262577,1,899364055
PN3010,register_extract_2026-06-15,3010,598116758,Ocean Star,اوشن ستار,ميناء راشد العقارية ش.ذ.م.م,ميناء-راشد-العقاريه,Madinat Dubai Almelaheyah,Mina Rashid,ACTIVE,155,2,2,0,155,170,13,3210412,1,1472568449;52353663
PN767,register_extract_2026-06-15,767,767,CLASSIC APARTMENTS,كلاسيك أبارتمنت,شركة نخيل (ش.م.خ),nakheel,Al Warsan First,International City Phase 1,FINISHED,141,1,1,140,141,456,35,6211997,1,
PN3612,register_extract_2026-06-15,3612,733508498,Reem by vision,ريم باي فيجن,ليوان(ش.ذ.م.م.),ليوان,Wadi Al Safa 2,Liwan1,NOT_STARTED,200,1,1,0,200,192,109,6437709,1,
PN1946,register_extract_2026-06-15,1946,136341920,South Living,ساوث ليفينج,مؤسسه مدينه دبى للطيران,موسسه-مدينه-دبي-للطيران,Madinat Al Mataar,Dubai South Residential District,ACTIVE,209,1,1,0,209,144,37,5212775,1,203688256
PN4080,register_extract_2026-06-15,4080,812813681,Vayla Residences,فايلا ريزيدنسز,النخلة  - ديره (ش.ذ.م.م),nakheel,Palm Deira,Palm Deira,PENDING,53,1,1,0,53,2,1,1010525,1,1190929011
PN1634,register_extract_2026-06-15,1634,16513925,DRAGON VIEW,دراجون فيو,انترناشونال سيتي ( ش.ذ.م.م ),انترناشونال-سيتي,Al Warsan First,International City Phase 1,FINISHED,120,1,1,120,120,197,7,6210194,1,
PN2332,register_extract_2026-06-15,2332,389651737,PORT DE LA MER - LE SOLEIL,بورت دو لامير - لو سوليل,مراس العقارية (ش.ذ.م.م),meraas,Jumeirah First,LA MER,ACTIVE,184,3,3,0,184,299,47,3320388,1,
PN2715,register_extract_2026-06-15,2715,518847274,VOLGA TOWER,فولجا تاور,قرية جميرا (ش.ذ.م.م),قريه-جميرا,Al Barsha South Fifth,Jumeirah Village Triangle,ACTIVE,391,1,1,0,391,111,21,6843521,1,1536880877
PN4088,register_extract_2026-06-15,4088,813687577,ELMORA,المورا,مراس العقارية (ش.ذ.م.م),meraas,Al Satwa,Jumeirah Garden City,PENDING,85,1,1,0,85,51,48,3347275,1,696442931
PN2754,register_extract_2026-06-15,2754,533686644,ELARA,إلارا,جميرا هيلز ديفيلوبمنت ش.ذ.م.م,جميرا-هيلز-ديفيلوبمنت,Um Suqaim Third,,ACTIVE,238,3,3,0,238,255,12,3660847,1,
PN2868,register_extract_2026-06-15,2868,563328595,Boutique 23,بوتيك23,دبي للعقارات (ش.ذ.م.م),dubai-properties,Al Jadaf,Jaddaf Waterfront,ACTIVE,328,1,1,0,328,373,34,3260949,1,994799132
PN2509,register_extract_2026-06-15,2509,457599344,399 Hills Park A,399 هليز بارك أ,دبي هيلز استيت ش.ذ.م.م,dubai-hills-estate,Hadaeq Sheikh Mohammed Bin Rashid,Dubai Hills Estate,PENDING,214,1,1,0,214,0,0,6317572,1,
PN3685,register_extract_2026-06-15,3685,743954376,Alton,ألتون,نشاما للعقارات لمالكها نشمي ديفلوبمنت شركة الشخص الواحد ش.ذ.م.م,nshama,Al Yelayiss 2,TOWN SQUARE,NOT_STARTED,149,1,1,0,149,115,55,92225770,1,1845968903
PN3151,register_extract_2026-06-15,3151,627067255,PG Maison,بي جي ميزون,الفرجان ( ش.ذ.م.م ),الفرجان,Jabal Ali First,Al Furjan,ACTIVE,85,1,1,0,85,85,4,5912304,1,
PN3447,register_extract_2026-06-15,3447,692468777,Rena,رينا,شركة نخيل (ش.م.خ),nakheel,Palm Deira,Palm Deira,NOT_STARTED,64,1,1,0,64,60,5,1010665,1,776661789
PN3496,register_extract_2026-06-15,3496,706475836,NEEM AT PARK FIVE,نيم في بارك فايف,دى اتش ايه ام منطقه حره - ذ.م.م,دي-اتش-ايه-ام,Me'Aisem First,International Media Production Zone,NOT_STARTED,145,1,1,0,145,130,109,6854439,1,1969828516
PN4018,register_extract_2026-06-15,4018,797572308,ELARIS Rise,إيلاريس رايز,شركة نخيل (ش.م.خ),nakheel,Al Barsha South Fifth,Jumeirah Village Triangle,PENDING,214,1,1,0,214,62,59,6848930,1,2021602985
PN2027,register_extract_2026-06-15,2027,162934404,Jewelz Residence,جويلز رزيدنس,ليوان(ش.ذ.م.م.),ليوان,Arjan,Arjan,FINISHED,463,1,1,0,463,730,61,6734121,1,2142177254
PN475,register_extract_2026-06-15,475,475,SILICON BOULEVARD,سيليكون بوليفارد,سلطة دبي للمناطق الإقتصادية المتكاملة,سلطه-دبي-للمناطق-الاقتصاديه-المتكامله,Nadd Hessa,Silicon Oasis,FINISHED,206,2,2,0,206,506,36,6262254,1,1939592327
PN1144,register_extract_2026-06-15,1144,1144,FAIRMONT PALM HOTEL & RESORT,فيرمونت بالم هوتل أند ريزورت,شركة النخلة - جميرا (ش.ذ.م.م),nakheel,Palm Jumeirah,Palm Jumeirah,FINISHED,27,2,2,21,27,58,3,3812734,1,775432113
PN891,register_extract_2026-06-15,891,891,SILICON AVENUE,سيليكون أفنيو,سلطة دبي للمناطق الإقتصادية المتكاملة,سلطه-دبي-للمناطق-الاقتصاديه-المتكامله,Nadd Hessa,Silicon Oasis,FINISHED,106,1,1,105,106,33,1,6262357,1,223917360
PN3765,register_extract_2026-06-15,3765,759247224,Iridian Park 2,2 إيريديان بارك,شركة نخيل (ش.م.خ),nakheel,Al Barsha South Fourth,Jumeirah Village Circle,PENDING,86,1,1,0,86,22,19,6817092,1,1000600305
PN3553,register_extract_2026-06-15,3553,718501332,Chelsea Gardens,تشيلسي جاردنز,مراس العقارية (ش.ذ.م.م),meraas,Al Satwa,Jumeirah Garden City,NOT_STARTED,59,1,1,0,59,36,23,3342946,1,1251741259
PN3841,register_extract_2026-06-15,3841,775820342,Chapter 02,برج ايزيل,انترناشونال سيتي ( ش.ذ.م.م ),انترناشونال-سيتي,Warsan Fourth,International City Phase 3,PENDING,94,1,1,0,94,0,0,6241202,1,
PN3793,register_extract_2026-06-15,3793,765118311,OCTA ISLE Interiors by MISSONI,أوكتا آيل تصاميم داخلية من ميسوني,شركة نخيل (ش.م.خ),nakheel,Palm Deira,Palm Deira,NOT_STARTED,112,1,1,0,112,96,74,1010331,1,1560628994
PN4104,register_extract_2026-06-15,4104,817275016,Binghatti Titania,بن غاطي تيتانيا,ليوان(ش.ذ.م.م.),ليوان,Wadi Al Safa 3,Majan,PENDING,789,0,1,0,789,718,713,6457866,1,121927292
PN3317,register_extract_2026-06-15,3317,663035669,W Residences at Dubai Harbour,رزيدنسز في دبي هاربر W,دبي هاربور كوميونيتي ذ.م.م,دبي-هاربور-كوميونيتي,Marsa Dubai,Dubai Harbour,NOT_STARTED,494,4,4,0,494,338,120,3920718,1,941138745
PN2080,register_extract_2026-06-15,2080,184151037,OXFORD RESIDENCE 2,2 اوكسفورد ريزيدينس,قرية جميرا (ش.ذ.م.م),قريه-جميرا,Al Barsha South Fourth,Jumeirah Village Circle,FINISHED,147,1,1,0,147,395,23,6816193,1,1917203448
PN2618,register_extract_2026-06-15,2618,493545806,ALEF NOON RESIDENCE,الف نون ريزيدنس,قرية جميرا (ش.ذ.م.م),قريه-جميرا,Al Barsha South Fourth,Jumeirah Village Circle,FINISHED,113,1,1,0,113,144,77,6817435,1,1899419096
PN1926,register_extract_2026-06-15,1926,102001621,AVALON TOWER,برج أفالون,قرية جميرا (ش.ذ.م.م),قريه-جميرا,Al Barsha South Fourth,Jumeirah Village Circle,FINISHED,362,1,1,0,368,394,21,6817142,1,1838119459
PN3301,register_extract_2026-06-15,3301,660061742,MAYFLOWER RESIDENCES,مساكن ماي فلاور,انترناشونال سيتي ( ش.ذ.م.م ),انترناشونال-سيتي,Warsan Fourth,International City Phase 3,ACTIVE,99,1,1,0,99,102,4,6241231,1,
PN3744,register_extract_2026-06-15,3744,755616583,Montiva,مونتيفا,دبي كريك هاربور ش.ذ.م.م,دبي-كريك-هاربور,Al Khairan First,Dubai Creek Harbour,NOT_STARTED,475,1,1,0,475,468,385,4150263,1,2016379737
PN3828,register_extract_2026-06-15,3828,772020432,AVENEW888 - MODO,أفينيو 888- مودو,دبي الجنوب للعقارات دي دبليو سي ش.ذ.م.م,دبي-الجنوب-للعقارات-دي-دبليو-سي,Madinat Al Mataar,Dubai South Residential District,NOT_STARTED,224,1,1,0,224,182,106,5212793,1,597044009
PN1846,register_extract_2026-06-15,1846,45965189,AL Andalus Phase 2,الأندلس المرحلة الثانية,عقارات جميرا جولف ش.ذ.م.م,عقارات-جميرا-جولف,Me'Aisem First,Jumeirah Golf Estates,FINISHED,120,1,1,120,182,379,22,6850622,1,143137525
PN2755,register_extract_2026-06-15,2755,533693469,Oceanz 1 By Danube,أوشنز 1 من دانوب,مدينة دبي الملاحية م م ح,مدينه-دبي-الملاحيه,Madinat Dubai Almelaheyah,Dubai Maritime City,ACTIVE,538,1,1,0,538,539,17,3210103,1,1318214932
PN12,register_extract_2026-06-15,12,12,LA VISTA 04,لا فيستا 04,سلطة دبي للمناطق الإقتصادية المتكاملة,سلطه-دبي-للمناطق-الاقتصاديه-المتكامله,Nadd Hessa,Silicon Oasis,FINISHED,133,1,1,132,133,5,1,6262578,1,
PN1436,register_extract_2026-06-15,1436,1436,EMIRATES GARDEN II - MAPLE,حديقة الإمارات 2 - القيقب,شركة نخيل (ش.م.خ),nakheel,Al Barsha South Fourth,Jumeirah Village Circle,FINISHED,183,2,2,175,183,612,30,6817233,1,
PN3635,register_extract_2026-06-15,3635,736626070,Elevia Residences,ايليفيا رزيدينسيز,انترناشونال سيتي ( ش.ذ.م.م ),انترناشونال-سيتي,Warsan Fourth,International City Phase 3,NOT_STARTED,106,1,1,0,106,66,64,6241114,1,
PN4059,register_extract_2026-06-15,4059,806380170,La Crystal,لا كريستال,شركة نخيل (ش.م.خ),nakheel,Palm Deira,Palm Deira,PENDING,64,1,1,0,64,1,0,1010431,1,1663623423
PN473,register_extract_2026-06-15,473,473,THE RESIDENCE,ذا ريزدنس,شركة نخيل (ش.م.خ),nakheel,Warsan Fourth,International City Phase 3,FINISHED,67,1,1,67,67,1,0,6241130,1,
PN2740,register_extract_2026-06-15,2740,527077397,Serene Gardens by Prescott,سيرين جاردنز من بريسكوت,شركة نخيل (ش.م.خ),nakheel,Jabal Ali First,Discovery Gardens,ACTIVE,184,1,1,0,184,218,28,59110352,1,1099293201
PN1662,register_extract_2026-06-15,1662,22282453,ARABIAN GATE,اريبيان جيت,سلطة دبي للمناطق الإقتصادية المتكاملة,سلطه-دبي-للمناطق-الاقتصاديه-المتكامله,Nadd Hessa,Silicon Oasis,FINISHED,716,1,1,0,716,1226,101,6262608,1,1360605339
PN1857,register_extract_2026-06-15,1857,47934609,URBANA II,II إربانا,إعمار دبي الجنوب دي دبليو سي ش.ذ.م.م,emaar,Madinat Al Mataar,Dubai World Central,FINISHED,236,41,41,0,236,518,33,5211620,1,1000682404;1036829707;1111697977;1130923988;1164772655;1222740126;1319978369;1399996061;1505273121;151388050;1570453464;1576022677;1594402446;1694923988;1748052176;1789848664;1805580750;1869733570;1909746571;1942188008;196386556;2042007920;2108993675;2127761686;2133170206;313756700;415040826;439410439;476732251;513226720;520551500;544086311;615969358;715615150;761429116;789274810;832344711;885568628;888559571;923705282;997472284
PN4001,register_extract_2026-06-15,4001,793210544,Veona by Gutti,فيونا من غوطي,دبي لاند ريزيدنسز (ش.ذ.م.م),دبي-لاند-ريزيدنسز,Wadi Al Safa 5,Dubai Land Residence Complex,NOT_STARTED,90,1,1,0,90,25,24,6489167,1,1024707921
PN2671,register_extract_2026-06-15,2671,507695157,Binghatti Venus,بن غاطي ?ينوس,قرية جميرا (ش.ذ.م.م),قريه-جميرا,Al Barsha South Fourth,Jumeirah Village Circle,FINISHED,191,1,1,0,191,302,30,6817073,1,873062453
PN2823,register_extract_2026-06-15,2823,548183676,Exotica by Al Marina,إكزوتيكا باي المارينا,قرية جميرا (ش.ذ.م.م),قريه-جميرا,Al Barsha South Fourth,Jumeirah Village Circle,ACTIVE,93,1,1,0,93,54,48,6817757,1,1162327395
PN3065,register_extract_2026-06-15,3065,609771723,Palatium Residences,بالاشيوم ريزيدنسز,قرية جميرا (ش.ذ.م.م),قريه-جميرا,Al Barsha South Fourth,Jumeirah Village Circle,ACTIVE,151,1,1,0,151,131,56,6817269,1,1579778474
PN3425,register_extract_2026-06-15,3425,687252314,Orise,أورايز,مدينة دبي الملاحية م م ح,مدينه-دبي-الملاحيه,Madinat Dubai Almelaheyah,Dubai Maritime City,ACTIVE,534,3,3,0,534,533,8,3210351,1,1137234796;1690254185;352791157
PN2188,register_extract_2026-06-15,2188,284373231,CREEK CRESCENT,كريك كريسنت,ذي لاجونز المرحلة الاولى ش.ذ.م.م,ذي-لاجونز-المرحله-الاولي,Al Khairan First,Dubai Creek Harbour,FINISHED,230,1,1,0,230,395,46,4154951,1,440497171
PN3086,register_extract_2026-06-15,3086,611491263,Fairway Residences By Prescott,فيرواي ريزيدنسز من بريسكوت,مدينة دبي الرياضية (ش. ذ. م. م),مدينه-دبي-الرياضيه,Al Hebiah Fourth,Dubai Sports City,ACTIVE,156,1,1,0,156,157,9,6820154,1,576021703
PN2772,register_extract_2026-06-15,2772,536311271,THE HAVEN GARDEN,ذا هايفن جاردن,قرية جميرا (ش.ذ.م.م),قريه-جميرا,Al Barsha South Fourth,Jumeirah Village Circle,ACTIVE,199,1,1,0,199,232,66,6817317,1,345843701
PN4114,register_extract_2026-06-15,4114,818093262,EVERGRIN HOUSE 2,ايفر جرين هاوس 2,مراس العقارية (ش.ذ.م.م),meraas,Al Satwa,Jumeirah Garden City,PENDING,193,0,1,0,193,162,160,3343022,1,
PN3009,register_extract_2026-06-15,3009,598026436,Binghatti Phoenix,بن غاطي فينيكس,قرية جميرا (ش.ذ.م.م),قريه-جميرا,Al Barsha South Fourth,Jumeirah Village Circle,ACTIVE,464,1,1,0,464,662,167,6817068,1,730258430
PN1639,register_extract_2026-06-15,1639,19484629,PARK VIEW TOWER,بارك فيو تاور,قرية جميرا (ش.ذ.م.م),قريه-جميرا,Al Barsha South Fourth,Jumeirah Village Circle,FINISHED,280,1,1,0,280,518,34,6817153,1,
PN4014,register_extract_2026-06-15,4014,796885535,Aquora by Casa Vista Development,اكوارا باي كاسا فيستا للتطويرش,شركة نخيل (ش.م.خ),nakheel,Palm Deira,Palm Deira,PENDING,111,1,1,0,111,21,20,1010630,1,1505317459
PN2580,register_extract_2026-06-15,2580,481736201,EOME,ايومي,شركة النخلة - جميرا (ش.ذ.م.م),nakheel,Palm Jumeirah,Palm Jumeirah,ACTIVE,2,0,25,0,2,36,13,3817071,1,
PN2973,register_extract_2026-06-15,2973,589373470,Cove Living Residence By Imtiaz,كوف ليفينج ريزيدنس من امتياز,دبي لاند ريزيدنسز (ش.ذ.م.م),دبي-لاند-ريزيدنسز,Wadi Al Safa 5,Dubai Land Residence Complex,ACTIVE,744,1,1,0,744,790,31,6488522,1,
PN3751,register_extract_2026-06-15,3751,757448940,Villa del Gavi Residences,فيلا ديل جافي رزيدينسز,النخلة  - ديره (ش.ذ.م.م),nakheel,Palm Deira,Palm Deira,NOT_STARTED,87,1,1,0,87,61,32,1010337,1,553546208
PN1044,register_extract_2026-06-15,1044,578533180,Emirates Living - Springs 7,روعة الإمارات ? الينابيع 7,اعمار العقارية (ش . م. ع),emaar,Al Thanayah Fourth,Springs - 3,FINISHED,,0,268,0,0,1168,72,3942383;3942389;3942394;3942395;3942402;3942406;3942409;3942417;3942422;3942425;3942429;3942433;3942596;3942600;3942604;3942605;3942607;3942609;3942611;3942613;3942615;3942617;3942619;3942622;3942623;3942625;3942627;3942630;3942632;3942634;3942636;3942638;3942641;3942642;3942645;3942647;3942649;3942650;3942652;3942654;3942660;3942666;3942672;3942677;3942682;3942689;3942695;3942702;3942868;3942872;3942875;3942883;3942887;3942890;3942896;3942902;3942911;3942915;3942920;3942923,72,
PN1032,register_extract_2026-06-15,1032,576206590,Emirates Living - Springs 2,روعة الإمارات ? الينابيع 2,اعمار العقارية (ش . م. ع),emaar,Al Thanayah Fourth,Springs - 7,FINISHED,,0,484,0,0,2044,71,3944410;3944411;3944414;3944415;3944416;3944420;3944438;3944440;3944441;3944443;3944445;3944446;3944447;3944448;3944449;3944453;3944457;3944458;3944460;3944461;3944462;3944463;3944464;3944466;3944467;3944468;3944469;3944473;3944474;3944481;3944482;3944484;3944485;3944486;3944487;3944489;3944490;3944505;3944506;3944518;3944521;3944522;3944523;3944541;3944542;3944543;3944545;3944546;3944547;3944548;3944549;3944551;3944552;3944578;3944580;3944582;3944584;3944586;3944609;3944611,115,
PN1052,register_extract_2026-06-15,1052,578527010,Emirates Living - Springs 14,روعة الإمارات ? الينابيع 14,اعمار العقارية (ش . م. ع),emaar,Al Thanayah Fourth,Springs - 1,FINISHED,,0,408,0,0,1861,90,3943982;3943988;3943990;3943997;3944002;3944009;3944013;3944022;3944025;3944031;3944038;3944042;3944049;3944053;3944059;3944066;3944069;3944073;3944079;3944083;3944087;3944095;3944101;3944103;3944108;3944113;3944120;3944126;3944131;3944138;3944144;3944151;3944156;3944159;3944164;3944170;3944176;3944179;3944185;3944192;3944198;3944205;3944210;3944215;3944217;3944222;3944226;3944231;3944233;3944235;3944237;3944239;3944241;3944243;3944245;3944247;3944249;3944253;3944257;3944262,99,
PN1500,register_extract_2026-06-15,1500,12312948,REEM - MIRA OASIS COMMUNITY PHASE 3,ريم - ميرا أويس,الاريام المرحلة الثانية ش.ذ.م.م,الاريام-المرحله-الثانيه,Al Yelayiss 1,,FINISHED,,0,483,0,0,1205,67,9211063;9211065;9211066;9211067;9211068;9211069;9211070;9211071;9211073;9211074;9211075;9211076;9211077;9211078;9211079;9211080;9211081;9211082;9211083;9211084;9211085;9211086;9211087;9211088;9211089;9211090;9211091;9211092;9211093;9211094;9211095;9211096;9211097;9211098;9211099;9211258;9211259;9211260;9211261;9211262;9211263;9211264;9211265;9211266;9211267;9211268;9211269;9211270;9211271;9211272;9211273;9211274;9211275;9211276;9211277;9211278;9211279;9211280;9211281;9211282,80,
PN1751,register_extract_2026-06-15,1751,29759156,FAIRWAY VISTAS,فير واي فيزتاس,دبي هيلز استيت ش.ذ.م.م,dubai-hills-estate,Hadaeq Sheikh Mohammed Bin Rashid,DUBAI HILLS - FAIRWAY VISTAS,FINISHED,,0,65,0,0,200,15,6316339;6316346;6316348;6316349;6316350;6316351;6316352;6316353;6316354;6316355;6316356;6316357;6316359;6316368;6316371;6316380;6316381;6316382;6316383;6316384;6316385;6316386;6316387;6316388;6316389;6316391;6316392;6316394;6316396;6316399;6316403;6316404;6316419;6316420;6316421;6316422;6316423;6316424;6316425;6316426;6316427;6316428;6316429;6316430;6316431;6316432;6316433;6316434;6316435;6316436;6316437;6316438;6316451;6316452;6316457;6316458;6316459;6316461;6316462;6316464,65,
PN2623,register_extract_2026-06-15,2623,86192559,Expo City Valley,إكسبو سيتي فالي,إكسبو سيتي للتطوير العقاري ش م ح,اكسبو-سيتي-للتطوير-العقاري,Madinat Al Mataar,Dubai World Central,ACTIVE,,0,528,0,0,530,17,5210788;5210789;5210790;5210791;5210792;5210793;5210794;5210795;5210796;5210797;5210799;5210800;5210801;5210802;5210803;5210804;5210805;5210806;5210807;5210808;5210809;5210811;5210815;5210816;5210817;5210818;5210819;5210820;5210821;5210822;5210826;5210827;5210828;5210829;5210831;5210832;5210833;5210834;5210835;5210836;5210842;5210843;5210844;5210845;5210846;5210847;5210849;5210850;5210851;5210852;5210858;5210859;5210860;5210861;5210862;5210863;5210864;5210865;5210866;5210867,142,
PN1787,register_extract_2026-06-15,1787,33363617,SAFI TOWNHOUSES,صافي تاون هاوس,نشمي ديفلوبمنت ش.ذ.م.م,nshama,Al Yelayiss 2,TOWN SQUARE,FINISHED,,0,314,0,0,897,61,9220145;9220146;9220147;9220148;9220149;9220150;9220151;9220152;9220153;9220154;9220155;9220156;9220157;9220158;9220159;9220160;9220161;9220162;9220163;9220164;9220165;9220166;9220167;9220168;9220169;9220170;9220171;9220172;9220173;9220174;9220175;9220176;9220177;9220178;9220179;9220180;9220181;9228914,38,
PN2311,register_extract_2026-06-15,2311,381471976,Arabian Ranches lll - Elie Saab,المرابع العربية ااا - ايلي صعب,إعمار للتطوير (مساهمة عامة),emaar,Wadi Al Safa 5,,FINISHED,,0,129,0,0,257,60,6484144;6484146;6484153;6484154;6484159;6484162;6484182;6484185;6484187;6484188;6484191;6484199;6484212;6484224;6484225;6484229;6484234;6484256;6484261;6484263;6484272;6484275;6484294;6484295;6484299;6484301;6484308;6484312;6484313;6484314;6484316;6484325;6484326;6484341;6484366;6484368;6484380;6484382;6484384;6484387;6484399;6484400;6484406;6484409;6484414;6484418;6484425;6484426;6484427;6484429;6484441;6484466;6484476;6484478;6484487;6484490;6484502;6484509;6484510;6484514,129,
PN1837,register_extract_2026-06-15,1837,43965954,Sobha Hartland Estates - Townhouses,شوبا هارتلاند  العقارية  -  تاون هاوس,شوبا ش.ذ.م.م,sobha,Al Merkadh,SOBHA HARTLAND,FINISHED,,0,27,0,0,48,4,3473851;3473853,2,
PN2918,register_extract_2026-06-15,2918,575762500,THE LAKESHORE VILLAS BY ELLINGTON,ذا لايكشور فيلاز من إلينغتون,مجموعة ميدان (ش.ذ.م.م),meydan,Wadi Al Safa 3,Mohammed Bin Rashid AL Maktoum District 11,NOT_STARTED,,0,38,0,0,41,2,6454941,1,
PN2084,register_extract_2026-06-15,2084,185524878,SAMA TOWNHOUSES,سما تاون هاوس,نشاما للعقارات لمالكها نشمي ديفلوبمنت شركة الشخص الواحد ش.ذ.م.م,nshama,Al Yelayiss 2,TOWN SQUARE,FINISHED,,0,264,0,0,622,45,9220477;9220478;9220479;9220480;9220481;9220482;9220483;9220484;9220485;9220486;9220487;9220488;9220489;9220490;9220491;9220492;9220493;9220494;9220495;9220496;9220497;9220498;9220499;9220500;9220501;9220502;9220503;9220504;9220505;9220506;9220507;9229264,32,
PN395,register_extract_2026-06-15,395,395,LIME TREE VALLEY,لاي متري فالي,شركة نخيل (ش.م.خ),nakheel,Me'Aisem First,Jumeirah Golf Estates,FINISHED,,0,1,0,0,468,22,6850510;6850511;6850512;6850513;6850514;6850515;6850516;6850517;6850518;6850520;6850523;6850524;6850525;6850526;6850527;6850528;6850529;6850530;6850532;6850533;6850534;6850535;6850537;6850538;6850539;6850540;6850541;6850543;6850544;6850545;6850546;6850547;6850548;6850549;6850550;6850552;6850553;6850554;6850555;6850556;6850559;6850562;6850563;6850564;6850565;6850566;6850567;6850568;6850569;6850570;6850571;6850572;6850573;6850574;6850575;6850576;6850577;6850578;6850581;6850582,117,
PN3633,register_extract_2026-06-15,3633,736204431,نبني سكاي رويال ريزيدينسيس,,الخليج التجاري (ش.ذ.م.م),الخليج-التجاري,Business Bay,Business Bay,NOT_STARTED,,1,0,0,0,2,1,3460514,1,
PN2285,register_extract_2026-06-15,2285,374736980,Jebel Ali Village,قرية جبل علي,شركة نخيل (ش.م.خ),nakheel,Jabal Ali First,Jabal Ali Village,ACTIVE,,0,278,0,0,487,110,59111009;59111010;59111011;59111012;59111013;59111014;59111015;59111016;59111017;59111018;59111019;59111020;59111021;59111022;59111023;59111024;59111025;59111026;59111027;59111028;59111029;59111030;59111031;59111032;59111033;59111034;59111035;59111036;59111037;59111038;59111039;59111040;59111041;59111042;59111043;59111044;59111045;59111046;59111047;59111048;59111049;59111050;59111051;59111052;59111053;59111054;59111055;59111056;59111057;59111058;59111059;59111060;59111061;59111062;59111063;59111064;59111065;59111066;59111067;59111068,278,
PN3697,register_extract_2026-06-15,3697,745898821,DAMAC ISLANDS - BALI 4,داماك ايلاندز - بالي 4,شركة داماك ايليت للاستثمار ذ.م.م,damac,Al Yelayiss 1,,NOT_STARTED,,0,208,0,0,231,37,92110005;92110006;92110011;9212694;9212753;9212790;9212819;9212846;9212873;9212900;9212901;9212952;9212971;9212998;9213022;9213023;9213092;9213115;9213138;9213190;9213209;9213236;9213265;9213314;9213379;9213408;9213432;9213435;9213459;9213510;9213561;9213577;9213597;9213621;9213622;9213648;9213649;9213669;9213689;9213693;9213694;9213738;9213799;9213800;9213825;9213915;9213947;9213977;9214002;9214003;9214031;9214076;9214124;9214148;9214173;9214227;9214275;9214276;9214386;9214412,232,
PN2423,register_extract_2026-06-15,2423,425468802,Address Hillcrest,العنوان هل كرست,دبي هيلز استيت ش.ذ.م.م,dubai-hills-estate,Hadaeq Sheikh Mohammed Bin Rashid,DUBAI HILLS,ACTIVE,,0,138,0,0,254,61,63110899;63110900;63110901;63110904;63110906;63110908;63110909;63110910;63110911;63110913;63110914;63110915;63110916;63110917;63110919;63110920;63110921;63110922;63110924;63110925;63110926;63110927;63110929;63110930;63110931;63110932;63110934;63110936;63110937;63110939;63110941;63110942;63110943;63110944;63110946;63110947;63110948;63110949;63110952;63110953;63110954;63110955;63110956;63110957;63110960;63110962;63110963;63110964;63110966;63110967;63110968;63110969;63110972;63110974;63110976;63110977;63110978;63110979;63110980;63110982,138,
PN1647,register_extract_2026-06-15,1647,21205417,DAMAC HILLS (2) - PACIFICA,داماك هيلز ( 2 ) - باسيفيكا,شركة الخط الامامي لادارة الاستثمار ش.ذ.م.م,الخط-الامامي-لاداره-الاستثمار,Madinat Hind 4,DAMAC HILLS 2,FINISHED,,0,640,0,0,1217,131,91410320;91410321;91410322;91410323;91410324;91410325;91410326;91410327;91410328;91410329;91410330;91410632;91410633;91411113;91411114;91411115;91411116;91411117;91411118;91411119;91411120;91411121;91411122;91411123;91411124;91411125;91411126;91411127;91411128;91411129;91411130;91411131;91411132;91411133;91411134;91411135;91411136;91411137;91411138;91411139;91411140;91411141;91411142;91411143;91411144;91411145;91411146;91411147;91411148;91411149;91411150;91411151;91411152;91411153;91411154;91411155;91411156;91411157;91411158;91411159,640,
PN2593,register_extract_2026-06-15,2593,484235620,Palm Jebel Ali - Frond N,N نخلة جبل علي - السعفة,شركة نخيل (ش.م.خ),nakheel,Palm Jabal Ali,Palm Jabal Ali,ACTIVE,,0,130,0,0,166,22,5010891;5010892;5010893;5010894;5010895;5010896;5010897;5010898;5010899;5010900;5010901;5010902;5010903;5010904;5010905;5010906;5010907;5010908;5010909;5010910;5010911;5010912;5010913;5010914;5010915;5010916;5010917;5010918;5010919;5010920;5010921;5010922;5010923;5010924;5010925;5010926;5010927;5010928;5010929;5010930;5010931;5010932;5010933;5010934;5010935;5010936;5010937;5010938;5010939;5010940;5010941;5010942;5010943;5010944;5010945;5010946;5010947;5010948;5010949;5010950,130,
PN3126,register_extract_2026-06-15,3126,620922347,The Acres 3 & Estates,ذا إيكرز3 آند إستيتس,دي اتش ار اي 2 بي تي اس ش.ذ.م.م,دي-اتش-ار-اي-2-بي-تي-اس,Wadi Al Safa 7,,ACTIVE,,0,291,0,0,313,35,6654446;6654449;6654456;6654464;6654465;6654466;6654470;6654474;6654477;6654480;6654482;6654483;6654485;6654487;6654514;6654515;6654516;6654525;6654526;6654530;6654538;6654545;6654551;6654556;6654557;6654559;6654562;6654565;6654569;6654584;6654585;6654597;6654598;6654605;6654614;6654615;6654622;6654632;6654635;6654641;6654649;6654650;6654654;6654657;6654659;6654674;6654677;6654681;6654682;6654687;6654695;6654696;6654721;6654725;6654731;6654734;6654740;6654742;6654746;6654749,291,
PN2488,register_extract_2026-06-15,2488,447572715,DAMAC LAGOONS - MONTE CARLO,داماك لاجونز- مونتي كارلو,واحة الجزيرة العقارية (ش.ذ.م.م),واحه-الجزيره-العقاريه,Al Hebiah Fifth,,ACTIVE,,0,0,0,0,643,75,6833771;6833804;6833832;6833854;6833882;6833883;6833884;6833911;6833912;6833913;6833941;6833944;6833968;6833997;6833998;6834029;6834050;6834082;6834083;6834088;6834089;6834113;6834121;6834149;6834179;6834184;6834214;6834215;6834217;6834248;6834304;6834310;6834311;6834339;6834372;6834373;6834375;6834400;6834457;6834458;6834486;6834487;6834488;6834508;6834516;6834519;6834538;6834544;6834549;6834574;6834637;6834668;6834726;6834753;6834784;6834785;6834820;6834852;6834853;6834881,344,
PN2597,register_extract_2026-06-15,2597,484273593,Palm Jebel Ali - Frond J,J نخلة جبل علي - السعفة,شركة نخيل (ش.م.خ),nakheel,Palm Jabal Ali,Palm Jabal Ali,NOT_STARTED,,0,67,0,0,0,0,5010176;5010177;5010178;5010179;5010180;5010181;5010182;5010183;5010184;5010185;5010186;5010187;5010188;5010189;5010191;5010193;5010194;5010195;5010196;5010197;5010198;5010199;5010200;5010201;5010202;5010203;5010204;5010205;5010206;5010207;5010208;5010209;5010210;5010211;5010212;5010213;5010214;5010215;5010216;5010217;5010218;5010219;5010220;5010221;5010222;5010223;5010232;5010233;5010234;5010235;5010236;5010237;5010238;5010239;5010240;5010241;5010242;5010243;5010244;5010245,89,
PN3395,register_extract_2026-06-15,3395,682324763,Palm Jebel Ali - Frond D,D نخلة جبل علي - السعفة,شركة نخيل (ش.م.خ),nakheel,Palm Jabal Ali,Palm Jabal Ali,NOT_STARTED,,0,116,0,0,120,4,5011739;5011749;5011759;5011768;5011773;5011786;5011798;5011802;5011805;5011809;5011814;5011818;5011823;5011828;5011840;5011849;5011850;5011851;5011852;5011853;5011854;5011855;5011856;5011857;5011859;5011860;5011861;5011862;5011863;5011865;5011866;5011868;5011869;5011870;5011872;5011873;5011874;5011876;5011877;5011878;5011880;5011882;5011883;5011885;5011887;5011888;5011890;5011892;5011894;5011896;5011897;5011900;5011902;5011904;5011905;5011907;5011908;5011910;5011911;5011913,116,
PN2963,register_extract_2026-06-15,2963,587375604,Fairway Villas 3,فيرواي فيلاز 3,إعمار دبي الجنوب دي دبليو سي ش.ذ.م.م,emaar,Madinat Al Mataar,Dubai World Central,ACTIVE,,0,72,0,0,78,5,5211915;5211916;5211917;5211918;5211919;5211920;5211921;5211922;5211923;5211924;5211925;5211926;5211927;5211928;5211929;5211930;5211931;5211932;5211933;5211934;5211935;5211936;5211937;5211938;5211939;5211940;5211941;5211942;5211943;5211944;5211945;5211946;5211947;5211948;5211949;5211950;5211951;5211952;5211953;5211954;5211955;5211956;5211957;5211958;5211959;5211960;5211961;5211962;5211963;5211964;5211965;5211966;5211967;5211968,54,
PN2405,register_extract_2026-06-15,2405,419654359,SHAMS TOWNHOUSES,شمس تاون هاوس,نشاما للعقارات لمالكها نشمي ديفلوبمنت شركة الشخص الواحد ش.ذ.م.م,nshama,Al Yelayiss 2,TOWN SQUARE,FINISHED,,0,212,0,0,492,34,92225572;92225573;92225574;92225575;92225576;92225577;92225579;92225581;92225582;92225583;92225584;92225586;92225587;92225588;92225589;92225591;92225593;92225594;92225595;92225596;92225597;92225598;92225599;92225600;92225602;92225604;92225606;9228990;9229276,29,
PN2171,register_extract_2026-06-15,2171,264004372,Cherrywoods,تشيري وودز,شمال العقارية ش.ذ.م.م,شمال-العقاريه,Al Yelayiss 1,,FINISHED,,0,378,0,0,855,77,9210115;9210116;9210117;9210118;9210119;9210120;9210121;9210122;9210123;9210124;9210125;9210126;9210127;9210128;9210129;9210130;9210131;9210132;9210133;9210134;9210135;9210136;9210137;9210138;9210139;9210140;9210141;9210142;9210143;9210144;9210145;9210146;9210147;9210148;9210149;9210150;9210151;9210152;9210153;9210154;9210155;9210156;9210157;9210158;9210179;9210180;9210181;9210182;9210183;9210184;9210185;9210186;9210187;9210188;9210189;9210190;9210191;9210192;9210193;9210194,103,
PN3085,register_extract_2026-06-15,3085,611478790,Nad Al Sheba Gardens Phase 6,6 ند الشبا جاردنزالمرحله,شمال العقارية ش.ذ.م.م,شمال-العقاريه,Nad Al Shiba First,Nad Al Sheba Gardens,NOT_STARTED,,0,100,0,0,106,7,6181361;6181365;6181414;6181421;6181437;6181460;6181463;6181499;6181500;6181575;6181586;6181597;6181630;6181635;6181645;6181731;6181732;6181742;6181753;6181787;6181884;6181895;6181918;6181928;6181956;6181994;6181995;6182065;6182076;6182123;6182124;6182128;6182144;6182168;6182238;6182240;6182258;6182288;6182289;6182294;6182316;6182394;6182419;6182429;6182453;6182461;6182462;6182467;6182494;6182576;6182585;6182595;6182625;6182631;6182645;6182653;6182670;6184827;6184856;6184912,62,
PN362,register_extract_2026-06-15,362,362,INDIGO VILLE6,انديجو فيلا 6,قرية جميرا (ش.ذ.م.م),قريه-جميرا,Al Barsha South Fourth,Jumeirah Village Circle,FINISHED,,0,12,0,0,38,0,6817250,1,
PN403,register_extract_2026-06-15,403,403,ORCHID PARK,أورشيد بارك,قرية جميرا (ش.ذ.م.م),قريه-جميرا,Al Barsha South Fourth,Jumeirah Village Circle,FINISHED,,0,21,0,0,37,0,6817364,1,
PN1611,register_extract_2026-06-15,1611,15172400,PARK VILLA'S 6,فيلا بارك 6,قرية جميرا (ش.ذ.م.م),قريه-جميرا,Al Barsha South Fourth,Jumeirah Village Circle,FINISHED,,0,13,0,0,25,1,6817243,1,
PN2362,register_extract_2026-06-15,2362,401151356,Prime Townhouses,بريم تاون هاوسس,الفرجان ( ش.ذ.م.م ),الفرجان,Jabal Ali First,Al Furjan,FINISHED,,0,8,0,0,31,0,5914296;5914297,2,
PN402,register_extract_2026-06-15,402,402,MULBERRY PARK,مولبيري بارك,قرية جميرا (ش.ذ.م.م),قريه-جميرا,Al Barsha South Fourth,Jumeirah Village Circle,FINISHED,,0,25,0,0,66,7,6817354,1,
PN3038,register_extract_2026-06-15,3038,604394326,AMALI ISLAND,جزيرة أمالي,شركة نخيل (ش.م.خ),nakheel,World Islands,The World,ACTIVE,,0,24,0,0,25,5,3035073,1,
PN2758,register_extract_2026-06-15,2758,534275956,MYKA SUITES,أجنحة ميكا,دى اتش ايه ام منطقه حره - ذ.م.م,دي-اتش-ايه-ام,Me'Aisem First,International Media Production Zone,NOT_STARTED,,1,0,0,0,2,0,6854420,1,
PN995,register_extract_2026-06-15,995,995,SUNSET GARDENS,سن ست جاردنز,قرية جميرا (ش.ذ.م.م),قريه-جميرا,Al Barsha South Fourth,Jumeirah Village Circle,FINISHED,,0,12,0,0,46,2,6816442,1,
PN1366,register_extract_2026-06-15,1366,9618977,"MOHAMMED BIN RASHID AL MAKTOUM CITY- DISTRICT ONE, PHASE 1",محمد بن راشد ال مكتوم سيتي- ديسترك ون، فيس ون,الحي الاول - منطقة حرة,الحي-الاول,Al Merkadh,,FINISHED,,0,303,0,0,1014,46,3471053;3471057;3471064;3471072;3474594;3474595;3474596;3474597;3474598;3474599;3474600;3474601;3474602;3474603;3474604;3474605;3474606;3474607;3474608;3474609;3474610;3474611;3474612;3474613;3474614;3474615;3474616;3474617;3474618;3474619;3474620;3474621;3474622;3474623;3474624;3474625;3474626;3474627;3474628;3474629;3474630;3474631;3474632;3474633;3474634;3474635;3474636;3474637;3474638;3474639;3474640;3474641;3474642;3474643;3474645;3474646;3474647;3474648;3474649;3474650,304,
PN1841,register_extract_2026-06-15,1841,44554710,Sidra 2,سدره 2,دبي هيلز استيت ش.ذ.م.م,dubai-hills-estate,Hadaeq Sheikh Mohammed Bin Rashid,DUBAI HILLS - SIDRA 2,FINISHED,,0,422,0,0,1277,95,6311422;6311423;6311428;6311431;6311439;6311456;6311463;6311470;6311472;6311476;6311486;6311488;6311499;6312002;6312006;6312012;6312024;6312030;6312032;6312043;6312044;6312047;6312116;6312130;6312142;6312148;6312329;6312337;6312342;6312343;6312350;6312354;6312364;6312763;6312775;6312786;6312788;6312801;6312812;6313261;6313273;6313298;6313309;6313312;6313316;6313319;6313326;6313332;6313333;6313340;6313359;6313374;6313379;6314033;6314042;6314046;6314055;6314056;6314060;6314072,422,
PN2266,register_extract_2026-06-15,2266,362215850,"Mohammed Bin Rashid Al Maktoum City District One, B Villas",مدينة محمد بن راشد آل مكتوم - الحي الأول ب فلل,مجموعة ميدان (ش.ذ.م.م),meydan,Al Merkadh,Mohammed Bin Rashid AL Maktoum City -District -1 Community,FINISHED,,0,161,0,0,368,52,3470444;3470445;3470446;3470447;3470448;3470449;3470450;3470452;3470453;3470454;3470455;3470456;3470457;3470458;3470461;3470462;3470463;3470464;3470465;3470466;3470467;3470468;3470469;3470470;3470471;3470472;3470480;3470481;3470482;3470483;3470484;3470485;3470486;3470487;3470488;3470489;3470490;3470491;3470492;3470493;3470494;3470495;3470496;3470497;3470498;3470500;3470501;3470502;3470503;3470504;3470505;3470506;3470507;3470508;3470509;3470512;3470513;3470514;3470515;3470516,161,
PN4000,register_extract_2026-06-15,4000,769914990,Emirates Hills,تلال الإمارات,اعمار العقارية (ش . م. ع),emaar,Al Thanayah Fourth,Emirates Hills,FINISHED,,2,624,0,0,2687,98,3940102;3940103;3940104;3940105;3940106;3940107;3940108;3940109;3940110;3940111;3940112;3940113;3940116;3940117;3940118;3940119;3940120;3940121;3940122;3940123;3940124;3940125;3940127;3940128;3940130;3940131;3940132;3940133;3940134;3940135;3940136;3940137;3940138;3940139;3940140;3940141;3940142;3940143;3940144;3940145;3940146;3940147;3940148;3940149;3940150;3940152;3940153;3940154;3940155;3940156;3940157;3940158;3940160;3940161;3940162;3940163;3940164;3940165;3940166;3940167,632,
PN1347,register_extract_2026-06-15,1347,8289991,DAMAC HILLS - BROOKFIELD-2,داماك هيلز - بروكفيلد -2,داماك كريسنت للعقارات (ش.ذ.م.م),damac,Al Hebiah Third,DAMAC HILLS,FINISHED,,0,75,0,0,329,11,6762779;6762784;6762785;6762786;6762787;6762788;6762789;6762790;6762791;6762799;6762813;6762817;6762824;6762825;6762826;6762827;6762828;6762829;6762833;6762834;6762950;6765716;6766904;6766906;6766907;6766908;6766909;6766910;6766911;6766912;6766914;6766915;6766917;6766919;6766921;6766922;6766923;6766924;6766927;6766928;6766929;6766932;6766933;6766934;6766935;6766936;6766937;6766938;6766939;6766940;6766941;6766942;6766943;6766944;6766945;6766946;6766947;6766949;6766951;6766952,76,
PN1330,register_extract_2026-06-15,1330,5941512,Arabian Ranches-Casa Community,المرابع العربية - مجتمع كازا,اعمار العقارية (ش . م. ع),emaar,Wadi Al Safa 7,Arabian Ranches II,FINISHED,,0,253,0,0,968,45,6653844;6653845;6653846;6653847;6653848;6653849;6653850;6653851;6653852;6653853;6653854;6653855;6653856;6653857;6653858;6653859;6653860;6653861;6653862;6653863;6653864;6653865;6653866;6653867;6653868;6653869;6653870;6653871;6653872;6653873;6653874;6653875;6653876;6653877;6653878;6653879;6653880;6653881;6653882;6653883;6653884;6653885;6653886;6653887;6653888;6653889;6653890;6653891;6653892;6653893;6653894;6653895;6653896;6653897;6653898;6653899;6653900;6653901;6653902;6653903,253,
PN2217,register_extract_2026-06-15,2217,324697181,Rukan 3,روكان 3,دبي لاند ريزيدنسز (ش.ذ.م.م),دبي-لاند-ريزيدنسز,Wadi Al Safa 7,Rukan,ACTIVE,,0,1089,0,0,2313,358,6653578;6653630;6653660;6653663;6653664;6653665;6653668;6653669;6653670;6653672;6653673;6653674;6653677;6653678;6653682;6653836;6654247;6654250;6654253;6654255;6654257;6654259;6654264;6654265;6654268;6654271;6654276;6654277;6654283;6654289;6654293;6654294;6654297;6654300;6654301;6654303;6654306;6659893;6659894;6659895;6659897;6659898;6659927;6659928;6659930;6659931;6659933;6659935;6659939,49,
PN2221,register_extract_2026-06-15,2221,332316159,Harmony,هارموني,ماجد الفطيم لتشغيل مشاريع المدن المتكاملة الاماراتية ش.ذ.م.م,ماجد-الفطيم-لتشغيل-مشاريع-المدن-المتكامله-الاماراتيه,Al Hebiah Fourth,TILAL AL GHAF,FINISHED,,0,755,0,0,1634,251,6821577;6821578;6821579;6821580;6821581;6821582;6821583;6821584;6821585;6821586;6821587;6821588;6821589;6821590;6821591;6821592;6821593;6821594;6821595;6821596;6821597;6821598;6821599;6821600;6821601;6821602;6821603;6821604;6821605;6821606;6821607;6821608;6821609;6821610;6821611;6821612;6821613;6821614;6821615;6821616;6821617;6821618;6821619;6821620;6821621;6821622;6821623;6821624;6821625;6821626;6821627;6821628;6821629;6821630;6821631;6821632;6821633;6821634;6821635;6821636,755,
PN1823,register_extract_2026-06-15,1823,37608708,NOOR TOWNHOUSES,نور تاون هاوس,نشمي ديفلوبمنت ش.ذ.م.م,nshama,Al Yelayiss 2,TOWN SQUARE,FINISHED,,0,764,0,0,1924,123,9220361;9220368;9220369;9220370;9220371;9220372;9220373;9220374;9220375;9220376;9220377;9220378;9220379;9220380;9220381;9220382;9220383;9220384;9220385;9220386;9220387;9220388;9220389;9220390;9220391;9220392;9220393;9220394;9220395;9220396;9220397;9220398;9220399;9220400;9220401;9220402;9220403;9220404;9220405;9220406;9220407;9220408;9220409;9220410;9220411;9220412;9220413;9220414;9220415;9220416;9220417;9220418;9220419;9220420;9220421;92225607;92225608;92225610;92225613;92225614,95,
PN2490,register_extract_2026-06-15,2490,447598953,MAHA TOWNHOUSES,مها تاون هاوس,نشاما للعقارات لمالكها نشمي ديفلوبمنت شركة الشخص الواحد ش.ذ.م.م,nshama,Al Yelayiss 2,TOWN SQUARE,FINISHED,,0,500,0,0,1127,265,92225671;92225673;92225675;92225677;92225678;92225679;92225680;92225681;92225684;92225685;92225686;92225687;92225688;92225689;92225690;92225691;92225695;92225696;92225697;92225698;92225699;92225700;92225701;92225704;92225705;92225707;92225708;92225709;92225710;92225711;92225712;92225713;92225715;92225718;92225719;92225720;92225721;92225722;92225723;92225725;92225726;92225729;92225730;92225731;92225732;92225734;92225736;92225737;92225738;92225740;92225741;92225742;92225743;92225744;92225745;92225747;92225748;92225751;92225752;92225753,62,
PN3463,register_extract_2026-06-15,3463,698681561,Garden Arena,جاردن أرينا,ليوان(ش.ذ.م.م.),ليوان,Arjan,Arjan,ACTIVE,,1,0,0,0,5,0,6731203,1,
PN2967,register_extract_2026-06-15,2967,588559222,Wadi Villas by Arista,وادي فيلاس من اريستا,مجموعة ميدان (ش.ذ.م.م),meydan,Wadi Al Safa 3,Mohammed Bin Rashid AL Maktoum District 11,ACTIVE,,0,30,0,0,24,5,6454968,1,
PN2479,register_extract_2026-06-15,2479,446173437,The Valley - Farm Gardens,ذا فالي - فارم جاردنز,إعمار للتطوير (مساهمة عامة),emaar,Al Yufrah 1,,ACTIVE,,0,146,0,0,224,33,9150414;9150415;9150416;9150418;9150419;9150420;9150421;9150422;9150423;9150425;9150426;9150427;9150429;9150431;9150432;9150433;9150434;9150435;9150437;9150438;9150441;9150444;9150445;9150446;9150447;9150448;9150449;9150452;9150453;9150454;9150455;9150456;9150457;9150458;9150460;9150461;9150462;9150463;9150464;9150465;9150469;9150470;9150471;9150472;9150474;9150475;9150477;9150478;9150479;9150481;9150482;9150483;9150484;9150485;9150489;9150490;9150491;9150492;9150493;9150494,146,
PN1640,register_extract_2026-06-15,1640,19623599,DAMAC HILLS (2)  - SANCTNARY,داماك هيلز (2) - سانكتنري,شركة الخط الامامي لادارة الاستثمار ش.ذ.م.م,الخط-الامامي-لاداره-الاستثمار,Madinat Hind 4,DAMAC HILLS 2,FINISHED,,0,388,0,0,819,81,91410331;91410332;91410333;91410334;91410335;91410336;91410337;91410338;91410339;91410340;91410341;91410342;91410343;91410344;91410345;91410346;91410347;91410348;91410351;91410352;91410353;91410354;91410355;91410356;91410357;91410358;91410359;91410360;91410361;91410362;91410363;91410364;91410365;91410366;91410367;91410368;91410369;91410370;91410371;91410372;91411182;91411183;91411184;91411185;91411186;91411196;91411581;91411582;91411583;91411584;91411585;91411586;91411587;91411588;91411598;91411854;91411855;91411856;91411857;91411858,388,
PN3002,register_extract_2026-06-15,3002,596120082,DAMAC HILLS (2) - PARK GREENS 2,داماك هيلز (2) - بارك جرينز 2,شركة الخط الامامي لادارة الاستثمار ش.ذ.م.م,الخط-الامامي-لاداره-الاستثمار,Madinat Hind 4,DAMAC HILLS 2,ACTIVE,,0,274,0,0,286,12,91410463;91411343;91411548;91411553;91411731;91411753;91411789;91412415;91413152;91414264;91414443;91414619;91414646;91414650;91414692;91415986;91415988;91416013;91416230;91416253;91417268;91417503;91417730;91418084;91418806;91418814;91418995;91418997;91419194;91420229;91420235;91420236;91420644;91420645;91420652;9143951;9143969;9143983;9143984;9143985;9143991;9143995;9143996;9143997;9144000;9144004;9144022;9144039;9144057;9144073;9144084;9144085;9144095;9144096;9144113;9144146;9144147;9144155;9144177;9144192,274,
PN1794,register_extract_2026-06-15,1794,33496152,DAMAC HILLS (2) - ALBIZIA,داماك هيلز ( 2 ) - ألبيزيا,شركة الخط الامامي لادارة الاستثمار ش.ذ.م.م,الخط-الامامي-لاداره-الاستثمار,Madinat Hind 4,DAMAC HILLS 2,FINISHED,,0,604,0,0,1039,82,91410319;91411259;91411260;91411261;91411262;91411263;91411264;91411265;91411266;91411267;91411268;91411269;91411270;91411271;91411272;91411273;91411274;91411275;91411276;91411277;91411278;91411279;91411280;91411281;91411282;91411283;91411284;91411285;91411286;91411287;91411288;91411289;91411290;91411291;91411292;91411293;91411294;91411295;91411296;91411297;91411298;91411299;91411300;91411301;91411302;91411303;91411304;91411305;91411306;91411307;91411308;91411309;91411310;91411311;91411312;91411313;91411314;91411315;91411316;91411317,604,
PN2356,register_extract_2026-06-15,2356,397835813,DAMAC LAGOONS - PORTOFINO,داماك لاجونر - بورتوفينو,واحة الجزيرة العقارية (ش.ذ.م.م),واحه-الجزيره-العقاريه,Al Hebiah Fifth,DAMAC Lagoons,ACTIVE,,0,867,0,0,1520,288,68311582;68311583;68311586;68311587;68311592;68311595;6832418;6832420;6832421;6832422;6832423;6832424;6832425;6832426;6832427;6832428;6832429;6832430;6832431;6832432;6832433;6832434;6832435;6832436;6832437;6832438;6832439;6832440;6832441;6832442;6832443;6832444;6832445;6832446;6832447;6832448;6832450;6832451;6832540;6832541;6832542;6832543;6832544;6832545;6832546;6832547;6832548;6832549;6832550;6832551;6832552;6832553;6832555;6832556;6832557;6832558;6832560;6832561;6832562;6832563,879,
PN2609,register_extract_2026-06-15,2609,490085090,Arabian Ranches lll - Anya 2,المرابع العربية 3 - انيا 2,إعمار للتطوير (مساهمة عامة),emaar,Wadi Al Safa 5,,ACTIVE,,0,362,0,0,454,37,6484122;6484125;6484163;6484178;6484190;6484213;6484214;6484215;6484273;6484283;6484286;6484287;6484296;6484302;6484327;6484328;6484352;6484358;6484377;6484386;6484393;6484403;6484407;6484411;6484413;6484444;6484457;6484493;6484499;6484507;6484512;6484535;6484562;6484567;6484593;6484613;6484648;6484655;6484664;6484675;6484680;6484716;6484727;6484729;6484739;6484753;6484760;6484767;6484772;6484791;6484821;6484828;6484848;6484867;6484868;6484887;6484890;6484898;6484901;6484915,64,
PN3698,register_extract_2026-06-15,3698,746044776,DAMAC ISLANDS - SEYCHELLES 1,1 داماك ايلاندز - سيشيل,شركة داماك ايليت للاستثمار ذ.م.م,damac,Al Yelayiss 1,,NOT_STARTED,,0,204,0,0,205,32,92110010;92110016;92110020;92110022;92110031;9212696;9212724;9212726;9212747;9212816;9212849;9212894;9212949;9213048;9213143;9213170;9213230;9213237;9213262;9213284;9213356;9213388;9213403;9213492;9213617;9213641;9213663;9213674;9213774;9213801;9213830;9213904;9213922;9213957;9213996;9214098;9214144;9214155;9214174;9214196;9214248;9214249;9214269;9214300;9214333;9214356;9214457;9214464;9214540;9214541;9214621;9214629;9214630;9214723;9214751;9214774;9214806;9214846;9214984;9214991,204,
PN3505,register_extract_2026-06-15,3505,708544470,DAMAC ISLANDS - FIJI 1,داماك ايلاندز - فيجي 1,شركة داماك ايليت للاستثمار ذ.م.م,damac,Al Yelayiss 1,,NOT_STARTED,,0,398,0,0,382,20,92110008;92110015;9212699;9212737;9212762;9212795;9212796;9212825;9212829;9212852;9212878;9212879;9212910;9212911;9212933;9212935;9212968;9212983;9212984;9213004;9213027;9213029;9213030;9213052;9213078;9213079;9213100;9213101;9213120;9213125;9213145;9213146;9213147;9213152;9213171;9213174;9213200;9213242;9213252;9213272;9213347;9213365;9213366;9213389;9213392;9213441;9213467;9213468;9213472;9213493;9213496;9213523;9213544;9213547;9213568;9213603;9213606;9213607;9213627;9213628,398,
PN2846,register_extract_2026-06-15,2846,556786773,Park Gate,بارك جيت,دبي هيلز استيت ش.ذ.م.م,dubai-hills-estate,Hadaeq Sheikh Mohammed Bin Rashid,DUBAI HILLS,ACTIVE,,0,87,0,0,122,13,63111313;63111315;63111316;63111317;63111318;63111320;63111321;63111322;63111323;63111324;63111325;63111326;63111327;63111328;63111329;63111330;63111332;63111333;63111334;63111335;63111336;63111337;63111338;63111339;63111340;63111341;63111342;63111343;63111344;63111345;63111346;63111347;63111348;63111349;63111350;63111351;63111352;63111353;63111355;63111356;63111357;63111358;63111359;63111360;63111361;63111362;63111363;63111364;63111366;63111367;63111368;63111369;63111370;63111371;63111372;63111373;63111374;63111375;63111376;63111378,87,
PN1866,register_extract_2026-06-15,1866,51159261,DAMAC HILLS (2) - AVENCIA-2,داماك هيلز ( 2 ) - أفينسيا -2,شركة الخط الامامي لادارة الاستثمار ش.ذ.م.م,الخط-الامامي-لاداره-الاستثمار,Madinat Hind 4,DAMAC HILLS 2,FINISHED,,0,406,0,0,602,62,91410643;91410644;91410645;91410646;91410647;91410648;91410649;91410650;91410651;91410652;91410653;91410654;91410655;91410656;91410657;91410658;91410659;91410660;91410661;91410662;91410663;91410664;91410665;91410666;91410667;91410668;91410669;91410670;91410674;91410675;91410826;91410827;91410828;91410829;91410830;91410831;91410832;91410833;91410835;91410836;91410837;91410838;91410839;91410840;91410841;91410842;91410843;91410844;91410845;91410846;91410847;91410848;91410849;91412116;91412117;91412118;91412119;91412120;91412121;91412122,406,
PN4091,register_extract_2026-06-15,4091,815132722,Palm Jebel Ali - The Beach and Coral Collection,نخلة جبل علي - ذا بيتش آند كورال كوليكشن,شركة نخيل (ش.م.خ),nakheel,Palm Jabal Ali,Palm Jabal Ali,PENDING,,0,44,0,0,44,44,5011428;5011431;5011433;5011435;5011436;5011437;5011438;5011439;5011440;5011441;5011442;5011443;5011444;5011445;5011447;5011449;5011450;5011451;5011452;5011453;5011454;5011455;5011456;5011457;5011458;5011459;5011464;5011468;5011476;5011484;5012795;5012796;5012797;5012798;5012799;5012800;5012801;5012802;5012803;5012804;5012805;5012806;5012807;5012808,44,
PN3406,register_extract_2026-06-15,3406,684229786,The Valley - Elea,ذا فالي - اليا,إعمار للتطوير (مساهمة عامة),emaar,Al Yufrah 1,,ACTIVE,,0,128,0,0,128,1,9153466;9153530;9153531;9153532;9153533;9153534;9153535;9153536;9153537;9153538;9153539;9153540;9153541;9153542;9153543;9153544;9153545;9153546;9153547;9153548;9153549;9153550;9153551;9153552;9153553;9153554;9153555;9153556;9153557;9153558;9153559;9153560,32,
PN2489,register_extract_2026-06-15,2489,447576608,DAMAC LAGOONS - MARBELLA,داماك لاجونز- ماربيلا,واحة الجزيرة العقارية (ش.ذ.م.م),واحه-الجزيره-العقاريه,Al Hebiah Fifth,,ACTIVE,,0,0,0,0,858,70,6833790;6833816;6833833;6833840;6833865;6833894;6833895;6833896;6833920;6833921;6833937;6833949;6833977;6833983;6834008;6834010;6834037;6834038;6834051;6834070;6834071;6834085;6834100;6834104;6834106;6834129;6834130;6834136;6834158;6834165;6834166;6834192;6834193;6834206;6834209;6834224;6834228;6834230;6834265;6834290;6834291;6834292;6834305;6834320;6834321;6834326;6834333;6834351;6834352;6834383;6834384;6834390;6834404;6834421;6834439;6834444;6834445;6834452;6834469;6834478,492,
PN617,register_extract_2026-06-15,617,617,OLIVE POINT,أوليف بوينت,عقارات جميرا جولف ش.ذ.م.م,عقارات-جميرا-جولف,Me'Aisem First,Jumeirah Golf Estates,FINISHED,,0,5,0,0,145,13,6856387;6856388;6856389;6856390;6856391;6856392;6856393;6856395;6856396;6856397;6856398;6856399;6856400;6856401;6856402;6856403;6856404;6856405;6856407;6856408;6856409;6856410;6856412;6856413;6856414;6856415;6856416;6856417;6856419;6856420;6856421;6856422;6856423;6856424;6856425;6856426;6856427;6856428;6856429;6856430;6856467;6856475;6856488,43,
PN1623,register_extract_2026-06-15,1623,15665625,DAMAC HILLS (2) - TRIXIS,داماك هيلز ( 2 ) - تريكسيس,شركة الخط الامامي لادارة الاستثمار ش.ذ.م.م,الخط-الامامي-لاداره-الاستثمار,Madinat Hind 4,DAMAC HILLS 2,FINISHED,,0,134,0,0,250,35,91410467;91410468;91410469;91411418;91411419;91411420;91411421;91411422;91411423;91411424;91411425;91411426;91411427;91411428;91411429;91411430;91411431;91412859;91412860;91412861;91412862;91412863;91412864;91412865;91412866;91412867;91412886;91412889;91412900;91414315;91414316;91414317;91414318;91414319;91414320;91414321;91414322;91414323;91414324;91414325;91414326;91414327;91414332;91414336;91414338;91414341;91414345;91414346;91414362;91415884;91415885;91415886;91415887;91415888;91415889;91415890;91415891;91415892;91415893;91415894,134,
PN3157,register_extract_2026-06-15,3157,627851896,The Valley - Venera,ذا فالي - فينيرا,إعمار للتطوير (مساهمة عامة),emaar,Al Yufrah 1,,ACTIVE,,0,696,0,0,746,48,9151937;9151938;9151942;9151943;9151945;9151948;9151953;9151961;9151964;9151974;9151987;9151999;9152008;9152028;9152035;9152060;9152065;9152072;9152086;9152093;9152094;9152096;9152101;9152112;9152128;9152133;9152145;9152151;9152156;9152161;9152165;9152176;9152186;9152201;9152206;9152212;9152261;9152262;9152277;9152278;9152281;9152294;9152298;9152306;9152314;9152333;9152340;9152353;9152355;9152368;9152376;9152377;9152380;9152381;9152387;9152400;9152414;9152449;9152462;9152482,174,
PN2293,register_extract_2026-06-15,2293,376571580,DAMAC HILLS (2) - VICTORIA 2,داماك هيلز (2) - فيكتوريا 2,دبي لاند ريزيدنسز (ش.ذ.م.م),دبي-لاند-ريزيدنسز,Madinat Hind 4,DAMAC HILLS 2,FINISHED,,0,96,0,0,237,41,91410101;91410102;91410103;91410104;91410105;91410106;91410107;91410108;91410109;91410110;91410111;91410264;91410265;91410266;91410267;91410268;91410570;91410571;91411641;91411642;91411802;91411803;91411804;91411805;91411806;91411807;91411808;91413064;91413065;91413218;91413219;91413514;91414535;91414536;91414537;91414538;91414539;91414540;91414541;91414542;91414693;91414694;91414695;91414696;91414972;91414973;91416093;91416094;91416095;91416096;91416097;91416098;91416099;91416257;91416258;91416260;91416261;91416262;91416263;91416563,96,
PN3606,register_extract_2026-06-15,3606,732360964,The Wilds 2,ذا وايلدز 2,دبي لاند (ش.ذ.م.م),دبي-لاند,Wadi Al Safa 3,Living Legends,NOT_STARTED,,0,266,0,0,254,30,6456621;6456625;6456628;6456631;6456647;6456654;6456656;6456660;6456666;6456667;6456682;6456683;6456691;6456693;6456704;6456710;6456711;6456713;6456714;6456718;6456724;6456733;6456734;6456736;6456740;6456748;6456749;6456752;6456845;6456853;6456854;6456865;6456866;6456869;6456870;6456872;6456874;6456878;6456888;6456889;6456892;6456898;6456904;6456916;6456921;6456925;6456929;6456940;6456941;6456946;6456952;6456955;6456959;6456964;6456965;6456969;6456971;6456981;6456982;6456984,266,
PN2704,register_extract_2026-06-15,2704,514038504,The Valley - Rivana,ذا فالي - ريفانا,إعمار للتطوير (مساهمة عامة),emaar,Al Yufrah 1,,ACTIVE,,0,486,0,0,671,64,9150690;9150691;9150697;9150700;9150704;9150705;9150707;9150710;9150713;9150716;9150722;9150726;9150733;9150734;9150737;9150740;9150741;9150744;9150745;9150751;9150752;9150753;9150767;9150768;9150772;9150778;9150780;9150789;9150792;9150793;9150797;9150801;9150807;9150813;9150816;9150817;9150820;9150825;9150829;9150830;9150836;9150838;9150840;9150844;9150845;9150847;9150850;9150859;9150863;9150871;9150882;9150884;9150886;9150888;9150896;9150897;9150898;9150900;9150901;9150904,243,
PN4128,register_extract_2026-06-15,4128,820401834,Palm Jebel Ali - The Beach and Coral Collection - Frond F,F نخلة جبل علي - ذا بيتش آند كورال كوليكشن - السعفة,شركة نخيل (ش.م.خ),nakheel,Palm Jabal Ali,Palm Jabal Ali,PENDING,,0,44,0,0,0,0,5012301;5012309;5012317;5012318;5012321;5012322;5012323;5012327;5012328;5012329;5012332;5012333;5012334;5012336;5012338;5012340;5012343;5012345;5012346;5012348;5012349;5012351;5012353;5012354;5012356;5012357;5012359;5012361;5012363;5012365;5012371;5012374;5012377;5012381;5012733;5012734;5012735;5012736;5012737;5012738;5012739;5012740;5012751;5012752,44,
PN2498,register_extract_2026-06-15,2498,450805787,LANAI Island,لاناي آيلاند,ماجد الفطيم لتشغيل مشاريع المدن المتكاملة الاماراتية ش.ذ.م.م,ماجد-الفطيم-لتشغيل-مشاريع-المدن-المتكامله-الاماراتيه,Al Hebiah Fourth,TILAL AL GHAF,ACTIVE,,0,13,0,0,48,6,6824142;6824143;6824168;6824171;6824189;6824445;6824451;6824454;6824464;6824470;6824485;6824486;6824490;6824511;6824512;6824515;6824534;6824539;6824550;6824569;6824576;6824580;6824593;6824600;6825214;6825215,26,
PN3684,register_extract_2026-06-15,3684,743836294,REGAL CREST,ريجال كريست,مؤسسه مدينه دبى للطيران,موسسه-مدينه-دبي-للطيران,Madinat Al Mataar,Dubai South Residential District,NOT_STARTED,,1,0,0,0,1,0,5213615,1,
PN2462,register_extract_2026-06-15,2462,441158101,LA PERLA HOMES 10,لا بيرلا هومز 10,قرية جميرا (ش.ذ.م.م),قريه-جميرا,Al Barsha South Fourth,Jumeirah Village Circle,FINISHED,,0,13,0,0,28,2,6816269,1,
PN1562,register_extract_2026-06-15,1562,14169577,MARWA HOMES,مروى هومز,قرية جميرا (ش.ذ.م.م),قريه-جميرا,Al Barsha South Fourth,Jumeirah Village Circle,FINISHED,,0,14,0,0,42,2,6816719,1,
PN1431,register_extract_2026-06-15,1431,1431,DIAMOND VIEWS 4 - VILLAS A,إطلالات على الماس 4 - الفيلات أ,قرية جميرا (ش.ذ.م.م),قريه-جميرا,Al Barsha South Fourth,Jumeirah Village Circle,FINISHED,,0,13,0,0,46,2,6816384,1,
PN167,register_extract_2026-06-15,167,167,WESTAR REFLECTION,ويستر ريفلكشن,قرية جميرا (ش.ذ.م.م),قريه-جميرا,Al Barsha South Fourth,Jumeirah Village Circle,FINISHED,,0,14,0,0,82,3,6817088,1,
PN1601,register_extract_2026-06-15,1601,15063463,GRAND VIEWS,جاردن فيوز,مؤسسة مدينة ميدان,meydan,Nad Al Shiba First,Meydan Racecourse Community,FINISHED,,0,475,0,0,1282,99,6186389;6187292;6187293;6187294;6187295;6187296;6187297;6187298;6187299;6187300;6187301;6187302;6187303;6187304;6187305;6187306;6187307;6187308;6187309;6187310;6187311;6187312;6187313;6187314;6187315;6187316;6187317;6187318;6187319;6187320;6187321;6187322;6187323;6187324;6187325;6187326;6187327;6187328;6187329;6187330;6187331;6187332;6187333;6187334;6187335;6187336;6187337;6187338;6187339;6187340;6187341;6187342;6187343;6187344;6187345;6187346;6187347;6187348;6187349;6187350,230,
PN1931,register_extract_2026-06-15,1931,103155888,Sidra 3,3 سدره,دبي هيلز استيت ش.ذ.م.م,dubai-hills-estate,Hadaeq Sheikh Mohammed Bin Rashid,DUBAI HILLS - SIDRA 3,FINISHED,,0,338,0,0,899,58,6310180;6310215;6310284;6310291;6310326;6310338;6310374;6310386;6310387;6310408;6311137;6311139;6311179;6311212;6311247;6311291;6311296;6311299;6311301;6311306;6311312;6311318;6311337;6311340;6311362;6311379;6311381;6311396;6311410;6311413;6311419;6311433;6311451;6311465;6311484;6312004;6312016;6312033;6312046;6312052;6312115;6312123;6312131;6312136;6312137;6312143;6312146;6312157;6312162;6312328;6312332;6312761;6312809;6313258;6313263;6313264;6313285;6313303;6313304;6313328,339,
PN1392,register_extract_2026-06-15,1392,10728287,ARABIAN RANCHES- ROSA COMMUNITY,المرابع العربية - روزا,اعمار العقارية (ش . م. ع),emaar,Wadi Al Safa 7,Arabian Ranches II - ROSA,FINISHED,,0,144,0,0,463,10,6651343;6651344;6651345;6651346;6651347;6651348;6651349;6651350;6651351;6651352;6651353;6651354;6651355;6651356;6651357;6651358;6651359;6651360;6651361;6651362;6651363;6651364;6651365;6651366;6651367;6651368;6651369;6651370;6651371;6651372;6651373;6651374;6651375;6651376;6651377;6651378;6651379;6651380;6651381;6651382;6651383;6651384;6651385;6651386;6651387;6651388;6651389;6651390;6651391;6651392;6651393;6651394;6651395;6651396;6651397;6651398;6651399;6651400;6651401;6651402,144,
PN1824,register_extract_2026-06-15,1824,37940924,REEM-MIRA COMMUNITY PH 3,مجمع ريم ميرا بي أتش 3,الاريام المرحلة الاولى ش.ذ.م.م,الاريام-المرحله-الاولي,Al Yelayiss 1,,FINISHED,,0,402,0,0,1498,94,9210101;9211539;9211540;9211541;9211542;9211543;9211544;9211545;9211546;9211547;9211548;9211549;9211550;9211551;9211552;9211553;9211554;9211555;9211556;9211557;9211558;9211559;9211560;9211561;9211562;9211563;9211564;9211565;9211566;9211567;9211568;9211569;9211570;9211571;9211572;9211573;9211574;9211575;9211576;9211577;9211578;9211579;9211580;9211581;9211582;9211583;9211584;9211585;9211586;9211587;9211588;9211589;9211590;9211591;9211592;9211593;9211594;9211595;9211596;9211597,110,
PN1992,register_extract_2026-06-15,1992,148265546,Club Villas at Dubai Hills,كلوب فيلاز في دبي هيلز,دبي هيلز استيت ش.ذ.م.م,dubai-hills-estate,Hadaeq Sheikh Mohammed Bin Rashid,DUBAI HILLS - CLUB VILLAS,FINISHED,,0,150,0,0,385,16,6310193;6310247;6310350;6311104;6311126;6311142;6311156;6311176;6311216;6311294;6311295;6311319;6311333;6311347;6311360;6311390;6311443;6311481;6312036;6312334;6312784;6313289;6313345;6313383;6314063;6314090;6314104;6314156;6314219;6314269;6314312;6316808;6316856;6316875;6316903;6316908;6316929;6316940;6317063;6317120;6317143;6317203;6317233;6317238;6317356;6317359;6317381;6317527;6317580;6317667;6317734;6317764;6317772;6317776;6317850;6317886;6317950;6317970;6318006;6318023,78,
PN1825,register_extract_2026-06-15,1825,37944052,REEM-MIRA COMMUNITY PH 4,مجمع ريم ميرا بي أتش 4,الاريام المرحلة الاولى ش.ذ.م.م,الاريام-المرحله-الاولي,Al Yelayiss 1,,FINISHED,,0,516,0,0,1885,73,9211665;9211666;9211667;9211668;9211669;9211670;9211671;9211672;9211673;9211674;9211675;9211676;9211677;9211678;9211679;9211680;9211681;9211682;9211683;9211684;9211685;9211686;9211687;9211688;9211689;9211690;9211691;9211692;9211693;9211694;9211695;9211696;9211697;9211698;9211699;9211700;9211701;9211702;9211703;9211704;9211705;9211706;9211707;9211708;9211709;9211710;9211711;9211712;9211713;9211714;9211715;9211716;9211717;9211718;9211719;9211720;9211721;9211722;9211723;9211724,146,
PN2974,register_extract_2026-06-15,2974,589384605,Lua Residences,مساكن لوا,مجموعة ميدان (ش.ذ.م.م),meydan,Wadi Al Safa 3,Mohammed Bin Rashid AL Maktoum District 11,ACTIVE,,0,37,0,0,41,1,6454926,1,
PN2373,register_extract_2026-06-15,2373,404905801,Greenview 3,جرين فيو 3,إعمار دبي الجنوب دي دبليو سي ش.ذ.م.م,emaar,Madinat Al Mataar,Dubai World Central,FINISHED,,0,241,0,0,452,80,5211625;5211626;5211627;5211628;5211629;5211630;5211631;5211632;5211633;5211634;5211635;5211636;5211637;5211638;5211639;5211640;5211641;5211642;5211643;5211644;5211645;5211646;5211647;5211648;5211649;5211650;5211651;5211652;5211653;5211654;5211655;5211656;5211657;5211658;5211659;5211660;5211661;5211662,38,
PN1550,register_extract_2026-06-15,1550,13778906,DAMAC HILLS (2) - JUNIPER,داماك هيلز (2) - جونيبر,شركة الخط الامامي لادارة الاستثمار ش.ذ.م.م,الخط-الامامي-لاداره-الاستثمار,Madinat Hind 4,DAMAC HILLS 2,FINISHED,,0,313,0,0,606,74,9120912;91410713;91410722;91410723;91410724;91410725;91410729;91410730;91410741;91410744;91410749;91410773;91411371;91411373;91411374;91411468;91411469;91411470;91411471;91411472;91411474;91411475;91411476;91411479;91411485;91411488;91411489;91411490;91411491;91411492;91411493;91411494;91411495;91411496;91411497;91411504;91411505;91411513;91411515;91411519;91412176;91412181;91412202;91412209;91412211;91412232;91412239;91412240;91412241;91412242;91412243;91412244;91412246;91412247;91412820;91412822;91412823;91412916;91412918;91412919,314,
PN1943,register_extract_2026-06-15,1943,136336451,DAMAC HILLS (2) - AQUILEGIA,داماك هيلز ( 2 ) - أكواليجيا,شركة الخط الامامي لادارة الاستثمار ش.ذ.م.م,الخط-الامامي-لاداره-الاستثمار,Madinat Hind 4,DAMAC HILLS 2,FINISHED,,0,424,0,0,652,67,91410470;91410471;91410472;91410473;91410474;91410475;91410476;91410477;91410478;91410479;91410480;91410481;91410482;91410483;91410484;91410485;91410486;91410487;91410488;91410489;91410490;91410491;91410492;91410493;91410494;91410495;91410496;91410497;91410498;91410499;91410506;91410507;91410508;91410509;91410510;91410511;91410512;91410513;91410514;91410515;91410516;91410517;91410518;91410519;91410583;91410584;91410585;91410586;91410587;91410588;91410589;91410590;91410591;91410592;91410593;91410594;91410595;91410596;91411981;91411982,424,
PN1624,register_extract_2026-06-15,1624,15665986,DAMAC HILLS (2) - CENTAURY,داماك هيلز ( 2 ) - سنتوري,شركة الخط الامامي لادارة الاستثمار ش.ذ.م.م,الخط-الامامي-لاداره-الاستثمار,Madinat Hind 4,DAMAC HILLS 2,FINISHED,,0,413,0,0,700,96,91410157;91410158;91410159;91410163;91410164;91410165;91410166;91410167;91410168;91410169;91410170;91410171;91410172;91410173;91410174;91410175;91410176;91410177;91410178;91410179;91410180;91410181;91410182;91410183;91410184;91410185;91410186;91410188;91410189;91410190;91410191;91410192;91410193;91410195;91410196;91410197;91410198;91410199;91410200;91410201;91410202;91410203;91410204;91410397;91410399;91410402;91410404;91410405;91410406;91410408;91410409;91410410;91410411;91410415;91411675;91411679;91411680;91411681;91411682;91411686,413,
PN2594,register_extract_2026-06-15,2594,484253289,Palm Jebel Ali - Frond M,M نخلة جبل علي - السعفة,شركة نخيل (ش.م.خ),nakheel,Palm Jabal Ali,Palm Jabal Ali,ACTIVE,,0,146,0,0,172,18,5010687;5010688;5010689;5010690;5010691;5010692;5010693;5010694;5010695;5010696;5010697;5010698;5010699;5010700;5010701;5010702;5010703;5010704;5010705;5010706;5010707;5010708;5010709;5010710;5010711;5010712;5010713;5010714;5010715;5010716;5010717;5010718;5010719;5010720;5010721;5010722;5010723;5010724;5010725;5010726;5010727;5010728;5010729;5010730;5010731;5010732;5010733;5010734;5010735;5010736;5010737;5010738;5010739;5010740;5010741;5010742;5010743;5010744;5010745;5010746,146,
PN2486,register_extract_2026-06-15,2486,447563473,DAMAC LAGOONS - IBIZA,داماك لاجونز- ايبيزا,واحة الجزيرة العقارية (ش.ذ.م.م),واحه-الجزيره-العقاريه,Al Hebiah Fifth,,ACTIVE,,0,0,0,0,1039,104,6833784;6833785;6833786;6833817;6833818;6833836;6833837;6833839;6833864;6833867;6833868;6833892;6833893;6833922;6833927;6833928;6833953;6833954;6833988;6833989;6834004;6834009;6834011;6834012;6834013;6834014;6834039;6834040;6834041;6834072;6834073;6834080;6834081;6834101;6834105;6834111;6834131;6834135;6834157;6834159;6834160;6834161;6834194;6834195;6834204;6834205;6834225;6834229;6834232;6834233;6834259;6834263;6834264;6834271;6834289;6834296;6834322;6834323;6834325;6834327,664,
PN2330,register_extract_2026-06-15,2330,389115173,DAMAC LAGOONS - COSTA BRAVA (2),داماك لاجونز - كوستا برافا 2,واحة الجزيرة العقارية (ش.ذ.م.م),واحه-الجزيره-العقاريه,Al Hebiah Fifth,DAMAC Lagoons,ACTIVE,,0,497,0,0,899,193,68310000;68310001;68310031;68310055;68310088;68310089;68310090;68310122;68310123;68310151;68310157;68310158;68310180;68310184;68310239;68310268;68310271;68310278;68310279;68310299;68310300;68310336;68310337;68310382;68310417;68310448;68310455;68310456;68310480;68310489;68310512;68310513;68310546;68310547;68310575;68310577;68310607;68310616;68310636;68310637;68310662;68310670;68310671;68310699;68310700;68310730;68310731;68310762;68310763;68310764;68310788;68310796;68310797;68310825;68310849;68310851;68310860;68310910;68310911;68310937,497,
PN3032,register_extract_2026-06-15,3032,602679364,Greenway,جرينواي,إعمار دبي الجنوب دي دبليو سي ش.ذ.م.م,emaar,Madinat Al Mataar,Dubai World Central,ACTIVE,,0,232,0,0,243,9,5213340;5213341;5213342;5213343;5213344;5213345;5213346;5213347;5213348;5213349;5213350;5213351;5213352;5213353;5213354;5213355;5213356;5213357;5213358;5213359;5213360;5213361;5213362;5213363;5213364;5213365;5213366;5213367;5213368;5213369;5213370;5213371;5213372;5213373;5213374;5213375;5213376;5213377;5213378;5213379;5213380;5213381;5213382;5213383;5213384;5213385;5213386;5213387;5213388;5213389;5213390;5213391;5213392;5213393;5213394;5213395;5213396;5213397,58,
PN3159,register_extract_2026-06-15,3159,627893680,The Valley - Avena 2,ذا فالي - آفينا 2,إعمار للتطوير (مساهمة عامة),emaar,Al Yufrah 1,,ACTIVE,,0,332,0,0,347,14,9151919;9151922;9151929;9151931;9151946;9151951;9151960;9151965;9151981;9151985;9151996;9152007;9152012;9152020;9152021;9152036;9152058;9152061;9152063;9152089;9152090;9152091;9152092;9152126;9152131;9152139;9152142;9152149;9152153;9152163;9152171;9152185;9152196;9152202;9152217;9152222;9152228;9152249;9152274;9152296;9152297;9152302;9152313;9152318;9152330;9152343;9152349;9152354;9152359;9152365;9152386;9152394;9152399;9152403;9152411;9152428;9152429;9152437;9152446;9152480,166,
PN2263,register_extract_2026-06-15,2263,360934943,Palm Hills,بالم هيلز,دبي هيلز استيت ش.ذ.م.م,dubai-hills-estate,Hadaeq Sheikh Mohammed Bin Rashid,DUBAI HILLS - PALM HILLS,FINISHED,,0,76,0,0,192,27,63110698;63110699;63110700;63110701;63110702;63110703;63110704;63110705;63110706;63110707;63110708;63110709;63110710;63110711;63110712;63110713;63110714;63110715;63110716;63110717;63110718;63110719;63110720;63110721;63110722;63110723;63110724;63110725;63110726;63110727;63110728;63110729;63110730;63110731;63110732;63110733;63110734;63110735;63110736;63110737;63110738;63110739;63110740;63110741;63110742;63110743;63110744;63110745;63110746;63110747;63110748;63110749;63110750;63110751;63110752;63110753;63110754;63110755;63110756;63110757,76,
PN1314,register_extract_2026-06-15,1314,4118430,Palma Residence,بالما ريزيدنس,شركة نخيل (ش.م.خ),nakheel,Palm Jumeirah,Palm Jumeirah,FINISHED,,0,104,0,0,284,11,3812603;3812604;3812605;3812606;3812607;3812608;3812609;3812610;3812611;3812612;3812613;3812614;3812615;3812616;3812617;3812618;3812619;3812620;3812621;3812622;3812623;3812624;3812625;3812626;3812627;3812628;3812629;3812630;3812631;3812632;3812633;3812634;3812635;3812636;3812637;3812638;3812639;3812640;3812641;3812642;3812643;3812644;3812645;3812646;3812647;3812648;3812649;3812650;3812651;3812652;3812653;3812654;3812655;3812656;3812657;3812658;3812659;3812660;3812661;3812662,104,
PN2409,register_extract_2026-06-15,2409,419907072,The Valley - Orania,ذا فالي - أورانيا,إعمار للتطوير (مساهمة عامة),emaar,Al Yufrah 1,,FINISHED,,0,308,0,0,619,200,9150620;9150622;9150623;9150624;9150625;9150627;9150628;9150629;9150631;9150632;9150635;9150637;9150639;9150640;9150644;9150645;9150646;9150647;9150648;9150651;9150652;9150653;9150655;9150659;9150661;9150662;9150664;9150666;9150667;9150668;9150669;9150670;9150674;9150675;9150677;9150678,36,
PN2320,register_extract_2026-06-15,2320,384141062,DAMAC LAGOONS - SANTORINI (3),داماك لاجونز - سانتوريني 3,واحة الجزيرة العقارية (ش.ذ.م.م),واحه-الجزيره-العقاريه,Al Hebiah Fifth,DAMAC Lagoons,ACTIVE,,0,96,0,0,179,35,6831035;6831041;6831044;6831065;6831092;6831100;6831107;6831112;6831113;6831117;6831121;6831259;6831263;6831267;6831271;6831288;6831294;6831307;6831312;6831313;6831326;6831344;6831351;6831360;6831366;6831369;6831377;6831381;6831386;6831390;6831409;6831410;6831420;6831442;6831458;6831466;6831470;6831480;6831483;6831485;6831489;6831523;6831531;6831536;6831552;6831555;6831607;6831612;6831615;6831623;6831639;6831641;6831647;6831662;6831665;6831666;6831678;6831920;6831923;6832014,96,
PN2915,register_extract_2026-06-15,2915,574941622,Nad AL Sheba Gardens Phase 4,ند الشبا جاردنز المرحله الرابعه,شمال العقارية ش.ذ.م.م,شمال-العقاريه,Nad Al Shiba First,Nad Al Sheba Gardens,ACTIVE,,0,188,0,0,223,25,6181381;6181388;6181392;6181398;6181404;6181426;6181431;6181451;6181456;6181461;6181474;6181497;6181501;6181523;6181536;6181557;6181558;6181562;6181598;6181601;6181610;6181621;6181625;6181631;6181638;6181646;6181647;6181670;6181693;6181697;6181700;6181706;6181717;6181748;6181757;6181771;6181782;6181788;6181792;6181811;6181836;6181846;6181849;6181854;6181859;6181869;6181875;6181882;6181886;6181912;6181913;6181929;6181949;6182000;6182007;6182013;6182020;6182023;6182027;6182039,112,
PN2145,register_extract_2026-06-15,2145,244930502,Arabian Ranches III - SUN,المرابع العربية ااا - شمس,إعمار للتطوير (مساهمة عامة),emaar,Wadi Al Safa 5,,FINISHED,,0,432,0,0,975,54,6482242;6482243;6482244;6482245;6482246;6482247;6482248;6482249;6482250;6482251;6482252;6482253;6482254;6482255;6482256;6482257;6482258;6482259;6482260;6482261;6482262;6482263;6482264;6482265;6482266;6482267;6482268;6482269;6482270;6482271;6482272;6482273;6482274;6482275;6482276;6482277;6482278;6482279;6482280;6482281;6482282;6482283;6482284;6482285;6482286;6482287;6482288;6482289;6482290;6482291;6482292;6482293;6482294;6482295;6482296;6482297;6482298;6482299;6482300;6482301,77,
PN2291,register_extract_2026-06-15,2291,376236347,La Rosa 6,لاروزا 6,دبي للعقارات (ش.ذ.م.م),dubai-properties,Wadi Al Safa 5,,FINISHED,,0,272,0,0,660,41,6480499;6480500;6480503;6480968;6480969;6480970;6480971;6480972;6480973;6480974;6480975;6480976;6480977;6480978;6480979;6480980;6480997;6480998;6480999;6481000;6481001;6481002;6481003;6481004;6481005;6481006;6481007;6481008;6481009;6481010;6481011;6481012;6481013;6481014;6481015;6481016;6481017;6481018;6481019;6481020;6481021;6481022;6481042;6481043;6486568;6486569;6486570;6486571;6486645;6486647;6486648;6486672,52,
PN2552,register_extract_2026-06-15,2552,472866761,Westar Azure,ويستار أزور,قرية جميرا (ش.ذ.م.م),قريه-جميرا,Al Barsha South Fourth,Jumeirah Village Circle,FINISHED,,0,13,0,0,25,2,6816778,1,
PN353,register_extract_2026-06-15,353,353,7 WEST VILLAS,7 ويست فيلا,قرية جميرا (ش.ذ.م.م),قريه-جميرا,Al Barsha South Fourth,Jumeirah Village Circle,FINISHED,,0,14,0,0,59,4,6816728,1,
PN179,register_extract_2026-06-15,179,179,MULBERRY MANSIONS,قصور التوت,قرية جميرا (ش.ذ.م.م),قريه-جميرا,Al Barsha South Fourth,Jumeirah Village Circle,FINISHED,,0,12,0,0,40,6,6817100,1,
PN1242,register_extract_2026-06-15,1242,1242,WESTERN RESIDENCE - SOUTH,الإقامة الغربية - الجنوب,دبي لاند (ش.ذ.م.م),دبي-لاند,Wadi Al Safa 2,Falcon City,FINISHED,,0,0,0,0,4,0,6438231,1,
PN1367,register_extract_2026-06-15,1367,9690799,PRIME VILLAS,برايم فيلا,مدينة دبي الرياضية (ش. ذ. م. م),مدينه-دبي-الرياضيه,Al Hebiah Fourth,Dubai Sports City,FINISHED,,0,31,0,0,137,6,6824266;6824267;6824268;6824269;6824270;6824271;6824272;6824273;6824274;6824275;6824276;6824277;6824278;6824279;6824280;6824281;6824282;6824283;6824284;6824285;6824286;6824287;6824288;6824290;6824292;6824293;6824294;6824295;6824296;6824297;6824298;6824299,32,
PN1273,register_extract_2026-06-15,1273,1273,POLO HOMES,منازل بولو,اعمار العقارية (ش . م. ع),emaar,Al Hebiah Second,Arabian Ranches - Polo Homes,FINISHED,,0,2,0,0,322,16,6750207;6750208;6750209;6750210;6750211;6750212;6750213;6750214;6750215;6750216;6750217;6750218;6750219;6750220;6750221;6750222;6750223;6750224;6750225;6750226;6750227;6750228;6750229;6750230;6750231;6750232;6750234;6750235;6750236;6750237;6750238;6750239;6750240;6750241;6750242;6750244;6750245;6750246;6750247;6750248;6750249;6750250;6750251;6750252;6750253;6750254;6750255;6750256;6750257;6750258;6750259;6750260;6750261;6750262;6750263;6750264;6750265;6750266;6750267;6750268,70,
PN1319,register_extract_2026-06-15,1319,4641414,ALMA-2,ألما -2,اعمار العقارية (ش . م. ع),emaar,Wadi Al Safa 6,,FINISHED,,0,62,0,0,192,7,6648516;6648517;6648518;6648519;6648521;6648522;6648523;6648524;6648525;6648526;6648528;6648530;6648554;6648555;6648556;6648557;6648558;6648682;6648683,19,
PN135,register_extract_2026-06-15,135,135,ACACIA AVENUES,أكاسيا أفينوز,تيكوم للإستثمارات منطقة حرة- ذ.م.م,تيكوم-للاستثمارات,Al Safouh First,TECOM Site B,FINISHED,,0,57,0,0,259,11,3726242;3726243;3726245;3726246;3726247;3726248;3726249;3726250;3726251;3726252;3726255;3726256;3729934;3729935;3729936;3729938;3729939;3729940;3729941;3729942;3729943;3729944;3729945;3729946;3729947;3729948;3729949;3729951;3729952;3729953;3729956;3729957;3729958;3729959;3729960;3729961;3729962;3729963;3729964;3729965;3729966;3729967;3729968;3729969;3729970;3729971;3729972;3729973;3729975;3729976;3729986;3729987;3729988;3729994;3729995;3729996;3729997,57,
PN3690,register_extract_2026-06-15,3690,745414924,DAMAC RIVERSIDE - OLIVE,داماك ريفرسايد - أوليف,داماك ميري للاستثمار ش.ذ.م.م,damac,Dubai Investment Park Second,,NOT_STARTED,,0,208,0,0,161,161,5976689;5976693;5976694;5976695;5976696;5976699;5976700;5976701;5976705;5976706;5976707;5976710;5976711;5976716;5976717;5976718;5976720;5976721;5976722;5976723;5976724;5976727;5976730;5976731;5976732;5976736;5976737;5976738;5976739,29,
PN1899,register_extract_2026-06-15,1899,88735505,Maple III,III ميبل,دبي هيلز استيت ش.ذ.م.م,dubai-hills-estate,Hadaeq Sheikh Mohammed Bin Rashid,DUBAI HILLS - MAPLE 3,FINISHED,,0,562,0,0,1493,80,6311350;6311355;6311359;6311369;6311374;6311392;6311397;6311398;6311400;6311407;6311424;6311426;6311427;6311430;6311432;6311435;6311441;6311442;6311461;6311482;6311993;6312008;6312010;6312014;6312018;6312023;6312027;6312051;6312054;6312055;6312120;6312147;6312151;6312155;6312156;6312158;6312159;6312160;6312163;6312164;6312326;6312330;6312335;6312336;6312339;6312353;6312355;6312361;6312371;6312765;6312768;6312781;6312785;6312787;6312800;6312802;6312805;6312811;6312819;6312820,164,
PN1575,register_extract_2026-06-15,1575,14223314,WESTERN RESIDENCE - NORTH - 25 VILLAS,وسترن ريزيدنس - نورث - 25 فيلا,دبي لاند (ش.ذ.م.م),دبي-لاند,Wadi Al Safa 2,Falcon City,FINISHED,,0,25,0,0,61,5,6438774;6438775;6438776;6438777;6438778;6438779;6438780;6438781;6438782;6438784;6438785;6438786;6438787;6438788;6438789;6438790;6438791;6438792;6438794;6438795;6438796;6438797;6438798;6438799;6438800,25,
PN1877,register_extract_2026-06-15,1877,54017571,Arabella 3,أرابيلا 3,دبي للعقارات (ش.ذ.م.م),dubai-properties,Al Hebiah Sixth,Mudon,FINISHED,,0,509,0,0,926,98,6770111;6770112;6770113;6770114;6770115;6771584;6771664;6771668;6771674;6771689;6771728;6771746;6771761;6771762;6771777;6771803;6771809;6771810;6771850;6771851;6771852;6771876;6771885;6771886;6771887;6771910;6771913;6772790;6772791;6772792;6772793;6772794;6772795;6772796;6772797;6772798;6772799;6772800;6772801;6772802;6772803;6772804;6772805;6772806;6772807;6772808;6772809;6772810;6772811;6772812;6772813;6772814;6772815;6772816;6772817;6772818;6772819;6772820;6772821;6772822,509,
PN2348,register_extract_2026-06-15,2348,393605221,La Violeta 1,لا ?يوليتا 1,دبي للعقارات (ش.ذ.م.م),dubai-properties,Wadi Al Safa 5,,FINISHED,,0,244,0,0,511,45,6481067;6481068;6481069;6481070;6481071;6481072;6481073;6481075;6481076;6481077;6481078;6481079;6481080;6481081;6481082;6481114;6481115;6481116;6481117;6481118;6481119;6481120;6481121;6481122;6481123;6481124;6481125;6481126;6481127;6481128;6481129;6481130;6481131;6481132;6481133;6481134;6481141;6481142;6481143;6481144;6481145;6481146;6481147,43,
PN1526,register_extract_2026-06-15,1526,12753745,Villa Lantana 1,فيلا لانتانا 1,تيكوم للإستثمارات منطقة حرة- ذ.م.م,تيكوم-للاستثمارات,Al Barshaa South Second,Dubiotech,FINISHED,,0,276,0,0,907,40,6726827;6726842;6726849;6726850;6726851;6726852;6726853;6726854;6726855;6726856;6726857;6726858;6726859;6726860;6726861;6726862;6726863;6726864;6726865;6726866;6726867;6726868;6726869;6726870;6726871;6726872;6726873;6726874;6726879;6726881;6726882;6726883;6726884;6726885;6726886;6726887;6726913;6726917;6726918;6726919;6726920;6726921;6726922;6726923;6726924;6726925;6726926;6726927;6726928;6726929;6726930;6726931;6726932;6726933;6726934;6726935;6726936;6726937;6726938;6726939,275,
PN2982,register_extract_2026-06-15,2982,591387986,Karl Lagerfeld Villas By Taraf,فلل كارل لاغرفيلد من ترف,مجموعة ميدان (ش.ذ.م.م),meydan,Wadi Al Safa 3,Mohammed Bin Rashid AL Maktoum District 11,ACTIVE,,0,51,0,0,36,10,6456410,1,
PN2049,register_extract_2026-06-15,2049,170127618,Jumeirah Golf Estates - Hillside,جميرا جولف إستيتس - هيلسايد,عقارات جميرا جولف ش.ذ.م.م,عقارات-جميرا-جولف,Me'Aisem First,Jumeirah Golf Estates,FINISHED,,0,20,0,0,103,3,6850455;6854857;6854858;6855385;6855386;6855387;6855388;6855389;6855390;6855391;6855392;6855393;6855395;6855396;6855397;6855398;6855399;6855400;6855401;6855402,20,
PN1409,register_extract_2026-06-15,1409,11539306,DAMAC HILLS - THE TRUMP ESTATES,دماك هيلز - ذا ترمب استيت,داماك كريسنت للعقارات (ش.ذ.م.م),damac,Al Hebiah Third,DAMAC HILLS,FINISHED,,0,2,0,0,2,0,6765844;6765885,2,
PN3602,register_extract_2026-06-15,3602,731124315,Elwood Estates,إلوود إستيتس,شوبا ش.ذ.م.م,sobha,Al Yufrah 1,,NOT_STARTED,,0,305,0,0,259,77,9154515;9154516;9154517;9154518;9154519;9154521;9154522;9154523;9154524;9154525;9154528;9154529;9154530;9154531;9154532;9154533;9154534;9154535;9154536;9154538;9154539;9154543;9154544;9154546;9154547;9154548;9154550;9154551;9154552;9154553;9154554;9154555;9154556;9154558;9154559;9154560;9154561;9154562;9154564;9154565;9154566;9154567;9154568;9154569;9154570;9154572;9154573;9154574;9154577;9154578;9154579;9154580;9154581;9154582;9154584;9154585;9154586;9154587;9154588;9154590,305,
PN3860,register_extract_2026-06-15,3860,782025321,Nad Al Sheba Gardens Phase 8 & 9,ند الشبا جاردنز المرحلة 8 & 9,شمال العقارية ش.ذ.م.م,شمال-العقاريه,Nad Al Shiba First,,NOT_STARTED,,0,201,0,0,203,203,6181504;6181537;6181545;6181548;6181609;6181641;6181704;6181777;6181805;6181834;6181843;6181853;6181858;6181979;6181985;6182012;6182014;6182015;6182026;6182037;6182041;6182047;6182134;6182171;6182200;6182210;6182268;6182303;6182355;6182367;6182379;6182384;6182449;6182472;6182508;6182513;6182521;6182563;6182620;6182664;6182785;6182786;6182790;6182793;6182794;6182799;6182800;6182802;6182810;6182814;6182815;6182816;6182818;6182823;6182824;6182831;6182832;6182833;6182837;6182839,153,
PN1584,register_extract_2026-06-15,1584,14312336,RED WOOD PARK,ريد وود بارك,عقارات جميرا جولف ش.ذ.م.م,عقارات-جميرا-جولف,Me'Aisem First,Jumeirah Golf Estates,FINISHED,,0,35,0,0,117,6,6855682;6855683;6855684;6855685;6855686;6855687;6855688;6855689;6855690;6855691;6855692;6855693;6855694;6855695;6855696;6855697;6855698;6855699;6855700;6855701;6855976;6855977;6855978;6855979;6855980;6855981;6855988;6855989;6855990;6855991;6856005;6856006;6856007;6856008;6856009,35,
PN3514,register_extract_2026-06-15,3514,710528682,Greenspoint,جرينزبوينت,إعمار دبي الجنوب دي دبليو سي ش.ذ.م.م,emaar,Madinat Al Mataar,Dubai World Central,ACTIVE,,0,196,0,0,198,6,5211421;5211422;5211423;5211424;5211425;5211426;5211427;5211428;5211429;5211430;5211431;5211432;5211433;5211434;5211435;5211436;5211437;5211438;5211439;5211440;5211441;5211511;5211512;5211513;5211514;5211515;5211516;5211517;5211518;5211519;5211520;5211521;5211522;5211523;5211524;5211525;5211526;5211527;5211528;5211529;5211530;5211531;5211532;5211533;5211534;5211535;5211536;5211537;5211538,49,
PN2070,register_extract_2026-06-15,2070,178575566,DAMAC HILLS (2) - AMAZONIA-EX,داماك هيلز ( 2 ) - أمازونيا - اكس,شركة الخط الامامي لادارة الاستثمار ش.ذ.م.م,الخط-الامامي-لاداره-الاستثمار,Madinat Hind 4,DAMAC HILLS 2,FINISHED,,0,143,0,0,257,24,91410573;91410619;91410620;91410621;91410622;91410623;91410624;91410625;91410626;91410627;91410819;91410820;91410821;91410822;91410823;91410824;91410825;91411041;91412088;91412089;91412090;91412091;91412092;91412093;91412270;91412271;91412272;91412273;91412274;91412275;91412276;91413543;91413544;91413545;91413546;91413547;91413548;91413549;91413731;91413732;91413733;91413734;91413735;91413736;91413737;91413738;91413739;91413740;91413741;91413742;91413743;91413744;91413745;91414371;91414974;91414975;91415016;91415017;91415018;91415019,143,
PN2784,register_extract_2026-06-15,2784,538842265,Reportage Village 1,ريبورتاج فيلدج 1,دبي للعقارات (ش.ذ.م.م),dubai-properties,Wadi Al Safa 7,,ACTIVE,,0,1752,0,0,1533,304,6654332;6657807;6657811;6657813;6657814;6657824;6657825;6657827;6657828;6657836;6657837;6657840;6657841;6657847;6657851;6657852;6657854;6657859;6657864;6657866;6657868;6657869;6657874;6657877;6657879;6657883;6657889;6657890;6657896;6657898;6657901;6657904,32,
PN2273,register_extract_2026-06-15,2273,367249701,MUROOJ ALFURJAN WEST,مروج الفرجان ويست,شركة نخيل (ش.م.خ),nakheel,Jabal Ali First,Al Furjan,FINISHED,,0,521,0,0,1114,75,59112331;59112332;59112333;59112334;59112335;59112336;59112337;59112338;59112339;59112340;59112341;59112342;59112343;59112344;59112345;59112346;59112347;59112348;59112349;59112350;59112351;59112352;59112353;59112354;59112355;59112356;59112357;59112358;59112359;59112360;59112361;59112362;59112363;59112364;59112365;59112366;59112367;59112368;59112369;59112370;59112371;59112372;59112373;59112374;59112375;59112376;59112377;59112378;59112379;59112380;59112381;59112382;59112383;59112384;59112385;59112386;59112387;59112388;59112389;59112390,521,
PN3288,register_extract_2026-06-15,3288,657562092,DAMAC HILLS (2) - VIOLET 4,داماك هيلز (2) - فايليت 4,شركة الخط الامامي لادارة الاستثمار ش.ذ.م.م,الخط-الامامي-لاداره-الاستثمار,Madinat Hind 4,DAMAC HILLS 2,ACTIVE,,0,803,0,0,730,40,91410248;91411081;91411332;91411538;91411564;91411568;91411575;91411738;91411741;91412817;91412978;91412998;91413185;91413203;91414243;91414247;91414446;91414448;91414645;91414682;91415797;91415808;91415991;91416209;91416233;91416252;91416256;91417030;91417273;91417288;91417480;91417497;91417508;91417699;91417749;91418809;91418820;91418964;91418975;91419180;91419206;91420005;91420230;91420252;91420412;91421709;91421915;91421917;9143721;9143948;9143949;9143955;9143956;9143957;9143958;9143964;9143966;9143971;9143972;9143973,803,
PN2827,register_extract_2026-06-15,2827,549664658,Plagette 32,بلاجيت 32,ماجد الفطيم لتشغيل مشاريع المدن المتكاملة الاماراتية ش.ذ.م.م,ماجد-الفطيم-لتشغيل-مشاريع-المدن-المتكامله-الاماراتيه,Al Hebiah Fourth,TILAL AL GHAF,ACTIVE,,0,32,0,0,36,2,6824617;6824649;6824673;6824706;6824707;6824743;6824747;6824765,8,
PN3283,register_extract_2026-06-15,3283,656156978,Greenridge,جرين ريدج,إعمار دبي الجنوب دي دبليو سي ش.ذ.م.م,emaar,Madinat Al Mataar,Dubai World Central,ACTIVE,,0,520,0,0,550,26,5212937;5212938;5212939;5212940;5212941;5212942;5212943;5212944;5212945;5212946;5212947;5212948;5212949;5212950;5212951;5212952;5212953;5212954;5212955;5212956;5212957;5212958;5212959;5212960;5212961;5212962;5212963;5212964;5212965;5212966;5212967;5212968;5212969;5212970;5212971;5212972;5212973;5212974;5212975;5212976;5212977;5212978;5212979;5212980;5212981;5212982;5212983;5212984;5212985;5212986;5212987;5212988;5212989;5212990;5213259;5213260;5213261;5213262;5213263;5213264,130,
PN1549,register_extract_2026-06-15,1549,13778427,DAMAC HILLS (2) - CLARET,داماك هيلز (2) - كلاريت,شركة الخط الامامي لادارة الاستثمار ش.ذ.م.م,الخط-الامامي-لاداره-الاستثمار,Madinat Hind 4,DAMAC HILLS 2,FINISHED,,0,315,0,0,637,53,91410733;91410734;91410735;91410736;91410737;91410738;91410739;91410740;91410742;91410743;91410745;91410746;91410747;91410748;91410750;91410751;91410752;91410753;91410754;91410755;91410756;91410757;91410758;91410759;91410760;91410761;91410762;91410763;91410764;91410765;91410766;91410767;91410768;91410769;91410770;91410771;91410772;91412186;91412187;91412188;91412189;91412190;91412191;91412192;91412193;91412194;91412195;91412196;91412197;91412198;91412199;91412200;91412201;91412203;91412204;91412205;91412206;91412207;91412208;91412210,315,
PN3499,register_extract_2026-06-15,3499,707752615,DAMAC ISLANDS - BORA BORA 2,داماك ايلاندز - بورا بورا 2,شركة داماك ايليت للاستثمار ذ.م.م,damac,Al Yelayiss 1,,NOT_STARTED,,0,233,0,0,227,15,9212713;9212776;9212914;9212945;9212963;9213010;9213011;9213012;9213063;9213085;9213103;9213121;9213130;9213149;9213158;9213195;9213227;9213247;9213278;9213280;9213305;9213306;9213344;9213373;9213374;9213399;9213424;9213428;9213480;9213546;9213635;9213729;9213730;9213748;9213791;9213808;9213809;9213834;9213842;9213857;9213891;9213945;9213967;9213995;9214014;9214015;9214042;9214043;9214066;9214069;9214086;9214087;9214112;9214132;9214142;9214165;9214167;9214267;9214288;9214315,233,
PN1369,register_extract_2026-06-15,1369,9783892,JUMEIRAH PARK 7A,جميرا بارك 7A,جميرا بارك (ش.ذ.م.م),جميرا-بارك,Al Thanyah Fifth,Jumeirah Park,FINISHED,,0,226,0,0,841,33,3932627;3933544;3933545;3933546;3933547;3933548;3933549;3933550;3933551;3933552;3933553;3933554;3933555;3933556;3933557;3933558;3933559;3933560;3933561;3933562;3933563;3933564;3933565;3933566;3933567;3933568;3933569;3933570;3933571;3933572;3933573;3933574;3933575;3933576;3933577;3933578;3933579;3933580;3933581;3933582;3933583;3933584;3933585;3933586;3933587;3933588;3933589;3933590;3933646;3933647;3933648;3933649;3933650;3933651;3933652;3933653;3933654;3933655;3933656;3933657,227,
PN2584,register_extract_2026-06-15,2584,482759286,South Bay 2,خليج  الجنوب 2,مؤسسه مدينه دبى للطيران,موسسه-مدينه-دبي-للطيران,Madinat Al Mataar,Dubai South Residential District,ACTIVE,,0,145,0,0,188,19,5213755;5213756;5213757;5213758;5213760;5213761;5213762;5213763;5213764;5213765;5213766;5213767;5213768;5213769;5213770;5213771;5213772;5213773;5213774;5213775;5213776;5213777;5213778;5213779;5213780;5213781;5213782;5213783;5213784;5213785;5213786;5213787;5213788;5213789;5213790;5213791;5213792;5213793;5213794;5213795;5213796;5213797;5213798;5213799;5213800;5213801;5213802;5213803;5213804;5213805;5213806;5213807;5213808;5213809;5213810;5213811;5213812;5213813;5213814;5213815,72,
PN3455,register_extract_2026-06-15,3455,695402862,La Tilia at Villanova Phase 1,لا تيليا في فيلانوفا المرحلة 1,دبي للعقارات (ش.ذ.م.م),dubai-properties,Wadi Al Safa 5,,ACTIVE,,0,410,0,0,446,57,64810514;64810516;64810521;64810524;64810527;64810530;64810531;64810537;64810539;64810543;64810544;64810553;64810555;64810556;64810560;64810561;64810562;64810567;64810568;64810569;64810583;64810584;64810585;64810591;64810592;64810594;64810600;64810603;64810605;64810606;64810622;64810626;64810628;64810634;64810635;64810639;64810641;64810649;64810650;64810654;64810657;64810660;64810662;64810664;64810667;64810672;64810682;64810684;64810685;64810691;64810693;64810695;64810697;64810703;64810706;64810707;64810708;64810713;64810718;64810720,88,
PN2328,register_extract_2026-06-15,2328,388575804,The Pulse Beachfront 2,النبض-  الشاطئ 2,مؤسسه مدينه دبى للطيران,موسسه-مدينه-دبي-للطيران,Madinat Al Mataar,Dubai World Central,FINISHED,,0,198,0,0,404,81,5214227;5214228;5214229;5214230;5214231;5214233;5214234;5214236;5214237;5214238;5214239;5214240;5214241;5214242;5214243;5214244;5214245;5214246;5214247;5214248;5214249;5214250;5214251;5214252;5214253;5214254;5214255;5214256;5214257;5214258;5214263;5214264;5214265;5214266;5214267;5214268;5214269;5214270;5214271;5214272;5214273;5214360;5214362;5214363;5214364;5214365;5214366;5214367;5214368;5214369;5214370;5214371;5214421;5214422;5214423;5214424;5214425;5214426;5214427;5214428,100,
PN2954,register_extract_2026-06-15,2954,583141387,The Palm Crown,ذا بالم كراون,شركة نخيل (ش.م.خ),nakheel,Palm Jumeirah,Palm Jumeirah,NOT_STARTED,,0,38,0,0,45,3,3812796;3812797;3812798;3812799;3812801;3812802;3812803;3812804;3812805;3812806;3812807;3812808;3812809;3812810;3812811;3812812;3812813;3812814;3812815;3812816;3812817;3812818;3812819;3812820;3812821;3812823;3812825;3812826;3812827;3812840;3812846;3812847;3812848;3812849;3812851;3812852;3812853;3812854,38,
PN3108,register_extract_2026-06-15,3108,617810687,Taormina Village 1,تاورمينا فيلدج 1,دبي للعقارات (ش.ذ.م.م),dubai-properties,Wadi Al Safa 3,,NOT_STARTED,,0,530,0,0,269,151,6456457;6456459;6456461;6456464;6456468;6456469;6456472;6456473;6456478;6456482;6456483;6456486;6456490;6456492;6456493;6456496;6456501;6456502;6456503;6456504;6456510;6456512;6456514;6456515;6456521;6456524;6456528;6456536;6456537;6456540;6456541;6456546;6456548,33,
PN1018,register_extract_2026-06-15,1018,554109961,Sea Horse Villa,الفلل العائمة,العالم ( ش. ذ. م. م ),العالم,World Islands,The World,ACTIVE,,0,1,0,0,1,0,3035206,1,
PN404,register_extract_2026-06-15,404,404,LILAC PARK,الليلك بارك,قرية جميرا (ش.ذ.م.م),قريه-جميرا,Al Barsha South Fourth,Jumeirah Village Circle,FINISHED,,0,17,0,0,26,7,6816512,1,
PN1774,register_extract_2026-06-15,1774,32536935,AL BUROOJ RESIDENCE 1,سكن البروج 1,قرية جميرا (ش.ذ.م.م),قريه-جميرا,Al Barsha South Fifth,Jumeirah Village Triangle,FINISHED,,0,8,0,0,29,2,6843478,1,
PN2683,register_extract_2026-06-15,2683,508921498,Le Parc Homes,لو بارك هومز,شركة نخيل (ش.م.خ),nakheel,Al Barsha South Fourth,Jumeirah Village Circle,PENDING,,0,10,0,0,12,8,6816738,1,
PN361,register_extract_2026-06-15,361,361,INDIGO VILLE5,انديجو فيلا 5,قرية جميرا (ش.ذ.م.م),قريه-جميرا,Al Barsha South Fourth,Jumeirah Village Circle,FINISHED,,0,16,0,0,42,2,6817249,1,
PN2218,register_extract_2026-06-15,2218,326654204,The Nest Revolution Villa,ذا نيست رفولوشن فيلا,دبي للعقارات (ش.ذ.م.م),dubai-properties,Wadi Al Safa 3,Al Barari,PENDING,,0,1,0,0,0,0,6453997,1,
PN3846,register_extract_2026-06-15,3846,777230376,CROWN PALACE,تاج القصر,مؤسسه مدينه دبى للطيران,موسسه-مدينه-دبي-للطيران,Madinat Al Mataar,Dubai South Residential District,PENDING,,1,0,0,0,1,0,5213566,1,
PN2279,register_extract_2026-06-15,2279,371357037,The Pulse Villas 2,فلل النبض 2,مؤسسه مدينه دبى للطيران,موسسه-مدينه-دبي-للطيران,Madinat Al Mataar,Dubai South Residential District,FINISHED,,0,74,0,0,198,16,5212781,1,
PN1020,register_extract_2026-06-15,1020,567029559,Arabian Ranches - Alvorada III,المرابع العربية ? الفورادا 3,اعمار العقارية (ش . م. ع),emaar,Wadi Al Safa 6,Arabian Ranches - 1,FINISHED,,0,61,0,0,280,10,6642332;6642445;6642446;6642447;6642448;6642449;6642450;6642451;6642452;6642453;6642454;6642474;6642475;6642476;6642477;6642478;6642479;6642480;6642481;6642482;6642485;6642486;6642487;6642488;6642489;6642490;6642491;6642492;6642493;6642494;6642495;6642496;6642497;6642498;6642499;6642500;6642501;6642502;6642503;6642514;6642515;6642516;6642517;6642518;6642519;6642520;6642521;6642523;6642584;6642585;6642586;6642587;6642588;6642607;6642608;6642609;6642610;6642611;6642612;6642613,61,
PN1060,register_extract_2026-06-15,1060,578536558,The Lakes Deema 4,البحيرات ? ديما 4,اعمار العقارية (ش . م. ع),emaar,Al Thanyah Third,Lakes - Deema 4,FINISHED,,0,57,0,0,268,8,3880473;3880474;3880475;3880476;3880477;3880478;3880479;3880480;3880481;3880482;3880483;3880484;3880485;3880486;3880487;3880488;3880489;3880490;3880491;3880492;3880493;3880494;3880495;3880496;3880497;3880498;3880499;3880501;3880502;3880503;3880504;3880505;3880506;3880507;3880508;3880509;3880510;3880511;3880512;3880513;3880514;3880515;3880516;3880517;3880518;3880519;3880520;3880521;3880522;3880523;3880524;3880525;3880526;3880527;3880528;3880529;3880530,57,
PN1053,register_extract_2026-06-15,1053,578506163,Emirates Living - Springs 15,روعة الإمارات ? الينابيع 15,اعمار العقارية (ش . م. ع),emaar,Al Thanayah Fourth,Springs - 1,FINISHED,,0,478,0,0,2064,70,3943483;3943486;3943488;3943490;3943492;3943494;3943496;3943498;3943500;3943502;3943504;3943506;3943508;3943510;3943512;3943514;3943516;3943518;3943520;3943522;3943524;3943526;3943528;3943530;3943532;3943534;3943536;3943538;3943540;3943542;3943544;3943547;3943550;3943557;3943559;3943563;3943566;3943571;3943576;3943580;3943583;3943588;3943591;3943596;3943600;3943604;3943608;3943613;3943617;3943621;3943624;3943628;3943632;3943636;3943639;3943641;3943645;3943650;3943654;3943659,142,
PN1047,register_extract_2026-06-15,1047,578534848,Emirates Living - Springs 10,روعة الإمارات ? الينابيع 10,اعمار العقارية (ش . م. ع),emaar,Al Thanayah Fourth,Springs - 2,FINISHED,,0,322,0,0,1404,72,3944886;3944890;3944894;3944898;3944902;3944906;3944907;3944909;3944912;3944914;3944916;3944918;3944920;3944922;3944924;3944926;3944928;3944930;3944932;3944934;3944936;3944938;3944940;3944941;3944946;3944948;3944952;3944956;3944960;3944964;3944966;3944971;3944976;3944980;3944984;3944988;3944992;3944997;3945001;3945005;3945009;3945013;3945015;3945018;3945024;3945029;3945035;3945041;3945046;3945050;3945055;3945059;3945063;3945068;3945074;3945079;3945087;3945090;3945093;3945098,86,
PN1354,register_extract_2026-06-15,1354,8481176,DAMAC HILLS - SILVER SPRINGS,داماك هيلز - نوابض فضية,داماك كريسنت للعقارات (ش.ذ.م.م),damac,Al Hebiah Third,DAMAC HILLS,FINISHED,,0,163,0,0,530,46,6760235;6760236;6760238;6765676;6766355;6766356;6766357;6766358;6766359;6766360;6766361;6766362;6766363;6766364;6766365;6766366;6766367;6766368;6766369;6766370;6766371;6766372;6766373;6766374;6766375;6766376;6766377;6766378;6766379;6766380;6766381;6766382;6766383;6766384;6766385;6766386;6766387;6766388;6766389;6766390;6766391;6766392;6766393;6766394;6766395;6766396;6766397;6766398;6766399;6766400;6766401;6766402;6766403;6766404;6766405;6766406;6766407;6766408;6766409;6766410,167,
PN3581,register_extract_2026-06-15,3581,725644919,The Oasis - Palace Villas - Ostra,ذا اويسيس - بالاس فيلا - اوسترا,إعمار للتطوير (مساهمة عامة),emaar,Me'Aisem Second,,NOT_STARTED,,0,526,0,0,513,26,6862107;6862108;6862109;6862110;6862111;6862112;6862113;6862114;6862115;6862116;6862117;6862119;6862120;6862121;6862122;6862123;6862124;6862125;6862126;6862127;6862130;6862131;6862132;6862133;6862134;6862136;6862137;6862138;6862139;6862140;6862190;6862191;6862192;6862193;6862194;6862195;6862196;6862197;6862198;6862199;6862200;6862201;6862202;6862204;6862205;6862206;6862207;6862208;6862209;6862210;6862211;6862212;6862213;6862214;6862215;6862216;6862217;6862218;6862222;6862223,526,
PN3703,register_extract_2026-06-15,3703,746525960,Grand Polo - Montura 3,جراند بولو - مونتورا 3,إعمار للتطوير (مساهمة عامة),emaar,Dubai Investment Park Second,,NOT_STARTED,,0,219,0,0,224,17,5972997;5972998;5972999;5973000;5973001;5973002;5973004;5973005;5973006;5973007;5973008;5973009;5973010;5973011;5973012;5973013;5973014;5973016;5973017;5973018;5973019;5973020;5973021;5973022;5973024;5973025;5973026;5973027;5973028;5973030;5973031;5973032;5973033;5973035;5973036;5973037;5973038;5973039;5973040;5973042;5973043;5973044;5973045;5973046;5973047;5973048;5973049;5973050;5973051;5973052;5973053;5973054;5973055;5973058;5973059;5973060;5973061;5973064;5973065;5973066,219,
PN2292,register_extract_2026-06-15,2292,376287322,Sevilla Village,قرية سيفيليا,مدينة دبي الرياضية (ش. ذ. م. م),مدينه-دبي-الرياضيه,Al Hebiah Fourth,Dubai Sports City,FINISHED,,0,96,0,0,244,26,6822596;6822597;6822598;6822599;6822600;6822601;6822602;6822603;6822604;6822605;6822615;6822616;6822617;6822618;6822619;6822620;6822621;6822622;6822623;6822624;6822625;6822626;6822627;6822628;6822629;6822630;6822631;6822632;6822633;6822634;6822635;6822636;6822637;6822638;6822639;6822640;6822641;6822642;6822643;6822644;6822645;6822646;6822647;6822648;6822649;6822650;6822651;6822652;6822653;6822654;6822655;6822656;6822657;6822658;6822659;6822660;6822661;6822662;6822663;6822664,96,
PN1865,register_extract_2026-06-15,1865,50161514,DAMAC HILLS-VENETO,داماك هيلز - فينيتو,داماك كريسنت للعقارات (ش.ذ.م.م),damac,Al Hebiah Third,DAMAC HILLS,FINISHED,,0,101,0,0,226,19,6763060;6764843;6764844;6764845;6764846;6764847;6764848;6764849;6764850;6764851;6764852;6764853;6764854;6764856;6764857;6764858;6764861;6764862;6764863;6764864;6764865;6764866;6764867;6765577;6766641;6766642;6766643;6766645;6766647;6766648;6766649;6766650;6766651;6766652;6766653;6766654;6766655;6766656;6766657;6766658;6766659;6766660;6766661;6766662;6766663;6766665;6766666;6766667;6766668;6766669;6766672;6766691;6766692;6766693;6767544;6769529;6769530;6769532;6769533;6769534,101,
PN682,register_extract_2026-06-15,682,682,JUMEIRAH LAKE TOWERS,أبراج بحيرة الجميرا,مركز دبي للسلع المتعددة,مركز-دبي-للسلع-المتعدده,Al Thanyah Fifth,Jumeirah Lakes Towers,FINISHED,,0,0,0,0,0,0,5918393;5918395;5918397,3,
PN2874,register_extract_2026-06-15,2874,564143697,Haven By Aldar 2,جنان من الدار 2,دبي لاند (ش.ذ.م.م),دبي-لاند,Wadi Al Safa 5,,ACTIVE,,0,474,0,0,571,61,6484994;6484995;6484996;6484998;6485003;6485015;6485026;6485028;6485031;6485033;6485036;6485040;6485042;6485046;6485047;6485049;6485061;6485063;6485065;6485074;6485075;6485082;6485089;6485090;6485091;6485092;6485101;6485104;6485110;6485114;6485115;6485123;6485124;6485129;6485130;6485131;6485133;6485140;6485141;6485143;6485144;6485150;6485151;6485152;6485155;6485157;6485161;6485179;6485184;6485193;6485195;6485196;6485198;6485201;6485204;6485205;6485206;6485220;6485226;6485229,189,
PN2394,register_extract_2026-06-15,2394,416468963,Verdana (Phase 1),فيردانا (المرحلة الاول),شركة تطوير مجمع دبي للاستثمار (ذ. م. م),تطوير-مجمع-دبي-للاستثمار,Dubai Investment Park First,Dubai Investment Park First,ACTIVE,,0,178,0,0,186,22,5980350,1,
PN4113,register_extract_2026-06-15,4113,817932452,Palm Jebel Ali - The Beach and Coral Collection - Frond E,E نخلة جبل علي - ذا بيتش آند كورال كوليكشن - السعفة,شركة نخيل (ش.م.خ),nakheel,Palm Jabal Ali,Palm Jabal Ali,PENDING,,0,40,0,0,36,36,5012200;5012205;5012213;5012216;5012220;5012223;5012225;5012230;5012231;5012235;5012237;5012238;5012239;5012244;5012246;5012249;5012251;5012252;5012256;5012257;5012260;5012263;5012270;5012281;5012284;5012288;5012291;5012292;5012295;5012299;5012741;5012742;5012743;5012744;5012745;5012746;5012747;5012748;5012749;5012750,40,
PN2317,register_extract_2026-06-15,2317,382944106,DAMAC LAGOONS - SANTORINI (2),(2) داماك لاجونز - سانتوريني,واحة الجزيرة العقارية (ش.ذ.م.م),واحه-الجزيره-العقاريه,Al Hebiah Fifth,DAMAC Lagoons,ACTIVE,,0,388,0,0,801,218,6831034;6831037;6831038;6831039;6831043;6831045;6831046;6831047;6831052;6831053;6831056;6831058;6831059;6831060;6831062;6831067;6831069;6831070;6831073;6831074;6831077;6831080;6831081;6831082;6831086;6831087;6831088;6831091;6831095;6831096;6831098;6831101;6831102;6831105;6831108;6831114;6831120;6831123;6831219;6831220;6831221;6831222;6831224;6831231;6831232;6831235;6831236;6831237;6831240;6831243;6831244;6831246;6831249;6831250;6831251;6831254;6831255;6831256;6831258;6831262,388,
PN1577,register_extract_2026-06-15,1577,14229489,DAMAC HILLS (2) - ASTER,داماك هيلز ( 2 ) - أستر,شركة الخط الامامي لادارة الاستثمار ش.ذ.م.م,الخط-الامامي-لاداره-الاستثمار,Madinat Hind 4,DAMAC HILLS 2,FINISHED,,0,378,0,0,754,92,91410986;91410991;91410992;91410993;91410994;91410995;91410996;91410998;91410999;91411001;91411003;91411005;91411006;91411008;91411011;91411012;91411013;91411014;91411381;91411382;91411383;91411384;91411386;91411387;91411389;91411390;91411391;91411392;91411393;91411394;91411395;91411396;91411399;91411400;91411401;91411402;91411404;91411405;91411406;91411407;91411408;91411409;91411410;91411411;91411412;91411415;91411416;91411417;91412422;91412425;91412426;91412427;91412428;91412429;91412430;91412438;91412445;91412447;91412448;91412450,378,
PN3501,register_extract_2026-06-15,3501,707791722,DAMAC ISLANDS - MALDIVES 4,داماك ايلاندز - مالديفز 4,شركة داماك ايليت للاستثمار ذ.م.م,damac,Al Yelayiss 1,,ACTIVE,,0,284,0,0,623,23,9212708;9212709;9212741;9212749;9212779;9212780;9212781;9212806;9212807;9212808;9212842;9212844;9212896;9212924;9212951;9212957;9213040;9213041;9213086;9213134;9213136;9213160;9213231;9213287;9213307;9213308;9213331;9213357;9213364;9213406;9213407;9213429;9213431;9213453;9213454;9213485;9213507;9213508;9213534;9213536;9213558;9213559;9213560;9213590;9213619;9213664;9213711;9213720;9213760;9213761;9213762;9213775;9213776;9213795;9213813;9213823;9213871;9213880;9213924;9213926,324,
PN3347,register_extract_2026-06-15,3347,670663982,Palm Jebel Ali - Frond B,B نخلة جبل علي - السعفة,شركة نخيل (ش.م.خ),nakheel,Palm Jabal Ali,Palm Jabal Ali,ACTIVE,,0,78,0,0,82,4,5011561;5011564;5011565;5011568;5011569;5011571;5011573;5011575;5011576;5011579;5011580;5011582;5011586;5011589;5011592;5011594;5011595;5011598;5011599;5011600;5011601;5011602;5011603;5011604;5011605;5011606;5011607;5011608;5011609;5011610;5011611;5011612;5011614;5011615;5011616;5011617;5011618;5011619;5011620;5011622;5011623;5011624;5011625;5011626;5011628;5011629;5011632;5011633;5011635;5011637;5011639;5011641;5011643;5011644;5011646;5011647;5011648;5011649;5011650;5011651,78,
PN3405,register_extract_2026-06-15,3405,684039796,The Valley - Kaia,ذا فالي - كايا,إعمار للتطوير (مساهمة عامة),emaar,Al Yufrah 1,,NOT_STARTED,,0,156,0,0,161,5,9153487;9153488;9153489;9153490;9153491;9153492;9153493;9153494;9153495;9153496;9153497;9153498;9153499;9153500;9153501;9153502;9153503;9153504;9153505;9153506;9153507;9153508,22,
PN1373,register_extract_2026-06-15,1373,10069068,TEEMA 1 & TEEMA 2,تيما 1 أند تيما 2,اعمار بوادي (ذ م م),emaar,Al Yelayiss 4,,ACTIVE,,0,627,0,0,3,0,9247014;9247015;9247016;9247017;9247019;9247020;9247021;9247022;9247023;9247025;9247026;9247027;9247028;9247029;9247030;9247031;9247032;9247033;9247034;9247035;9247036;9247037;9247038;9247039;9247040;9247041;9247042;9247043;9247044;9247045;9247046;9247047;9247048;9247049;9247050;9247051;9247052;9247053;9247054;9247055;9247056;9247057;9247058;9247059;9247060;9247062;9247063;9247064;9247065;9247066;9247689;9249506;9249507;9249508;9249509;9249510;9249511;9249512;9249513;9249514,192,
PN3331,register_extract_2026-06-15,3331,668715456,Palm Jebel Ali - Frond A,A نخلة جبل علي - السعفه,شركة نخيل (ش.م.خ),nakheel,Palm Jabal Ali,Palm Jabal Ali,ACTIVE,,0,60,0,0,65,5,5011460;5011462;5011463;5011465;5011466;5011467;5011470;5011473;5011475;5011477;5011478;5011479;5011480;5011481;5011482;5011485;5011486;5011487;5011488;5011489;5011491;5011492;5011493;5011494;5011495;5011496;5011497;5011498;5011499;5011500;5011501;5011502;5011503;5011504;5011506;5011507;5011508;5011510;5011511;5011515;5011517;5011518;5011519;5011520;5011521;5011522;5011523;5011524;5011525;5011526;5011527;5011528;5011529;5011530;5011531;5011532;5011533;5011534;5011535;5011536,60,
PN3502,register_extract_2026-06-15,3502,707797288,DAMAC ISLANDS - MALDIVES 5,داماك ايلاندز - مالديفز 5,شركة داماك ايليت للاستثمار ذ.م.م,damac,Al Yelayiss 1,,ACTIVE,,0,144,0,0,161,15,92110027;9212693;9212789;9212818;9212872;9212899;9212915;9213003;9213016;9213020;9213021;9213067;9213068;9213113;9213188;9213313;9213487;9213488;9213511;9213512;9213537;9213596;9213636;9213647;9213692;9213845;9213848;9213894;9213895;9213927;9214030;9214107;9214123;9214201;9214224;9214383;9214411;9214435;9214436;9214484;9214519;9214536;9214580;9214625;9214716;9214799;9214804;9214893;9214958;9214959;9215010;9215058;9215082;9215154;9215216;9215262;9215265;9215337;9215363;9215368,155,
PN1900,register_extract_2026-06-15,1900,89674840,GOLF LINKS,جولف لينكس,إعمار دبي الجنوب دي دبليو سي ش.ذ.م.م,emaar,Madinat Al Mataar,Dubai World Central,FINISHED,,0,204,0,0,516,37,5213667;5213668;5213669;5213670;5213671;5213672;5213673;5213674;5213675;5213676;5213677;5213678;5213679;5213680;5213681;5213682;5213683;5213684;5213685;5213686;5213687;5213688;5213689;5213690;5213691;5213692;5213693;5213694;5213695;5213696;5213697;5213698;5213699;5213700;5213701;5213702;5213703;5213704;5213705;5213706;5213707;5213708;5213709;5213710;5213711;5213712;5213713;5213714;5213715;5213716;5213717;5213718;5213719;5213720;5213721;5213722;5213723;5213724;5213725;5213726,204,
PN1856,register_extract_2026-06-15,1856,47888826,ALandalus Townhouse,الأندلس تاون هاوس,عقارات جميرا جولف ش.ذ.م.م,عقارات-جميرا-جولف,Me'Aisem First,Jumeirah Golf Estates,FINISHED,,0,95,0,0,384,14,6859859;6859860;6859861;6859862;6859863;6859864;6859865;6859866;6859867;6859868;6859869;6859870;6859871;6859872;6859873;6859874;6859875;6859876;6859877;6859878;6859879;6859880;6859881;6859882;6859883;6859884;6859885;6859886;6859887;6859888;6859890;6859891;6859892;6859893;6859894;6859895;6859898;6859899;6859900;6859901;6859902;6859903;6859904;6859905;6859906;6859907;6859908;6859909;6859910;6859911;6859912;6859913;6859914;6859915;6859916;6859917;6859918;6859919;6859920;6859921,95,
PN3316,register_extract_2026-06-15,3316,662990398,Greenville,جرينفل,إعمار دبي الجنوب دي دبليو سي ش.ذ.م.م,emaar,Madinat Al Mataar,Dubai World Central,ACTIVE,,0,140,0,0,143,3,5211490;5211491;5211492;5211493;5211494;5211495;5211496;5211497;5211498;5211499;5211500;5211501;5211502;5211503;5211504;5211505;5211506;5211507;5211508;5211509;5211510;5211539;5211540;5211541;5211542;5211543;5211544;5211545;5211546;5211547;5211548;5211549;5211550;5211551;5211552,35,
PN2157,register_extract_2026-06-15,2157,248622120,Greenview,غرين فيو,إعمار دبي الجنوب دي دبليو سي ش.ذ.م.م,emaar,Madinat Al Mataar,Dubai World Central,FINISHED,,0,286,0,0,599,46,5211619;5211810;5211811;5211812;5211813;5211814;5211815;5211816;5211817;5211818;5211819;5211820;5211821;5211822;5211823;5211824;5211825;5211826;5211827;5211828;5211829;5211830;5211831;5211832;5211833;5211834;5211835;5211836;5211837;5211838;5211839;5211840;5211841;5211842;5211843;5211844;5211845;5211846;5211847;5211848;5211849;5211850;5211851;5211852;5211853;5211854;5211855,47,
PN2176,register_extract_2026-06-15,2176,272782953,La Rosa Phase 2,لاروزا المرحله الثانيه,دبي للعقارات (ش.ذ.م.م),dubai-properties,Wadi Al Safa 5,,FINISHED,,0,276,0,0,596,40,6481899;6481900;6481901;6481902;6481903;6481904;6481905;6481906;6481907;6481908;6481909;6481910;6481911;6481912;6481913;6481914;6481915;6481916;6481917;6481918;6481919;6481920;6481921;6481922;6481923;6481924;6481925;6481926;6481927;6481928;6481929;6481930;6481931;6481932;6481933;6481934;6481935;6481936;6481937;6481938;6481939;6481940;6481941;6481942;6481943;6481944;6481945;6481946;6481947;6481948;6481949;6481950;6481951;6481952;6481953;6481954;6481955,57,
PN2389,register_extract_2026-06-15,2389,413790387,DAMAC HILLS - CAVALLI ESTATES,داماك هيلز - كفالي ايستايتس,داماك كريسنت للعقارات (ش.ذ.م.م),damac,Al Hebiah Third,DAMAC HILLS,ACTIVE,,0,41,0,0,52,10,67610181;67610191;67610736;67610737;67610738;67610739;67610741;67610742;67610743;67610744;67610745;67610749;67610750;67610751;67610752;67610753;67610754;67610755;67610757;67610758;67610759;67610760;67610761;67610764;67610766;67610767;67610770;67610772;67610773;67610776;67610777;67610779;67610784;67610786;67610787;67610788;67610789;67610791;67610792;67610793;6763050,41,
PN1498,register_extract_2026-06-15,1498,12131574,SHAMAL TERRACES 4,شمال تراس 4,قرية جميرا (ش.ذ.م.م),قريه-جميرا,Al Barsha South Fourth,Jumeirah Village Circle,FINISHED,,0,9,0,0,43,1,6817178,1,
PN1625,register_extract_2026-06-15,1625,15849291,ARTISTIC VILLAS,أرتستك فيلا,شركة نخيل (ش.م.خ),nakheel,Al Barsha South Fourth,Jumeirah Village Circle,FINISHED,,0,12,0,0,47,3,6817400,1,
PN1429,register_extract_2026-06-15,1429,1429,DIAMOND VIEWS 3 - VILLAS A,إطلالات ماسية 3 - الفيلات أ,قرية جميرا (ش.ذ.م.م),قريه-جميرا,Al Barsha South Fourth,Jumeirah Village Circle,FINISHED,,0,13,0,0,62,4,6816357,1,
PN1095,register_extract_2026-06-15,1095,1095,MIRABELLA 8,ميرابيلا 8,قرية جميرا (ش.ذ.م.م),قريه-جميرا,Al Barsha South Fourth,Jumeirah Village Circle,FINISHED,,0,18,0,0,109,4,6816370,1,
PN1460,register_extract_2026-06-15,1460,1460,DUBAI MARINA MALL,دبي مارينا مول,اعمار العقارية (ش . م. ع),emaar,Marsa Dubai,Dubai Marina,FINISHED,650,3,3,442,650,1988,67,3920479,1,1256116189
PN2297,register_extract_2026-06-15,2297,376856172,Azizi Riviera Beachfront,عزيزي ريفييرا  بيتش فرونت,مجموعة ميدان (ش.ذ.م.م),meydan,Al Merkadh,Meydan One Community,ACTIVE,609,4,4,0,609,556,123,3470173,1,25870152;616404425;657852177;972285499
PN3554,register_extract_2026-06-15,3554,718739181,Lumiere Heights,لوميير هايتس,دبي للعقارات (ش.ذ.م.م),dubai-properties,Al Jadaf,Jaddaf Waterfront,NOT_STARTED,124,1,1,0,124,107,5,3260883,1,843339177
PN687,register_extract_2026-06-15,687,687,ALSHERA TOWER,برج الشراع,شركة نخيل (ش.م.خ),nakheel,Al Thanyah Fifth,Jumeirah Lakes Towers,FINISHED,253,1,1,241,253,924,26,3930953,1,1815863895
PN1637,register_extract_2026-06-15,1637,16553236,TOWN SQUARE ZAHRA,تاون سكوير الزهراء,نشمي ديفلوبمنت ش.ذ.م.م,nshama,Al Yelayiss 2,TOWN SQUARE,FINISHED,1197,8,328,1164,1207,3814,295,9220202;9220203;9220204;9220206;9220207;9220208;9220209;9220210;9220212;9220213;9220214;9220216;9220217;9220218;9220219;9220220;9220221;9220222;9220224;9220225;9220226;9220227;9220229;9220230;9220231;9220232;9220233;9220234;9220235;9220236;9220237;9220239;9220240;9220241;9220243;9220244;9220245;9220247;9228903;9228911;9229042,41,1213834167
PN2126,register_extract_2026-06-15,2126,221706557,Azizi Riviera 48,عزيزي ريفيرا 48,مجموعة ميدان (ش.ذ.م.م),meydan,Al Merkadh,Meydan One Community,FINISHED,335,1,1,0,335,441,41,3475041,1,1685353470
PN1224,register_extract_2026-06-15,1224,1224,QPOINT LIWAN-PLOT R070,كيو بوينت ليوان -PLOT R070,رمرام ش.ذ.م.م,رمرام,Wadi Al Safa 2,Liwan1,FINISHED,61,1,1,61,61,214,9,6437597,1,
PN1633,register_extract_2026-06-15,1633,16471116,ACACIA AT PARK HEIGHTS,أكاسيا أت بارك هايتس,دبي هيلز استيت ش.ذ.م.م,dubai-hills-estate,Hadaeq Sheikh Mohammed Bin Rashid,Dubai Hills Estate,FINISHED,867,6,6,537,908,1289,74,6311103;6316286;6316548,3,1512436715
PN2767,register_extract_2026-06-15,2767,535309304,THE RINGS,الخواتم,مراس العقارية (ش.ذ.م.م),meraas,Jumeirah Second,Dubai Water Canal,ACTIVE,13,2,2,0,13,6,1,3420569,1,
PN1308,register_extract_2026-06-15,1308,1308,WESTBURRY TOWER,برج وستبيري,الخليج التجاري (ش.ذ.م.م),الخليج-التجاري,Business Bay,Business Bay,FINISHED,280,1,1,0,280,682,39,3460518,1,2094514634
PN2976,register_extract_2026-06-15,2976,589672378,Verdana Residence 2,فيردانا ريزيدانس 2,شركة تطوير مجمع دبي للاستثمار (ذ. م. م),تطوير-مجمع-دبي-للاستثمار,Dubai Investment Park First,Dubai Investment Park First,ACTIVE,239,1,1,0,239,139,74,5980359,1,
PN3745,register_extract_2026-06-15,3745,755968043,Akala Hotels and Residences,فنادق ومساكن أكالا,اراد للتطوير ذ م م للشخص الواحد,arada,Zaabeel Second,Dubai International Financial Center,NOT_STARTED,546,2,2,0,546,191,122,3370589,1,
PN2368,register_extract_2026-06-15,2368,402711616,1 Residences,1 ريزيدنسيز,بارك 1 ش.ذ.م.م,بارك-1,Al Kifaf,Wasl 1,FINISHED,758,2,2,0,793,1539,147,3246445,1,
PN4037,register_extract_2026-06-15,4037,801710051,THE HIGHGROVE,ذا هاي غروف,مجموعة ميدان (ش.ذ.م.م),meydan,Bukadra,,NOT_STARTED,296,1,1,0,296,231,213,6117262,1,
PN300,register_extract_2026-06-15,300,300,UPPER CREST,قمة القمة,اعمار العقارية (ش . م. ع),emaar,Burj Khalifa,DownTown Dubai,FINISHED,397,1,1,0,397,754,36,3450392,1,65947935
PN1827,register_extract_2026-06-15,1827,40977243,LIV RESIDENCE,ليف رسيدنس,مرسى دبي المرحلة الاولى (ش.ذ.م.م),مرسي-دبي-المرحله-الاولي,Marsa Dubai,Dubai Marina,FINISHED,190,1,1,182,199,388,14,3920576,1,
PN1405,register_extract_2026-06-15,1405,11463005,Boulevard Point,بوليفارد بوينت,اعمار العقارية (ش . م. ع),emaar,Burj Khalifa,DownTown Dubai,FINISHED,449,1,1,449,449,1144,71,3456903,1,1678678024
PN1372,register_extract_2026-06-15,1372,10068302,THE ADDRESS RESIDENCE FOUNTAIN VIEWS III,ذا أدريس ريزيدنس فاونتن فيوز III,اعمار العقارية (ش . م. ع),emaar,Burj Khalifa,DownTown Dubai,FINISHED,212,1,1,0,212,548,37,3456903,1,
PN2851,register_extract_2026-06-15,2851,557401358,Saba 4,سبا 4,مركز دبي للسلع المتعددة,مركز-دبي-للسلع-المتعدده,Al Thanyah Fifth,Jumeirah Lakes Towers,ACTIVE,547,1,1,0,547,267,72,3936056,1,1768260194
PN2369,register_extract_2026-06-15,2369,403160353,Jadeel -Madinat Jumeirah Living,جديل - مدينة جميرا ليفينج,جميرا هيلز ديفيلوبمنت ش.ذ.م.م,جميرا-هيلز-ديفيلوبمنت,Um Suqaim Third,,FINISHED,276,3,3,0,276,543,58,3660774,1,
PN2990,register_extract_2026-06-15,2990,594382651,MERCER HOUSE,ميرسر هاوس,مركز دبي للسلع المتعددة,مركز-دبي-للسلع-المتعدده,Al Thanyah Fifth,DMCC-EZ1,ACTIVE,610,2,2,0,610,567,71,3934262,1,116493564;439695008
PN975,register_extract_2026-06-15,975,975,REMRAAM,رمرام,رمرام ش.ذ.م.م,رمرام,Al Hebiah Fifth,Remraam,FINISHED,11444,199,197,7324,11444,11767,469,6457890;6830847;6830863;6831927;6832004;6832008;6832009;6832010,8,148017761
PN461,register_extract_2026-06-15,461,461,SABA TOWER 1,سابا تاور 1,مركز دبي للسلع المتعددة,مركز-دبي-للسلع-المتعدده,Al Thanyah Fifth,Jumeirah Lakes Towers,FINISHED,188,1,1,0,188,547,20,3930952,1,741511564
PN140,register_extract_2026-06-15,140,140,THE SPIRIT,سبريت,مدينة دبي الرياضية (ش. ذ. م. م),مدينه-دبي-الرياضيه,Al Hebiah Fourth,Dubai Sports City,FINISHED,386,1,1,386,386,631,26,6820141,1,1211360061
PN1720,register_extract_2026-06-15,1720,27878742,NO. 6A AND NO.6B CITYWALK RESIDENTIAL,نو.6 إيه، نو.6 بي سيتي ووك ريزيدينشال,سيتي ووك ريزيدينشال 1 ش.ذ.م.م,سيتي-ووك-ريزيدينشال-1,Al Wasl,City Walk,FINISHED,68,2,2,59,68,376,11,3439447,1,337407113
PN1798,register_extract_2026-06-15,1798,33701278,SOBHA HARTLAND GREENS PHASE II,II شوبا هارتلاند جرينز فيس,شوبا ش.ذ.م.م,sobha,Al Merkadh,SOBHA HARTLAND,FINISHED,354,2,2,341,365,686,63,3473283,1,1403123164;1836449107
PN418,register_extract_2026-06-15,418,418,WATER'S EDGE,وتر إيدح,الخليج التجاري (ش.ذ.م.م),الخليج-التجاري,Business Bay,Business Bay,FINISHED,222,1,1,201,222,488,25,3460726,1,1005620068
PN1724,register_extract_2026-06-15,1724,27987049,NB RESIDENCES,ان بي ريزيدنسس,بي جي هوتيل ريزيدينشال ش.ذ.م.م,بي-جي-هوتيل-ريزيدينشال,Jumeirah First,Pearl Jumeira,FINISHED,65,3,3,63,65,143,9,3324618,1,
PN1456,register_extract_2026-06-15,1456,1456,MARINA QUAYS,أرصفة مارينا,اعمار العقارية (ش . م. ع),emaar,Marsa Dubai,Dubai Marina,FINISHED,450,7,7,449,450,1644,56,3920581,1,45966863
PN2625,register_extract_2026-06-15,2625,86837684,CANAL CROWN,قنال كراون,الخليج التجاري (ش.ذ.م.م),الخليج-التجاري,Business Bay,Business Bay,ACTIVE,327,1,1,0,327,346,24,3460628,1,
PN2194,register_extract_2026-06-15,2194,287025096,THE HAVEN,ذا هيفين,ليوان(ش.ذ.م.م.),ليوان,Wadi Al Safa 3,Majan,FINISHED,326,2,2,0,326,629,228,6456299,1,1736874965;41631536
PN260,register_extract_2026-06-15,260,260,THE POINT,ذا بوينت,اعمار العقارية (ش . م. ع),emaar,Marsa Dubai,Dubai Marina,FINISHED,193,1,1,188,193,834,35,3920393,1,1258227541
PN2560,register_extract_2026-06-15,2560,475241731,Viewz 2 By Danube,فيوز2 من دانوب,مركز دبي للسلع المتعددة,مركز-دبي-للسلع-المتعدده,Al Thanyah Fifth,Jumeirah Lakes Towers,ACTIVE,564,1,1,0,564,622,35,3935988,1,
PN3613,register_extract_2026-06-15,3613,733570728,Azizi Riviera 49,عزيزي ريفيرا 49,مجموعة ميدان (ش.ذ.م.م),meydan,Al Merkadh,Meydan One Community,ACTIVE,234,1,1,0,234,77,76,3475079,1,33755710
PN2723,register_extract_2026-06-15,2723,521898573,THE MAYFAIR,ذا ميفير,نشاما للعقارات لمالكها نشمي ديفلوبمنت شركة الشخص الواحد ش.ذ.م.م,nshama,Al Yelayiss 2,TOWN SQUARE,ACTIVE,242,1,1,0,242,326,61,9229113,1,260844498
PN2714,register_extract_2026-06-15,2714,518630201,VITA GRANDE BY METEORA,فيتا غراندي باي ميتيورا,قرية جميرا (ش.ذ.م.م),قريه-جميرا,Al Barsha South Fourth,Jumeirah Village Circle,ACTIVE,121,1,1,0,121,117,11,6817750,1,
PN609,register_extract_2026-06-15,609,609,CORAL INTERNATIONAL HOTEL APARTMENT,كورال إنترناشونال هوتل أبارتمنت,مدينة دبي الرياضية (ش. ذ. م. م),مدينه-دبي-الرياضيه,Al Hebiah Fourth,Dubai Sports City,FINISHED,304,1,1,304,304,278,133,6820118,1,588637577
PN1816,register_extract_2026-06-15,1816,35972254,"The St. Regis Residences, Downtown Dubai",ذا سانت ريجيز ريزيدنسز، داون تاون دبي,اعمار العقارية (ش . م. ع),emaar,Burj Khalifa,DownTown Dubai,ACTIVE,1108,3,3,0,1108,1597,153,3456900,1,672884919
PN2459,register_extract_2026-06-15,2459,440141589,CAVALLI COUTURE,كفالي كوتور,مراس العقارية (ش.ذ.م.م),meraas,Al Wasl,Dubai Water Canal,ACTIVE,95,2,2,0,95,36,8,3435540,1,1813007203
PN845,register_extract_2026-06-15,845,845,ESCAN MARINA TOWER,اسكان مارينا تاور,اعمار العقارية (ش . م. ع),emaar,Marsa Dubai,Dubai Marina,FINISHED,334,1,1,332,334,986,45,3920434,1,495128763
PN732,register_extract_2026-06-15,732,732,ORRA MARINA,أورا مارينا,اعمار العقارية (ش . م. ع),emaar,Marsa Dubai,Dubai Marina,FINISHED,195,1,1,190,195,790,51,3920445,1,1504566724
PN3816,register_extract_2026-06-15,3816,770423211,Velos Residence,فيلوس ريزيدنس,الاتحاد العقارية (شركة مساهمة عامة),union-properties,Al Hebiah First,Motor City,NOT_STARTED,413,1,1,0,413,109,107,6740323,1,1087372005
PN1151,register_extract_2026-06-15,1151,1151,BURJ DUBAI,برج دبي,اعمار العقارية (ش . م. ع),emaar,Burj Khalifa,Burj Khalifa,FINISHED,28,2,2,28,28,1,0,3450401;3450429;3450859;3457554,4,1537812885;949382216
PN3619,register_extract_2026-06-15,3619,733594308,Azizi Riviera 62,عزيزي ريفيرا 62,مجموعة ميدان (ش.ذ.م.م),meydan,Al Merkadh,Meydan One Community,PENDING,112,1,1,0,112,2,1,3475089,1,1377231749
PN1072,register_extract_2026-06-15,1072,1072,INDIGO TOWER,إنديجو تاور,دبي لاند ريزيدنسز (ش.ذ.م.م),دبي-لاند-ريزيدنسز,Wadi Al Safa 5,Dubai Land Residence Complex,FINISHED,136,1,1,136,136,335,21,6488580,1,1174108938
PN2153,register_extract_2026-06-15,2153,247112948,Port de La Mer - Le Pont,لو بون - بورت دو لامير,مراس العقارية (ش.ذ.م.م),meraas,Jumeirah First,LA MER,FINISHED,155,3,3,0,159,441,28,3320322,1,
PN448,register_extract_2026-06-15,448,448,CAPITAL BAY  A,كابيتال باي أ,الخليج التجاري (ش.ذ.م.م),الخليج-التجاري,Business Bay,Business Bay,FINISHED,177,0,0,0,0,499,22,3466872,1,
PN4033,register_extract_2026-06-15,4033,800360525,BELMORE RESIDENCES,بيلمور ريزيدنسز,مجموعة ميدان (ش.ذ.م.م),meydan,Bukadra,,NOT_STARTED,214,1,1,0,214,190,145,6110305,1,
PN3637,register_extract_2026-06-15,3637,736946243,VOLANTE 2,فولنتيه 2,دى اتش ايه ام منطقه حره - ذ.م.م,دي-اتش-ايه-ام,Business Bay,Business Bay,FINISHED,52,1,1,0,52,63,61,3460544,1,
PN1137,register_extract_2026-06-15,1137,1137,OLYMPIC PARK 6,أوليمبك بارك 6,مدينة دبي الرياضية (ش. ذ. م. م),مدينه-دبي-الرياضيه,Al Hebiah Fourth,Dubai Sports City,FINISHED,154,1,1,154,154,1,0,6821385,1,
PN119,register_extract_2026-06-15,119,119,APEX ATRIUM,أبيكس أتريوم,الاتحاد العقارية (شركة مساهمة عامة),union-properties,Al Hebiah First,Motor City,FINISHED,73,1,1,0,73,68,2,6740226,1,236106156
PN2576,register_extract_2026-06-15,2576,480813729,Park Views Residences B,B بارك فيوز ريزيدنسيز,بارك 1 ش.ذ.م.م,بارك-1,Al Kifaf,Wasl 1,ACTIVE,476,1,1,0,476,495,40,3246447,1,
PN4036,register_extract_2026-06-15,4036,800949600,RIVERTON HOUSE,ريفيرتون هاوس,مجموعة ميدان (ش.ذ.م.م),meydan,Bukadra,,PENDING,151,0,1,0,151,76,73,6117278,1,
PN880,register_extract_2026-06-15,880,880,DURAR1,دورار 1,دبي لاند ريزيدنسز (ش.ذ.م.م),دبي-لاند-ريزيدنسز,Wadi Al Safa 5,Dubai Land Residence Complex,FINISHED,241,2,2,236,241,304,41,6488675,1,1160220056;778382993
PN2653,register_extract_2026-06-15,2653,502331141,VELA by OMNIYAT,فَلّا من أمنيات,الخليج التجاري (ش.ذ.م.م),الخليج-التجاري,Business Bay,Business Bay,ACTIVE,39,1,1,0,39,30,3,3460672,1,
PN1016,register_extract_2026-06-15,1016,387696519,Jumeirah Living Marsa Al Arab,,مرسى العرب ريزدنسز ش.ذ.م.م,مرسي-العرب-ريزدنسز,Um Suqaim Third,,FINISHED,31,2,2,0,31,29,0,3660492;3660881,2,
PN1808,register_extract_2026-06-15,1808,34220649,URBANA,إربانا,مؤسسه مدينه دبى للطيران,موسسه-مدينه-دبي-للطيران,Madinat Al Mataar,Dubai World Central,FINISHED,324,46,46,324,324,775,54,5211608,1,
PN2318,register_extract_2026-06-15,2318,383010468,Peninsula Two,بينينسولا تو,الخليج التجاري (ش.ذ.م.م),الخليج-التجاري,Business Bay,Business Bay,ACTIVE,462,1,1,0,462,808,99,3460186,1,212698616
PN4046,register_extract_2026-06-15,4046,803278587,Rise by Athlon 3,رايز من أثلون 3,دبي لاند (ش.ذ.م.م),دبي-لاند,Wadi Al Safa 5,,NOT_STARTED,120,2,2,0,120,113,113,64810201,1,1012960764;484325646
PN2477,register_extract_2026-06-15,2477,445588891,Luxury Family Residence III,III لوكجري فاميلي ريزيدنس,الخليج التجاري (ش.ذ.م.م),الخليج-التجاري,Business Bay,Business Bay,ACTIVE,72,1,1,0,72,24,3,3460660,1,
PN2312,register_extract_2026-06-15,2312,381608826,Taraf 2 Residence,,قرية جميرا (ش.ذ.م.م),قريه-جميرا,Al Barsha South Fifth,Jumeirah Village Triangle,FINISHED,94,1,1,0,95,146,12,6849749,1,642576335
PN170,register_extract_2026-06-15,170,170,S.P. RESIDENCE,اس بي ريزدنس,شركة نخيل (ش.م.خ),nakheel,Warsan Fourth,International City Phase 3,FINISHED,71,1,1,66,71,3,0,6241205,1,
PN2513,register_extract_2026-06-15,2513,457773807,Seascape,سي سكيب,ميناء راشد العقارية ش.ذ.م.م,ميناء-راشد-العقاريه,Madinat Dubai Almelaheyah,Mina Rashid,ACTIVE,395,4,4,0,395,538,81,3210344,1,121075870;1638171150;2098721944;959329770
PN2619,register_extract_2026-06-15,2619,493555992,Biltmore Sufouh,بلتمور صفوح,دى اتش ايه ام منطقه حره - ذ.م.م,دي-اتش-ايه-ام,Al Safouh First,Sufouh Gardens,ACTIVE,477,1,1,0,477,354,97,3720562,1,
PN3766,register_extract_2026-06-15,3766,759311429,VISTARA HOUSE 2,فيستارا هاوس 2,شركة نخيل (ش.م.خ),nakheel,Jabal Ali First,Al Furjan,NOT_STARTED,82,1,1,0,82,46,27,5912280,1,
PN2339,register_extract_2026-06-15,2339,390878672,Catch Residences By IGO,كاتش ريزدنسز باي أي جي أو,قرية جميرا (ش.ذ.م.م),قريه-جميرا,Al Barsha South Fourth,Jumeirah Village Circle,FINISHED,140,1,1,0,140,306,28,6816733,1,1988483770
PN910,register_extract_2026-06-15,910,910,LE PRESIDIUM,لي بريزديم,سلطة دبي للمناطق الإقتصادية المتكاملة,سلطه-دبي-للمناطق-الاقتصاديه-المتكامله,Nadd Hessa,Silicon Oasis,FINISHED,200,2,2,198,200,522,18,6261978,1,248131383
PN3842,register_extract_2026-06-15,3842,776494033,ALTA VIEW SKYHOMES,ألتا فيو سكاي هومز,شركة نخيل (ش.م.خ),nakheel,Al Barsha South Fourth,Jumeirah Village Circle,NOT_STARTED,507,1,1,0,507,230,192,6816247,1,1262296775
PN2795,register_extract_2026-06-15,2795,541503096,Vida Residences Dubai Hills Estate,فيدا رزيدنسزدبي هيلز استيت,دبي هيلز استيت ش.ذ.م.م,dubai-hills-estate,Hadaeq Sheikh Mohammed Bin Rashid,Dubai Hills Estate,ACTIVE,217,1,1,0,217,242,16,6319005,1,
PN4045,register_extract_2026-06-15,4045,803277746,Rise by Athlon 2,رايز من أثلون 2,دبي لاند (ش.ذ.م.م),دبي-لاند,Wadi Al Safa 5,,NOT_STARTED,407,2,2,0,407,303,303,64810337,1,115452398;1367151131
PN1119,register_extract_2026-06-15,1119,1119,EMIRATES GARDEN 2 (MAPLE- MAGNOLA - MULBERRY),حديقة الإمارات 2 (القيقب - ماجنولا - التوت),شركة نخيل (ش.م.خ),nakheel,Al Barsha South Fourth,Jumeirah Village Circle,FINISHED,189,2,2,186,189,674,31,6817257,1,
PN3651,register_extract_2026-06-15,3651,739859851,Reef 998,ريف 998,دبي لاند ريزيدنسز (ش.ذ.م.م),دبي-لاند-ريزيدنسز,Wadi Al Safa 5,Dubai Land Residence Complex,NOT_STARTED,339,1,1,0,339,283,216,6488525,1,46637400
PN2888,register_extract_2026-06-15,2888,569326006,Lucky Oasis Residence,لكي اويسس ريسيدنس,قرية جميرا (ش.ذ.م.م),قريه-جميرا,Al Barsha South Fourth,Jumeirah Village Circle,ACTIVE,144,1,1,0,144,125,29,6816501,1,1575823638
PN1505,register_extract_2026-06-15,1505,12496126,GHALIA,غالية,قرية جميرا (ش.ذ.م.م),قريه-جميرا,Al Barsha South Fourth,Jumeirah Village Circle,FINISHED,743,1,1,0,743,1344,84,6817798,1,534543454
PN2998,register_extract_2026-06-15,2998,595132814,Casa Vista Residence By Golden Woods,كاسا فيستا رسيدانس بجوادن وودز,قرية جميرا (ش.ذ.م.م),قريه-جميرا,Al Barsha South Fourth,Jumeirah Village Circle,ACTIVE,90,1,1,0,90,82,31,6816498,1,
PN774,register_extract_2026-06-15,774,774,SILICON GATE 1,بوابة السيليكون 1,سلطة دبي للمناطق الإقتصادية المتكاملة,سلطه-دبي-للمناطق-الاقتصاديه-المتكامله,Nadd Hessa,Silicon Oasis,FINISHED,888,1,1,865,888,2875,101,6262542,1,109380911
PN2646,register_extract_2026-06-15,2646,499917198,BAYVIEW,باي فيو,إعمار للتطوير (مساهمة عامة),emaar,Marsa Dubai,Dubai Harbour,ACTIVE,690,3,3,0,690,728,47,3927068,1,1825431012;2018431490;909555225
PN2518,register_extract_2026-06-15,2518,458927970,Luma22,لوما22,قرية جميرا (ش.ذ.م.م),قريه-جميرا,Al Barsha South Fourth,Jumeirah Village Circle,FINISHED,407,2,2,0,415,623,35,6816189,1,1974690832
PN2728,register_extract_2026-06-15,2728,523735283,Parkside Views,باركسايد فيوز,دبي هيلز استيت ش.ذ.م.م,dubai-hills-estate,Hadaeq Sheikh Mohammed Bin Rashid,Dubai Hills Estate,ACTIVE,389,1,1,0,389,471,56,6310191,1,1643510456
PN4022,register_extract_2026-06-15,4022,798070802,Coventry Residence,كوفنتري ريزيدنس,دى اتش ايه ام منطقه حره - ذ.م.م,دي-اتش-ايه-ام,Saih Shuaib 2,,PENDING,163,1,1,0,163,8,5,5310388,1,
PN3099,register_extract_2026-06-15,3099,614152458,One By Nine,ون باي نائن,شمال العقارية ش.ذ.م.م,شمال-العقاريه,Nad Al Shiba First,Nad Al Sheba Gardens,ACTIVE,46,1,1,0,46,13,6,6185436,1,
PN2753,register_extract_2026-06-15,2753,533591180,ALBA,ألبا,ليوان(ش.ذ.م.م.),ليوان,Wadi Al Safa 2,Liwan2,ACTIVE,22,1,1,0,22,15,7,6439804,1,
PN3155,register_extract_2026-06-15,3155,627661891,Time 3,تايم 3,دبي لاند ريزيدنسز (ش.ذ.م.م),دبي-لاند-ريزيدنسز,Wadi Al Safa 5,Dubai Land Residence Complex,ACTIVE,288,1,1,0,288,264,13,6488710,1,999169169
PN2556,register_extract_2026-06-15,2556,474338499,Erin,إرين,مراس العقارية (ش.ذ.م.م),meraas,Al Wasl,City Walk,ACTIVE,200,1,1,0,200,281,55,3431213,1,1132884009
PN3336,register_extract_2026-06-15,3336,669517874,Lacina,لاسينا,ماجد الفطيم لتشغيل مشاريع المدن المتكاملة الاماراتية ش.ذ.م.م,ماجد-الفطيم-لتشغيل-مشاريع-المدن-المتكامله-الاماراتيه,Wadi Al Safa 4,,NOT_STARTED,324,3,3,0,324,330,12,6460147,1,1899429986;369363548;996549396
PN3000,register_extract_2026-06-15,3000,595937071,FIA,فيا,نشاما للعقارات لمالكها نشمي ديفلوبمنت شركة الشخص الواحد ش.ذ.م.م,nshama,Al Yelayiss 2,TOWN SQUARE,ACTIVE,192,1,1,0,192,194,8,92225669,1,
PN3292,register_extract_2026-06-15,3292,658564635,Manam Prime,منام برايم,مؤسسه مدينه دبى للطيران,موسسه-مدينه-دبي-للطيران,Madinat Al Mataar,Dubai South Residential District,FINISHED,40,1,1,0,40,49,8,5213010,1,
PN1147,register_extract_2026-06-15,1147,1147,TWO TOWERS,تو تاورز,تيكوم للإستثمارات منطقة حرة- ذ.م.م,تيكوم-للاستثمارات,Al Thanyah First,Barsha Heights,FINISHED,292,2,2,0,292,446,48,3830278,1,
PN2842,register_extract_2026-06-15,2842,555152114,DEANSGATE by ADE,دينزجيت بواسطة ايه دي اي,ليوان(ش.ذ.م.م.),ليوان,Wadi Al Safa 3,Majan,ACTIVE,87,1,1,0,87,107,20,6457810,1,711400558
PN3359,register_extract_2026-06-15,3359,675165555,77 Boulevard By Bam,77 بوليفارد بواسطة بام,قرية جميرا (ش.ذ.م.م),قريه-جميرا,Al Barsha South Fourth,Jumeirah Village Circle,NOT_STARTED,58,1,1,0,58,5,0,6817214,1,1778032343
PN3556,register_extract_2026-06-15,3556,719401241,Trussardi Residences 2,تروساردي ريزيدنسز 2,شركة نخيل (ش.م.خ),nakheel,Jabal Ali First,Discovery Gardens,NOT_STARTED,389,2,2,0,389,83,61,59110355,1,1886288672;674163063
PN3460,register_extract_2026-06-15,3460,696577409,Sunset Bay One By Imtiaz,صن ست باي وان من امتياز,النخلة  - ديره (ش.ذ.م.م),nakheel,Palm Deira,Palm Deira,ACTIVE,66,1,1,0,66,68,8,1010440,1,487685475
PN1920,register_extract_2026-06-15,1920,98332930,Empire Residence,امباير ريزدنس,قرية جميرا (ش.ذ.م.م),قريه-جميرا,Al Barsha South Fourth,Jumeirah Village Circle,FINISHED,151,1,1,0,151,205,22,6817737,1,2012712051
PN3015,register_extract_2026-06-15,3015,599622484,Milestone Residences,مايلستون ريزيدنسز,قرية جميرا (ش.ذ.م.م),قريه-جميرا,Al Barsha South Fifth,Jumeirah Village Triangle,ACTIVE,53,1,1,0,53,118,76,6849618,1,
PN1636,register_extract_2026-06-15,1636,16544176,THE ANWA BY OMNIYAT,,مدينة دبي الملاحية م م ح,مدينه-دبي-الملاحيه,Madinat Dubai Almelaheyah,Dubai Maritime City,FINISHED,233,1,1,0,245,510,51,3210242,1,
PN3087,register_extract_2026-06-15,3087,611956628,Samana Lake Views 2,سامانا ليك فيوز 2,دى اتش ايه ام منطقه حره - ذ.م.م,دي-اتش-ايه-ام,Me'Aisem First,International Media Production Zone,ACTIVE,548,1,1,0,548,555,32,6854333,1,121609790
PN3313,register_extract_2026-06-15,3313,662130902,AG ARK TOWER,برج ايه جي أرك,دبي لاند ريزيدنسز (ش.ذ.م.م),دبي-لاند-ريزيدنسز,Wadi Al Safa 5,Dubai Land Residence Complex,ACTIVE,189,1,1,0,189,184,19,6488654,1,
PN3278,register_extract_2026-06-15,3278,654851870,Terra Tower,برج تيرا,دبي لاند ريزيدنسز (ش.ذ.م.م),دبي-لاند-ريزيدنسز,Wadi Al Safa 5,Dubai Land Residence Complex,NOT_STARTED,366,1,1,0,366,319,83,6488529,1,1538743588
PN1810,register_extract_2026-06-15,1810,35224499,Azizi Farishta Residence,عزيزي فاريشتا ريزيدنس,الفرجان ( ش.ذ.م.م ),الفرجان,Jabal Ali First,Al Furjan,FINISHED,295,1,1,284,298,512,42,5912307,1,1882306615
PN4126,register_extract_2026-06-15,4126,820246620,Symbolic Altus,سيمبوليك آلتوس,ليوان(ش.ذ.م.م.),ليوان,Wadi Al Safa 2,Liwan1,PENDING,108,1,1,0,108,46,42,6437619,1,
PN3071,register_extract_2026-06-15,3071,610426653,Samana Lake Views,سامانا ليك فيوز,دى اتش ايه ام منطقه حره - ذ.م.م,دي-اتش-ايه-ام,Me'Aisem First,International Media Production Zone,ACTIVE,451,1,1,0,451,462,12,6854310,1,
PN2406,register_extract_2026-06-15,2406,419746957,Palm Beach Towers -1,بالم بيتش تاورز-1,شركة نخيل (ش.م.خ),nakheel,Palm Jumeirah,Palm Jumeirah,ACTIVE,284,2,2,0,284,391,33,3812392,1,
PN3113,register_extract_2026-06-15,3113,618385227,Blossom 76 by Tranquil,بلوسم 76 من ترانقويل,شركة نخيل (ش.م.خ),nakheel,Al Barsha South Fourth,Jumeirah Village Circle,ACTIVE,113,1,1,0,113,79,49,6817756,1,365510406
PN3671,register_extract_2026-06-15,3671,741810466,Cotier House 2 By Imtiaz,كوتير هاوس 2 من امتياز,شركة نخيل (ش.م.خ),nakheel,Palm Deira,Palm Deira,NOT_STARTED,128,1,1,0,128,112,28,1010578,1,851479120
PN2911,register_extract_2026-06-15,2911,574528300,ROSALIA RESIDENCES,روزاليا ريزيدنسز,الفرجان ( ش.ذ.م.م ),الفرجان,Jabal Ali First,Al Furjan,ACTIVE,118,1,1,0,118,126,5,5913025,1,628746805
PN2930,register_extract_2026-06-15,2930,577999742,Edgewater Residences,مساكن ايدج ووتر,شركة نخيل (ش.م.خ),nakheel,Palm Deira,Palm Deira,ACTIVE,79,1,1,0,79,74,8,1010351,1,354992961
PN213,register_extract_2026-06-15,213,213,PALACE TOWER,برج القصر,سلطة دبي للمناطق الإقتصادية المتكاملة,سلطه-دبي-للمناطق-الاقتصاديه-المتكامله,Nadd Hessa,Silicon Oasis,FINISHED,597,3,3,425,597,2107,67,6262179,1,163917952
PN1752,register_extract_2026-06-15,1752,29846448,CRYSTAL RESIDENCE,الإقامة الكريستالية,قرية جميرا (ش.ذ.م.م),قريه-جميرا,Al Barsha South Fourth,Jumeirah Village Circle,FINISHED,225,1,1,225,225,444,11,6816347,1,836827292
PN3808,register_extract_2026-06-15,3808,769111286,Silena Residences,سيلينا ريزيدنسز,شركة نخيل (ش.م.خ),nakheel,Palm Deira,Palm Deira,NOT_STARTED,137,2,2,0,137,123,122,1010664,1,1599893721;784448002
PN3039,register_extract_2026-06-15,3039,604502650,ALTIA ONE,ألتيا وان,سلطة دبي للمناطق الإقتصادية المتكاملة,سلطه-دبي-للمناطق-الاقتصاديه-المتكامله,Nadd Hessa,Silicon Oasis,ACTIVE,123,1,1,0,123,166,77,6261832,1,590137829
PN3638,register_extract_2026-06-15,3638,737034891,Tomorrow 166,غدا 166,النخلة  - ديره (ش.ذ.م.م),nakheel,Palm Deira,Palm Deira,NOT_STARTED,54,1,1,0,54,40,38,1010214,1,1832434094
PN2672,register_extract_2026-06-15,2672,507696359,Binghatti Orchid,بن غاطي أوركيد,قرية جميرا (ش.ذ.م.م),قريه-جميرا,Al Barsha South Fourth,Jumeirah Village Circle,FINISHED,314,1,1,0,314,481,58,6816263,1,925879762
PN2539,register_extract_2026-06-15,2539,467289713,Golden Wood Views 5,غولدن وود فيوس 5,قرية جميرا (ش.ذ.م.م),قريه-جميرا,Al Barsha South Fourth,Jumeirah Village Circle,ACTIVE,161,1,1,0,161,151,18,6817270,1,
PN3434,register_extract_2026-06-15,3434,689160334,Orvessa Residences by Michel Adam,أورفيسا ريزيدنسز من ميشيل آدم,الفرجان ( ش.ذ.م.م ),الفرجان,Jabal Ali First,Al Furjan,PENDING,92,1,1,0,92,3,1,5912311,1,1872033410
PN2673,register_extract_2026-06-15,2673,507696551,Binghatti Amber,بن غاطي عنبر,قرية جميرا (ش.ذ.م.م),قريه-جميرا,Al Barsha South Fourth,Jumeirah Village Circle,FINISHED,658,1,1,0,658,1043,110,6816467,1,1020606614
PN2497,register_extract_2026-06-15,2497,450169276,EQUITI RESIDENCE,ايكويتي ريزيدنس,الفرجان ( ش.ذ.م.م ),الفرجان,Jabal Ali First,Al Furjan,FINISHED,90,1,1,0,90,136,21,5913020,1,
PN3380,register_extract_2026-06-15,3380,678748825,VIVID TOWER,فيفيد تاور,شركة نخيل (ش.م.خ),nakheel,Al Barsha South Fifth,,NOT_STARTED,147,1,1,0,147,109,37,6843461,1,1400300490
PN2879,register_extract_2026-06-15,2879,564984419,HZ RESIDENCES 4,مساكن إيتش زد 4,انترناشونال سيتي ( ش.ذ.م.م ),انترناشونال-سيتي,Warsan Fourth,International City Phase 3,FINISHED,87,1,1,0,87,108,9,6241290,1,
PN3210,register_extract_2026-06-15,3210,641374700,Legado By Prescott,ليجادو من بريسكوت,شركة نخيل (ش.م.خ),nakheel,Al Barsha South Fourth,Jumeirah Village Circle,ACTIVE,343,1,1,0,343,343,34,6817225,1,531563078
PN3232,register_extract_2026-06-15,3232,646523962,GREYGATE RESIDENCES by ADE,مساكن غرايجيت بواسطة اية دي اي,شركة نخيل (ش.م.خ),nakheel,Al Barsha South Fourth,Jumeirah Village Circle,NOT_STARTED,228,1,1,0,228,219,37,6816314,1,255991844
PN3177,register_extract_2026-06-15,3177,632067256,Edgewater Residences 3,مساكن ايدج ووتر 3,شركة نخيل (ش.م.خ),nakheel,Palm Deira,Palm Deira,ACTIVE,328,3,3,0,328,149,43,1010340,1,180804787;2088174894;897332503
PN1923,register_extract_2026-06-15,1923,100176267,DAR AL JAWHARA,دار الجوهرة,قرية جميرا (ش.ذ.م.م),قريه-جميرا,Al Barsha South Fourth,Jumeirah Village Circle,FINISHED,117,1,1,0,117,92,2,6817031,1,678991167
PN2134,register_extract_2026-06-15,2134,237767884,MAJESTIQUE RESIDENCE 2,ماجيستك رزيدنس 2,مؤسسه مدينه دبى للطيران,موسسه-مدينه-دبي-للطيران,Madinat Al Mataar,Dubai South Residential District,FINISHED,60,1,1,0,60,51,34,5213575,1,
PN3598,register_extract_2026-06-15,3598,729849205,Monarch,مونارك,الاتحاد العقارية (شركة مساهمة عامة),union-properties,Al Hebiah First,Motor City,NOT_STARTED,47,1,1,0,47,37,29,6740288,1,527177607
PN2455,register_extract_2026-06-15,2455,438926132,ORLA BY OMNIYAT,أورلا من أمنيات,شركة النخلة - جميرا (ش.ذ.م.م),nakheel,Palm Jumeirah,Palm Jumeirah,ACTIVE,90,1,1,0,90,94,6,3811929,1,1602665195
PN2185,register_extract_2026-06-15,2185,278370257,Binghatti Avenue,بن غاطي افينو,مدينه دبى الطبيه منطقه حرة - ذ.م.م.,مدينه-دبي-الطبيه,Al Jadaf,Dubai Health Care City Phase 2,FINISHED,639,1,1,0,639,1143,99,3261727,1,589551354
PN249,register_extract_2026-06-15,249,249,LOLENA,لولينا,قرية جميرا (ش.ذ.م.م),قريه-جميرا,Al Barsha South Fourth,Jumeirah Village Circle,FINISHED,97,1,1,95,99,202,12,6816987,1,1774873775
PN3059,register_extract_2026-06-15,3059,608061941,ALBA TOWER,البا تاور,دبي للعقارات (ش.ذ.م.م),dubai-properties,Al Satwa,Jumeirah Garden City,ACTIVE,73,1,1,0,73,41,18,3347276,1,1041999489
PN3590,register_extract_2026-06-15,3590,727834150,08 Life Residences,08 لايف ريسيدنزس,شركة نخيل (ش.م.خ),nakheel,Warsan Fourth,International City Phase 3,ACTIVE,107,1,1,0,107,99,42,6240951,1,
PN1830,register_extract_2026-06-15,1830,41940378,The Pulse Residence Park,النبض المساكن بارك,مؤسسه مدينه دبى للطيران,موسسه-مدينه-دبي-للطيران,Madinat Al Mataar,Dubai South Residential District,FINISHED,190,3,3,0,192,278,28,5213126,1,2063101408
PN1822,register_extract_2026-06-15,1822,37589852,Azizi Star Hotel Apartments,عزيزي ستار للشقق الفندقية,الفرجان ( ش.ذ.م.م ),الفرجان,Jabal Ali First,Al Furjan,FINISHED,500,1,1,0,502,758,83,5912306,1,221956799
PN3334,register_extract_2026-06-15,3334,669285539,Sobha Solis,شوبا سوليس,الاتحاد العقارية (شركة مساهمة عامة),union-properties,Al Hebiah First,Motor City,ACTIVE,2351,6,6,0,2351,2154,664,6740319,1,1175967276;1927455471;343119644;725168694;783443236
PN2393,register_extract_2026-06-15,2393,416173975,Oxford Terraces,اوكسفورد تيريسس,قرية جميرا (ش.ذ.م.م),قريه-جميرا,Al Barsha South Fourth,Jumeirah Village Circle,FINISHED,117,1,1,0,117,239,15,6816444,1,2118032409
PN2848,register_extract_2026-06-15,2848,557056751,ALBERO BY ORO24,ألبيرو من أورو24,ليوان(ش.ذ.م.م.),ليوان,Wadi Al Safa 2,Liwan1,ACTIVE,192,1,1,0,192,192,4,6437737,1,
PN825,register_extract_2026-06-15,825,825,SEVANAM CROWN,تاج سيفانام,سلطة دبي للمناطق الإقتصادية المتكاملة,سلطه-دبي-للمناطق-الاقتصاديه-المتكامله,Nadd Hessa,Silicon Oasis,FINISHED,126,1,1,126,126,235,10,6261581,1,900517252
PN3300,register_extract_2026-06-15,3300,660001813,Avenue Residence 7 By Nabni,افينيو ريذدنس 7 من نبني,الفرجان ( ش.ذ.م.م ),الفرجان,Jabal Ali First,Al Furjan,NOT_STARTED,166,1,1,0,166,130,41,5913014,1,545362857
PN2636,register_extract_2026-06-15,2636,88005969,ALTAI TOWER,التاي تاور,قرية جميرا (ش.ذ.م.م),قريه-جميرا,Al Barsha South Fifth,Jumeirah Village Triangle,ACTIVE,239,1,1,0,239,206,12,6848853,1,2030759154
PN1408,register_extract_2026-06-15,1408,11539037,DAMAC HILLS - LONGVIEW,دماك هيلز - لونجفيو,داماك كريسنت للعقارات (ش.ذ.م.م),damac,Al Hebiah Third,DAMAC HILLS,FINISHED,,0,57,0,0,156,3,6763098;6763099;6763100;6763101;6763107;6763108;6763109;6765416;6765417;6765418;6765419;6765420;6765421;6765422;6765423;6765424;6765425;6765429;6765430;6765431;6765432;6765433;6765434;6765435;6765436;6765437;6765438;6765439;6765440;6765441;6765442;6765443;6765444;6765445;6765446;6765447;6765448;6765449;6765455;6765467;6765468;6765469;6765470;6765471;6765472;6765473;6765474;6765475;6765476;6765477;6765478;6765479;6765480;6765481;6765524;6765525;6765526,57,
PN1322,register_extract_2026-06-15,1322,4663528,LIVING LEGENDS PHASE 3,الأساطير الحية المرحلة 3,دبي لاند (ش.ذ.م.م),دبي-لاند,Wadi Al Safa 3,Living Legends,FINISHED,,0,200,0,0,823,32,6457020;6457021;6457022;6457023;6457024;6457025;6457026;6457027;6457028;6457029;6457030;6457031;6457120;6457121;6457122;6457123;6457166;6457167;6457168;6457169;6457170;6457171;6457172;6457182;6457183;6457184;6457185;6457186;6457187;6457188;6457189;6457190;6457191;6457192;6457193;6457194;6457195;6457196;6457197;6457198;6457199;6457202;6457203;6457204;6457205;6457206;6457207;6457209;6457210;6457211;6457212;6457213;6457214;6457215;6457216;6457217;6457218;6457219;6457220;6457221,200,
PN1397,register_extract_2026-06-15,1397,10830789,DAMAC HILLS -  TOPANGA,دماك هيلز - توبانج,داماك كريسنت للعقارات (ش.ذ.م.م),damac,Al Hebiah Third,DAMAC HILLS,FINISHED,,0,142,0,0,356,18,6760143;6760144;6760145;6760146;6760147;6760148;6760149;6760150;6760151;6760152;6760153;6760154;6760155;6760156;6760157;6763191;6763192;6763193;6763194;6763195;6763196;6763233;6763234;6763235;6763237;6763238;6763239;6763240;6763241;6763242;6763244;6767053;6767055;6767057;6767058;6767062;6767067;6767068;6767083;6767085;6767088;6767090;6767092;6767095;6767097;6767100;6767103;6767105;6767107;6767108;6767115;6767117;6767120;6767125;6767127;6767130;6768267;6768271;6768275;6768278,142,
PN1348,register_extract_2026-06-15,1348,8290418,DAMAC HILLS - WHITEFIELD,داماك هيلز - وايتفيلد,داماك كريسنت للعقارات (ش.ذ.م.م),damac,Al Hebiah Third,DAMAC HILLS,FINISHED,,0,58,0,0,268,13,6762744;6762751;6765702;6765703;6766742;6766743;6766744;6766745;6766746;6766747;6766748;6766749;6766750;6766751;6766752;6766753;6766754;6766763;6766774;6766775;6766776;6766777;6766778;6766779;6766780;6766781;6766782;6766783;6766784;6766785;6766786;6766787;6766788;6766789;6766790;6766792;6766793;6766794;6766798;6766799;6766800;6766801;6766802;6766803;6766804;6766805;6766806;6766807;6766808;6766809;6766810;6766811;6766812;6766813;6766814;6766815;6766816;6766817;6766818;6766819,62,
PN1036,register_extract_2026-06-15,1036,578532584,Emirates Living - Springs 6,روعة الإمارات ? الينابيع 6,اعمار العقارية (ش . م. ع),emaar,Al Thanayah Fourth,Springs - 4,FINISHED,,0,198,0,0,746,24,3942401;3942404;3942405;3942407;3942415;3942416;3942418;3942419;3942423;3942424;3942426;3942427;3942428;3942430;3942431;3942432;3942436;3942658;3942659;3942661;3942663;3942664;3942665;3942667;3942668;3942669;3942670;3942673;3942674;3942675;3942676;3942678;3942679;3942681;3942685;3942687;3942688;3942690;3942691;3942692;3942693;3942694;3942696;3942697;3942698;3942700;3942701;3942703;3942704;3942865;3942866;3942867;3942869;3942870;3942871;3942873;3942874;3942876;3942877;3942878,67,
PN1046,register_extract_2026-06-15,1046,578534242,Emirates Living - Springs 9,روعة الإمارات? الينابيع 9,اعمار العقارية (ش . م. ع),emaar,Al Thanayah Fourth,Springs - 2,FINISHED,,0,318,0,0,1391,66,3944726;3944732;3944736;3944740;3944745;3944747;3944749;3944750;3944752;3944755;3944757;3944759;3944761;3944763;3944765;3944767;3944769;3944771;3944772;3944779;3944785;3944791;3944795;3944799;3944805;3944811;3944816;3944822;3944828;3944833;3944839;3944841;3944843;3944845;3944846;3944848;3944850;3944853;3944855;3944857;3944859;3944861;3944863;3944867;3944870;3944873;3944878;3944882;3945216;3945223;3945229;3945233;3945238;3945242;3945246;3945249;3945253;3945258;3945263;3945267,87,
PN1051,register_extract_2026-06-15,1051,578528302,Emirates Living - Springs 12,روعة الإمارات ? الينابيع 12,اعمار العقارية (ش . م. ع),emaar,Al Thanayah Fourth,Springs - 2,FINISHED,,0,308,0,0,1223,65,3944406;3944412;3944417;3944425;3944429;3944434;3944439;3944442;3944444;3944450;3944455;3944459;3944465;3944471;3944477;3944483;3944488;3944495;3944502;3944507;3944510;3944513;3944520;3944527;3944531;3944535;3944538;3944544;3944550;3944556;3944561;3944566;3944568;3944569;3944572;3944573;3944577;3944579;3944581;3944583;3944585;3944587;3944589;3944591;3944593;3944595;3944597;3944599;3944601;3944603;3944605;3944608;3944610;3944612;3944613;3944615;3944618;3944620;3944622;3944627,80,
PN1398,register_extract_2026-06-15,1398,11312716,Dubai Hills - Hills View Community,دبي هيلز-هيلز فيو كومينتى,دبي هيلز استيت ش.ذ.م.م,dubai-hills-estate,Hadaeq Sheikh Mohammed Bin Rashid,Dubai Hills Estate,FINISHED,,0,4,0,0,105,7,6310205;6310231;6310264;6310371;63110683;6311209;6311343;6311417;6311450;6311455;6312778;6313288;6313377;6313386;6314282;6316883;6317489;6317517;6317623;6317725;6317741;6317777;6317963;6318631;6318646;6318707;6318723;6318742;6318913;6319278;6319345;6319363;6319424;6319444;6319867,35,
PN378,register_extract_2026-06-15,378,378,SANCTUARY  FALLS,شلالات قرى,عقارات جميرا جولف ش.ذ.م.م,عقارات-جميرا-جولف,Me'Aisem First,Jumeirah Golf Estates,FINISHED,,0,97,0,0,310,32,6850364;6850365;6850366;6850367;6850368;6850369;6855859;6855860;6855861;6855862;6855863;6855864;6855865;6855866;6855867;6855868;6855869;6855870;6855871;6855872;6855873;6855874;6855875;6855876;6855877;6855878;6855879;6855880;6855881;6855882;6855883;6855884;6855885;6855886;6855887;6855888;6855889;6855890;6855891;6855892;6855893;6855894;6855895;6855896;6855897;6855898;6855899;6855900;6855901;6855902;6855903;6855904;6855905;6855906;6855907;6855908;6855909;6855910;6855911;6855912,97,
PN2289,register_extract_2026-06-15,2289,376005635,REEM TOWNHOUSES,ريم تاون هاوس,نشاما للعقارات لمالكها نشمي ديفلوبمنت شركة الشخص الواحد ش.ذ.م.م,nshama,Al Yelayiss 2,TOWN SQUARE,FINISHED,,0,364,0,0,848,45,92225493;92225494;92225495;92225497;92225498;92225499;92225501;92225502;92225506;92225507;92225509;92225510;92225511;92225512;92225513;92225516;92225520;92225521;92225522;92225525;92225526;92225527;92225530;92225531;92225532;92225534;92225539;92225540;92225543;92225545;92225548;92225549;92225550;92225553;92225554;92225557;92225559;92225560;92225561;92225564;92225565;92225567;92225569;92225570;92225571;9229012,46,
PN2109,register_extract_2026-06-15,2109,203219718,AR II Camelia,كاميليا II المرابع العربية,إعمار للتطوير (مساهمة عامة),emaar,Wadi Al Safa 7,Arabian Ranches II - Camelia,FINISHED,,0,258,0,0,671,27,6650628;6650629;6650630;6650631;6650632;6650633;6650634;6650635;6650636;6650637;6650638;6650639;6650640;6650641;6650642;6650643;6650644;6650645;6650646;6650647;6650648;6650649;6650650;6650651;6650652;6650653;6650654;6650655;6650656;6650657;6650658;6650659;6650660;6650661;6650662;6650663;6650664;6650665;6650666;6650667;6650668;6650669;6650689;6655420,44,
PN2453,register_extract_2026-06-15,2453,438419562,MAYA townhouses,مايا تاون هاوس,تنميات جلوبل للتطوير العقاري  ش ذ م م,تنميات-جلوبل-للتطوير-العقاري,Wadi Al Safa 3,Living Legends,FINISHED,,0,30,0,0,52,6,6456044;6457539,2,
PN668,register_extract_2026-06-15,668,668,SAHARA LIVINGS,صحرا ليفنج,تيكوم للإستثمارات منطقة حرة- ذ.م.م,تيكوم-للاستثمارات,Saih Shuaib 2,,ACTIVE,,0,84,0,0,53,0,5310586,1,
PN2077,register_extract_2026-06-15,2077,181245510,Villanova Amaranta B,فيلانوفا أمارانتا ب,دبي للعقارات (ش.ذ.م.م),dubai-properties,Wadi Al Safa 5,,FINISHED,,0,422,0,0,1087,65,6480566;6480567;6480568;6480569;6480570;6480571;6480572;6480573;6480574;6480575;6480576;6480577;6480578;6480579;6480580;6480581;6480582;6480583;6480584;6480585;6480586;6480587;6480588;6480589;6480590;6480591;6480592;6480593;6480594;6480595;6480596;6480597;6480598;6480599;6480600;6480601;6480602;6480603;6480604;6480605;6480606;6480607;6480608;6480609;6480610;6480611;6480612;6480613;6480614;6480615;6480616;6480617;6480618;6480619;6480620;6480621;6480622;6480623;6480624;6480625,69,
PN657,register_extract_2026-06-15,657,657,SUNRISE BOULEVARD,سن رايز بوليفارد,رمرام ش.ذ.م.م,رمرام,Wadi Al Safa 2,Liwan1,FINISHED,,0,6,0,0,1,0,6437695,1,
PN2314,register_extract_2026-06-15,2314,382570142,The Royal Estate Plot 2 Phase B,B رويال استيت ، قطعة أرض  2  مرحلة,شركة تطوير مجمع دبي للاستثمار (ذ. م. م),تطوير-مجمع-دبي-للاستثمار,Dubai Investment Park First,Dubai Investment Park First,ACTIVE,,0,67,0,0,93,0,5981421,1,
PN1453,register_extract_2026-06-15,1453,1453,SUNRISE BOULEVARD 11,صن رايز بوليفارد 11,رمرام ش.ذ.م.م,رمرام,Wadi Al Safa 2,Liwan1,FINISHED,,0,6,0,0,32,1,6437688,1,
PN2322,register_extract_2026-06-15,2322,384816559,Alaya,علايا,ماجد الفطيم لتشغيل مشاريع المدن المتكاملة الاماراتية ش.ذ.م.م,ماجد-الفطيم-لتشغيل-مشاريع-المدن-المتكامله-الاماراتيه,Al Hebiah Fourth,TILAL AL GHAF,ACTIVE,,0,409,0,0,648,73,6822786;6822788;6822794;6822826;6822829;6822830;6822836;6822837;6822843;6822860;6822862;6822892;6822911;6822912;6822913;6822938;6822939;6822941;6822942;6822944;6822952;6822961;6822970;6822971;6822972;6822980;6822981;6823035;6823036;6823037;6823045;6823049;6823050;6823073;6823075;6823076;6823077;6823092;6823101;6823102;6823108;6823109;6823120;6823125;6823156;6823157;6823165;6823166;6823178;6823208;6823213;6823214;6823221;6823229;6823233;6823242;6823250;6823260;6823264;6823295,410,
PN3500,register_extract_2026-06-15,3500,707776107,DAMAC ISLANDS - BORA BORA 3,داماك ايلاندز - بورا بورا 3,شركة داماك ايليت للاستثمار ذ.م.م,damac,Al Yelayiss 1,,NOT_STARTED,,0,388,0,0,830,27,92110003;92110007;9212706;9212707;9212711;9212735;9212746;9212777;9212802;9212828;9212835;9212865;9212891;9212892;9212963;9212966;9212967;9212974;9212989;9212990;9213013;9213028;9213053;9213077;9213104;9213105;9213111;9213150;9213179;9213180;9213181;9213196;9213197;9213201;9213219;9213234;9213248;9213278;9213281;9213282;9213295;9213296;9213297;9213301;9213325;9213332;9213345;9213375;9213376;9213469;9213470;9213471;9213505;9213521;9213522;9213527;9213552;9213567;9213575;9213587,428,
PN1485,register_extract_2026-06-15,1485,11654000,JUMEIRAH PARK PACKAGE 1A,جميرا بارك 1A,شركة نخيل (ش.م.خ),nakheel,Al Thanyah Fifth,Jumeirah Park,FINISHED,,0,247,0,0,842,34,3931109;3931110;3931111;3931112;3931113;3931114;3931115;3931116;3931117;3931118;3931119;3931120;3931121;3931122;3931123;3931124;3931125;3931126;3931127;3931128;3931129;3931130;3931131;3931132;3931133;3931134;3931135;3931136;3931137;3931138;3931139;3931140;3931141;3931142;3931262;3931263;3931264;3931265;3931266;3931267;3931268;3931269;3931270;3931271;3931272;3931273;3931274;3931275;3931276;3931277;3931278;3931279;3931280;3931281;3931282;3931283;3931284;3931285;3931286;3931287,247,
PN3111,register_extract_2026-06-15,3111,618018123,Golf Lane,جولف لاين,إعمار دبي الجنوب دي دبليو سي ش.ذ.م.م,emaar,Madinat Al Mataar,Dubai World Central,ACTIVE,,0,574,0,0,600,19,5211969;5211970;5211971;5211972;5211973;5211974;5211975;5211976;5211977;5211978;5211979;5211980;5211981;5211982;5211983;5211984;5211985;5211986;5211987;5211988;5211989;5211990;5211991;5211992;5211993;5211994;5211995;5211996;5211997;5211998;5211999;5212000;5212001;5212002;5212003;5212004;5212005;5212006;5212007;5212008;5212009;5212010;5212011;5212012;5212013;5212014;5212015;5212016;5212017;5212018;5212019;5212020;5212021;5212022;5212023;5212024;5212025;5212026;5212027;5212028,424,
PN3476,register_extract_2026-06-15,3476,701121418,DAMAC ISLANDS - BORA BORA 4,داماك ايلاندز - بورا بورا 4,شركة داماك ايليت للاستثمار ذ.م.م,damac,Al Yelayiss 1,,NOT_STARTED,,0,47,0,0,60,6,92110002;9212918;9213126;9213154;9213202;9213349;9213638;9213991;9214825;9215312;9215512;9215622;9215712;9215713;9216121;9216380;9216381;9216421;9216998;9217193;9217342;9217651;9217952;9217953;9218156;9218573;9218783;9218988;9219335;9219368;9219615;9219618;9219640;9219649;9219652;9219678;9219680;9219689;9219702;9219736;9219742;9219768;9219781;9219794;9219823;9219832;9219834;9219869;9219875;9219897;9219910;9219914;9219925;9219938;9219940;9219957;9219965;9219986,58,
PN2859,register_extract_2026-06-15,2859,560769667,DAMAC HILLS (2) - PARK GREENS 1,داماك هيلز (2) - بارك جرينز 1,شركة الخط الامامي لادارة الاستثمار ش.ذ.م.م,الخط-الامامي-لاداره-الاستثمار,Madinat Hind 4,DAMAC HILLS 2,ACTIVE,,0,216,0,0,258,5,91410206;91410209;91410239;91411087;91411091;91411366;91411540;91411557;91411560;91411569;91411723;91411761;91411772;91411787;91412542;91412904;91412956;91412976;91413174;91414365;91414366;91414367;91415531;91416249;91417035;91417418;91417721;91418908;91420007;91420011;91420256;91420347;91420348;91420411;91420427;91420635;91421456;91421730;91421837;91421916;9143950;9143987;9143988;9144002;9144021;9144025;9144033;9144037;9144038;9144052;9144066;9144072;9144105;9144121;9144137;9144159;9144178;9144194;9144217;9144219,252,
PN1600,register_extract_2026-06-15,1600,14960273,DAMAC HILLS (2) - ODORA,داماك هيلز ( 2 ) - أودورا,شركة الخط الامامي لادارة الاستثمار ش.ذ.م.م,الخط-الامامي-لاداره-الاستثمار,Madinat Hind 4,DAMAC HILLS 2,FINISHED,,0,254,0,0,424,48,91410943;91410944;91410945;91410946;91410947;91410948;91410949;91410950;91410951;91410952;91410953;91410954;91410955;91410956;91410957;91410958;91410959;91410960;91410961;91410962;91410963;91410964;91410965;91410966;91410967;91410968;91410969;91410970;91410971;91410974;91411214;91411237;91411246;91412381;91412382;91412383;91412384;91412385;91412386;91412387;91412388;91412389;91412390;91412391;91412392;91412393;91412394;91412395;91412396;91412397;91412398;91412399;91412400;91412401;91412402;91412403;91412404;91412405;91412406;91412407,254,
PN3175,register_extract_2026-06-15,3175,631450243,The Valley - Vindera,ذا فالي - فينديرا,إعمار للتطوير (مساهمة عامة),emaar,Al Yufrah 1,,NOT_STARTED,,0,745,0,0,577,577,9152037;9152038;9152039;9152043;9152059;9152066;9152095;9152229;9152230;9152295;9152300;9152361;9152406;9152422;9152454;9152456;9152483;9152609;9152654;9152656;9152692;9152696;9152752;9152765;9152784;9152827;9152856;9152871;9152937;9152941;9152974;9153004;9153030;9153039;9153040;9153063;9153207;9153234;9153384;9153412;9153414;9153415;9153419;9154801;9154802;9154805;9154806;9154807;9154809;9154811;9154814;9154815;9154816;9154817;9154820;9154823;9154824;9154825;9154827;9154828,113,
PN2875,register_extract_2026-06-15,2875,564145361,Haven By Aldar 3,جنان من الدار 3,دبي لاند (ش.ذ.م.م),دبي-لاند,Wadi Al Safa 5,,ACTIVE,,0,292,0,0,369,36,6484989;6485011;6485014;6485017;6485018;6485022;6485029;6485035;6485038;6485039;6485052;6485053;6485054;6485055;6485058;6485064;6485069;6485077;6485078;6485079;6485083;6485106;6485111;6485117;6485118;6485119;6485120;6485126;6485146;6485147;6485148;6485154;6485156;6485159;6485166;6485168;6485169;6485170;6485171;6485180;6485182;6485183;6485187;6485190;6485213;6485214;6485218;6485224;6485227;6485233;6485246;6485248;6485249;6485251;6485257;6485258;6485260;6485261;6485263;6485270,159,
PN3558,register_extract_2026-06-15,3558,720585350,Greenspoint 2,جرينز بوينت 2,إعمار دبي الجنوب دي دبليو سي ش.ذ.م.م,emaar,Madinat Al Mataar,Dubai World Central,NOT_STARTED,,0,244,0,0,247,4,5211442;5211443;5211444;5211445;5211446;5211447;5211448;5211449;5211450;5211451;5211452;5211453;5211454;5211455;5211456;5211457;5211458;5211459;5211460;5211461;5211462;5211463;5211464;5211465;5211466;5211467;5211568;5211569;5211570;5211571;5211572;5211573;5211574;5211575;5211576;5211577;5211578;5211579;5211580;5211581;5211582;5211583;5211584;5211585;5211586;5211587;5211588;5211589;5211590;5211591;5211592;5211593;5211594;5211595;5211596;5211597;5211598;5211599;5211600;5211601,61,
PN1661,register_extract_2026-06-15,1661,22279261,ALFURJAN PACKAGE 6,الفرجان 6,الفرجان ( ش.ذ.م.م ),الفرجان,Jabal Ali First,Al Furjan,FINISHED,,0,151,0,0,464,38,5911873;5911875;5911876;5911877;5911879;5911880;5911881;5911882;5911883;5911884;5911885;5911886;5911887;5911888;5911889;5911890;5911891;5911892;5911893;5911894;5911895;5911896;5911897;5911898;5911899;5911900;5911901;5911902;5911903;5911904;5911905;5911906;5911907;5911908;5911909;5911910;5911911;5911912;5911913;5911914;5911915;5911916;5911917;5911918;5911919;5911920;5911921;5911922;5911923;5911924;5911925;5911926;5911927;5911928;5911929;5911930;5911931;5911932;5911933;5911934,150,
PN3456,register_extract_2026-06-15,3456,695687519,La Tilia at Villanova Phase 2,لا تيليا في فيلانوفا المرحلة 2,دبي للعقارات (ش.ذ.م.م),dubai-properties,Wadi Al Safa 5,,ACTIVE,,0,440,0,0,470,67,64810511;64810515;64810517;64810520;64810528;64810532;64810533;64810540;64810541;64810547;64810550;64810551;64810554;64810558;64810559;64810571;64810574;64810576;64810578;64810579;64810580;64810587;64810588;64810593;64810595;64810597;64810599;64810609;64810614;64810618;64810619;64810621;64810627;64810629;64810632;64810633;64810640;64810642;64810646;64810655;64810656;64810665;64810666;64810669;64810671;64810673;64810677;64810680;64810686;64810687;64810689;64810702;64810709;64810710;64810711;64810712;64810714;64810717;64810723;64810727,87,
PN3319,register_extract_2026-06-15,3319,663181344,Greenville 2,جرينفل 2,إعمار دبي الجنوب دي دبليو سي ش.ذ.م.م,emaar,Madinat Al Mataar,Dubai World Central,ACTIVE,,0,148,0,0,152,5,5211468;5211469;5211470;5211471;5211472;5211473;5211474;5211475;5211476;5211477;5211478;5211479;5211480;5211481;5211482;5211483;5211484;5211485;5211486;5211487;5211488;5211489;5211553;5211554;5211555;5211556;5211557;5211558;5211559;5211560;5211561;5211562;5211563;5211564;5211565;5211566;5211567,37,
PN3526,register_extract_2026-06-15,3526,711209067,Jumeirah Residences - Asora Bay - Ocean Mansions,جميرا ريزيدنسيز - أسورا باي - أوشن مانشنز,مراس العقارية (ش.ذ.م.م),meraas,Jumeirah First,LA MER,NOT_STARTED,,0,6,0,0,2,1,3321869;3321870;3321871;3321872;3321873;3321874,6,
PN1428,register_extract_2026-06-15,1428,1428,DIAMOND VIEWS 3 - VILLAS B,إطلالات ماسية 3 - الفيلات ب,قرية جميرا (ش.ذ.م.م),قريه-جميرا,Al Barsha South Fourth,Jumeirah Village Circle,FINISHED,,0,19,0,0,79,6,6816356,1,
PN2807,register_extract_2026-06-15,2807,543862734,MARWA HOMES IV,مروة هومس IV,قرية جميرا (ش.ذ.م.م),قريه-جميرا,Al Barsha South Fourth,Jumeirah Village Circle,ACTIVE,,0,12,0,0,16,6,6816184,1,
PN406,register_extract_2026-06-15,406,406,TULIP PARK,توليب بارك,قرية جميرا (ش.ذ.م.م),قريه-جميرا,Al Barsha South Fourth,Jumeirah Village Circle,FINISHED,,0,16,0,0,65,2,6817363,1,
PN1424,register_extract_2026-06-15,1424,1424,DIAMOND VIEWS 1- VILLAS A,مناظر ماسية 1- الفيلات أ,قرية جميرا (ش.ذ.م.م),قريه-جميرا,Al Barsha South Fourth,Jumeirah Village Circle,FINISHED,,0,14,0,0,56,2,6817164,1,
PN1978,register_extract_2026-06-15,1978,140648596,Haven Villas 1,هافين فيلا  1,قرية جميرا (ش.ذ.م.م),قريه-جميرا,Al Barsha South Fourth,Jumeirah Village Circle,FINISHED,,0,16,0,0,38,4,6816217,1,
PN1410,register_extract_2026-06-15,1410,11539548,DAMAC HILLS - ROCHESTER,دماك هيلز - روتشستر,داماك كريسنت للعقارات (ش.ذ.م.م),damac,Al Hebiah Third,DAMAC HILLS,FINISHED,,0,128,0,0,341,36,6767559;6767560;6767561;6767562;6767563;6767564;6767565;6767566;6767567;6767568;6767569;6767570;6767571;6767572;6767573;6767574;6767575;6767576;6767577;6767578;6767585;6767586;6767587;6767588;6767589;6767590;6767591;6767619;6767620;6767626;6767627;6767628;6767629;6767630;6767632;6767633;6767634;6767637;6767638;6767639;6767640;6767641;6767643;6767644;6767647;6767648;6767649;6767650;6767651;6767652;6767653;6767654;6767655;6767656;6767657;6767658;6767659;6767660;6767661;6769802,130,
PN1544,register_extract_2026-06-15,1544,13478549,SOBHA HARTLAND VILLAS-PHASE 1,صبحا هارتلاند فيلا فيس 1,شوبا ش.ذ.م.م,sobha,Al Merkadh,Meydan One Community,FINISHED,,0,49,0,0,111,10,3470372;3470929;3473103;3473894;3473944;3473945;3473946;3473947;3473948;3473949;3473950;3473951;3473952;3473953;3473954;3473960;3473961;3473962;3473963;3473964;3473965;3473966;3473967;3473968;3473969;3473970;3473971;3473972;3473973;3473974;3473976;3473977;3473978;3473979;3473980;3474776;3474799;3474803;3474804;3474806;3474807;3475668;3475669;3475670;3475671;3475672;3475673;3475674;3475676;3475677;3475678;3475679;3475680;3475681;3475682;3475683;3475684;3475685;3477659;3479480,60,
PN1407,register_extract_2026-06-15,1407,11538904,DAMAC HILLS - TRINITY,دمام هيلز - تيرنتي,داماك كريسنت للعقارات (ش.ذ.م.م),damac,Al Hebiah Third,DAMAC HILLS,FINISHED,,0,116,0,0,280,18,6762448;6762449;6762453;6762457;6762461;6762465;6762471;6762472;6762473;6765383;6765384;6765385;6765386;6765387;6765392;6765393;6765394;6765398;6765399;6765400;6765401;6765402;6765403;6765404;6765959;6765960;6765961;6765962;6765963;6765964;6765965;6765966;6765967;6765968;6765969;6765970;6765971;6765972;6765973;6765974;6765975;6765976;6765977;6765979;6765980;6765981;6765982;6765986;6765987;6765988;6765989;6765990;6765992;6768568;6768570;6768571;6768572;6768573;6768576;6768577,116,
PN1389,register_extract_2026-06-15,1389,10590557,DAMAC HILLS - THE FIELD,دماك هيلز - ذا فيليد,داماك كريسنت للعقارات (ش.ذ.م.م),damac,Al Hebiah Third,DAMAC HILLS,FINISHED,,0,134,0,0,368,19,6760179;6760180;6760181;6760182;6760183;6760184;6760185;6760186;6760187;6760188;6760189;6760190;6760191;6760192;6760193;6760194;6760195;6760196;6762476;6762477;6762478;6762479;6762480;6762481;6762482;6762484;6762485;6762486;6762487;6762488;6762489;6762504;6762506;6762507;6762508;6762509;6762510;6762511;6762512;6762513;6762514;6762515;6762517;6762518;6762519;6762520;6762521;6762522;6762523;6762531;6762532;6765495;6765496;6765536;6765538;6765539;6765540;6765541;6765542;6765543,135,
PN1035,register_extract_2026-06-15,1035,576210665,Emirates Living - Springs 5,روعة الإمارات ? الينابيع 5,اعمار العقارية (ش . م. ع),emaar,Al Thanayah Fourth,Springs - 4,FINISHED,,0,272,0,0,1102,46,3942384;3942386;3942388;3942390;3942391;3942392;3942393;3942396;3942397;3942398;3942399;3942400;3942597;3942598;3942599;3942602;3942603;3942606;3942608;3942610;3942612;3942614;3942616;3942618;3942620;3942621;3942633;3942894;3942895;3942897;3942898;3942899;3942900;3942901;3942903;3942907;3942908;3942909;3942910;3942912;3942913;3942914;3942916;3942917;3942918;3942919;3942921;3942925;3942926;3942927;3942929;3942931;3942932;3942939;3942940;3942942;3942959;3942960;3942961;3942963,69,
PN1058,register_extract_2026-06-15,1058,578536238,The Lakes Deema 3,البحيرات ? ديما 3,اعمار العقارية (ش . م. ع),emaar,Al Thanyah Third,Lakes - Deema 3,FINISHED,,0,55,0,0,273,8,3880534;3880535;3880536;3880537;3880538;3880539;3880540;3880541;3880542;3880543;3880544;3880545;3880546;3880547;3880548;3880549;3880550;3880551;3880552;3880553;3880554;3880555;3880556;3880557;3880558;3880559;3880560;3880561;3880562;3880563;3880564;3880565;3880566;3880567;3880568;3880569;3880570;3880571;3880572;3880573;3880574;3880575;3880576;3880577;3880578;3880579;3880580;3880581;3880582;3880583;3880584;3880585;3880586;3880587;3880588,55,
PN2347,register_extract_2026-06-15,2347,393014907,Gardenia Townhomes II,جاردينيا تاون هومز 2,جيه ايه جي للتطوير ش.ذ.م.م,جيه-ايه-جي-للتطوير,Jabal Ali First,Wasl Gate,FINISHED,,0,92,0,0,236,26,59110000;59110001;59110002;59110003;59110004;59110005;59110006;59110007;59110008;59110009;59110010;59110011;59110012;59110013;59110016;59110017;59110018;59110019;59110020;59110021;59110022;59110025;59110026;59110028;59110029;59110030;59110031;59110032;59110033;59110034;59110035;59110036;59110037;59110038;59110039;59110041;59110042;59110043;59110044;5919944;5919945;5919946;5919947;5919948;5919949;5919950;5919951;5919952;5919953;5919954;5919955;5919956;5919957;5919958;5919959;5919960;5919961;5919962;5919963;5919964,92,
PN3823,register_extract_2026-06-15,3823,770843544,Grand Polo - Selvara 2,جراند بولو - سيلفارا 2,إعمار للتطوير (مساهمة عامة),emaar,Dubai Investment Park Second,,NOT_STARTED,,0,246,0,0,227,88,5973478;5973479;5973482;5973483;5973484;5973485;5973488;5973489;5973490;5973491;5973493;5973494;5973496;5973497;5973498;5973499;5973500;5973501;5973502;5973503;5973504;5973505;5973506;5973507;5973510;5973511;5973512;5973513;5973514;5973516;5973517;5973518;5973519;5973520;5973521;5973522;5973523;5973525;5973526;5973527;5973528;5973531;5973532;5973533;5973535;5973536;5973537;5973538;5973539;5973540;5973542;5973543;5973545;5973546;5973547;5973548;5973549;5973550;5973551;5973554,246,
PN1454,register_extract_2026-06-15,1454,1454,SUNRISE BOULEVARD 12,صن رايز بوليفارد 12,رمرام ش.ذ.م.م,رمرام,Wadi Al Safa 2,Liwan1,FINISHED,,0,6,0,0,24,0,6437687,1,
PN3266,register_extract_2026-06-15,3266,652801810,The Oasis - Lavita,ذا اويسيس - لافيتا,اعمار العقارية (ش . م. ع),emaar,Me'Aisem Second,,ACTIVE,,0,49,0,0,48,8,6861582;6861583;6861584;6861585;6861586;6861587;6861588;6861589;6861590;6861591;6861592;6861593;6861596;6861597;6861598;6861600;6861601;6861602;6861603;6861604;6861605;6861606;6861607;6861608;6861610;6861611;6861612;6861613;6861614;6861615;6861616;6861617;6861618;6861619;6861620;6861621;6861622;6861623;6861624;6861625;6861626;6861627;6861628;6864002;6864003;6864004;6864005;6864006;6864008,49,
PN3701,register_extract_2026-06-15,3701,746208416,Grand Polo - Chevalia Fields,جراند بولو - شيفاليا فيلدز,إعمار للتطوير (مساهمة عامة),emaar,Dubai Investment Park Second,,NOT_STARTED,,0,179,0,0,185,12,5972180;5972181;5972182;5972184;5972185;5972186;5972190;5972191;5972193;5972194;5972195;5972196;5972197;5972200;5972201;5972202;5972203;5972204;5972205;5972206;5972207;5972209;5972210;5972211;5972212;5972213;5972214;5972215;5972218;5972219;5972220;5972221;5972222;5972223;5972224;5972225;5972226;5972227;5972228;5972229;5972230;5972231;5972232;5972233;5972234;5972235;5972236;5972237;5972238;5972239;5972240;5972241;5972242;5972243;5972244;5972247;5972248;5972249;5972250;5972251,179,
PN1659,register_extract_2026-06-15,1659,21657791,MUDON PHASE 3 _  NEIGHBOURHOOD I- ARABELLA,منطقة مدن 3 _ الجوار الأول- أرابيلا,ام دي ان للعقارات ش.ذ.م.م,ام-دي-ان-للعقارات,Al Hebiah Sixth,Mudon,FINISHED,,0,668,0,0,2022,133,6770898;6770899;6770900;6770901;6770902;6770903;6770904;6770905;6770906;6770907;6770908;6770909;6770910;6770911;6770912;6770913;6770914;6770915;6770916;6770917;6770918;6770919;6770920;6770921;6770922;6770923;6770924;6770925;6770926;6770927;6770928;6770929;6770930;6770931;6770932;6770933;6770934;6770935;6770936;6770937;6770938;6770939;6770940;6770941;6770942;6770943;6770944;6770945;6770946;6770947;6770948;6770949;6770950;6770951;6770952;6770953;6770954;6770955;6770956;6770957,668,
PN2205,register_extract_2026-06-15,2205,297988676,Elan,إيلان,ماجد الفطيم لتشغيل مشاريع المدن المتكاملة الاماراتية ش.ذ.م.م,ماجد-الفطيم-لتشغيل-مشاريع-المدن-المتكامله-الاماراتيه,Al Hebiah Fourth,TILAL AL GHAF,FINISHED,,0,916,0,0,2275,207,6821854;6821855;6821856;6821857;6821858;6821859;6821860;6821861;6821862;6821863;6821864;6821865;6821866;6821867;6821868;6821869;6821870;6821871;6821872;6821873;6821874;6821875;6821876;6821877;6821878;6821879;6821880;6821881;6821882;6821883;6821884;6822342;6822343;6822344;6822345;6822346;6822347;6822348;6822349;6822350;6822351;6822352;6822353;6822354;6822355;6822356;6822357;6822358;6822359;6822360;6822361;6822362;6822363;6822364;6822365;6822366;6822367;6822368;6822369;6822370,152,
PN1353,register_extract_2026-06-15,1353,8480608,DAMAC HILLS -WHITEFIELD-2,داماك هيلز - وايتفيلد -2,داماك كريسنت للعقارات (ش.ذ.م.م),damac,Al Hebiah Third,DAMAC HILLS,FINISHED,,0,12,0,0,43,2,6765578;6765579;6766639;6766755;6766756;6766757;6766758;6766759;6766760;6766761;6766762;6766764;6766765;6766791,14,
PN2290,register_extract_2026-06-15,2290,376108302,Arabian Ranches lll - June,المرابع العربية ااا - جون,إعمار للتطوير (مساهمة عامة),emaar,Wadi Al Safa 5,,FINISHED,,0,183,0,0,428,116,6484113;6484117;6484124;6484137;6484158;6484173;6484177;6484183;6484186;6484193;6484200;6484208;6484217;6484238;6484242;6484247;6484269;6484276;6484282;6484284;6484297;6484298;6484321;6484337;6484344;6484347;6484353;6484356;6484374;6484394;6484404;6484408;6484424;6484436;6484442;6484445;6484456;6484468;6484472;6484491;6484500;6484504;6484513;6484520;6484522;6484536;6484553;6484555;6484561;6484565;6484578;6484589;6484594;6484607;6484610;6484616;6484617;6484649;6484650;6484654,96,
PN1455,register_extract_2026-06-15,1455,1455,SUNRISE BOULEVARD 5,صن رايز بوليفارد 5,رمرام ش.ذ.م.م,رمرام,Wadi Al Safa 2,Liwan1,PENDING,,0,13,0,0,1,0,6007694;6437694,2,
PN2220,register_extract_2026-06-15,2220,330772223,La Rosa 3,لاروزا 3,دبي للعقارات (ش.ذ.م.م),dubai-properties,Wadi Al Safa 5,,FINISHED,,0,206,0,0,468,34,6481956;6481957;6481958;6481959;6481960;6481961;6481962;6481963;6481964;6481965;6481966;6481967;6481968;6481969;6481970;6481971;6481972;6481973;6481974;6481975;6481976;6481977;6481978;6481979;6481980;6481981;6481982;6481983;6481984;6481985;6481986;6481987;6481988;6481989;6481990;6481991;6481992;6481993;6481994;6481995;6481996;6481997;6481998;6481999;6482000;6482001;6482002,47,
PN2142,register_extract_2026-06-15,2142,243175964,Arabian Ranches III - JOY,المرابع العربية ااا - جوي,إعمار للتطوير (مساهمة عامة),emaar,Wadi Al Safa 5,,FINISHED,,0,486,0,0,1098,65,6482153;6482154;6482155;6482156;6482157;6482158;6482159;6482160;6482161;6482162;6482163;6482164;6482165;6482166;6482167;6482168;6482169;6482170;6482171;6482172;6482173;6482174;6482175;6482176;6482177;6482178;6482179;6482180;6482181;6482182;6482183;6482184;6482185;6482186;6482187;6482188;6482189;6482190;6482191;6482192;6482193;6482194;6482195;6482196;6482197;6482198;6482199;6482200;6482201;6482202;6482203;6482204;6482205;6482206;6482207;6482208;6482209;6482210;6482211;6482213,84,
PN2577,register_extract_2026-06-15,2577,481389865,MAG 22,ماج 22,مراس العقارية (ش.ذ.م.م),meraas,Nad Al Shiba First,Nad Al Sheba Gardens,FINISHED,,0,22,0,0,38,5,6180571;6180572;6180573,3,
PN1621,register_extract_2026-06-15,1621,15657773,DAMAC HILLS (2) - JANUSIA,داماك هيلز ( 2 ) - جانوسيا,شركة الخط الامامي لادارة الاستثمار ش.ذ.م.م,الخط-الامامي-لاداره-الاستثمار,Madinat Hind 4,DAMAC HILLS 2,FINISHED,,0,478,0,0,923,120,91410155;91410156;91410373;91410374;91410375;91410376;91410377;91410378;91410379;91410380;91410381;91410382;91410383;91410384;91410385;91410386;91410387;91410388;91410389;91410390;91410391;91410392;91410393;91410394;91410395;91410396;91410398;91410400;91410401;91410403;91410407;91410412;91410413;91410414;91410416;91411017;91411018;91411019;91411020;91411021;91411022;91411023;91411024;91411025;91411026;91411027;91411028;91411029;91411030;91411031;91411032;91411033;91411034;91411035;91411036;91411037;91411038;91411039;91411040;91411676,478,
PN3693,register_extract_2026-06-15,3693,745827737,DAMAC ISLANDS - BALI 3,داماك ايلاندز - بالي 3,شركة داماك ايليت للاستثمار ذ.م.م,damac,Al Yelayiss 1,,NOT_STARTED,,0,268,0,0,258,57,92110001;92110018;92110026;9212742;9212783;9212810;9212845;9212868;9212869;9212898;9212972;9212994;9212995;9213017;9213018;9213088;9213089;9213091;9213114;9213161;9213163;9213165;9213184;9213185;9213266;9213396;9213397;9213457;9213458;9213486;9213499;9213500;9213549;9213550;9213565;9213566;9213591;9213620;9213637;9213666;9213690;9213713;9213732;9213733;9213753;9213764;9213796;9213797;9213837;9213873;9213874;9213896;9213948;9213953;9214000;9214018;9214050;9214090;9214117;9214149,274,
PN1534,register_extract_2026-06-15,1534,12867116,DREAMZ,دريمز,الفرجان ( ش.ذ.م.م ),الفرجان,Jabal Ali First,Al Furjan,FINISHED,,0,171,0,0,630,49,5912711;5914123;5914124;5914125;5914126;5914127;5914128;5914129;5914130;5914131;5914132;5914133;5914134;5914135;5914136;5914137;5914138;5914139;5914140;5914141;5914142;5914143;5914144;5914145;5914146;5914147;5914148;5914149;5914150;5914151;5914152;5914153;5914154;5914155;5914156;5914157;5914158;5914159;5914160;5914161;5914162;5914163;5914164;5914165;5914166;5914167;5914168,47,
PN2306,register_extract_2026-06-15,2306,378642709,The Pulse- Beachfront,النبض- الشاطئ,مؤسسه مدينه دبى للطيران,موسسه-مدينه-دبي-للطيران,Madinat Al Mataar,Dubai South Residential District,FINISHED,,0,291,0,0,677,145,5214274;5214275;5214276;5214277;5214278;5214279;5214290;5214291;5214292;5214293;5214294;5214295;5214296;5214297;5214298;5214299;5214300;5214301;5214302;5214303;5214304;5214305;5214306;5214307;5214322;5214323;5214324;5214325;5214326;5214327;5214328;5214329;5214330;5214331;5214332;5214333;5214334;5214335;5214336;5214337;5214338;5214339;5214340;5214341;5214342;5214344;5214345;5214346;5214347;5214348;5214349;5214350;5214352;5214353;5214354;5214355;5214356;5214357;5214358;5214359,103,
PN3153,register_extract_2026-06-15,3153,627510787,The Valley - Velora,ذا فالي - فيلورا,إعمار للتطوير (مساهمة عامة),emaar,Al Yufrah 1,,ACTIVE,,0,488,0,0,523,31,9151970;9151971;9151983;9151984;9151995;9152017;9152029;9152031;9152040;9152044;9152051;9152053;9152074;9152076;9152077;9152106;9152107;9152110;9152114;9152125;9152159;9152160;9152168;9152174;9152195;9152238;9152239;9152241;9152267;9152286;9152289;9152305;9152311;9152319;9152329;9152364;9152371;9152374;9152393;9152418;9152436;9152440;9152459;9152470;9152479;9152501;9152539;9152544;9152554;9152568;9152579;9152587;9152593;9152615;9152617;9152622;9152625;9152634;9152646;9152647,122,
PN3431,register_extract_2026-06-15,3431,688752026,The Valley - Farm Grove 2,ذا فالي - فارم جروف 2,إعمار للتطوير (مساهمة عامة),emaar,Al Yufrah 1,,ACTIVE,,0,290,0,0,300,23,9153667;9153669;9153673;9153678;9153682;9153685;9153693;9153694;9153697;9153701;9153707;9153711;9153713;9153722;9153724;9153728;9153729;9153731;9153732;9153734;9153735;9153737;9153738;9153741;9153742;9153743;9153746;9153748;9153756;9153757;9153758;9153765;9153769;9153773;9153774;9153776;9153778;9153783;9153793;9153795;9153798;9153799;9153800;9153805;9153806;9153815;9153816;9153818;9153820;9153824;9153826;9153827;9153831;9153843;9153844;9153845;9153846;9153847;9153851;9153855,266,
PN4103,register_extract_2026-06-15,4103,817272226,Palm Jebel Ali - The Beach and Coral Collection - Frond C,C نخلة جبل علي - ذا بيتش آند كورال كوليكشن - السعفة,شركة نخيل (ش.م.خ),nakheel,Palm Jabal Ali,Palm Jabal Ali,PENDING,,0,44,0,0,44,44,5011741;5011748;5011752;5011757;5011761;5011765;5011770;5011777;5011781;5011785;5011789;5011794;5011795;5011796;5011797;5011812;5011817;5011821;5011825;5011829;5011830;5011833;5011834;5011835;5011838;5011842;5011845;5011846;5011847;5011848;5012767;5012768;5012769;5012770;5012771;5012772;5012773;5012774;5012775;5012776;5012777;5012778;5012779;5012780,44,
PN2667,register_extract_2026-06-15,2667,504463381,The Stella,ذا ستيلا,الفرجان ( ش.ذ.م.م ),الفرجان,Jabal Ali First,Al Furjan,FINISHED,,0,12,0,0,62,1,5914465;5914471;5914472;5914473;5914474;5914476;5914477;5914478;5914479;5914480;5914481;5914487,12,
PN2873,register_extract_2026-06-15,2873,564142154,Haven By Aldar 1,جنان من الدار 1,دبي لاند (ش.ذ.م.م),دبي-لاند,Wadi Al Safa 5,,ACTIVE,,0,462,0,0,568,55,6484992;6484993;6484997;6484999;6485002;6485005;6485006;6485007;6485008;6485009;6485010;6485012;6485016;6485019;6485025;6485030;6485044;6485045;6485048;6485056;6485059;6485067;6485070;6485071;6485072;6485073;6485081;6485084;6485085;6485088;6485095;6485097;6485098;6485099;6485100;6485102;6485103;6485105;6485112;6485113;6485116;6485121;6485127;6485128;6485135;6485136;6485160;6485163;6485164;6485165;6485167;6485176;6485177;6485181;6485186;6485189;6485192;6485199;6485202;6485203,212,
PN2257,register_extract_2026-06-15,2257,355053865,The Estate - II,ذا استيت 2,الفرجان ( ش.ذ.م.م ),الفرجان,Jabal Ali First,Al Furjan,FINISHED,,0,40,0,0,102,8,5912655;5914400;5914401;5914402;5914403;5914404;5914405;5914406;5914407;5914408;5914409;5914410;5914444;5914445;5914446;5914447;5914448;5914451;5914452,19,
PN2148,register_extract_2026-06-15,2148,245249065,Parkside 3,بارك سايد 3,إعمار دبي الجنوب دي دبليو سي ش.ذ.م.م,emaar,Madinat Al Mataar,Dubai World Central,FINISHED,,0,365,0,0,918,89,5212703;5212704;5212705;5212706;5212707;5212708;5212709;5212710;5212711;5212712;5212713;5212714;5212715;5212716;5212717;5212718;5212719;5212720;5212721;5212722;5212723;5212724;5212725;5212726;5212727;5212728;5212729;5212730;5212731;5212732;5212733;5212734;5212735;5212736;5212737;5212738;5212739;5212740;5212741;5212742;5212743;5212744;5212745;5212746;5212747;5212748;5212749;5212750;5212751;5212752;5212753;5212754;5212755;5212756;5212757,55,
PN2265,register_extract_2026-06-15,2265,361592493,JASMINE LANE,جاسمين لين,عقارات جميرا جولف ش.ذ.م.م,عقارات-جميرا-جولف,Me'Aisem First,Jumeirah Golf Estates,FINISHED,,0,138,0,0,324,59,6850676;6850677;6850678;6850679;6850680;6850681;6850685;6850686;6850687;6850688;6850689;6850690;6850691,13,
PN2229,register_extract_2026-06-15,2229,346016615,Intima villas,فلل انتيما,مدينة دبي الرياضية (ش. ذ. م. م),مدينه-دبي-الرياضيه,Al Hebiah Fourth,Dubai Sports City,FINISHED,,0,21,0,0,35,2,6821833,1,
PN1497,register_extract_2026-06-15,1497,12087329,SHAMAL TERRACES 3,شمال تراس 3,قرية جميرا (ش.ذ.م.م),قريه-جميرا,Al Barsha South Fourth,Jumeirah Village Circle,FINISHED,,0,10,0,0,48,0,6817174,1,
PN3478,register_extract_2026-06-15,3478,702351817,The Veranda Collection 1,ذا فيراندا كولكشن 1,قرية جميرا (ش.ذ.م.م),قريه-جميرا,Al Barsha South Fourth,Jumeirah Village Circle,ACTIVE,,0,12,0,0,9,5,6817078,1,
PN989,register_extract_2026-06-15,989,989,WESTAR CASABLANCA,ويستار كازابلانكا,شركة نخيل (ش.م.خ),nakheel,Al Barsha South Fourth,Jumeirah Village Circle,FINISHED,,0,13,0,0,49,0,6816779,1,
PN1432,register_extract_2026-06-15,1432,1432,DIAMOND VIEWS 4 - VILLAS B,إطلالات على الماس 4 - الفيلات ب,قرية جميرا (ش.ذ.م.م),قريه-جميرا,Al Barsha South Fourth,Jumeirah Village Circle,FINISHED,,0,15,0,0,70,0,6816385,1,
PN1341,register_extract_2026-06-15,1341,7398439,MILLENNIUM ESTATES,عقارات الألفية,مؤسسة مدينة ميدان,meydan,Nad Al Shiba First,Meydan Racecourse Community,FINISHED,,0,198,0,0,768,21,6183615;6183617;6183618;6183619;6183620;6183621;6183622;6183623;6183624;6183625;6183626;6183627;6183628;6183629;6183630;6183631;6183632;6183633;6183634;6183635;6183636;6183637;6183638;6183639;6183640;6183641;6183642;6183643;6183644;6183645;6183646;6183647;6183648;6183649;6183650;6183651;6183652;6183653;6183654;6183655;6183656;6183657;6183658;6183659;6183660;6183661;6183662;6183663;6183664;6183665;6183666;6183667;6183668;6183669;6183670;6183671;6183672;6183673;6183674;6183675,198,
PN1050,register_extract_2026-06-15,1050,578530456,Emirates Living - Springs 11,روعة الإمارات ? الينابيع 11,اعمار العقارية (ش . م. ع),emaar,Al Thanayah Fourth,Springs - 1,FINISHED,,0,484,0,0,2256,94,3942982;3942988;3942993;3942996;3942999;3943003;3943008;3943016;3943021;3943024;3943030;3943035;3943040;3943044;3943052;3943056;3943060;3943066;3943073;3943079;3943084;3943087;3943091;3943094;3943098;3943105;3943109;3943113;3943120;3943125;3943129;3943134;3943138;3943142;3943144;3943147;3943152;3943157;3943160;3943164;3943171;3943178;3943183;3943187;3943193;3943195;3943203;3943206;3943211;3943217;3943223;3943226;3943232;3943239;3943245;3943252;3943256;3943260;3943264;3943268,120,
PN1062,register_extract_2026-06-15,1062,582979045,The Lakes Zulal,البحيرات زلال,اعمار العقارية (ش . م. ع),emaar,Al Thanyah Third,,FINISHED,,0,306,0,0,1644,44,3881392;3881393;3881394;3881395;3881396;3881397;3881398;3881399;3881400;3881401;3881402;3881403;3881404;3881405;3881406;3881407;3881408;3881409;3881410;3881411;3881412;3881413;3881414;3881415;3881416;3881417;3881418;3881419;3881420;3881421;3881422;3881423;3881424;3881425;3881426;3881427;3881428;3881429;3881430;3881431;3881432;3881433;3881439;3881440;3881441;3881442;3881443;3881444;3881445;3881446;3881447;3881448;3881449;3881450;3881451;3881452;3881453;3881454;3881458;3881459,81,
PN2696,register_extract_2026-06-15,2696,511807206,Mohammed Bin Rashid Al Maktoum City District One West - Phase 1,مدينة محمد بن راشد آل مكتوم الحي الأول غرب - المرحلة الأولى,مجموعة ميدان (ش.ذ.م.م),meydan,Ghadeer Al tair,,ACTIVE,,0,467,0,0,680,68,3551784;3551785;3551786;3551787;3551788;3551789;3551790;3551791;3551792;3551793;3551794;3551795;3551796;3551797;3551798;3551799;3551800;3551801;3551802;3551804;3551805;3551806;3551807;3551808;3551809;3551815;3551816;3551817;3551818;3551819;3551820;3551821;3551824;3551825;3551826;3551827;3551828;3551829;3551830;3551833;3551834;3551835;3551836;3551837;3551838;3551839;3551841;3551842;3551843;3551844;3551845;3551846;3551847;3551848;3551849;3551851;3551852;3551853;3551854;3551855,468,
PN1054,register_extract_2026-06-15,1054,578485932,The Lakes - Deema 1,البحيرات ? ديما 1,اعمار العقارية (ش . م. ع),emaar,Al Thanyah Third,Lakes - Deema 1,FINISHED,,0,66,0,0,339,9,3880646;3880647;3880648;3880649;3880650;3880651;3880652;3880653;3880654;3880655;3880656;3880657;3880658;3880659;3880660;3880661;3880662;3880663;3880664;3880665;3880666;3880667;3880668;3880669;3880670;3880671;3880672;3880673;3880674;3880675;3880676;3880677;3880678;3880679;3880680;3880681;3880682;3880683;3880684;3880685;3880686;3880687;3880688;3880689;3880690;3880691;3880692;3880693;3880694;3880695;3880696;3880697;3880698;3880699;3880700;3880701;3880702;3880703;3880704;3880705,66,
PN1355,register_extract_2026-06-15,1355,8481385,DAMAC HILLS - QUEENS MEADOW,داماك هيلز - كوينز ميدو,داماك كريسنت للعقارات (ش.ذ.م.م),damac,Al Hebiah Third,DAMAC HILLS,FINISHED,,0,119,0,0,431,26,6766144;6766145;6766146;6766147;6766148;6766149;6766150;6766151;6766152;6766153;6766154;6766155;6766156;6766157;6766158;6766159;6766160;6766161;6766162;6766163;6766164;6766165;6766166;6766167;6766168;6766169;6766170;6766175;6766176;6766177;6766178;6766179;6766180;6766181;6766182;6766183;6766184;6766185;6766186;6766187;6766188;6766189;6766190;6766191;6766192;6766193;6766194;6766195;6766196;6766197;6766198;6766199;6766200;6766201;6766202;6766203;6766204;6766205;6766206;6766207,121,
PN1396,register_extract_2026-06-15,1396,10830591,DAMAC HILLS - ROCKWOOD,دماك هيلز - روك وود,داماك كريسنت للعقارات (ش.ذ.م.م),damac,Al Hebiah Third,DAMAC HILLS,FINISHED,,0,177,0,0,528,37,6766054;6766055;6766056;6766057;6766058;6766059;6766060;6766061;6766062;6766063;6766064;6766065;6766066;6766067;6766068;6766069;6766070;6766071;6766072;6766073;6766074;6766075;6766076;6766077;6766083;6766084;6766085;6766086;6766087;6766088;6766089;6766090;6766091;6766092;6766093;6766094;6766095;6766096;6766097;6766098;6766099;6766100;6766101;6766102;6766103;6766104;6766105;6766106;6766107;6766108;6766109;6766110;6766111;6766112;6766113;6766114;6766115;6766116;6766117;6766118,177,
PN2227,register_extract_2026-06-15,2227,344768183,Sobha Hartland Villas Phase III,III شوبا هارتلاند فيلا فيس,شوبا ش.ذ.م.م,sobha,Al Merkadh,SOBHA HARTLAND,FINISHED,,0,55,0,0,150,8,3470377;3470378;3473071;3473072;3473073;3473074;3473075;3473076;3473077;3473078;3473079;3473080;3473081;3473083;3473084;3473085;3473086;3473087;3473088;3473089;3473090;3473091;3473092;3473093;3473109;3473110;3473111;3473116;3473119;3473120;3473121;3473122;3473124;3473125;3473126;3473129;3473130;3473131;3473132;3473134;3473138;3473139;3473140;3473141;3473142;3473145;3473146;3473147;3473148;3474790;3474791;3474792;3474793;3474794;3474795,55,
PN3580,register_extract_2026-06-15,3580,725638879,The Oasis - Address Villas - Tierra,ذا اويسيس - ادرس فيلا - تييرا,إعمار للتطوير (مساهمة عامة),emaar,Me'Aisem Second,,NOT_STARTED,,0,487,0,0,483,17,6861679;6861680;6861681;6861682;6861683;6861684;6861685;6861686;6861687;6861688;6861689;6861690;6861691;6861692;6861693;6861694;6861695;6861696;6861697;6861699;6861700;6861701;6861702;6861703;6861704;6861705;6861707;6861708;6861709;6861711;6861712;6861713;6861714;6861717;6861718;6861719;6861720;6861721;6861722;6861723;6861724;6861725;6861726;6861727;6861728;6861729;6861730;6861735;6861736;6861737;6861738;6861739;6861740;6861741;6861742;6861743;6861744;6861745;6861746;6861747,487,
PN3699,register_extract_2026-06-15,3699,746176562,Grand Polo - Chevalia Estate,جراند بولو - شيفاليا استيت,إعمار للتطوير (مساهمة عامة),emaar,Dubai Investment Park Second,,NOT_STARTED,,0,80,0,0,80,2,5972395;5972396;5972397;5972398;5972399;5972400;5972401;5972402;5972403;5972405;5972406;5972407;5972408;5972409;5972410;5972411;5972412;5972415;5972416;5972417;5972418;5972419;5972420;5972425;5972426;5972427;5972428;5972429;5972430;5972431;5972432;5972433;5972434;5972437;5972438;5972439;5972440;5972441;5972442;5972443;5972444;5972445;5972446;5972447;5972448;5972451;5972452;5972453;5972454;5972455;5972456;5972457;5972458;5972459;5972460;5972461;5972463;5972464;5972465;5972466,80,
PN1399,register_extract_2026-06-15,1399,11312991,Dubai Hills - Hills Grove Community,دبي هيلز-هيلزغروف كومينتى,دبي هيلز استيت ش.ذ.م.م,dubai-hills-estate,Hadaeq Sheikh Mohammed Bin Rashid,Dubai Hills Estate,FINISHED,,0,1,0,0,40,2,6312797;6313360;6313363;6314106;6314109;6314236;6316871;6317026;6317423;6317564;6317654;6317819;6317837;6318692;6318724;6318783;6318852;6318939;6319099;6319113;6319202;6319221;6319426;6319604;6319629;6319939,26,
PN3700,register_extract_2026-06-15,3700,746181440,Grand Polo - Montura,جراند بولو - مونتورا,إعمار للتطوير (مساهمة عامة),emaar,Dubai Investment Park Second,,NOT_STARTED,,0,211,0,0,214,6,5971657;5971658;5971659;5971660;5971661;5971662;5971666;5971667;5971668;5971669;5971670;5971671;5971673;5971674;5971675;5971676;5971677;5971678;5971679;5971681;5971682;5971683;5971684;5971685;5971687;5971688;5971689;5971690;5971691;5971692;5971694;5971695;5971696;5971697;5971698;5971699;5971701;5971702;5971703;5971704;5971705;5971706;5971707;5971709;5971710;5971711;5971712;5971714;5971715;5971716;5971717;5971718;5971719;5971720;5971722;5971723;5971724;5971725;5971726;5971727,211,
PN2236,register_extract_2026-06-15,2236,349505321,DAMAC HILLS-BEL AIR,داماك هيلز-بلير,دبي لاند ريزيدنسز (ش.ذ.م.م),دبي-لاند-ريزيدنسز,Al Hebiah Third,DAMAC HILLS,FINISHED,,0,215,0,0,447,101,67610499;67610500;67610501;67610502;67610505;67610507;67610509;67610511;67610513;67610863;67610864;67610866;67610868;67610877;67610879;67610880;67610885;67610887;67610892;67610895;67610896;67610897;67610900;67610901;67610902;67610903;67610906;67610910;67610920;67610921;67610922;67610923;67610924;67610926;67610930;67610932;67610935;67610938;67610939;67610940;67610942;67610945;67610946;67610947;67610954;67610963;67610965;67610966;67610967;67610968;67610974;67610975;67610977;67610980;67610981;67610983;67610984;67610988;67610990;67610992,215,
PN2262,register_extract_2026-06-15,2262,360173573,Murooj Al Furjan 2,مروج الفرجان 2,شركة نخيل (ش.م.خ),nakheel,Jabal Ali First,Al Furjan,FINISHED,,0,350,0,0,904,59,5910731;5910732;5910733;5910734;5910735;5910736;5910737;5910738;5910739;5910740;5910741;5910742;5910743;5910744;5910745;5910746;5910747;5910748;5910749;5910750;5910751;5910752;5910753;5910754;5910755;5910756;5910757;5910758;5910759;5910760;5910761;5910762;5910763;5910764;5910765;5910766;5910767;5910768;5910769;5910770;5910771;5910772;5910773;5910774;5910775;5910776;5910777;5910778;5910779;5910780;5910781;5910782;5910783;5910784;5910785;5910786;5910787;5910788;5910789;5910790,350,
PN1490,register_extract_2026-06-15,1490,11874003,REEM - MIRA OASIS COMMUNITY PHASE 2,ريم - ميرا أوسيس كوميونتي فيس 2,الاريام المرحلة الثانية ش.ذ.م.م,الاريام-المرحله-الثانيه,Al Yelayiss 1,,FINISHED,,0,427,0,0,1143,103,9210792;9210793;9210794;9210795;9210796;9210797;9210798;9210799;9210800;9210801;9210802;9210803;9210804;9210805;9210806;9210807;9210808;9210809;9210810;9210811;9210812;9210813;9210814;9210815;9210816;9210817;9210818;9210819;9210820;9210821;9210822;9210973;9210974;9210975;9210976;9210977;9210978;9210979;9210980;9210981;9210982;9210983;9210984;9210985;9210986;9210987;9210988;9210989;9210990;9210991;9210992;9210993;9210994;9210995;9210996;9210997;9210998;9210999;9211000;9211001,77,
PN1385,register_extract_2026-06-15,1385,10579593,WARSAN VILLAGE - B & C,ورسان فيلج B & C,انترناشونال سيتي ( ش.ذ.م.م ),انترناشونال-سيتي,Al Warsan First,International City Phase 1,FINISHED,,0,359,0,0,781,44,6210208;6210209;6210212;6210222;6210228;6210230;6210231;6210232;6210233;6210234;6210235;6210237;6210239;6210240;6210241;6210242;6210243;6210244;6210246;6210248;6210252;6210253;6210261;6210268;6210273;6210277;6210283;6210286;6210287;6210288;6210289;6210292;6210293;6210294;6210297;6210302;6210303;6210304;6210305;6210306;6210307;6210308;6210314;6210315;6210319;6210320;6210331;6210332;6210333;6210334;6210337;6210339;6210342;6210343;6210344;6210366;6210367;6210371;6210373;6210380,360,
PN1094,register_extract_2026-06-15,1094,1094,MIRABELLA 1,ميرابيلا 1,قرية جميرا (ش.ذ.م.م),قريه-جميرا,Al Barsha South Fourth,Jumeirah Village Circle,FINISHED,,0,16,0,0,93,2,6816437,1,
PN176,register_extract_2026-06-15,176,176,DUBAI SPANISH TWIN VILLA,الفيلا الاسبانية المزدوجة في دبي,مدينه دبى الصناعيه ش ذ م م,مدينه-دبي-الصناعيه,Saih Shuaib 2,,FINISHED,,0,14,0,0,29,4,5310113,1,
PN1742,register_extract_2026-06-15,1742,29078549,PALACE ESTATES,عقارات القصر,قرية جميرا (ش.ذ.م.م),قريه-جميرا,Al Barsha South Fourth,Jumeirah Village Circle,FINISHED,,0,13,0,0,33,6,6817211,1,
PN1981,register_extract_2026-06-15,1981,142593703,SOMERSET MEWS,سومرست ميوز,قرية جميرا (ش.ذ.م.م),قريه-جميرا,Al Barsha South Fourth,Jumeirah Village Circle,FINISHED,,0,17,0,0,59,3,6816205,1,
PN2390,register_extract_2026-06-15,2390,414502717,Nad Al Sheba Gardens Phase 2,ند الشبا جاردنز المرحله الثانيه,شمال العقارية ش.ذ.م.م,شمال-العقاريه,Nad Al Shiba First,Nad Al Sheba Gardens,ACTIVE,,0,215,0,0,367,91,6180746;6180747;6180748;6180753;6180754;6180755;6180756;6180757;6180758;6180759;6180760;6180761;6180762;6180763;6180764;6180767;6180768;6180769;6180770;6180771;6180772;6180773;6180774;6180775;6180776;6180779;6180780;6180781;6180782;6180783;6180786;6180787;6180788;6180789;6180790;6180791;6180792;6180793;6180794;6180795;6180796;6180797;6180798;6180799;6180800;6180801;6180802;6180803;6180804;6180805;6180806;6180807;6180808;6180811;6180812;6180813;6180814;6180815;6180816;6180817,203,
PN3573,register_extract_2026-06-15,3573,724525874,Selora Residences,سيلورا ريزيدنسز,مجموعة ميدان (ش.ذ.م.م),meydan,Wadi Al Safa 3,Mohammed Bin Rashid AL Maktoum District 11,NOT_STARTED,,0,32,0,0,17,9,6454964,1,
PN2234,register_extract_2026-06-15,2234,348100922,La Rosa 4,4 لا روزا,دبي للعقارات (ش.ذ.م.م),dubai-properties,Wadi Al Safa 5,,FINISHED,,0,178,0,0,405,25,6482003;6482004;6482005;6482006;6482007;6482008;6482009;6482010;6482011;6482012;6482013;6482014;6482015;6482016;6482017;6482018;6482019;6482020;6482021;6482022;6482023;6482024;6482025;6482026;6482027;6482028;6482029;6482030;6482031;6482032;6482033;6482034;6482035;6482036;6482037;6482038;6482039;6482040;6482041;6482042,40,
PN1167,register_extract_2026-06-15,1167,1167,DUBAI WATER FRONT VENETO,دبي وتر فرونت  فينيتو,شركة نخيل (ش.م.خ),nakheel,Hessyan First,Veneto,FINISHED,,0,1,0,0,59,5,5110581;5110582;5110583;5110584;5110585;5110586;5110587;5110588;5110589;5110590;5110591;5110592;5110593;5110594;5110595;5110596;5110597;5110598;5110599;5110600;5110601;5110602;5110603;5110604;5110605;5110606;5110607;5110608;5110609;5110610;5110611;5110613;5110615;5110616;5110617;5110618;5110619;5110620;5110623;5110624;5110625;5110626;5110627;5110628;5110629;5110630;5110631;5110632;5110633;5110634;5110635;5110636;5110637;5110638;5110639;5110640;5110641;5110642;5110643;5110644,170,
PN3437,register_extract_2026-06-15,3437,689340227,DAMAC ISLANDS - MALDIVES 2,داماك ايلاندز - مالديفز 2,شركة داماك ايليت للاستثمار ذ.م.م,damac,Al Yelayiss 1,,NOT_STARTED,,0,379,0,0,390,12,92110004;9212716;9212717;9212727;9212729;9212754;9212756;9212791;9212794;9212822;9212847;9212874;9212927;9212929;9212931;9212953;9212954;9212975;9213000;9213070;9213072;9213093;9213116;9213117;9213140;9213166;9213169;9213191;9213193;9213213;9213214;9213215;9213268;9213269;9213270;9213289;9213290;9213292;9213293;9213294;9213336;9213383;9213384;9213385;9213386;9213412;9213461;9213489;9213490;9213539;9213562;9213578;9213580;9213599;9213600;9213670;9213696;9213739;9213740;9213742,380,
PN3222,register_extract_2026-06-15,3222,644355617,DAMAC HILLS (2) - VIOLET 3,داماك هيلز (2) - فايليت 3,شركة الخط الامامي لادارة الاستثمار ش.ذ.م.م,الخط-الامامي-لاداره-الاستثمار,Madinat Hind 4,DAMAC HILLS 2,ACTIVE,,0,616,0,0,638,23,91411356;91411565;91412802;91413181;91414001;91414005;91414656;91415526;91416206;91417476;91417481;91417750;91421452;9143954;9143961;9143962;9143967;9143968;9143970;9143975;9143976;9143989;9143998;9143999;9144014;9144026;9144027;9144035;9144036;9144040;9144043;9144046;9144048;9144055;9144056;9144058;9144065;9144075;9144079;9144086;9144087;9144088;9144089;9144093;9144094;9144097;9144114;9144116;9144117;9144118;9144122;9144124;9144125;9144126;9144127;9144128;9144131;9144138;9144156;9144158,616,
PN3268,register_extract_2026-06-15,3268,652916868,DAMAC SUN CITY,داماك صن سيتي,شمال العقارية ش.ذ.م.م,شمال-العقاريه,Al Yelayiss 1,,ACTIVE,,0,741,0,0,775,18,9210284;9210300;9210370;9210464;9211042;9211937;9211938;9211939;9211940;9211941;9211942;9211943;9211944;9211945;9211946;9211947;9211948;9211949;9211950;9211951;9211952;9211953;9211954;9211955;9211956;9211957;9211958;9211959;9211960;9211961;9211962;9211963;9211964;9211965;9211966;9211967;9211968;9211969;9211970;9211971;9211972;9211973;9211974;9211975;9211976;9211977;9211978;9211979;9211980;9211981;9211982;9211983;9211984;9211985;9211986;9211987;9211988;9211989;9211990;9211991,770,
PN3498,register_extract_2026-06-15,3498,707623637,DAMAC ISLANDS - BORA BORA 1,داماك ايلاندز - بورا بورا 1,شركة داماك ايليت للاستثمار ذ.م.م,damac,Al Yelayiss 1,,NOT_STARTED,,0,251,0,0,235,26,9212705;9212706;9212778;9212809;9212851;9212864;9212895;9212897;9212925;9212934;9212979;9212980;9212993;9213015;9213037;9213065;9213066;9213075;9213122;9213123;9213133;9213228;9213229;9213324;9213330;9213404;9213405;9213419;9213440;9213505;9213506;9213533;9213564;9213582;9213604;9213614;9213645;9213646;9213683;9213759;9213770;9213810;9213847;9213870;9213879;9213912;9213923;9214045;9214046;9214072;9214113;9214171;9214197;9214206;9214221;9214222;9214240;9214241;9214250;9214251,251,
PN2689,register_extract_2026-06-15,2689,510486330,DAMAC LAGOONS - MOROCCO 1,داماك لاجونز - موروكو 1,واحة الجزيرة العقارية (ش.ذ.م.م),واحه-الجزيره-العقاريه,Al Hebiah Fifth,DAMAC Lagoons,ACTIVE,,0,471,0,0,539,47,68310017;68310021;68310022;68310046;68310047;68310078;68310079;68310105;68310171;68310200;68310225;68310259;68310260;68310286;68310318;68310319;68310345;68310375;68310405;68310408;68310409;68310433;68310469;68310470;68310504;68310505;68310534;68310538;68310555;68310560;68310561;68310591;68310592;68310595;68310623;68310625;68310654;68310655;68310684;68310685;68310691;68310717;68310718;68310724;68310780;68310781;68310840;68310843;68310867;68310868;68310869;68310870;68310896;68310906;68310927;68310928;68310985;68310990;68311014;68311044,471,
PN1548,register_extract_2026-06-15,1548,13777164,DAMAC HILLS (2) - PRIMROSE,داماك هيلز (2) - بريمروز,شركة الخط الامامي لادارة الاستثمار ش.ذ.م.م,الخط-الامامي-لاداره-الاستثمار,Madinat Hind 4,DAMAC HILLS 2,FINISHED,,0,353,0,0,641,75,91410718;91410719;91410720;91410721;91410726;91410727;91410728;91410774;91410775;91410776;91410777;91411372;91411459;91411460;91411461;91411462;91411463;91411464;91411465;91411466;91411467;91411473;91411477;91411478;91411480;91411481;91411482;91411483;91411484;91411486;91411487;91411498;91411499;91411500;91411501;91411502;91411503;91411506;91411507;91411508;91411510;91411516;91411517;91411518;91411522;91412173;91412174;91412175;91412177;91412178;91412179;91412180;91412182;91412183;91412184;91412245;91412248;91412249;91412250;91412251,353,
PN2985,register_extract_2026-06-15,2985,592513306,South Bay 5 Premium,خليج الجنوب 5 بريميوم,مؤسسه مدينه دبى للطيران,موسسه-مدينه-دبي-للطيران,Madinat Al Mataar,Dubai South Residential District,NOT_STARTED,,0,144,0,0,169,27,5213829;5213830;5213831;5213832;5213833;5213834;5213835;5213836;5213837;5213838;5213839;5213840;5213841;5213842;5213843;5213844;5213845;5213846;5213847;5213848;5213849;5213850;5213851;5213852;5213853;5213854;5213855;5213856;5213857;5213858;5213859;5213860;5213861;5213862;5213863;5213864;5213865;5213866;5213867;5213868;5213869;5213870;5213871;5213872;5213873;5213874;5213875,47,
PN2487,register_extract_2026-06-15,2487,447566426,DAMAC LAGOONS - MYKONOS,داماك لاجونز - ميكونوس,واحة الجزيرة العقارية (ش.ذ.م.م),واحه-الجزيره-العقاريه,Al Hebiah Fifth,,ACTIVE,,0,0,0,0,671,92,6833770;6833789;6833802;6833803;6833822;6833823;6833838;6833853;6833872;6833879;6833880;6833881;6833909;6833910;6833955;6833982;6833996;6834027;6834028;6834042;6834074;6834075;6834076;6834090;6834112;6834119;6834120;6834147;6834148;6834150;6834197;6834198;6834199;6834212;6834213;6834216;6834234;6834247;6834278;6834298;6834309;6834324;6834358;6834371;6834374;6834389;6834399;6834414;6834419;6834420;6834426;6834450;6834451;6834477;6834483;6834484;6834485;6834514;6834515;6834531,461,
PN3354,register_extract_2026-06-15,3354,673725648,Palm Jebel Ali - Frond F,F نخلة جبل علي - السعفة,شركة نخيل (ش.م.خ),nakheel,Palm Jabal Ali,Palm Jabal Ali,NOT_STARTED,,0,80,0,0,82,4,5012002;5012023;5012029;5012033;5012040;5012045;5012052;5012061;5012071;5012072;5012075;5012077;5012080;5012081;5012084;5012085;5012089;5012090;5012094;5012095;5012099;5012100;5012103;5012104;5012109;5012113;5012114;5012120;5012124;5012127;5012130;5012132;5012136;5012138;5012144;5012145;5012151;5012154;5012156;5012159;5012162;5012167;5012170;5012172;5012177;5012180;5012183;5012187;5012190;5012195;5012202;5012204;5012208;5012211;5012215;5012219;5012221;5012228;5012229;5012233,80,
PN2354,register_extract_2026-06-15,2354,396828167,La Violeta 2,لا فيوليتا 2,دبي للعقارات (ش.ذ.م.م),dubai-properties,Wadi Al Safa 5,,FINISHED,,0,226,0,0,459,135,6481060;6481061;6481062;6481063;6481064;6481065;6481066;6481083;6481084;6481085;6481086;6481087;6481088;6481089;6481090;6481091;6481092;6481093;6481094;6481095;6481096;6481097;6481098;6481099;6481100;6481101;6481102;6481103;6481104;6481105;6481106;6481107;6481108;6481109;6481110;6481111;6481112;6481113;6481135;6481136;6481137;6481138;6481139;6481140,44,
PN2711,register_extract_2026-06-15,2711,517767918,South Bay 3 Premium,خليج الجنوب 3 بريميوم,مؤسسه مدينه دبى للطيران,موسسه-مدينه-دبي-للطيران,Madinat Al Mataar,Dubai South Residential District,ACTIVE,,0,213,0,0,247,25,5213878;5213879;5213880;5213881;5213882;5213883;5213884;5213885;5213886;5213887;5213888;5213889;5213890;5213891;5213892;5213893;5213894;5213895;5213896;5213897;5213898;5213948;5213949;5213950;5213951;5213952;5213953;5213954;5213955;5213956;5213957;5213958;5213959;5213960;5213961;5213962;5213963;5213964;5213965;5213966;5213967;5213968;5213969;5213970;5213971;5213972;5213973;5213974;5213975;5213976;5213977;5213978;5213979;5213980;5213981;5213982;5213983;5213984;5213985;5213986,78,
PN2899,register_extract_2026-06-15,2899,571347709,Bay Villas - Dubai Islands,باي فيلاز - جزر دبي,شركة نخيل (ش.م.خ),nakheel,Palm Deira,Palm Deira,NOT_STARTED,,0,636,0,0,780,113,1010677;1010678;1010679;1010680;1010681;1010682;1010683;1010684;1010685;1010686;1010687;1010688;1010689;1010690;1010691;1010692;1010693;1010694;1010695;1010696;1010697;1010698;1010699;1010700;1010701;1010702;1010703;1010704;1010705;1010706;1010707;1010708;1010709;1010710;1010711;1010712;1010713;1010714;1010715;1010716;1010717;1010718;1010719;1010720;1010721;1010722;1010723;1010724;1010725;1010726;1010727;1010728;1010729;1010730;1010731;1010732;1010733;1010734;1010735;1010736,636,
PN3593,register_extract_2026-06-15,3593,728098485,D Villas,دي فيلاز,عقارات جميرا جولف ش.ذ.م.م,عقارات-جميرا-جولف,Me'Aisem First,Jumeirah Golf Estates,NOT_STARTED,,0,198,0,0,157,40,6851591;6851592;6851593;6851594;6851595;6851596;6851597;6851598;6851599;6851600;6851601;6851602;6851603;6851604;6851606;6851607;6851608;6851609;6851610;6851611;6851612;6851613;6851614;6851615;6851616;6851617;6851618;6851619;6851620;6851621;6851622;6851623;6851624;6851625;6851626;6851627;6851628;6851629;6851630;6851631;6851632;6851633;6851634;6851635;6851636;6851637;6851638;6851639;6851640;6851641;6851642;6851643;6851644;6851645;6851646;6851647;6851648;6851649;6851650;6851651,198,
PN2484,register_extract_2026-06-15,2484,446953918,Nad Al Sheba Gardens Phase 3,ند الشبا جاردنز المرحله الثالثه,شمال العقارية ش.ذ.م.م,شمال-العقاريه,Nad Al Shiba First,Nad Al Sheba Gardens,ACTIVE,,0,235,0,0,315,32,6180978;6180979;6180980;6180981;6180985;6180986;6180987;6180988;6180990;6180992;6180993;6180995;6180996;6180997;6180998;6181000;6181001;6181002;6181003;6181004;6181007;6181008;6181009;6181011;6181013;6181016;6181017;6181019;6181020;6181021;6181022;6181024;6181029;6181032;6181033;6181035;6181036;6181038;6181039;6181040;6181041;6181042;6181046;6181048;6181049;6181050;6181051;6181054;6181056;6181057;6181058;6181060;6181061;6181062;6181063;6181064;6181066;6181067;6181070;6181072,118,
PN2628,register_extract_2026-06-15,2628,87081638,Estella 2,إستيلا 2,مدينة دبي الرياضية (ش. ذ. م. م),مدينه-دبي-الرياضيه,Al Hebiah Fourth,Dubai Sports City,FINISHED,,0,5,0,0,8,2,6823871;6823872;6823873;6823875;6823876,5,
PN2935,register_extract_2026-06-15,2935,579691649,Sunrise Living at Jumeirah Park,سنرايز ليفينج في جميرا بارك,شركة نخيل (ش.م.خ),nakheel,Al Thanyah Fifth,Jumeirah Park,ACTIVE,,0,41,0,0,74,27,3931024;3931025;3931026;3931027;3931028;3931029;3933434;3933435;3933436;3933437;3933438;3933439;3933440;3933441;3933442;3933443;3933444;3933445;3933521;3933522;3933523;3933524;3933525;3933526;3933527;3933528;3933529;3933530;3933531;3933532;3933533;3933534;3933535;3933536;3933537;3933538;3933539;3933540;3933541;3933542;3934268,41,
PN252,register_extract_2026-06-15,252,252,SANDOVAL LANE,ساندوفال لين,قرية جميرا (ش.ذ.م.م),قريه-جميرا,Al Barsha South Fourth,Jumeirah Village Circle,FINISHED,,0,20,0,0,46,3,6817159,1,
PN694,register_extract_2026-06-15,694,694,INDIGO VILLE 2,إنديغو فيل 2,شركة نخيل (ش.م.خ),nakheel,Al Barsha South Fourth,Jumeirah Village Circle,FINISHED,,0,14,0,0,47,0,6817053,1,
PN2195,register_extract_2026-06-15,2195,287245886,ROYAL PARK,رويال بارك,جميرا بارك (ش.ذ.م.م),جميرا-بارك,Al Thanyah Fifth,Jumeirah Park,FINISHED,,0,40,0,0,102,9,3933729,1,
PN2365,register_extract_2026-06-15,2365,401536619,ROYAL PARK SOUTH 1,رويال بارك ساوث 1,شركة نخيل (ش.م.خ),nakheel,Al Barsha South Fourth,Jumeirah Village Circle,FINISHED,,0,35,0,0,82,9,6816379;6816381,2,
PN1088,register_extract_2026-06-15,1088,1088,MIRABELLA 2,ميرابيلا 2,قرية جميرا (ش.ذ.م.م),قريه-جميرا,Al Barsha South Fourth,Jumeirah Village Circle,FINISHED,,0,16,0,0,71,2,6816438,1,
PN2240,register_extract_2026-06-15,2240,353179911,Palace Beach Residence,بالاس بيتش ريزيدنس,إعمار للتطوير (مساهمة عامة),emaar,Marsa Dubai,Dubai Harbour,FINISHED,552,3,3,0,552,1220,153,3920714,1,174323728;1843564867;2000292101
PN1241,register_extract_2026-06-15,1241,1241,INDIGO SPECTRUM 2,الطيف النيلي 2,انترناشونال سيتي ( ش.ذ.م.م ),انترناشونال-سيتي,Al Warsan First,International City Phase 1,FINISHED,91,1,1,89,91,193,8,6210124,1,
PN2564,register_extract_2026-06-15,2564,476786484,Sobha Hartland Waves Opulence,شوبا هارتلاند  ويفز اوبيولينس,شوبا ش.ذ.م.م,sobha,Al Merkadh,SOBHA HARTLAND,ACTIVE,363,1,1,0,363,427,40,3473940,1,1196632322
PN1294,register_extract_2026-06-15,1294,1294,BUSINESS AVENUE BB1,شارع الأعمال BB1,مركز دبي للسلع المتعددة,مركز-دبي-للسلع-المتعدده,Al Thanyah Fifth,Jumeirah Lakes Towers,FINISHED,349,1,1,0,349,1312,39,3935813,1,1617535596
PN1282,register_extract_2026-06-15,1282,1282,JUMEIRAH PARK,جميرا بارك,شركة نخيل (ش.م.خ),nakheel,Al Thanyah Fifth,Jumeirah Park,FINISHED,2,1,1798,0,2,7183,259,3930990;3930991;3930992;3930993;3930994;3930995;3930996;3930997;3930998;3930999;3931000;3931001;3931002;3931041;3931042;3931043;3931044;3931045;3931046;3931047;3931048;3931049;3931050;3931051;3931052;3931053;3931054;3931055;3931056;3931057;3931058;3931059;3931060;3931061;3931062;3931063;3931064;3931065;3931066;3931067;3931068;3931069;3931070;3931071;3931072;3931073;3931074;3931075;3931076;3931077;3931078;3931079;3931080;3931081;3931082;3931083;3931084;3931085;3931086;3931087,1801,
PN4034,register_extract_2026-06-15,4034,800463795,Hadley Heights 2,هادلي هايتس 2,مدينة دبي الرياضية (ش. ذ. م. م),مدينه-دبي-الرياضيه,Al Hebiah Fourth,Dubai Sports City,NOT_STARTED,230,1,1,0,230,198,192,6820140,1,
PN3565,register_extract_2026-06-15,3565,721860155,ONAYA RESIDENCES By Kaya,عناية ريزيدنسز باي كايا,مراس العقارية (ش.ذ.م.م),meraas,Al Satwa,Jumeirah Garden City,PENDING,41,1,1,0,41,0,0,3347186,1,588324457
PN763,register_extract_2026-06-15,763,763,CHAMPIONS TOWER1,شامبيونز تاور 1,مدينة دبي الرياضية (ش. ذ. م. م),مدينه-دبي-الرياضيه,Al Hebiah Fourth,Dubai Sports City,FINISHED,135,1,1,135,135,255,11,6821291,1,55726539
PN162,register_extract_2026-06-15,162,162,INDIGO SPECTRUM1,الطيف النيلي 1,انترناشونال سيتي ( ش.ذ.م.م ),انترناشونال-سيتي,Al Warsan First,International City Phase 1,FINISHED,100,1,1,96,100,216,17,6212021,1,
PN1975,register_extract_2026-06-15,1975,139996324,Azizi Riviera 15,عزيزي ريفييرا 15,مجموعة ميدان (ش.ذ.م.م),meydan,Al Merkadh,Meydan One Community,FINISHED,251,1,1,0,254,356,21,3474994,1,276292989
PN208,register_extract_2026-06-15,208,208,TRIDENT GRAND,ترايدنت جراند,اعمار العقارية (ش . م. ع),emaar,Marsa Dubai,Dubai Marina,FINISHED,275,1,1,253,275,1215,28,3920296,1,2095159915
PN147,register_extract_2026-06-15,147,147,THE ONYX,أونيكس,اعمار العقارية (ش . م. ع),emaar,Al Thanyah Third,The Greens,FINISHED,499,4,4,169,499,937,65,3881477,1,1590225914;473739310;77745294
PN1854,register_extract_2026-06-15,1854,47118186,MAG 330,ماج 330,الياس و مصطفى كلداري لإدارة الاستثمار و التطوير (ش.ذ.م.م),الياس-و-مصطفي-كلداري-لاداره-الاستثمار-و-التطوير,Wadi Al Safa 4,City Of Arabia,ACTIVE,654,1,1,0,656,683,63,6466970,1,601442010
PN19,register_extract_2026-06-15,19,19,B2B TOWER,برج بي تو بي,الخليج التجاري (ش.ذ.م.م),الخليج-التجاري,Business Bay,Business Bay,FINISHED,263,1,1,260,263,626,38,3460718,1,830578394
PN2410,register_extract_2026-06-15,2410,420094989,MBL Royal,إم بي إل رويال,مركز دبي للسلع المتعددة,مركز-دبي-للسلع-المتعدده,Al Thanyah Fifth,Jumeirah Lakes Towers,FINISHED,333,1,1,0,336,566,76,3936247,1,434112563
PN1864,register_extract_2026-06-15,1864,49572973,THE ONE HOTEL,ذا وان هوتيل,الخليج التجاري (ش.ذ.م.م),الخليج-التجاري,Business Bay,Business Bay,FINISHED,504,1,1,0,528,547,24,3460152,1,1585950723
PN2309,register_extract_2026-06-15,2309,380378231,FIVE LUXE,فايف لاكس,ديفكو لتطوير العقارات ش.ذ.م.م,ديفكو-لتطوير-العقارات,Marsa Dubai,,FINISHED,459,1,1,0,543,591,48,3920549,1,375426658
PN894,register_extract_2026-06-15,894,894,MARINA SUITES,أجنحة مارينا,اعمار العقارية (ش . م. ع),emaar,Marsa Dubai,Dubai Marina,FINISHED,117,1,1,116,117,255,0,3920435,1,319423747
PN1494,register_extract_2026-06-15,1494,11995331,BLVD CRESCENT,بلوفارد كريسنت,اعمار العقارية (ش . م. ع),emaar,Burj Khalifa,DownTown Dubai,FINISHED,365,3,3,357,365,869,42,3454475,1,1752008672
PN3548,register_extract_2026-06-15,3548,717497725,Peninsula Dubai Residences - Tower 2,بننسيولا دبي ريزيدنسز - برج 2,دبي بينينسولا ش.ذ.م.م,دبي-بينينسولا,Jumeirah Second,,NOT_STARTED,102,1,1,0,102,89,35,3420994,1,
PN2166,register_extract_2026-06-15,2166,256512783,Sobha Hartland One Park Avenue,شوبا هارتلاند ون بارك افينيو,شوبا ش.ذ.م.م,sobha,Al Merkadh,SOBHA HARTLAND,FINISHED,415,1,1,0,421,760,75,3474829,1,811259040
PN99,register_extract_2026-06-15,99,99,THE MATRIX,ذا ماتركيس,مدينة دبي الرياضية (ش. ذ. م. م),مدينه-دبي-الرياضيه,Al Hebiah Fourth,Dubai Sports City,FINISHED,384,1,1,381,384,676,50,6820122,1,6429484
PN2809,register_extract_2026-06-15,2809,544708963,Hillside Residences 2,هيلسايد ريزيدنسيز 2,جيه ايه جي للتطوير ش.ذ.م.م,جيه-ايه-جي-للتطوير,Jabal Ali First,Wasl Gate,ACTIVE,280,5,5,0,280,287,14,5919628,1,1464834222;1942804757;309006094;93337770;972155870
PN965,register_extract_2026-06-15,965,965,WADI TOWER,برج الوادي,دبي للعقارات (ش.ذ.م.م),dubai-properties,Wadi Al Safa 4,City Of Arabia,FINISHED,202,1,1,0,207,117,12,6465302,1,450592435
PN806,register_extract_2026-06-15,806,806,UNIESTATE SPORTS TOWER,برج رياضي فريد,مدينة دبي الرياضية (ش. ذ. م. م),مدينه-دبي-الرياضيه,Al Hebiah Fourth,Dubai Sports City,FINISHED,154,1,1,154,154,368,15,6821293,1,836870286
PN3328,register_extract_2026-06-15,3328,667310232,Marina Cove,مارينا كوف,إعمار للتطوير (مساهمة عامة),emaar,Marsa Dubai,Dubai Marina,NOT_STARTED,227,1,1,0,227,226,3,3920482,1,1882061022
PN503,register_extract_2026-06-15,503,503,WEST WHAREF TOWER,البرج الغربي,الخليج التجاري (ش.ذ.م.م),الخليج-التجاري,Business Bay,Business Bay,FINISHED,114,3,3,112,114,367,21,3450559;3460559,2,1016063274
PN2501,register_extract_2026-06-15,2501,451187178,ONE CANAL,وان كانال,مراس العقارية (ش.ذ.م.م),meraas,Al Wasl,Dubai Water Canal,ACTIVE,43,1,1,0,43,54,6,3430852,1,1873021950
PN558,register_extract_2026-06-15,558,558,LIME LIGHT TWIN TOWERS,لايم لايت توين تاور,مدينة دبي الرياضية (ش. ذ. م. م),مدينه-دبي-الرياضيه,Al Hebiah Fourth,Dubai Sports City,ACTIVE,734,2,2,734,734,233,1,6820148,1,389249446
PN4007,register_extract_2026-06-15,4007,795172976,Expo Valley Views,إكسبو سيتي فالي للشقق,إكسبو سيتي للتطوير العقاري ش م ح,اكسبو-سيتي-للتطوير-العقاري,Madinat Al Mataar,Dubai World Central,PENDING,490,0,4,0,490,241,241,5210986,1,340284422
PN1957,register_extract_2026-06-15,1957,138556814,Park Gate Residences,بارك جيت رازيدنس,بارك 1 ش.ذ.م.م,بارك-1,Al Kifaf,Wasl 1,FINISHED,764,4,4,0,1045,1543,114,3246457,1,
PN2007,register_extract_2026-06-15,2007,149990477,URBAN OASIS,اوربان اويسيس,الخليج التجاري (ش.ذ.م.م),الخليج-التجاري,Business Bay,Business Bay,FINISHED,467,1,1,0,467,785,74,3460488,1,1969406658
PN2418,register_extract_2026-06-15,2418,424298150,Lime Gardens,لايم جاردنز,دبي هيلز استيت ش.ذ.م.م,dubai-hills-estate,Hadaeq Sheikh Mohammed Bin Rashid,Dubai Hills Estate,FINISHED,293,1,1,0,293,512,94,6316970,1,1274795924
PN1450,register_extract_2026-06-15,1450,1450,MARINASCAPE,ماريناسكيب,اعمار العقارية (ش . م. ع),emaar,Marsa Dubai,Dubai Marina,FINISHED,245,4,4,0,268,889,28,3920564,1,1417812348
PN2505,register_extract_2026-06-15,2505,452700075,ME DO RE,مي دو ري,مركز دبي للسلع المتعددة,مركز-دبي-للسلع-المتعدده,Al Thanyah Fifth,Jumeirah Lakes Towers,FINISHED,394,1,1,0,394,459,42,3930980,1,
PN639,register_extract_2026-06-15,639,639,THE LIGHT,الضوء,رمرام ش.ذ.م.م,رمرام,Arjan,Arjan,FINISHED,143,1,1,0,143,270,10,6731127,1,1767304006
PN1895,register_extract_2026-06-15,1895,82811057,Island Park I,I آيلاند بارك,ذي لاجونز المرحلة الاولى ش.ذ.م.م,ذي-لاجونز-المرحله-الاولي,Al Khairan First,Dubai Creek Harbour,FINISHED,160,1,1,0,160,337,74,4154948,1,1994560485
PN1915,register_extract_2026-06-15,1915,97396922,Grenland Residence By arloid,جرينلاد ريزيدنس من ارلويد,مجموعة ميدان (ش.ذ.م.م),meydan,Wadi Al Safa 3,Mohammed Bin Rashid AL Maktoum District 11,FINISHED,60,1,1,0,61,186,9,6453222,1,1555913961
PN1755,register_extract_2026-06-15,1755,30007997,HAYAT BOULEVARD,حياة بوليفارد,نشمي ديفلوبمنت ش.ذ.م.م,nshama,Al Yelayiss 2,TOWN SQUARE,FINISHED,678,4,4,653,684,1433,112,9228910,1,2075934466
PN3017,register_extract_2026-06-15,3017,600177360,Diamondz By Danube,دايموندز من دانوب,مركز دبي للسلع المتعددة,مركز-دبي-للسلع-المتعدده,Al Thanyah Fifth,Jumeirah Lakes Towers,ACTIVE,1225,1,1,0,1225,1121,149,3935815,1,1243628287
PN437,register_extract_2026-06-15,437,437,LAKE VIEW,ليك فيو,مركز دبي للسلع المتعددة,مركز-دبي-للسلع-المتعدده,Al Thanyah Fifth,Jumeirah Lakes Towers,FINISHED,546,1,1,510,546,1536,53,3930966,1,14027256
PN3131,register_extract_2026-06-15,3131,623381907,GOLF RESIDENCES BY PRESTIGE ONE,ذا بلايس باي برستيج ون,مدينة دبي الرياضية (ش. ذ. م. م),مدينه-دبي-الرياضيه,Al Hebiah Fourth,Dubai Sports City,ACTIVE,226,1,1,0,226,168,36,6820126,1,1959192075
PN1071,register_extract_2026-06-15,1071,1071,014 TOWER,014 تاور,دبي للعقارات (ش.ذ.م.م),dubai-properties,Business Bay,Business Bay,FINISHED,42,1,1,0,42,173,18,3460550,1,465452241
PN1272,register_extract_2026-06-15,1272,1272,METRO CENTRAL,مترو سنترال,تيكوم للإستثمارات منطقة حرة- ذ.م.م,تيكوم-للاستثمارات,Al Thanyah First,Barsha Heights,FINISHED,210,1,1,210,210,304,10,3830230,1,
PN4111,register_extract_2026-06-15,4111,817829894,Sakura Gardens by HRE,سكاي هيلز جاردنز,أتش أر أي للتطوير العقاري ش.ذ.م.م,اتش-ار-اي-للتطوير-العقاري,Wadi Al Safa 2,Falcon City,PENDING,1429,4,4,0,1429,209,209,6439976,1,
PN506,register_extract_2026-06-15,506,506,THE PEARL,ذا بيرل,دبي للعقارات (ش.ذ.م.م),dubai-properties,Al Jadaf,Jaddaf Waterfront,FINISHED,61,1,1,61,61,45,2,3260884,1,
PN2013,register_extract_2026-06-15,2013,154160899,The Terraces,ذا تيراسز,شوبا ش.ذ.م.م,sobha,Al Merkadh,SOBHA HARTLAND,FINISHED,251,2,2,0,253,565,40,3479492,1,1061314016;812396536
PN638,register_extract_2026-06-15,638,638,PLATINUM 1,بلاتينيوم 1,رمرام ش.ذ.م.م,رمرام,Arjan,Arjan,FINISHED,298,1,1,283,298,457,11,6731109,1,687018691
PN3795,register_extract_2026-06-15,3795,765736212,Azizi Riviera 68,عزيزي ريفيرا 68,مجموعة ميدان (ش.ذ.م.م),meydan,Al Merkadh,Meydan One Community,ACTIVE,112,1,1,0,112,72,67,3475097,1,248427326
PN1221,register_extract_2026-06-15,1221,1221,QPOINT LIWAN-PLOT R068,كيو بوينت ليوان -PLOT R068,رمرام ش.ذ.م.م,رمرام,Wadi Al Safa 2,Liwan1,FINISHED,62,2,2,62,62,156,10,6437599,1,
PN3372,register_extract_2026-06-15,3372,677584054,DAMAC RIVERSIDE VIEWS - MARINE 1,داماك ريفرسايد فيوز - مارين 1,داماك ميري للاستثمار ش.ذ.م.م,damac,Dubai Investment Park Second,,NOT_STARTED,358,2,2,0,358,273,80,5976670,1,1307526871;990462205
PN2869,register_extract_2026-06-15,2869,563502734,Confident Lancaster,كونفيدنت لانكستر,ليوان(ش.ذ.م.م.),ليوان,Wadi Al Safa 2,Liwan1,FINISHED,81,1,1,0,81,92,3,6437666,1,
PN2340,register_extract_2026-06-15,2340,391622669,Azizi Riviera 36,عزيزي ريفييرا 36,مجموعة ميدان (ش.ذ.م.م),meydan,Al Merkadh,Meydan One Community,FINISHED,214,1,1,0,214,262,12,3475025,1,659708715
PN1677,register_extract_2026-06-15,1677,25124096,TOWN SQUARE JENNA AND WARDA,تاون سكوير جنّة وواردة,نشمي ديفلوبمنت ش.ذ.م.م,nshama,Al Yelayiss 2,TOWN SQUARE,FINISHED,729,5,5,699,729,1569,136,9228918,1,470985180
PN3695,register_extract_2026-06-15,3695,745875576,Azizi Milan 53,عزيزي ميلان 53,الياس و مصطفى كلداري لإدارة الاستثمار و التطوير (ش.ذ.م.م),الياس-و-مصطفي-كلداري-لاداره-الاستثمار-و-التطوير,Wadi Al Safa 4,City Of Arabia,NOT_STARTED,306,1,1,0,306,98,94,6466983,1,1881217814
PN3375,register_extract_2026-06-15,3375,677613014,DAMAC RIVERSIDE VIEWS - MARINE 4,داماك ريفرسايد فيوز - مارين 4,داماك ميري للاستثمار ش.ذ.م.م,damac,Dubai Investment Park Second,,NOT_STARTED,276,1,1,0,276,259,104,5976672,1,712220215
PN2931,register_extract_2026-06-15,2931,578157307,Soho The Berkeley,سوهو ذا بيركلي,دبي هيلز استيت ش.ذ.م.م,dubai-hills-estate,Hadaeq Sheikh Mohammed Bin Rashid,Dubai Hills Estate,ACTIVE,129,1,1,0,129,104,0,6317871,1,
PN56,register_extract_2026-06-15,56,56,HAMILTON RESIDENCY,هاملتون ريزيدنس,دبي للعقارات (ش.ذ.م.م),dubai-properties,Business Bay,Business Bay,FINISHED,183,1,1,0,183,573,31,3460663,1,1785844204
PN3567,register_extract_2026-06-15,3567,722607643,Expo City Al Waha Residences 02,إكسبو سيتي الواحة ريزيدنسز 02,إكسبو سيتي للتطوير العقاري ش م ح,اكسبو-سيتي-للتطوير-العقاري,Madinat Al Mataar,Dubai World Central,ACTIVE,280,21,21,0,280,303,74,5211026,1,
PN3067,register_extract_2026-06-15,3067,609908934,310 Riverside Crescent,ريفرسايد كريسنت 310,شوبا ش.ذ.م.م,sobha,Bukadra,,ACTIVE,913,1,1,0,913,888,54,6110697,1,
PN2043,register_extract_2026-06-15,2043,168228450,Azizi  Riviera 34,عزيزي ريفييرا 34,مجموعة ميدان (ش.ذ.م.م),meydan,Al Merkadh,Meydan One Community,FINISHED,250,1,1,0,254,343,19,3475054,1,206750904
PN1414,register_extract_2026-06-15,1414,11542409,DAMAC HILLS - JASMINE,دماك هيلز - ياسمين,داماك كريسنت للعقارات (ش.ذ.م.م),damac,Al Hebiah Third,DAMAC HILLS,FINISHED,168,2,2,168,168,315,24,6765664,1,1972253273
PN1570,register_extract_2026-06-15,1570,14211987,RUKAN,ركان,دبي لاند (ش.ذ.م.م),دبي-لاند,Wadi Al Safa 7,Rukan,FINISHED,621,3,3,0,621,1105,129,6659951,1,
PN333,register_extract_2026-06-15,333,333,ELITE II SPORTS RESIDENCE,إيليت II سبورتس ريزيدنس,مدينة دبي الرياضية (ش. ذ. م. م),مدينه-دبي-الرياضيه,Al Hebiah Fourth,Dubai Sports City,FINISHED,260,1,1,260,260,780,37,6820152,1,1012110707
PN3775,register_extract_2026-06-15,3775,760398888,Antalya By Karma,انطاليا من كارما,مدينة دبي الرياضية (ش. ذ. م. م),مدينه-دبي-الرياضيه,Al Hebiah Fourth,Dubai Sports City,NOT_STARTED,192,1,1,0,192,106,104,6820274,1,1888524266
PN1175,register_extract_2026-06-15,1175,1175,BAYSWATER,بايس وتر,دبي للعقارات (ش.ذ.م.م),dubai-properties,Business Bay,Business Bay,FINISHED,292,1,1,0,298,1217,39,3460506,1,233361182
PN2244,register_extract_2026-06-15,2244,353382169,"Mohammed Bin Rashid Al Maktoum City , District One Phase III  , Residences 29",مدينة محمد بن راشد ال مكتوم الحي الأول ، المرحلة الثالثة ، ريسيدنز 29,مجموعة ميدان (ش.ذ.م.م),meydan,Al Merkadh,Mohammed Bin Rashid AL Maktoum City -District -1 Community,FINISHED,31,1,1,0,42,55,0,3470259,1,596502252
PN2238,register_extract_2026-06-15,2238,349899206,"Mohammed Bin Rashid Al Maktoum City , District One Phase III  , Residences 18",مدينة محمد بن راشد ال مكتوم الحي الأول ، المرحلة الثالثة ، ريسيدنز 18,مجموعة ميدان (ش.ذ.م.م),meydan,Al Merkadh,Mohammed Bin Rashid AL Maktoum City -District -1 Community,FINISHED,31,1,1,0,31,79,4,3470262,1,599363457
PN2242,register_extract_2026-06-15,2242,353283974,"Mohammed Bin Rashid Al Maktoum City , District One Phase III  , Residences 22",مدينة محمد بن راشد آل مكتوم الحي الأول ، المرحلة الثالثة ، ريسيدنز 22,مجموعة ميدان (ش.ذ.م.م),meydan,Al Merkadh,Mohammed Bin Rashid AL Maktoum City -District -1 Community,FINISHED,31,1,1,0,42,59,7,3470266,1,396316955
PN2251,register_extract_2026-06-15,2251,353616710,"Mohammed Bin Rashid Al Maktoum City , District One Phase III  , Residences 27",مدينة محمد بن راشد ال مكتوم الحي الأول ، المرحلة الثالثة ، ريسيدنز 27,مجموعة ميدان (ش.ذ.م.م),meydan,Al Merkadh,Mohammed Bin Rashid AL Maktoum City -District -1 Community,FINISHED,31,1,1,0,42,62,0,3470257,1,19757793
PN1958,register_extract_2026-06-15,1958,138557626,Azizi Riviera 1,عزيزي ريفييرا 1,مجموعة ميدان (ش.ذ.م.م),meydan,Al Merkadh,Meydan One Community,FINISHED,378,1,1,0,383,556,34,3474997,1,482786683
PN3835,register_extract_2026-06-15,3835,774095888,SIERRA BY IMAN,سيرا باي ايمان,الاتحاد العقارية (شركة مساهمة عامة),union-properties,Al Hebiah First,Motor City,PENDING,598,1,1,0,598,524,521,6740195,1,1547827969
PN2411,register_extract_2026-06-15,2411,422381599,Zubaida Residency,زبيدة الإقامة,دبي للعقارات (ش.ذ.م.م),dubai-properties,Wadi Al Safa 3,Majan,FINISHED,62,1,1,0,62,100,4,6457845,1,114675997
PN3421,register_extract_2026-06-15,3421,686348199,Bond Enclave,بوند انكلاف,ليوان(ش.ذ.م.م.),ليوان,Arjan,Arjan,ACTIVE,158,1,1,0,158,56,32,6731162,1,50244974
PN3657,register_extract_2026-06-15,3657,740623283,Altair 52,الطير 52,مؤسسه مدينه دبى للطيران,موسسه-مدينه-دبي-للطيران,Madinat Al Mataar,Dubai South Residential District,NOT_STARTED,52,1,1,0,52,21,20,5214215,1,742372839
PN2491,register_extract_2026-06-15,2491,447674963,EQUITI ARCADE,ايكويتي اركيد,الفرجان ( ش.ذ.م.م ),الفرجان,Jabal Ali First,Al Furjan,FINISHED,83,1,1,0,83,125,24,5912330,1,
PN4052,register_extract_2026-06-15,4052,804512759,ALDER AT PARK FIVE,ألدر في بارك فايف,دى اتش ايه ام منطقه حره - ذ.م.م,دي-اتش-ايه-ام,Me'Aisem First,International Media Production Zone,PENDING,75,1,1,0,75,68,66,6854293,1,773657781
PN2898,register_extract_2026-06-15,2898,571099404,Samana Avenue,سامانا افينيو,دبي لاند ريزيدنسز (ش.ذ.م.م),دبي-لاند-ريزيدنسز,Wadi Al Safa 5,Dubai Land Residence Complex,ACTIVE,165,1,1,0,165,166,26,6488631,1,1517202235
PN3332,register_extract_2026-06-15,3332,668922042,THE ONE by Prestige One,ذا وان باي برست?ج وان,دى اتش ايه ام منطقه حره - ذ.م.م,دي-اتش-ايه-ام,Al Thanyah First,Barsha Heights,ACTIVE,41,1,1,0,41,42,14,3830326,1,
PN2173,register_extract_2026-06-15,2173,266113927,SUNRISE LEGEND,صنرايز ليجيند,ليوان(ش.ذ.م.م.),ليوان,Arjan,Arjan,FINISHED,112,1,1,0,112,245,45,6731306,1,1264792438
PN3486,register_extract_2026-06-15,3486,704245232,27 East End Garden Residences By Mirha Homes Real Estate Development,إيست إند جاردن رسيدانس من ميرها هومز للتطوير العقاري  27,انترناشونال سيتي ( ش.ذ.م.م ),انترناشونال-سيتي,Warsan Fourth,International City Phase 3,ACTIVE,96,1,1,0,96,34,31,6241283,1,
PN2521,register_extract_2026-06-15,2521,459867020,MAS TOWER,برج ماس,سلطة دبي للمناطق الإقتصادية المتكاملة,سلطه-دبي-للمناطق-الاقتصاديه-المتكامله,Nadd Hessa,Silicon Oasis,FINISHED,96,1,1,0,99,277,6,6262566,1,846436185
PN2283,register_extract_2026-06-15,2283,373773555,CAVALLI CASA TOWER,كفالي كازا تاور,تيكوم للإستثمارات منطقة حرة- ذ.م.م,تيكوم-للاستثمارات,Al Safouh Second,Site A,ACTIVE,441,1,1,0,441,613,35,3827585,1,
PN1711,register_extract_2026-06-15,1711,27443852,MURANO RESIDENCE 1,مورانو ريزيدنس 1,الفرجان ( ش.ذ.م.م ),الفرجان,Jabal Ali First,Al Furjan,FINISHED,117,1,1,114,117,197,4,5912303,1,1634061770
PN2750,register_extract_2026-06-15,2750,532169501,Samana Portofino,سمانا بورتوفينو,دى اتش ايه ام منطقه حره - ذ.م.م,دي-اتش-ايه-ام,Me'Aisem First,International Media Production Zone,ACTIVE,226,1,1,0,226,221,7,6854457,1,135891773
PN2062,register_extract_2026-06-15,2062,174831993,Marwa Heights,مروة هايتس,قرية جميرا (ش.ذ.م.م),قريه-جميرا,Al Barsha South Fourth,Jumeirah Village Circle,FINISHED,128,1,1,0,128,248,31,6817330,1,394975471
PN3081,register_extract_2026-06-15,3081,611255565,HILLMONT RESIDENCES BY ELLINGTON,هيلمونت ريزيدنسز من إلينغتون,قرية جميرا (ش.ذ.م.م),قريه-جميرا,Al Barsha South Fourth,Jumeirah Village Circle,ACTIVE,145,1,1,0,145,166,5,6817328,1,2037357341
PN3577,register_extract_2026-06-15,3577,725450449,Sensia,سنسيا,مدينة دبي الملاحية م م ح,مدينه-دبي-الملاحيه,Madinat Dubai Almelaheyah,Dubai Maritime City,NOT_STARTED,276,1,1,0,276,275,1,3210352,1,1452938699
PN4079,register_extract_2026-06-15,4079,812700517,Azizi Milan Heights,عزيزي ميلان هايتس,الياس و مصطفى كلداري لإدارة الاستثمار و التطوير (ش.ذ.م.م),الياس-و-مصطفي-كلداري-لاداره-الاستثمار-و-التطوير,Wadi Al Safa 4,City Of Arabia,PENDING,2852,5,5,0,2852,811,807,6460101,1,1532184695;1833571143;1995845515;670936994;76702639
PN3260,register_extract_2026-06-15,3260,651962625,Oasiz 2 by Danube,أويسز 2 من دانوب,سلطة دبي للمناطق الإقتصادية المتكاملة,سلطه-دبي-للمناطق-الاقتصاديه-المتكامله,Nadd Hessa,Silicon Oasis,ACTIVE,483,1,1,0,483,479,37,6261659,1,1349949402
PN3183,register_extract_2026-06-15,3183,634311846,Luminar Tower 1,لومينار تاور وان,شركة نخيل (ش.م.خ),nakheel,Al Barsha South Fifth,Jumeirah Village Triangle,ACTIVE,200,1,1,0,200,173,32,6843466,1,1183177577
PN2861,register_extract_2026-06-15,2861,561401632,The central downtown,وسط البلد,ليوان(ش.ذ.م.م.),ليوان,Arjan,Arjan,ACTIVE,1254,5,5,0,1254,990,155,6731296,1,1517520209;1967636693;2034692739;7173107;877806751
PN3062,register_extract_2026-06-15,3062,608882976,Sea Coral By Next Realty,سي كورال من نيكست رياليتي,شركة نخيل (ش.م.خ),nakheel,Palm Deira,Palm Deira,NOT_STARTED,80,1,1,0,80,18,17,1010500,1,1153171886
PN2578,register_extract_2026-06-15,2578,481585513,THE VYBE,ذا فايب,قرية جميرا (ش.ذ.م.م),قريه-جميرا,Al Barsha South Fourth,Jumeirah Village Circle,FINISHED,276,1,1,0,276,353,53,6817659,1,1027407927
PN1901,register_extract_2026-06-15,1901,90243683,Dusit Princess Rijas,دوست برنسس رجاز,قرية جميرا (ش.ذ.م.م),قريه-جميرا,Al Barsha South Fourth,Jumeirah Village Circle,ACTIVE,256,1,1,0,256,216,36,6817807,1,714557137
PN3226,register_extract_2026-06-15,3226,644977779,DAMAC LAGOONS - VALENCIA,داماك لاجونز - لاجون فيوز 14,واحة الجزيرة العقارية (ش.ذ.م.م),واحه-الجزيره-العقاريه,Al Hebiah Fifth,,NOT_STARTED,1558,2,4,0,1558,1211,1211,68311636,1,104766900;1373282283;1473607022;1978482469
PN1806,register_extract_2026-06-15,1806,34148216,The Pulse Boulevard Apartments,النبض شقق الجادة,مؤسسه مدينه دبى للطيران,موسسه-مدينه-دبي-للطيران,Madinat Al Mataar,Dubai South Residential District,FINISHED,169,1,1,164,171,321,25,5212791,1,107007977
PN1591,register_extract_2026-06-15,1591,-14590397,FIRST CENTRAL,فيرست سنترال,تيكوم للإستثمارات منطقة حرة- ذ.م.م,تيكوم-للاستثمارات,Al Thanyah First,Barsha Heights,FINISHED,542,1,1,1,542,653,23,3830255,1,
PN1954,register_extract_2026-06-15,1954,138432391,O 2,او تو,قرية جميرا (ش.ذ.م.م),قريه-جميرا,Al Barsha South Fourth,Jumeirah Village Circle,FINISHED,323,1,1,0,331,643,42,6817224,1,
PN3101,register_extract_2026-06-15,3101,615784711,Haven Bay Residences,هايفين باي ريزيدنسز,النخلة  - ديره (ش.ذ.م.م),nakheel,Palm Deira,Palm Deira,ACTIVE,64,1,1,0,64,70,13,1010388,1,1959783744
PN2867,register_extract_2026-06-15,2867,563271765,Oceanz 3 By Danube,أوشنز 3 من دانوب,مدينة دبي الملاحية م م ح,مدينه-دبي-الملاحيه,Madinat Dubai Almelaheyah,Dubai Maritime City,ACTIVE,393,1,1,0,393,389,17,3210101,1,2046696719
PN3525,register_extract_2026-06-15,3525,711187425,CAPRIA WEST,كابريا ويست,ماجد الفطيم لتشغيل مشاريع المدن المتكاملة الاماراتية ش.ذ.م.م,ماجد-الفطيم-لتشغيل-مشاريع-المدن-المتكامله-الاماراتيه,Wadi Al Safa 4,,NOT_STARTED,714,12,12,0,714,714,195,6460128,1,1154108953;1267555365;1926632993;1942563224;1968921456;1971330542;383850822;425942680;492380774;636137132;688505857;892831708
PN1374,register_extract_2026-06-15,1374,10069250,MAYSAN,ميسان,اعمار بوادي (ذ م م),emaar,Al Yelayiss 2,,ACTIVE,576,4,4,576,576,2,0,9227368,1,
PN2461,register_extract_2026-06-15,2461,440565933,Peninsula Four,بينينسولا فور,الخليج التجاري (ش.ذ.م.م),الخليج-التجاري,Business Bay,Business Bay,ACTIVE,1038,6,6,0,1038,1417,222,3460188,1,1347931318
PN4085,register_extract_2026-06-15,4085,813373000,Waada - Altura 2,وَعْد - الطور 2,مؤسسه مدينه دبى للطيران,موسسه-مدينه-دبي-للطيران,Madinat Al Mataar,Dubai World Central,PENDING,365,1,1,0,365,238,237,5211364,1,172960170
PN2255,register_extract_2026-06-15,2255,354261060,ZaZEN One,زازين وان,قرية جميرا (ش.ذ.م.م),قريه-جميرا,Al Barsha South Fifth,Jumeirah Village Triangle,FINISHED,86,1,1,0,86,162,11,6843408,1,
PN3869,register_extract_2026-06-15,3869,785577291,Talea,تاليا,مدينة دبي الملاحية م م ح,مدينه-دبي-الملاحيه,Madinat Dubai Almelaheyah,Dubai Maritime City,NOT_STARTED,354,1,1,0,354,329,181,3210486,1,1968032133
PN3349,register_extract_2026-06-15,3349,670966632,Binghatti Skyrise,بن غاطي سكاي رايز,الخليج التجاري (ش.ذ.م.م),الخليج-التجاري,Business Bay,Business Bay,NOT_STARTED,3358,4,4,0,3358,3319,632,3460282,1,2087755405
PN3609,register_extract_2026-06-15,3609,733159836,Albero,البيرو,دبي كريك هاربور ش.ذ.م.م,دبي-كريك-هاربور,Al Khairan First,Dubai Creek Harbour,ACTIVE,479,1,1,0,479,460,39,4150272,1,422285870
PN2232,register_extract_2026-06-15,2232,346651168,Binghatti Gate,بوابة بن غاطي,قرية جميرا (ش.ذ.م.م),قريه-جميرا,Al Barsha South Fourth,Jumeirah Village Circle,FINISHED,132,1,1,0,132,273,19,6817339,1,1876914599
PN3043,register_extract_2026-06-15,3043,605445894,BEACH OASIS 2,بيتش اويسيس 2,دى اتش ايه ام منطقه حره - ذ.م.م,دي-اتش-ايه-ام,Al Hebiah Second,Dubai Studio City,ACTIVE,704,2,2,0,704,492,339,6750296,1,
PN2326,register_extract_2026-06-15,2326,387707825,Binghatti Rose,بن غاطي روز,قرية جميرا (ش.ذ.م.م),قريه-جميرا,Al Barsha South Fourth,Jumeirah Village Circle,FINISHED,171,1,1,0,171,295,15,6817408,1,1257605851
PN1730,register_extract_2026-06-15,1730,28212274,ALCOVE,الكوف,شركة نخيل (ش.م.خ),nakheel,Al Barsha South Fourth,Jumeirah Village Circle,FINISHED,87,1,1,80,87,166,16,6816320,1,
PN3216,register_extract_2026-06-15,3216,643234531,Arisha Terraces,أريشا تيراسيس,دى اتش ايه ام منطقه حره - ذ.م.م,دي-اتش-ايه-ام,Al Hebiah Second,Dubai Studio City,ACTIVE,420,4,4,0,420,332,192,6750297,1,1137611583;146523444;1822772873;803868665
PN1784,register_extract_2026-06-15,1784,33149130,Milano Giovanni Boutique Suites,ميلانو جيوفاني بوتيك سويتس,قرية جميرا (ش.ذ.م.م),قريه-جميرا,Al Barsha South Fourth,Jumeirah Village Circle,FINISHED,127,1,1,0,130,261,22,6817741,1,203440861
PN1805,register_extract_2026-06-15,1805,34147222,The Pulse Residence,النبض المساكن,مؤسسه مدينه دبى للطيران,موسسه-مدينه-دبي-للطيران,Madinat Al Mataar,Dubai South Residential District,FINISHED,239,4,4,229,263,397,40,5212780,1,779832640
PN3092,register_extract_2026-06-15,3092,612790690,DAMAC HILLS (2) - EVERGREENS,داماك هيلز (2) - ايفرجرينز,شركة الخط الامامي لادارة الاستثمار ش.ذ.م.م,الخط-الامامي-لاداره-الاستثمار,Madinat Hind 4,DAMAC HILLS 2,NOT_STARTED,131,2,2,0,349,136,12,91421707,1,1167808953;849209089
PN4120,register_extract_2026-06-15,4120,818610481,Sky Gate Tower,سكاى جيت تاور,شركة نخيل (ش.م.خ),nakheel,Al Barsha South Fifth,Jumeirah Village Triangle,PENDING,431,1,1,0,431,219,217,6849738,1,924794185
PN1749,register_extract_2026-06-15,1749,29500845,GLAMZ RESIDENCE,جلامز ريزدينس,الفرجان ( ش.ذ.م.م ),الفرجان,Jabal Ali First,Al Furjan,FINISHED,426,2,2,0,426,778,64,5912263,1,1194685783
PN3320,register_extract_2026-06-15,3320,664202462,311 Boulevard by Bam Eskan,311 بوليفارد بواسطة بام اسكان,قرية جميرا (ش.ذ.م.م),قريه-جميرا,Al Barsha South Fourth,Jumeirah Village Circle,NOT_STARTED,399,1,1,0,399,239,205,6817128,1,1494393140
PN1759,register_extract_2026-06-15,1759,30335820,AL HELAL AL ZAHABY BUILDING,بناية الهلال الذهبى,انترناشونال سيتي ( ش.ذ.م.م ),انترناشونال-سيتي,Warsan Fourth,International City Phase 3,FINISHED,81,1,1,81,81,157,10,6240881,1,
PN2500,register_extract_2026-06-15,2500,451046670,barari views,براري فيوس,ليوان(ش.ذ.م.م.),ليوان,Wadi Al Safa 3,Majan,ACTIVE,26,1,1,0,26,44,17,6457771,1,1998203974
PN2449,register_extract_2026-06-15,2449,434929821,Palm Beach Towers -3,بالم بيتش تاورز - 3,شركة نخيل (ش.م.خ),nakheel,Palm Jumeirah,Palm Jumeirah,ACTIVE,460,1,1,0,460,454,12,3812392,1,2090725424
PN2421,register_extract_2026-06-15,2421,424821241,Mayas Geneva,مياس جنيف,قرية جميرا (ش.ذ.م.م),قريه-جميرا,Al Barsha South Fourth,Jumeirah Village Circle,FINISHED,82,1,1,0,82,121,15,6817150,1,1704576157
PN3534,register_extract_2026-06-15,3534,713271790,Vida Residences Hillside,فيدا ريزيدنسزهيلسايد,دبي هيلز استيت ش.ذ.م.م,dubai-hills-estate,Hadaeq Sheikh Mohammed Bin Rashid,Dubai Hills Estate,ACTIVE,500,3,3,0,500,436,126,63111911,1,158340697;6398384;775351160
PN3234,register_extract_2026-06-15,3234,647157559,VOI Residence by HVM Living,فوا ريزيدنس من اتش فى إم ليفينج,مؤسسه مدينه دبى للطيران,موسسه-مدينه-دبي-للطيران,Madinat Al Mataar,Dubai South Residential District,ACTIVE,68,1,1,0,68,28,17,5213025,1,566311787
PN3112,register_extract_2026-06-15,3112,618021067,Takaya,تاكايا,الاتحاد العقارية (شركة مساهمة عامة),union-properties,Al Hebiah First,Motor City,ACTIVE,822,4,4,0,822,483,197,6742060,1,110265816;1898006687;449426133;861995856
PN2900,register_extract_2026-06-15,2900,571859292,Trussardi Residences,تروساردي ريزيدنسز,الفرجان ( ش.ذ.م.م ),الفرجان,Jabal Ali First,Al Furjan,ACTIVE,142,1,1,0,142,135,7,5912328,1,1459719105
PN2966,register_extract_2026-06-15,2966,588490308,Rove Home Marasi Drive,روف منازل مراسي درايف,الخليج التجاري (ش.ذ.م.م),الخليج-التجاري,Business Bay,Business Bay,ACTIVE,811,1,1,0,811,801,44,3460643,1,977891816
PN3236,register_extract_2026-06-15,3236,647935946,Silver Park Residency,سيلفر بارك ريزيدنسي,انترناشونال سيتي ( ش.ذ.م.م ),انترناشونال-سيتي,Warsan Fourth,International City Phase 3,ACTIVE,76,1,1,0,76,123,73,6240841,1,
PN1555,register_extract_2026-06-15,1555,14014049,SERENITY LAKES 2,بحيرات الصفاء 2,شركة نخيل (ش.م.خ),nakheel,Al Barsha South Fourth,Jumeirah Village Circle,CONDITIONAL_ACTIVATING,268,2,2,265,268,39,4,6816254,1,
PN2880,register_extract_2026-06-15,2880,565895511,Marquis Insignia,ماركيز انسيجنيا,ليوان(ش.ذ.م.م.),ليوان,Arjan,Arjan,ACTIVE,249,1,1,0,249,197,11,6731228,1,526155191
PN2953,register_extract_2026-06-15,2953,582947011,The Orchard Place - Tower C,ذا أوركارد بليس - برج C,قرية جميرا (ش.ذ.م.م),قريه-جميرا,Al Barsha South Fourth,Jumeirah Village Circle,ACTIVE,196,1,1,0,196,59,1,6816990,1,1159104859
PN605,register_extract_2026-06-15,605,605,IMPERIAL,إمبريال,سلطة دبي للمناطق الإقتصادية المتكاملة,سلطه-دبي-للمناطق-الاقتصاديه-المتكامله,Nadd Hessa,Silicon Oasis,FINISHED,126,1,1,126,126,296,25,6262558,1,824488632
PN3205,register_extract_2026-06-15,3205,640582156,Samana Boulevard Heights,سامانا بوليفارد هايتس,دبي لاند ريزيدنسز (ش.ذ.م.م),دبي-لاند-ريزيدنسز,Wadi Al Safa 5,Dubai Land Residence Complex,PENDING,541,0,1,0,541,507,505,6488686,1,406280508
PN1737,register_extract_2026-06-15,1737,28752723,CANDACE ACACIA HOTEL APARTMENTS,كانديس أكاسيا للشقق الفندقية,الفرجان ( ش.ذ.م.م ),الفرجان,Jabal Ali First,Al Furjan,FINISHED,318,1,1,316,318,581,40,5912989,1,1481541787
PN1652,register_extract_2026-06-15,1652,21310796,ALANDALUS,الأندلس,عقارات جميرا جولف ش.ذ.م.م,عقارات-جميرا-جولف,Me'Aisem First,Jumeirah Golf Estates,FINISHED,215,2,2,215,215,654,46,6850622,1,
PN3027,register_extract_2026-06-15,3027,601609589,Belle Reve By Zimaya,بيل ريف من زيمايا,قرية جميرا (ش.ذ.م.م),قريه-جميرا,Al Barsha South Fourth,Jumeirah Village Circle,ACTIVE,190,1,1,0,190,170,6,6817406,1,175973912
PN2402,register_extract_2026-06-15,2402,418872890,The Paragon By IGO,ذي باراغون باي أي جي أو,الخليج التجاري (ش.ذ.م.م),الخليج-التجاري,Business Bay,Business Bay,FINISHED,328,1,1,0,328,504,75,3460256,1,1107980115
PN2224,register_extract_2026-06-15,2224,340830064,ELYSEE II by PANTHEON,من بانثيون II إليسي,قرية جميرا (ش.ذ.م.م),قريه-جميرا,Al Barsha South Fourth,Jumeirah Village Circle,FINISHED,162,1,1,0,162,249,28,6816520,1,
PN1971,register_extract_2026-06-15,1971,139848299,CHAIMAA PREMIERE,شايما بريمير,قرية جميرا (ش.ذ.م.م),قريه-جميرا,Al Barsha South Fourth,Jumeirah Village Circle,FINISHED,96,1,1,92,96,160,9,6817335,1,509831156
PN2944,register_extract_2026-06-15,2944,581732445,DAMAC LAGOONS - LAGOON VIEWS 5,داماك لاجونز - لاجون فيوز 5,واحة الجزيرة العقارية (ش.ذ.م.م),واحه-الجزيره-العقاريه,Al Hebiah Fifth,,ACTIVE,48,1,1,0,48,51,3,68311609,1,580131350
PN3868,register_extract_2026-06-15,3868,785127590,SUNSET BAY GRAND BY IMTIAZ,صن سيت باي جراند من امتياز,شركة نخيل (ش.م.خ),nakheel,Palm Deira,Palm Deira,NOT_STARTED,98,1,1,0,98,82,81,1010474,1,1463163472
PN3181,register_extract_2026-06-15,3181,634087325,Empire Livings,امباير ليفينجز,دى اتش ايه ام منطقه حره - ذ.م.م,دي-اتش-ايه-ام,Al Barshaa South Second,Dubai Science Park,NOT_STARTED,210,1,1,0,210,196,70,6727680,1,307911224
PN1252,register_extract_2026-06-15,1252,1252,AXIS RESIDENCES 6,المحور 6 ريزيدنس,سلطة دبي للمناطق الإقتصادية المتكاملة,سلطه-دبي-للمناطق-الاقتصاديه-المتكامله,Nadd Hessa,Silicon Oasis,FINISHED,112,1,1,112,112,287,19,6262585,1,1720077246
PN2517,register_extract_2026-06-15,2517,458917431,LEVANTO BY ORO24,ليفانتو من أورو24,قرية جميرا (ش.ذ.م.م),قريه-جميرا,Al Barsha South Fourth,Jumeirah Village Circle,ACTIVE,579,1,1,0,579,583,13,6810486,1,1407136954
PN1969,register_extract_2026-06-15,1969,139543242,THE SQUARE,ذا سكوير,قرية جميرا (ش.ذ.م.م),قريه-جميرا,Al Barsha South Fourth,Jumeirah Village Circle,FINISHED,370,1,1,0,376,667,59,6817027,1,
PN3801,register_extract_2026-06-15,3801,767476033,City Walk Crestlane 1,سيتي ووك كريستلين 1,مراس العقارية (ش.ذ.م.م),meraas,Al Wasl,City Walk,NOT_STARTED,202,2,2,0,202,198,94,3431249,1,1320019595
PN2960,register_extract_2026-06-15,2960,585403955,THE MAIDEN RESIDENCE,ذا مايدن ريسدنس,شركة نخيل (ش.م.خ),nakheel,Warsan Fourth,International City Phase 3,ACTIVE,71,1,1,0,71,43,14,6240914,1,
PN2307,register_extract_2026-06-15,2307,379031092,Golden Wood Views -1,غولدن وود فيوس -1,قرية جميرا (ش.ذ.م.م),قريه-جميرا,Al Barsha South Fifth,Jumeirah Village Triangle,FINISHED,59,1,1,0,59,88,2,6849726,1,
PN4056,register_extract_2026-06-15,4056,805792019,Azure Park Residences,ازور بارك  ريزيدنسز,دى اتش ايه ام منطقه حره - ذ.م.م,دي-اتش-ايه-ام,Al Barshaa South Second,Dubai Science Park,PENDING,174,0,1,0,174,0,0,6727693,1,1758015753
PN2382,register_extract_2026-06-15,2382,409768169,AVA AT PALM JUMEIRAH BY OMNIYAT,أفا أت بالم جميرا من أمنيات,شركة النخلة - جميرا (ش.ذ.م.م),nakheel,Palm Jumeirah,Palm Jumeirah,ACTIVE,17,1,1,0,17,27,5,3812202,1,
PN4065,register_extract_2026-06-15,4065,808551342,ELLE RESIDENCES,إيلي ريزيدنسز,النخلة  - ديره (ش.ذ.م.م),nakheel,Palm Deira,Palm Deira,NOT_STARTED,98,1,1,0,98,84,82,1010587,1,1449100912
PN3716,register_extract_2026-06-15,3716,748967187,MAISON MARGIELA RESIDENCES,ميزون مارجيلا رزيدنسس,شركة نخيل (ش.م.خ),nakheel,Palm Jumeirah,Palm Jumeirah,PENDING,25,0,1,0,25,4,1,3814750,1,1043910464
PN4092,register_extract_2026-06-15,4092,815323463,LEGACY HEIGHTS,ليجاسي هايتس,مؤسسه مدينه دبى للطيران,موسسه-مدينه-دبي-للطيران,Madinat Al Mataar,Dubai South Residential District,PENDING,87,0,1,0,87,1,0,5213129,1,2049387858
PN2881,register_extract_2026-06-15,2881,566900982,Electra,اليكترا,قرية جميرا (ش.ذ.م.م),قريه-جميرا,Al Barsha South Fourth,Jumeirah Village Circle,ACTIVE,281,1,1,0,281,193,19,6817226,1,2083557410
PN2351,register_extract_2026-06-15,2351,395643173,180 Degree,درجه 180,ليوان(ش.ذ.م.م.),ليوان,Wadi Al Safa 2,Liwan1,FINISHED,24,1,1,0,24,1,0,6437717,1,
PN3435,register_extract_2026-06-15,3435,689316963,Skyvue,سكاي فيو,شوبا ش.ذ.م.م,sobha,Bukadra,,NOT_STARTED,2738,3,4,0,2738,2086,776,6110888,1,
PN102,register_extract_2026-06-15,102,102,DUBAI STAR,دبي ستار,مركز دبي للسلع المتعددة,مركز-دبي-للسلع-المتعدده,Al Thanyah Fifth,Jumeirah Islands,FINISHED,554,1,3,565,554,1230,82,3930978,1,1046609751
PN9,register_extract_2026-06-15,9,9,JUMEIRAH BUSINESS CENTRE1,جميرا بزنس سنتر 1,مركز دبي للسلع المتعددة,مركز-دبي-للسلع-المتعدده,Al Thanyah Fifth,Jumeirah Lakes Towers,FINISHED,341,1,1,0,341,1239,72,3930902,1,91669022
PN1850,register_extract_2026-06-15,1850,46379371,CREEK RISE,كريك ريس,ذي لاجونز المرحلة الاولى ش.ذ.م.م,ذي-لاجونز-المرحله-الاولي,Al Khairan First,Dubai Creek Harbour,FINISHED,547,3,3,0,568,1044,111,4158711,1,849796188
PN2094,register_extract_2026-06-15,2094,190507885,MARINA VISTA,مارينا فيستا,إعمار للتطوير (مساهمة عامة),emaar,Marsa Dubai,Dubai Harbour,FINISHED,625,3,3,0,634,1220,65,3927077,1,1644161491
PN3273,register_extract_2026-06-15,3273,654451589,Sea Mirror Residences,سي ميرور ريزيدنسز,مجموعة ميدان (ش.ذ.م.م),meydan,Jumeirah Second,Dubai Water Canal,PENDING,19,2,2,0,19,0,0,3424037,1,
PN2927,register_extract_2026-06-15,2927,577695630,Bayz 101 By Danube,بايز101 من دانوب,الخليج التجاري (ش.ذ.م.م),الخليج-التجاري,Business Bay,,ACTIVE,1346,1,1,0,1346,1228,55,3466893,1,1836254698
PN831,register_extract_2026-06-15,831,831,SONDOS ROSA,سندس روزا,دبي للعقارات (ش.ذ.م.م),dubai-properties,Wadi Al Safa 5,Dubai Land Residence Complex,FINISHED,103,1,1,102,103,17,0,6488639,1,1192447250
PN2193,register_extract_2026-06-15,2193,286391192,Creek Beach - Rosewater,شاطئ الخور - روز وتر,دبي كريك هاربور ش.ذ.م.م,دبي-كريك-هاربور,Al Khairan First,Dubai Creek Harbour,FINISHED,211,3,3,0,223,378,79,4154766,1,1224111174;1731392588;2027107458
PN1620,register_extract_2026-06-15,1620,15656669,DAMAC HILLS - CARSON,داماك هيلز - كارسون,داماك كريسنت للعقارات (ش.ذ.م.م),damac,Al Hebiah Third,DAMAC HILLS,FINISHED,1575,4,4,0,1579,2498,232,6765407,1,1456006336
PN3360,register_extract_2026-06-15,3360,675769531,Flamingo Lux Residence,,مجموعة ميدان (ش.ذ.م.م),meydan,Nad Al Shiba First,Meydan Racecourse Community,PENDING,53,0,1,0,53,17,17,6184160,1,910019332
PN1215,register_extract_2026-06-15,1215,1215,QPOINT LIWAN-PLOT R097,كيو بوينت ليوان -PLOT R097,رمرام ش.ذ.م.م,رمرام,Wadi Al Safa 2,Liwan1,FINISHED,55,1,1,55,55,157,10,6437644,1,
PN3796,register_extract_2026-06-15,3796,766306118,Samana Hills South,سامانا هيلز جنوب,دى اتش ايه ام منطقه حره - ذ.م.م,دي-اتش-ايه-ام,Saih Shuaib 2,,NOT_STARTED,510,2,2,0,510,513,98,5310308,1,
PN2364,register_extract_2026-06-15,2364,401329094,Canal Front Residences-CF5&CF6,CF5&CF6-قنال فرونت ريزيدنسز,مجموعة ميدان (ش.ذ.م.م),meydan,Al Wasl,Dubai Water Canal,FINISHED,165,2,2,0,292,334,43,3435337,1,1704156779
PN3193,register_extract_2026-06-15,3193,636402510,MAG 777,ماج 777,مدينة دبي الرياضية (ش. ذ. م. م),مدينه-دبي-الرياضيه,Al Hebiah Fourth,Dubai Sports City,ACTIVE,266,1,1,0,266,143,66,6820142,1,1488204981
PN1983,register_extract_2026-06-15,1983,144223906,The Grand,ذي جراند,ذي لاجونز المرحلة الاولى ش.ذ.م.م,ذي-لاجونز-المرحله-الاولي,Al Khairan First,Dubai Creek Harbour,FINISHED,574,1,1,0,597,1065,131,4158717,1,715804529
PN3758,register_extract_2026-06-15,3758,758023775,Lumena by Omniyat,لومينا من أمنيات,الخليج التجاري (ش.ذ.م.م),الخليج-التجاري,Business Bay,Business Bay,NOT_STARTED,112,1,1,0,112,95,94,3466788,1,1237725321
PN629,register_extract_2026-06-15,629,629,SOL AVENUE,شارع سول,الخليج التجاري (ش.ذ.م.م),الخليج-التجاري,Business Bay,Business Bay,FINISHED,324,1,1,0,324,8,0,3460647,1,726953079
PN1142,register_extract_2026-06-15,1142,1142,OLYMPIC PARK 1,أوليمبك بارك 1,الشركة الخليجية للاستثمارات العامة (ش.م.ع),الشركه-الخليجيه-للاستثمارات-العامه,Al Hebiah Fourth,Dubai Sports City,FINISHED,126,1,1,126,126,441,29,6820262,1,2046421361
PN3105,register_extract_2026-06-15,3105,616646887,Volna By Kasco,فولنا باي كاسكو,دبي للعقارات (ش.ذ.م.م),dubai-properties,Al Jadaf,Jaddaf Waterfront,ACTIVE,71,1,1,0,71,65,22,3260900,1,127372897
PN1819,register_extract_2026-06-15,1819,37100759,MIRACLZ TOWER,ميراكلز تاور,ليوان(ش.ذ.م.م.),ليوان,Arjan,Arjan,FINISHED,599,1,1,0,599,1023,90,6731218,1,1417367289
PN1998,register_extract_2026-06-15,1998,148739656,"Mohammed Bin Rashid Al Maktoum City , District One Phase III  , Residences 15",مدينة  محمد بن راشد ال مكتوم- ديستركت ون ، المرحلة الثالثة ، ريسيدنز 15,الحي الاول - منطقة حرة,الحي-الاول,Al Merkadh,Mohammed Bin Rashid AL Maktoum City -District -1 Community,FINISHED,95,1,1,0,95,207,17,3474847,1,146177327
PN2725,register_extract_2026-06-15,2725,522101983,JANNAT,جنات,تيكوم للإستثمارات منطقة حرة- ذ.م.م,تيكوم-للاستثمارات,Me'Aisem First,International Media Production Zone,ACTIVE,362,1,1,0,362,477,111,6854517,1,1378469078
PN817,register_extract_2026-06-15,817,817,MARINA PINNACLE,مارينا بيناكل,اعمار العقارية (ش . م. ع),emaar,Marsa Dubai,Dubai Marina,FINISHED,772,1,1,764,772,2720,23,3920206,1,923672024
PN1834,register_extract_2026-06-15,1834,43654242,MIRDIF HILLS- NASAYEM AVENUE,تلال مردف - نسايم افنيو,دبي للاستثمار العقاري (ش ذ م م),دبي-للاستثمار-العقاري,Mirdif,,FINISHED,407,3,3,0,450,501,65,2519275,1,
PN1879,register_extract_2026-06-15,1879,77699333,Vincitore Boulevard,فينسيتور بوليفارد,ليوان(ش.ذ.م.م.),ليوان,Arjan,Arjan,FINISHED,248,6,6,0,264,343,33,6731343,1,1089756088
PN1700,register_extract_2026-06-15,1700,27136683,ORION BUILDING,بناية اوريون,اوريون للتطوير العقاري ش.ذ.م.م,اوريون-للتطوير-العقاري,Al Barshaa South Third,,FINISHED,196,1,1,0,196,249,25,6731005,1,1547025096
PN2515,register_extract_2026-06-15,2515,458508910,Elegance by Chaimaa Holding,أناقة بواسطة  هولدنغ  شيماء هولدنغ,قرية جميرا (ش.ذ.م.م),قريه-جميرا,Al Barsha South Fourth,Jumeirah Village Circle,ACTIVE,118,1,1,0,118,166,31,6817788,1,1345535788
PN1447,register_extract_2026-06-15,1447,1447,SIDRA TOWER,برج سيدرا,تيكوم للإستثمارات منطقة حرة- ذ.م.م,تيكوم-للاستثمارات,Al Safouh First,Sufouh Gardens,FINISHED,99,1,1,0,99,3,0,3720559,1,
PN3041,register_extract_2026-06-15,3041,605402069,Urban Life,اربن لايف,الخليج التجاري (ش.ذ.م.م),الخليج-التجاري,Business Bay,Business Bay,ACTIVE,147,1,1,0,147,111,77,3460600,1,1585018130
PN2616,register_extract_2026-06-15,2616,492693679,DG1 Living,دج1 ليفينج,دبي للعقارات (ش.ذ.م.م),dubai-properties,Business Bay,Business Bay,ACTIVE,249,1,1,0,249,231,31,3460561,1,
PN1773,register_extract_2026-06-15,1773,32530133,ACT ONE | ACT TWO,ACT ون | ACT تو,اعمار العقارية (ش . م. ع),emaar,Burj Khalifa,DownTown Dubai,FINISHED,787,3,3,0,841,1478,98,3456900,1,1150170212
PN1223,register_extract_2026-06-15,1223,1223,QPOINT LIWAN-PLOT R069,كيو بوينت ليوان -PLOT R069,رمرام ش.ذ.م.م,رمرام,Wadi Al Safa 2,Liwan1,FINISHED,61,1,1,61,61,173,11,6437598,1,
PN1580,register_extract_2026-06-15,1580,14231424,BELLEVUE TOWERS,بيلفيو تاورز,اعمار العقارية (ش . م. ع),emaar,Burj Khalifa,DownTown Dubai,FINISHED,365,2,2,0,377,703,58,3450433,1,1006680291
PN1680,register_extract_2026-06-15,1680,25242746,MERANO TOWER,برج ميرانو,الخليج التجاري (ش.ذ.م.م),الخليج-التجاري,Business Bay,Business Bay,FINISHED,581,1,1,576,581,967,64,3460477,1,1487677464
PN1507,register_extract_2026-06-15,1507,12516908,Opera Grand,أوبرا جراند,اعمار العقارية (ش . م. ع),emaar,Burj Khalifa,DownTown Dubai,FINISHED,306,1,1,0,306,549,44,3456900,1,1068373913
PN622,register_extract_2026-06-15,622,622,HAMZA TOWER,برج حمزة,مدينة دبي الرياضية (ش. ذ. م. م),مدينه-دبي-الرياضيه,Al Hebiah Fourth,Dubai Sports City,FINISHED,210,1,1,210,210,888,24,6820272,1,262721019
PN1870,register_extract_2026-06-15,1870,52791349,ADDRESS HARBOUR POINT,العنوان هاربر بوينت,ذي لاجونز المرحلة الاولى ش.ذ.م.م,ذي-لاجونز-المرحله-الاولي,Al Khairan First,Dubai Creek Harbour,FINISHED,814,2,2,0,921,1468,112,4158706,1,271576058
PN978,register_extract_2026-06-15,978,978,AU TOWER,أ يو تاور,مركز دبي للسلع المتعددة,مركز-دبي-للسلع-المتعدده,Al Thanyah Fifth,Jumeirah Lakes Towers,FINISHED,421,1,1,0,421,1604,41,3930960,1,858297257
PN266,register_extract_2026-06-15,266,266,BURJ PACIFIC,برج باسيفك,الخليج التجاري (ش.ذ.م.م),الخليج-التجاري,Business Bay,Business Bay,ACTIVE,145,1,1,143,145,294,10,3460713,1,238954704
PN3414,register_extract_2026-06-15,3414,685684130,VEGA,فيجا,مدينة دبي الرياضية (ش. ذ. م. م),مدينه-دبي-الرياضيه,Al Hebiah Fourth,Dubai Sports City,ACTIVE,129,1,1,0,129,104,14,6821286,1,239156608
PN2032,register_extract_2026-06-15,2032,165012706,Samana Green,سامانا كرين,ليوان(ش.ذ.م.م.),ليوان,Arjan,Arjan,FINISHED,122,1,1,0,122,261,22,6731152,1,1977261738
PN3001,register_extract_2026-06-15,3001,596087971,DAMAC CITY 2,داماك سيتي 2,مراس العقارية (ش.ذ.م.م),meraas,Al Wasl,Dubai Water Canal,NOT_STARTED,731,1,1,0,731,558,321,3435303,1,1878760330
PN2964,register_extract_2026-06-15,2964,587703110,Ayana Gardens,ايانا جاردنز,مجموعة ميدان (ش.ذ.م.م),meydan,Nad Al Shiba First,Meydan Racecourse Community,PENDING,66,1,1,0,66,0,0,6181341,1,
PN567,register_extract_2026-06-15,567,567,BURJ AL NUJOOM,النجوم برج,الخليج التجاري (ش.ذ.م.م),الخليج-التجاري,Burj Khalifa,DownTown Dubai,FINISHED,408,1,1,400,408,1240,49,3450389,1,1643810444
PN2149,register_extract_2026-06-15,2149,245380566,Vincitore Benessere,فينيستور بينيسيري,ليوان(ش.ذ.م.م.),ليوان,Arjan,Arjan,FINISHED,419,2,2,0,419,561,107,6734123,1,2100255370
PN2378,register_extract_2026-06-15,2378,407577674,UNIESTATE SUPREME RESIDENCE,يوني استيت سوبريم ريزيدنس,ليوان(ش.ذ.م.م.),ليوان,Arjan,Arjan,FINISHED,138,1,1,0,138,187,22,6731265,1,128902177
PN73,register_extract_2026-06-15,73,73,REEF TOWER,برج ريف,شركة نخيل (ش.م.خ),nakheel,Al Thanyah Fifth,Jumeirah Lakes Towers,FINISHED,121,1,1,0,121,415,17,3930947,1,146388952
PN3056,register_extract_2026-06-15,3056,607207165,ME DO RE 2,مي دو ري 2,مركز دبي للسلع المتعددة,مركز-دبي-للسلع-المتعدده,Al Thanyah Fifth,Jumeirah Islands,ACTIVE,407,1,1,0,407,335,11,3930901,1,644147798
PN2241,register_extract_2026-06-15,2241,353279758,"Mohammed Bin Rashid Al Maktoum City , District One Phase III  , Residences 7",مدينة محمد بن راشد آل مكتوم الحي الأول ، المرحلة الثالثة ، ريسيدنز 7,مجموعة ميدان (ش.ذ.م.م),meydan,Al Merkadh,Mohammed Bin Rashid AL Maktoum City -District -1 Community,FINISHED,62,1,1,0,99,107,6,3474848,1,860454753
PN630,register_extract_2026-06-15,630,630,SOL BAY,سول باي,الخليج التجاري (ش.ذ.م.م),الخليج-التجاري,Business Bay,Business Bay,FINISHED,325,1,1,285,331,481,46,3460595,1,968510583
PN3540,register_extract_2026-06-15,3540,714771822,The Element at Sobha One,ذا ايليمنت في شوبا ون,شوبا ش.ذ.م.م,sobha,Ras Al Khor Industrial First,,NOT_STARTED,401,1,1,0,401,273,128,6120119,1,
PN1457,register_extract_2026-06-15,1457,1457,MOSELA,موسيلا,اعمار العقارية (ش . م. ع),emaar,Al Thanyah Third,The Greens,FINISHED,351,1,1,351,351,1498,38,3881525,1,1828162607
PN3656,register_extract_2026-06-15,3656,740526230,Azizi Milan 30,عزيزي ميلان 30,الياس و مصطفى كلداري لإدارة الاستثمار و التطوير (ش.ذ.م.م),الياس-و-مصطفي-كلداري-لاداره-الاستثمار-و-التطوير,Wadi Al Safa 4,City Of Arabia,NOT_STARTED,780,1,1,0,780,370,348,6466968,1,441055943
PN1449,register_extract_2026-06-15,1449,1449,BAYSIDE RESIDENCE,باي سايدريزدينس,اعمار العقارية (ش . م. ع),emaar,Marsa Dubai,Dubai Marina,FINISHED,108,1,1,102,108,418,10,3920261,1,1008631282
PN129,register_extract_2026-06-15,129,129,SILVERENE,سلفرين,اعمار العقارية (ش . م. ع),emaar,Marsa Dubai,Dubai Marina,FINISHED,596,4,4,585,596,2318,72,3920595,1,1330238958
PN1970,register_extract_2026-06-15,1970,139560630,WILTON TERRACES,ويلتون تيراسز,شوبا ش.ذ.م.م,sobha,Al Merkadh,SOBHA HARTLAND,FINISHED,283,2,2,0,283,578,83,3474815,1,1029259479;974659206
PN3417,register_extract_2026-06-15,3417,686047506,API- Barsha Residential Tower,إيه بي آي- برشاء ريزيدنشال تاور,الفرجان ( ش.ذ.م.م ),الفرجان,Al Barsha First,,ACTIVE,335,1,1,0,335,92,26,3731450,1,
PN355,register_extract_2026-06-15,355,355,OCEANA MOVENPICK HOTEL,أوشينا موفنبيك هوتل,شركة نخيل (ش.م.خ),nakheel,Palm Jumeirah,Palm Jumeirah,FINISHED,2,8,8,0,2,4,0,3812778,1,
PN3487,register_extract_2026-06-15,3487,704250894,ADDRESS GRAND DOWNTOWN,العنوان جراند داون تاون,نشاما للعقارات لمالكها نشمي ديفلوبمنت شركة الشخص الواحد ش.ذ.م.م,nshama,Burj Khalifa,,NOT_STARTED,80,1,1,0,80,61,3,3450188,1,833090885
PN3528,register_extract_2026-06-15,3528,712191486,15 CASCADE,15 كاسكيد,الاتحاد العقارية (شركة مساهمة عامة),union-properties,Al Hebiah First,Motor City,NOT_STARTED,442,1,1,0,442,427,249,6740199,1,827705037
PN1140,register_extract_2026-06-15,1140,1140,OLYMPIC PARK 2,أوليمبك بارك 2,مدينة دبي الرياضية (ش. ذ. م. م),مدينه-دبي-الرياضيه,Al Hebiah Fourth,Dubai Sports City,FINISHED,126,1,1,126,126,380,18,6820261,1,689646126
PN3176,register_extract_2026-06-15,3176,631549152,Banyan Tree Residences Aurelia Dubai,بانيان تري ريزيدنسيز أوريليا دبي,اعمار العقارية (ش . م. ع),emaar,Burj Khalifa,DownTown Dubai,PENDING,33,1,1,0,33,0,0,3450424,1,1426831256
PN3547,register_extract_2026-06-15,3547,717148721,Woodland Crest,ودلاند كريست,مجموعة ميدان (ش.ذ.م.م),meydan,Nad Al Shiba First,Meydan Racecourse Community,NOT_STARTED,52,1,1,0,52,37,15,6181270,1,201521768
PN3616,register_extract_2026-06-15,3616,733583699,Azizi Riviera 55,عزيزي ريفيرا 55,مجموعة ميدان (ش.ذ.م.م),meydan,Al Merkadh,Meydan One Community,ACTIVE,124,1,1,0,124,6,5,3475101,1,26106226
PN1928,register_extract_2026-06-15,1928,102228773,Azizi Riviera 16,عزيزي ريفيرا 16,مجموعة ميدان (ش.ذ.م.م),meydan,Al Merkadh,Meydan One Community,FINISHED,262,1,1,0,264,396,19,3474992,1,1833128365
PN2398,register_extract_2026-06-15,2398,417982058,Azizi Riviera 47,عزيزي ريفييرا 47,مجموعة ميدان (ش.ذ.م.م),meydan,Al Merkadh,Meydan One Community,FINISHED,194,1,1,0,194,272,32,3475045,1,1597290774
PN2249,register_extract_2026-06-15,2249,353579404,"Mohammed Bin Rashid Al Maktoum City , District One Phase III  , Residences 25",مدينة محمد بن راشد ال مكتوم الحي الأول ، المرحلة الثالثة ، ريسيدنز 25,مجموعة ميدان (ش.ذ.م.م),meydan,Al Merkadh,Mohammed Bin Rashid AL Maktoum City -District -1 Community,FINISHED,31,1,1,0,42,93,6,3470272,1,1151557681
PN2237,register_extract_2026-06-15,2237,349866293,"Mohammed Bin Rashid Al Maktoum City , District One Phase III  , Residences 17",مدينة محمد بن راشد آل مكتوم الحي الأول ، المرحلة الثالثة ، ريسيدنز 17,مجموعة ميدان (ش.ذ.م.م),meydan,Al Merkadh,Mohammed Bin Rashid AL Maktoum City -District -1 Community,FINISHED,31,1,1,0,31,63,1,3470254,1,1931591876
PN2231,register_extract_2026-06-15,2231,346491311,Azizi Riviera 31,عزيزي ريفيرا 31,مجموعة ميدان (ش.ذ.م.م),meydan,Al Merkadh,Meydan One Community,FINISHED,134,1,1,0,135,208,15,3475060,1,534239899
PN2250,register_extract_2026-06-15,2250,353613229,"Mohammed Bin Rashid Al Maktoum City , District One Phase III  , Residences 26",مدينة محمد بن راشد ال مكتوم الحي الأول ، المرحلة الثالثة ، ريسيدنز 26,مجموعة ميدان (ش.ذ.م.م),meydan,Al Merkadh,Mohammed Bin Rashid AL Maktoum City -District -1 Community,FINISHED,31,1,1,0,42,125,32,3470256,1,813025557
PN2051,register_extract_2026-06-15,2051,170416528,Azizi Riviera 38,عزيزي ريفييرا  38,مجموعة ميدان (ش.ذ.م.م),meydan,Al Merkadh,Meydan One Community,FINISHED,161,1,1,0,162,225,20,3475028,1,1719169425
PN1384,register_extract_2026-06-15,1384,10579314,WARSAN VILLAGE A,ورسان فيلج A,شركة نخيل (ش.م.خ),nakheel,Al Warsan First,International City Phase 1,FINISHED,2,1,369,0,2,857,39,6210210;6210213;6210214;6210215;6210217;6210218;6210219;6210220;6210221;6210223;6210224;6210226;6210229;6210249;6210251;6210254;6210255;6210256;6210257;6210258;6210259;6210260;6210262;6210264;6210265;6210266;6210267;6210270;6210271;6210272;6210275;6210276;6210278;6210279;6210280;6210281;6210282;6210285;6210291;6210295;6210296;6210298;6210299;6210300;6210309;6210310;6210312;6210313;6210316;6210317;6210318;6210321;6210322;6210323;6210324;6210325;6210326;6210327;6210328;6210330,369,
PN1288,register_extract_2026-06-15,1288,1288,INTERNATIONAL CITY EMARATI,المدينة العالمية الإماراتية,شركة نخيل (ش.م.خ),nakheel,Al Warsan First,International City Phase 1,FINISHED,1932,71,71,108,2062,5078,132,6210135;6210136;6210137;6210138;6210139;6210141;6210142;6210143;6210144;6210145;6210146;6210147;6210148;6210149;6210150;6210151;6210152;6210154;6210156;6210157;6210158;6210159;6210160;6210161;6210162;6210163;6210164;6210165;6210166;6210167;6210170;6210173;6210174;6210175;6210176;6210177;6210178;6210179;6210180;6210181;6210182;6210183;6210184;6210185;6210186;6210187;6210188;6210189;6210191;6210192;6210197;6210203;6210204;6210206;6211330;6211331;6211334;6211364;6211439;6211442,93,
PN2708,register_extract_2026-06-15,2708,516727840,AB CAVALIER,أب كافالير,شركة نخيل (ش.م.خ),nakheel,Al Barsha South Fourth,Jumeirah Village Circle,ACTIVE,165,1,1,0,165,177,66,6816495,1,
PN3422,register_extract_2026-06-15,3422,686444882,Samana Barari Lagoons,سامانا براري لاجونز,ليوان(ش.ذ.م.م.),ليوان,Wadi Al Safa 3,Majan,ACTIVE,601,1,1,0,601,600,66,6457812,1,365968106
PN3533,register_extract_2026-06-15,3533,713035396,Binghatti Ruby,بن غاطي روبي,شركة نخيل (ش.م.خ),nakheel,Al Barsha South Fourth,Jumeirah Village Circle,NOT_STARTED,628,1,1,0,628,604,302,6817670,1,838632085
PN1655,register_extract_2026-06-15,1655,21402060,GLITZ RESIDENCE 3,جليتز ريزيدنس 3,تيكوم للإستثمارات منطقة حرة- ذ.م.م,تيكوم-للاستثمارات,Al Hebiah Second,Dubai Studio City,FINISHED,358,2,2,352,358,725,51,6757815,1,99477981
PN3620,register_extract_2026-06-15,3620,733693598,Luzora Residences,لوزورا ريزيدنسز,شركة نخيل (ش.م.خ),nakheel,Palm Deira,Palm Deira,NOT_STARTED,108,1,1,0,108,26,16,1010508,1,933957688
PN250,register_extract_2026-06-15,250,250,AL BAHIA,الباهية,تيكوم للإستثمارات منطقة حرة- ذ.م.م,تيكوم-للاستثمارات,Al Safouh First,Sufouh Gardens,FINISHED,48,1,1,48,48,142,2,3729978,1,
PN3494,register_extract_2026-06-15,3494,706132555,Floarea  Grande,فلوريا جراند,ليوان(ش.ذ.م.م.),ليوان,Arjan,Arjan,ACTIVE,222,1,1,0,222,221,23,6731280,1,1439052238
PN2986,register_extract_2026-06-15,2986,592634776,Elaya,إيلايا,نشاما للعقارات لمالكها نشمي ديفلوبمنت شركة الشخص الواحد ش.ذ.م.م,nshama,Al Yelayiss 2,TOWN SQUARE,ACTIVE,153,1,1,0,153,164,12,92225667,1,1753671320
PN1977,register_extract_2026-06-15,1977,140634600,AL HELAL AL ZAHABY  2,الهلال الذهبى 2,انترناشونال سيتي ( ش.ذ.م.م ),انترناشونال-سيتي,Warsan Fourth,International City Phase 3,FINISHED,89,1,1,89,89,125,14,6240824,1,
PN2919,register_extract_2026-06-15,2919,575808375,SquareX Residence,سكوير اكس ريزيدنس,قرية جميرا (ش.ذ.م.م),قريه-جميرا,Al Barsha South Fourth,Jumeirah Village Circle,ACTIVE,175,1,1,0,175,158,46,6816260,1,
PN2610,register_extract_2026-06-15,2610,490578574,Binghatti Onyx,بن غاطي أونيكس,قرية جميرا (ش.ذ.م.م),قريه-جميرا,Al Barsha South Fourth,Jumeirah Village Circle,FINISHED,507,1,1,0,507,799,97,6817340,1,1928333183
PN1435,register_extract_2026-06-15,1435,1435,EMIRATES GARDEN II - MAGNOLIA,حديقة الإمارات 2 - مغنوليا,شركة نخيل (ش.م.خ),nakheel,Al Barsha South Fourth,Jumeirah Village Circle,FINISHED,197,2,2,192,197,683,28,6817232,1,
PN2655,register_extract_2026-06-15,2655,502463069,LUCKY ROYALE RESIDENCE,لكي رويال ريزيدنس,قرية جميرا (ش.ذ.م.م),قريه-جميرا,Al Barsha South Fourth,Jumeirah Village Circle,ACTIVE,147,1,1,0,147,162,7,6816139,1,
PN3412,register_extract_2026-06-15,3412,685213963,La Cle by Maaia Developers,لي كلي باي مايا ديفيلوبرز,الفرجان ( ش.ذ.م.م ),الفرجان,Jabal Ali First,Al Furjan,NOT_STARTED,58,1,1,0,58,45,27,5911838,1,
PN4127,register_extract_2026-06-15,4127,820397628,Island Living by Condor,آيلاند ليفينغ من كوندور,شركة نخيل (ش.م.خ),nakheel,Palm Deira,Palm Deira,PENDING,62,0,1,0,62,1,0,1010519,1,2105540837
PN3564,register_extract_2026-06-15,3564,721824732,Kensington Gardens,كينسينغتون غاردنز,دبي لاند ريزيدنسز (ش.ذ.م.م),دبي-لاند-ريزيدنسز,Wadi Al Safa 5,Dubai Land Residence Complex,NOT_STARTED,361,1,1,0,361,336,329,6488565,1,484071504
PN4129,register_extract_2026-06-15,4129,821018317,PEARL HOUSE IV BY IMTIAZ,بيرل هاوس IV من امتياز,قرية جميرا (ش.ذ.م.م),قريه-جميرا,Al Barsha South Fourth,Jumeirah Village Circle,PENDING,211,0,1,0,211,203,201,6816262,1,297747065
PN3791,register_extract_2026-06-15,3791,764711139,Samana Parkville,سامانا باركفيل,دبي لاند ريزيدنسز (ش.ذ.م.م),دبي-لاند-ريزيدنسز,Wadi Al Safa 5,Dubai Land Residence Complex,NOT_STARTED,428,1,1,0,428,410,181,6488566,1,536045293
PN3383,register_extract_2026-06-15,3383,679279025,Peace Lagoons II by Peace Homes,بيس لاغونز2  باي بيس هومز,دبي لاند ريزيدنسز (ش.ذ.م.م),دبي-لاند-ريزيدنسز,Wadi Al Safa 5,Dubai Land Residence Complex,NOT_STARTED,831,1,1,0,831,549,321,6489263,1,2022562371
PN3880,register_extract_2026-06-15,3880,789566641,Xenia Residence,زينيا ريزيدنس,قرية جميرا (ش.ذ.م.م),قريه-جميرا,Al Barsha South Fourth,Jumeirah Village Circle,PENDING,73,0,1,0,73,17,15,6817058,1,
PN2510,register_extract_2026-06-15,2510,457721778,399 Hills Park B,399 هيلز بارك ب,دبي هيلز استيت ش.ذ.م.م,dubai-hills-estate,Hadaeq Sheikh Mohammed Bin Rashid,Dubai Hills Estate,ACTIVE,199,1,1,0,199,255,45,6317060,1,
PN3251,register_extract_2026-06-15,3251,650040356,Bayview Boulevard,بايفيو بوليفارد,شركة نخيل (ش.م.خ),nakheel,Palm Deira,Palm Deira,ACTIVE,68,1,1,0,68,26,22,1010325,1,1379777787
PN2813,register_extract_2026-06-15,2813,545032238,Bayline,باي لاين,ميناء راشد العقارية ش.ذ.م.م,ميناء-راشد-العقاريه,Madinat Dubai Almelaheyah,Mina Rashid,ACTIVE,151,1,1,0,151,178,15,3210346,1,10033787
PN4009,register_extract_2026-06-15,4009,795201315,Beverly Park,بيفرلي بارك,دبي لاند ريزيدنسز (ش.ذ.م.م),دبي-لاند-ريزيدنسز,Wadi Al Safa 5,Dubai Land Residence Complex,NOT_STARTED,159,1,1,0,159,55,52,6488640,1,
PN2830,register_extract_2026-06-15,2830,550196281,AZIZI VENICE 8,عزيزى فينيس 8,مؤسسه مدينه دبى للطيران,موسسه-مدينه-دبي-للطيران,Madinat Al Mataar,Dubai World Central,ACTIVE,778,2,3,0,778,539,262,5211351,1,
PN4051,register_extract_2026-06-15,4051,804508219,IVY AT PARK FIVE,آيفي في بارك فايف,دى اتش ايه ام منطقه حره - ذ.م.م,دي-اتش-ايه-ام,Me'Aisem First,International Media Production Zone,PENDING,210,1,1,0,210,180,178,6854281,1,1862492897
PN2386,register_extract_2026-06-15,2386,410810984,Binghatti Jasmine,بن غاطي جازمين,قرية جميرا (ش.ذ.م.م),قريه-جميرا,Al Barsha South Fourth,Jumeirah Village Circle,FINISHED,92,1,1,0,93,179,16,6817375,1,1252360592
PN3182,register_extract_2026-06-15,3182,634208749,Mass Residence,ماس ريزيدنس,قرية جميرا (ش.ذ.م.م),قريه-جميرا,Al Barsha South Fourth,Jumeirah Village Circle,FINISHED,69,2,2,113,182,113,13,6816401,1,1818392628
PN2860,register_extract_2026-06-15,2860,561397314,Hyde Walk Residence by Imtiaz,هايد ووك ريزيدنس من امتياز,مراس العقارية (ش.ذ.م.م),meraas,Al Satwa,Jumeirah Garden City,ACTIVE,89,1,1,0,89,110,6,3347641,1,1226310379
PN3066,register_extract_2026-06-15,3066,609905403,Binghatti Apex,بن غاطي ابيكس,قرية جميرا (ش.ذ.م.م),قريه-جميرا,Al Barsha South Fourth,Jumeirah Village Circle,ACTIVE,552,1,1,0,552,715,340,6816232,1,1652543416
PN3819,register_extract_2026-06-15,3819,770616064,Binghatti Circle,بن غاطي سيركل,قرية جميرا (ش.ذ.م.م),قريه-جميرا,Al Barsha South Fourth,Jumeirah Village Circle,NOT_STARTED,822,1,1,0,822,812,717,6817137,1,1312605386
PN3385,register_extract_2026-06-15,3385,679528003,Golf Edge,جولف ادج,إعمار دبي الجنوب دي دبليو سي ش.ذ.م.م,emaar,Madinat Al Mataar,Dubai World Central,NOT_STARTED,179,1,1,0,179,171,3,5211862,1,1956946551
PN419,register_extract_2026-06-15,419,419,TUSCAN RESIDENCE 1,توسكان ريزيدنس 1,شركة نخيل (ش.م.خ),nakheel,Al Barsha South Fourth,Jumeirah Village Circle,FINISHED,152,2,2,149,152,552,12,6816152,1,874871398
PN4040,register_extract_2026-06-15,4040,802064860,Astra Residences,أسترا ريزيدنسز,مؤسسه مدينه دبى للطيران,موسسه-مدينه-دبي-للطيران,Madinat Al Mataar,Dubai South Residential District,PENDING,108,0,1,0,108,21,18,5212922,1,1997508795
PN2614,register_extract_2026-06-15,2614,491272320,Creek Waters,كريك واترز,ذي لاجونز المرحلة الاولى ش.ذ.م.م,ذي-لاجونز-المرحله-الاولي,Al Khairan First,Dubai Creek Harbour,ACTIVE,453,1,1,0,453,543,49,4158704,1,186814486
PN2634,register_extract_2026-06-15,2634,87578752,Creek Waters 2,كريك واترز 2,ذي لاجونز المرحلة الاولى ش.ذ.م.م,ذي-لاجونز-المرحله-الاولي,Al Khairan First,Dubai Creek Harbour,ACTIVE,455,1,1,0,455,555,57,4154952,1,1774466690
PN3204,register_extract_2026-06-15,3204,640324036,DAMAC LAGOONS - LAGOON VIEWS 13,داماك لاجونز - لاجون فيوز 13,واحة الجزيرة العقارية (ش.ذ.م.م),واحه-الجزيره-العقاريه,Al Hebiah Fifth,,NOT_STARTED,1509,4,4,0,1509,860,532,68311642,1,101169205;1206924456;391034971;699183709
PN2544,register_extract_2026-06-15,2544,471457826,NEVA RESIDENCES,نيفا ريزدنسيس,قرية جميرا (ش.ذ.م.م),قريه-جميرا,Al Barsha South Fourth,Jumeirah Village Circle,ACTIVE,409,1,1,0,409,519,137,6817664,1,798739959
PN1631,register_extract_2026-06-15,1631,16376834,ONE AT PALM JUMEIRAH,ون في بالم جميرا,شركة النخلة - جميرا (ش.ذ.م.م),nakheel,Palm Jumeirah,Palm Jumeirah,FINISHED,94,1,1,0,98,234,12,3812183,1,1938999817
PN2917,register_extract_2026-06-15,2917,574980173,ADEBA AZIZI,أديبه عزيزى,مدينه دبى الطبيه منطقه حرة - ذ.م.م.,مدينه-دبي-الطبيه,Al Jadaf,Dubai Health Care City Phase 2,ACTIVE,304,1,1,0,304,200,160,3261722,1,
PN3426,register_extract_2026-06-15,3426,687369182,Golf Acres,جولف ايكرز,إعمار دبي الجنوب دي دبليو سي ش.ذ.م.م,emaar,Madinat Al Mataar,Dubai World Central,NOT_STARTED,158,1,1,0,158,117,0,5211856,1,
PN2088,register_extract_2026-06-15,2088,186758592,Fawad Azizi Residence,فواد عزيزي السكنية,مدينه دبى الطبيه منطقه حرة - ذ.م.م.,مدينه-دبي-الطبيه,Al Jadaf,Dubai Health Care City Phase 2,FINISHED,378,1,1,0,411,433,60,3262951,1,
PN3050,register_extract_2026-06-15,3050,606175301,Haya on the Park,هيا أون ذا بارك,نشاما للعقارات لمالكها نشمي ديفلوبمنت شركة الشخص الواحد ش.ذ.م.م,nshama,Al Yelayiss 2,TOWN SQUARE,ACTIVE,196,1,1,0,196,192,16,92225775,1,476490146
PN2945,register_extract_2026-06-15,2945,581738597,DAMAC LAGOONS - LAGOON VIEWS 6,داماك لاجونز - لاجون فيوز 6,واحة الجزيرة العقارية (ش.ذ.م.م),واحه-الجزيره-العقاريه,Al Hebiah Fifth,,ACTIVE,48,1,1,0,48,48,0,68311601,1,1467637932
PN3411,register_extract_2026-06-15,3411,684952760,Hillsedge,هيلسيدج,دبي هيلز استيت ش.ذ.م.م,dubai-hills-estate,Hadaeq Sheikh Mohammed Bin Rashid,Dubai Hills Estate,ACTIVE,406,3,3,0,406,320,57,63111910,1,1390593113;1680106019;579697052
PN4019,register_extract_2026-06-15,4019,797587340,ELARIS Sky,إيلاريس سكاي,شركة نخيل (ش.م.خ),nakheel,Al Barsha South Fifth,Jumeirah Village Triangle,PENDING,409,1,1,0,409,221,218,6848936,1,1167144004
PN1860,register_extract_2026-06-15,1860,48190444,Kempinski Residences The Creek,كمبينسكي ريزيدنسز ذا كريك,مدينه دبى الطبيه منطقه حرة - ذ.م.م.,مدينه-دبي-الطبيه,Al Jadaf,Dubai Health Care City Phase 2,ACTIVE,283,2,2,0,283,350,52,3262966,1,786607769;902219070
PN3005,register_extract_2026-06-15,3005,596568730,Primero Residences by Main Realty,بريميرو ريزيدنسيز باي مين ريالتي,الفرجان ( ش.ذ.م.م ),الفرجان,Jabal Ali First,Al Furjan,CONDITIONAL_ACTIVATING,86,1,1,0,86,85,1,5912314,1,823553462
PN3042,register_extract_2026-06-15,3042,605407635,Iluka Residences,مساكن إيلوكا,شركة نخيل (ش.م.خ),nakheel,Palm Deira,Palm Deira,ACTIVE,57,1,1,0,57,31,17,1010594,1,1985625457
PN2999,register_extract_2026-06-15,2999,595763049,WADI 645,وادي 645,ليوان(ش.ذ.م.م.),ليوان,Wadi Al Safa 3,Majan,ACTIVE,70,1,1,0,70,51,6,6457935,1,1566379041
PN2798,register_extract_2026-06-15,2798,541989311,AVANT GARDE RESIDENCES BY SKYLINE,اوانت جارد  رسيدانس من سكاي لاين بلدزر للعقارات,قرية جميرا (ش.ذ.م.م),قريه-جميرا,Al Barsha South Fourth,Jumeirah Village Circle,ACTIVE,174,1,1,0,174,187,2,6817764,1,
PN2429,register_extract_2026-06-15,2429,426810499,Palm Beach Towers - 2,مشروع بالم بيتش تاورز - 2,شركة نخيل (ش.م.خ),nakheel,Palm Jumeirah,Palm Jumeirah,ACTIVE,321,1,1,0,321,403,34,3812392,1,
PN3307,register_extract_2026-06-15,3307,660557275,GHAFF LAND RESIDENCE,غاف لاند ريزيدنس,دى اتش ايه ام منطقه حره - ذ.م.م,دي-اتش-ايه-ام,Al Hebiah Second,Dubai Studio City,ACTIVE,168,1,1,0,168,146,69,6757691,1,815537607
PN3629,register_extract_2026-06-15,3629,735554619,Roof Comfort,روف كمفورت,دبي لاند ريزيدنسز (ش.ذ.م.م),دبي-لاند-ريزيدنسز,Wadi Al Safa 5,Dubai Land Residence Complex,NOT_STARTED,316,2,2,0,316,3,3,6485784,1,1384169616;65124849
PN2385,register_extract_2026-06-15,2385,410808961,THE IVY,ذا ايفي,قرية جميرا (ش.ذ.م.م),قريه-جميرا,Al Barsha South Fifth,Jumeirah Village Triangle,FINISHED,228,1,1,0,228,355,32,6849747,1,
PN2219,register_extract_2026-06-15,2219,328815410,Joya Blanca Residences,جويا بلانكا ريزيدنسيز,ليوان(ش.ذ.م.م.),ليوان,Arjan,Arjan,FINISHED,313,1,1,0,315,547,51,6731271,1,920717867
PN699,register_extract_2026-06-15,699,699,SPICA,سبيكا,شركة نخيل (ش.م.خ),nakheel,Al Barsha South Fourth,Jumeirah Village Circle,FINISHED,130,1,1,124,130,131,11,6816226,1,102468679
PN3184,register_extract_2026-06-15,3184,634538587,Altus,ألتوس,دبي كريك هاربور ش.ذ.م.م,دبي-كريك-هاربور,Al Khairan First,Dubai Creek Harbour,ACTIVE,283,2,2,0,283,295,18,4150251,1,1957352071;531938602
PN3410,register_extract_2026-06-15,3410,684696034,Esme' Beach Residences,,النخلة  - ديره (ش.ذ.م.م),nakheel,Palm Deira,Palm Deira,NOT_STARTED,109,1,1,0,109,106,12,1010335,1,1115322719
PN1649,register_extract_2026-06-15,1649,21225977,BOTANICA,بوتانيكا,قرية جميرا (ش.ذ.م.م),قريه-جميرا,Al Barsha South Fourth,Jumeirah Village Circle,FINISHED,121,1,1,118,121,308,23,6817021,1,
PN3225,register_extract_2026-06-15,3225,644771851,SAAS Hills,ساس هيلز,دى اتش ايه ام منطقه حره - ذ.م.م,دي-اتش-ايه-ام,Al Barshaa South Second,Dubai Science Park,ACTIVE,859,2,2,0,859,457,256,6727779,1,344928534;758199660
PN4106,register_extract_2026-06-15,4106,817293775,Celesto Tower,سيليستو تاور,دبي لاند ريزيدنسز (ش.ذ.م.م),دبي-لاند-ريزيدنسز,Wadi Al Safa 5,Dubai Land Residence Complex,PENDING,271,1,1,0,271,156,154,6488738,1,1962739458
PN1587,register_extract_2026-06-15,1587,14327173,REEF RESIDENCE,ريف ريزيدنس,قرية جميرا (ش.ذ.م.م),قريه-جميرا,Al Barsha South Fourth,Jumeirah Village Circle,FINISHED,385,1,1,378,385,874,44,6817079,1,1200244711
PN2760,register_extract_2026-06-15,2760,534411400,NAS3,ناس3,دبي للعقارات (ش.ذ.م.م),dubai-properties,Arjan,Arjan,ACTIVE,288,1,1,0,288,325,39,6734081,1,2064612504
PN3587,register_extract_2026-06-15,3587,726956050,Rabdan Gates,ربدان جيتس,ليوان(ش.ذ.م.م.),ليوان,Wadi Al Safa 3,Majan,NOT_STARTED,445,1,1,0,445,435,203,6455951,1,1117329888
PN2199,register_extract_2026-06-15,2199,292466555,THE V TOWER,ذا في تاور,دبي لاند ريزيدنسز (ش.ذ.م.م),دبي-لاند-ريزيدنسز,Wadi Al Safa 5,Dubai Land Residence Complex,FINISHED,369,1,1,0,370,595,78,6488621,1,
PN2769,register_extract_2026-06-15,2769,535704824,Club Drive,كلوب درايف,دبي هيلز استيت ش.ذ.م.م,dubai-hills-estate,Hadaeq Sheikh Mohammed Bin Rashid,Dubai Hills Estate,ACTIVE,529,2,2,0,529,578,28,63111139,1,195569229;462807819
PN3104,register_extract_2026-06-15,3104,616626353,ARLO,أرلو,دبي كريك هاربور ش.ذ.م.م,دبي-كريك-هاربور,Al Khairan First,Dubai Creek Harbour,ACTIVE,434,1,1,0,434,448,12,4156361,1,511915229
PN3154,register_extract_2026-06-15,3154,627553957,Vincitore Aqua Flora,فينسيتور اكوا فلورا,دى اتش ايه ام منطقه حره - ذ.م.م,دي-اتش-ايه-ام,Al Barshaa South Second,Dubai Science Park,NOT_STARTED,546,1,1,0,546,408,112,6727757,1,925158960
PN3879,register_extract_2026-06-15,3879,789545673,Marea,ماريا,النخلة  - ديره (ش.ذ.م.م),nakheel,Palm Deira,Palm Deira,PENDING,68,0,1,0,68,6,5,1010358,1,78792148
PN3264,register_extract_2026-06-15,3264,652500814,Binghatti Ivory,بن غاطي ايفوري,مدينه دبى الطبيه منطقه حرة - ذ.م.م.,مدينه-دبي-الطبيه,Al Jadaf,Dubai Health Care City Phase 2,ACTIVE,332,1,1,0,332,327,78,3261707,1,1908368751
PN2794,register_extract_2026-06-15,2794,541138352,Manhattan 1 by SD,مانهاتن 1 باي اس دي,قرية جميرا (ش.ذ.م.م),قريه-جميرا,Al Barsha South Fourth,Jumeirah Village Circle,ACTIVE,193,1,1,0,193,203,7,6817044,1,
PN619,register_extract_2026-06-15,619,619,LA RIVIERA ESTATE,لاريفرا استيت,قرية جميرا (ش.ذ.م.م),قريه-جميرا,Al Barsha South Fourth,Jumeirah Village Circle,FINISHED,21,3,3,21,21,1,0,6816240;6816241;6816242,3,222182398
PN3061,register_extract_2026-06-15,3061,608783969,Jardin Astral,جردن أسترل,مراس العقارية (ش.ذ.م.م),meraas,Al Satwa,Jumeirah Garden City,ACTIVE,44,1,1,0,44,40,11,3342734,1,
PN3028,register_extract_2026-06-15,3028,601863591,Floarea Vista,فلو ريا فيستا,شركة نخيل (ش.م.خ),nakheel,Jabal Ali First,Discovery Gardens,ACTIVE,158,1,1,0,158,162,7,59110346,1,1547733401
PN2277,register_extract_2026-06-15,2277,370143869,HARRINGTON HOUSE,هارينغتون هاوس,قرية جميرا (ش.ذ.م.م),قريه-جميرا,Al Barsha South Fourth,Jumeirah Village Circle,FINISHED,92,1,1,0,95,196,19,6817170,1,1396998292
PN1789,register_extract_2026-06-15,1789,33413806,Azizi Plaza Hotel Apartments,عزيزي بلازا للشقق الفندقية,الفرجان ( ش.ذ.م.م ),الفرجان,Jabal Ali First,Al Furjan,FINISHED,448,1,1,0,449,666,82,5912318,1,1933538342
PN1247,register_extract_2026-06-15,1247,1247,AXIS  RESIDENCES 1,المحور 1 ريزيدنس,سلطة دبي للمناطق الإقتصادية المتكاملة,سلطه-دبي-للمناطق-الاقتصاديه-المتكامله,Nadd Hessa,Silicon Oasis,FINISHED,316,4,4,316,316,754,33,6262628,1,
PN3826,register_extract_2026-06-15,3826,771287785,Kingdom Gate,كينجدوم غيت,الفرجان ( ش.ذ.م.م ),الفرجان,Jabal Ali First,Al Furjan,PENDING,86,0,1,0,86,19,16,5912282,1,1513463488
PN2441,register_extract_2026-06-15,2441,431952649,Binghatti Luna,بن غاطي لونا,قرية جميرا (ش.ذ.م.م),قريه-جميرا,Al Barsha South Fourth,Jumeirah Village Circle,FINISHED,212,1,1,0,212,400,24,6816516,1,1895211951
PN2786,register_extract_2026-06-15,2786,538932867,Symphony,سيمفوني,نشاما للعقارات لمالكها نشمي ديفلوبمنت شركة الشخص الواحد ش.ذ.م.م,nshama,Al Yelayiss 2,TOWN SQUARE,ACTIVE,398,2,2,0,398,440,45,9229271,1,
PN2835,register_extract_2026-06-15,2835,551806345,Samana Barari Views,سمانا براري فيوز,ليوان(ش.ذ.م.م.),ليوان,Wadi Al Safa 3,Majan,ACTIVE,669,1,1,0,669,682,22,6453274,1,1763305612
PN3289,register_extract_2026-06-15,3289,657742459,Allura Residences by Citi Developers,ألورا ريزيدنس من سيتي ديفيلوبرز,شركة نخيل (ش.م.خ),nakheel,Al Barsha South Fourth,Jumeirah Village Circle,NOT_STARTED,264,1,1,0,264,223,103,6816369,1,
PN3022,register_extract_2026-06-15,3022,600941557,Vitalia by Pinnacle,فيتاليا من بيناكل,شركة النخلة - جميرا (ش.ذ.م.م),nakheel,Palm Jumeirah,Palm Jumeirah,ACTIVE,45,1,1,0,45,25,17,3817053,1,1998265209
PN2545,register_extract_2026-06-15,2545,471508751,Mercedes-Benz Places | Binghatti,مرسيدس-بنز بليسز | بن غاطي,اعمار العقارية (ش . م. ع),emaar,Burj Khalifa,DownTown Dubai,ACTIVE,163,1,1,0,163,127,37,3450387,1,1432955353
PN3407,register_extract_2026-06-15,3407,684316289,Capital One,كابيتال ون,الاتحاد العقارية (شركة مساهمة عامة),union-properties,Al Hebiah First,Motor City,NOT_STARTED,257,1,1,0,257,297,72,6740191,1,780601148
PN1317,register_extract_2026-06-15,1317,4463513,PALM VIEWS - WEST,بالم فيوز - غرب,شركة نخيل (ش.م.خ),nakheel,Palm Jumeirah,Palm Jumeirah,FINISHED,104,1,1,96,104,331,24,3812729,1,1742847760
PN4084,register_extract_2026-06-15,4084,813367736,Soulever' By Beyond,سوليفر من بيوند,مدينة دبي الملاحية م م ح,مدينه-دبي-الملاحيه,Madinat Dubai Almelaheyah,Dubai Maritime City,NOT_STARTED,517,3,3,0,517,232,230,3210472,1,1026809719;1807660548;359065020
PN3674,register_extract_2026-06-15,3674,742340700,Al Warsan Star,نجمة ورسان,مراس العقارية (ش.ذ.م.م),meraas,Al Warsan First,WARSAN FIRST DEVELOPMENT,PENDING,48,1,1,0,48,1,0,6218487,1,
PN3483,register_extract_2026-06-15,3483,703970641,Cove Edition Residence 4 By Imtiaz,كوف إيديشن ريزيدنس 4 من امتياز,دبي لاند ريزيدنسز (ش.ذ.م.م),دبي-لاند-ريزيدنسز,Wadi Al Safa 5,Dubai Land Residence Complex,ACTIVE,260,1,1,0,260,268,38,6489192,1,825196481
PN2832,register_extract_2026-06-15,2832,550464302,THE CRESTMARK,ذا كريستمارك,الخليج التجاري (ش.ذ.م.م),الخليج-التجاري,Business Bay,Business Bay,ACTIVE,191,1,1,0,191,196,28,3460727,1,1965104104
PN3265,register_extract_2026-06-15,3265,652506377,SEA LEGEND ONE BY MVS REAL ESTATE,سي ليجند وان باي ام في اس العقارية,شركة نخيل (ش.م.خ),nakheel,Palm Deira,Palm Deira,NOT_STARTED,65,1,1,0,65,33,27,1010350,1,1326800450
PN3190,register_extract_2026-06-15,3190,635705263,Alfal Residences,الفال ريزيدنسيز,شركة نخيل (ش.م.خ),nakheel,Al Barsha South Fourth,Jumeirah Village Circle,ACTIVE,285,1,1,0,285,18,12,6817331,1,274118624
PN2626,register_extract_2026-06-15,2626,86853367,CANAL CROWN 2,قنال كراون 2,الخليج التجاري (ش.ذ.م.م),الخليج-التجاري,Business Bay,Business Bay,ACTIVE,351,1,1,0,351,350,15,3460651,1,326825767
PN1612,register_extract_2026-06-15,1612,15208386,THE FIELDS AT D11 - MBRMC,الحقول في D11 - إم بي أر إم سي,مؤسسة مدينة ميدان,meydan,Wadi Al Safa 3,Mohammed Bin Rashid AL Maktoum District 11,ACTIVE,,0,1028,0,0,1905,303,6455741;6456070;6456071;6456072;6456073;6456074;6456076;6456077;6456079;6456080;6456081;6456082;6456083;6456084;6456085;6456086;6456087;6456088;6456089;6456091;6456092;6456093;6456094;6456095;6456096;6456097;6456098;6456099;6456100;6456101;6456102;6456103;6456104;6456105;6456106;6456107;6456108;6456109;6456110;6456111;6456113;6456114;6456115;6456116;6456117;6456118;6456119;6456120;6456121;6456124;6456125;6456126;6456127;6456129;6456130;6456131;6456132;6456133;6456134;6456135,173,
PN1034,register_extract_2026-06-15,1034,576209991,Emirates Living - Springs 4,روعة الإمارات ? الينابيع 4,اعمار العقارية (ش . م. ع),emaar,Al Thanayah Fourth,Springs - 5,FINISHED,,0,320,0,0,1332,58,3942456;3942458;3942464;3942466;3942467;3942468;3942506;3942507;3942516;3942518;3942519;3942523;3942524;3942526;3942527;3942528;3942529;3942531;3942532;3942533;3942535;3942536;3942537;3942539;3942540;3942541;3942543;3942544;3942546;3942552;3942553;3942554;3942555;3942557;3942758;3942759;3942761;3942762;3942763;3942765;3942766;3942767;3942769;3942770;3942772;3942773;3942786;3942787;3942808;3942810;3942811;3942814;3942816;3942822;3942826;3942828;3942830;3942831;3942854;3942859,85,
PN2732,register_extract_2026-06-15,2732,525244178,The Oasis - Palmiera,ذا اويسيس - بالمييرا,اعمار العقارية (ش . م. ع),emaar,Me'Aisem Second,,ACTIVE,,0,265,0,0,372,63,6860420;6860421;6860422;6860423;6860424;6860425;6860426;6860427;6860428;6860429;6860430;6860431;6860432;6860434;6860435;6860436;6860437;6860438;6860439;6860440;6860443;6860444;6860445;6860446;6860447;6860448;6860449;6860450;6860451;6860452;6860453;6860454;6860455;6860456;6860457;6860459;6860460;6860461;6860462;6860463;6860464;6860465;6860466;6860467;6860468;6860469;6860470;6860471;6860472;6860473;6860474;6860475;6860476;6860477;6860478;6860479;6860480;6860483;6860484;6860485,265,
PN1321,register_extract_2026-06-15,1321,4662436,LIVING LEGENDS PHASE 2,الأساطير الحية المرحلة 2,دبي لاند (ش.ذ.م.م),دبي-لاند,Wadi Al Safa 3,Living Legends,FINISHED,,0,150,0,0,595,26,6457283;6457284;6457285;6457286;6457287;6457288;6457289;6457290;6457291;6457292;6457293;6457294;6457295;6457296;6457297;6457298;6457301;6457302;6457303;6457304;6457305;6457306;6457307;6457308;6457309;6457310;6457311;6457312;6457313;6457314;6457315;6457316;6457317;6457318;6457319;6457320;6457321;6457322;6457323;6457324;6457325;6457326;6457327;6457328;6457329;6457330;6457331;6457332;6457333;6457334;6457335;6457336;6457337;6457338;6457339;6457340;6457341;6457342;6457343;6457344,151,
PN1400,register_extract_2026-06-15,1400,11341596,Arabian Ranches - Lila Community,المرابع العربيه - ليلا,اعمار العقارية (ش . م. ع),emaar,Wadi Al Safa 7,Arabian Ranches II - LILA,FINISHED,,0,219,0,0,699,45,6650951;6650952;6650953;6650954;6650955;6650956;6650957;6650958;6650959;6650960;6650961;6650962;6650963;6650964;6650965;6650966;6650967;6650968;6650969;6650970;6650971;6650972;6650973;6650974;6650975;6650976;6650977;6650978;6650979;6650980;6650981;6650982;6650983;6650984;6650985;6650986;6650987;6650988;6650989;6650990;6650991;6650992;6650993;6650994;6650995;6650996;6650997;6650998;6650999;6651000;6651001;6651002;6651003;6651004;6651005;6651006;6651007;6651008;6651009;6651010,219,
PN1406,register_extract_2026-06-15,1406,11528049,ARABIAN RANCHES - RASHA COMMUNITY,المرابع العربية - رشا كومينتى,اعمار العقارية (ش . م. ع),emaar,Wadi Al Safa 7,Arabian Ranches II - RASHA,FINISHED,,0,140,0,0,433,28,6651188;6651189;6651190;6651191;6651192;6651193;6651194;6651195;6651196;6651197;6651198;6651199;6651200;6651201;6651202;6651203;6651204;6651205;6651206;6651207;6651208;6651209;6651210;6651211;6651212;6651213;6651214;6651215;6651216;6651217;6651218;6651219;6651220;6651221;6651222;6651223;6651224;6651225;6651226;6651227;6651228;6651229;6651230;6651231;6651232;6651233;6651234;6651235;6651236;6651237;6651238;6651239;6651240;6651241;6651242;6651243;6651244;6651245;6651246;6651247,140,
PN511,register_extract_2026-06-15,511,511,ALFATTAN CURRENCY HOUSE,الفتان كرنسي هاوس,الفتان العقارية (ش.ذ.م.م),الفتان-العقاريه,Zaabeel Second,,FINISHED,,0,0,0,0,0,0,3372260,1,
PN2141,register_extract_2026-06-15,2141,242001918,Majestic Vistas,ماجستيك فيستاز,دبي هيلز استيت ش.ذ.م.م,dubai-hills-estate,Hadaeq Sheikh Mohammed Bin Rashid,DUBAI HILLS,FINISHED,,0,41,0,0,93,13,63110912;6317530;6317706;6317731;6317773;6317810;6317880;6317954;6317999;6318007;6318750;6318914;6318965;6318980;6318992;6319038;6319076;6319077;6319079;6319107;6319155;6319174;6319177;6319257;6319265;6319298;6319330;6319352;6319455;6319478;6319484;6319542;6319623;6319635;6319648;6319649;6319655;6319696;6319723;6319835;6319858,41,
PN2071,register_extract_2026-06-15,2071,178863325,Rukan2,روكان2,دبي لاند (ش.ذ.م.م),دبي-لاند,Wadi Al Safa 7,Rukan,FINISHED,,0,49,0,0,136,12,6653679;6653703;6653704;6653705;6659885;6659888;6659889;6659890,8,
PN2413,register_extract_2026-06-15,2413,422589023,Verdana(Phase 2),فيردانا (المرحلة الثانية),شركة تطوير مجمع دبي للاستثمار (ذ. م. م),تطوير-مجمع-دبي-للاستثمار,Dubai Investment Park First,Dubai Investment Park First,ACTIVE,,0,127,0,0,121,12,5980350,1,
PN263,register_extract_2026-06-15,263,263,CASCADE VILLE,كاسكاد فيل,دبي للعقارات (ش.ذ.م.م),dubai-properties,Al Jadaf,Jaddaf Waterfront,PENDING,,0,0,0,0,2,0,3260904,1,
PN2335,register_extract_2026-06-15,2335,390512999,DAMAC LAGOONS - NICE 1,داماك لاجونز - نيس 1,واحة الجزيرة العقارية (ش.ذ.م.م),واحه-الجزيره-العقاريه,Al Hebiah Fifth,DAMAC Lagoons,ACTIVE,,0,509,0,0,874,85,68310007;68310038;68310039;68310044;68310045;68310060;68310061;68310096;68310097;68310121;68310125;68310126;68310134;68310186;68310187;68310188;68310195;68310216;68310217;68310248;68310282;68310305;68310306;68310313;68310355;68310372;68310388;68310390;68310393;68310400;68310401;68310425;68310432;68310452;68310453;68310479;68310487;68310510;68310521;68310527;68310545;68310582;68310583;68310613;68310614;68310645;68310677;68310709;68310741;68310770;68310771;68310799;68310830;68310831;68310832;68310836;68310862;68310863;68310916;68310920,544,
PN3600,register_extract_2026-06-15,3600,730423216,The Wilds 1,ذا وايلدز 1,دبي لاند (ش.ذ.م.م),دبي-لاند,Wadi Al Safa 3,Living Legends,NOT_STARTED,,0,267,0,0,251,34,6456622;6456626;6456657;6456661;6456665;6456672;6456673;6456674;6456677;6456678;6456681;6456685;6456690;6456696;6456700;6456705;6456722;6456723;6456725;6456726;6456727;6456728;6456730;6456732;6456741;6456742;6456743;6456746;6456751;6456755;6456847;6456848;6456849;6456852;6456861;6456862;6456882;6456893;6456923;6456928;6456930;6456932;6456934;6456944;6456950;6456951;6456963;6456970;6456974;6456975;6456976;6456979;6456980;6456985;6456986;6456987;6456988;6456996;6457592;6457593,267,
PN2375,register_extract_2026-06-15,2375,406018214,Jebel Ali Village Townhouses- Phase 1,قرية جبل علي تاون هاوسز- المرحلة 1,شركة نخيل (ش.م.خ),nakheel,Jabal Ali First,Jabal Ali Village,ACTIVE,,0,286,0,0,559,191,59110372;59110373;59110374;59110375;59110376;59110377;59110378;59110379;59110380;59110381;59110382;59110383;59110384;59110385;59110386;59110387;59110388;59110389;59110390;59110391;59110392;59110393;59110394;59110395;59110396;59110397;59110398;59110399;59110400;59110401;59110402;59110403;59110404;59110405;59110406;59110407;59110408;59110409;59110410;59110411;59110412;59110413;59110414;59110415;59110416;59110417;59110418;59110419;59110420;59110421;59110422;59110423;59110424;59110425;59110426;59110427;59110428;59110429;59110430;59110431,286,
PN3199,register_extract_2026-06-15,3199,639340495,DAMAC HILLS (2) - VIOLET 2,داماك هيلز (2) - فايليت 2,شركة الخط الامامي لادارة الاستثمار ش.ذ.م.م,الخط-الامامي-لاداره-الاستثمار,Madinat Hind 4,DAMAC HILLS 2,ACTIVE,,0,223,0,0,226,12,9143952;9143960;9144012;9144013;9144015;9144023;9144024;9144034;9144045;9144054;9144063;9144064;9144083;9144104;9144112;9144123;9144136;9144184;9144185;9144191;9144195;9144206;9144224;9144225;9144235;9144242;9144243;9144279;9144285;9144291;9144295;9144305;9144312;9144313;9144329;9144330;9144332;9144347;9144363;9144389;9144402;9144403;9144420;9144439;9144445;9144446;9144449;9144503;9144519;9144529;9144538;9144539;9144551;9144572;9144575;9144580;9144581;9144594;9144598;9144604,223,
PN4107,register_extract_2026-06-15,4107,817311409,Palm Jebel Ali - The Beach and Coral Collection - Frond D,D نخلة جبل علي - ذا بيتش آند كورال كوليكشن - السعفة,شركة نخيل (ش.م.خ),nakheel,Palm Jabal Ali,Palm Jabal Ali,PENDING,,0,44,0,0,41,41,5011994;5011998;5012001;5012003;5012005;5012006;5012007;5012008;5012012;5012013;5012014;5012015;5012016;5012017;5012018;5012048;5012049;5012051;5012054;5012056;5012057;5012059;5012060;5012062;5012063;5012064;5012066;5012067;5012068;5012069;5012753;5012754;5012755;5012756;5012757;5012758;5012759;5012760;5012761;5012762;5012763;5012764;5012765;5012766,44,
PN3352,register_extract_2026-06-15,3352,673227100,Palm Jebel Ali - Frond E,E نخلة جبل علي - السعفة,شركة نخيل (ش.م.خ),nakheel,Palm Jabal Ali,Palm Jabal Ali,NOT_STARTED,,0,110,0,0,114,3,5011871;5011875;5011879;5011881;5011884;5011886;5011889;5011891;5011895;5011898;5011901;5011903;5011906;5011909;5011912;5011915;5011917;5011920;5011923;5011927;5011930;5011934;5011939;5011943;5011952;5011955;5011961;5011963;5011974;5011984;5011986;5011999;5012000;5012019;5012020;5012026;5012028;5012035;5012037;5012044;5012046;5012053;5012058;5012065;5012070;5012073;5012074;5012076;5012078;5012079;5012082;5012083;5012086;5012087;5012088;5012092;5012093;5012096;5012097;5012098,110,
PN3859,register_extract_2026-06-15,3859,782006037,Nad Al Sheba Gardens Phase 10,ند الشبا جاردنز المرحلة 10,شمال العقارية ش.ذ.م.م,شمال-العقاريه,Nad Al Shiba First,,NOT_STARTED,,0,201,0,0,202,190,6181358;6181371;6181408;6181417;6181432;6181471;6181489;6181514;6181567;6181579;6181588;6181624;6181627;6181637;6181667;6181668;6181669;6181680;6181736;6181738;6181755;6181761;6181784;6181800;6181814;6181815;6181824;6181832;6181909;6181910;6181921;6181965;6181972;6181996;6182058;6182070;6182074;6182112;6182116;6182117;6182118;6182122;6182157;6182176;6182185;6182228;6182261;6182292;6182298;6182318;6182319;6182336;6182401;6182404;6182412;6182423;6182432;6182436;6182458;6182474,116,
PN3832,register_extract_2026-06-15,3832,773735747,Pinewood Estate Homes,باينوود استيت هومز,جيه جي اي للعقارات ش.ذ.م.م,جيه-جي-اي-للعقارات,Me'Aisem First,Jumeirah Golf Estates - Phase B,NOT_STARTED,,0,247,0,0,74,74,6851822;6851823;6851824;6851825;6851826;6851827;6851828;6851829;6851830;6851831;6851832;6851833;6851834;6851835;6851836;6851837;6851838;6851839;6851841;6851842;6851843;6851844;6851845;6851846;6851847;6851848;6851849;6851850;6851851;6851852;6851853;6851854;6851855;6851856;6851857;6851858;6851859;6851860;6851861;6851862;6851863;6851864;6851865;6851866;6851868;6851869;6851870;6851871;6851872;6851873;6851874;6851875;6851876;6851877;6851878;6851879;6851880;6851881;6851882;6851883,247,
PN3019,register_extract_2026-06-15,3019,600713552,The Acres,ذا إيكرز,دي اتش ار اي 2 بي تي اس ش.ذ.م.م,دي-اتش-ار-اي-2-بي-تي-اس,Wadi Al Safa 7,,NOT_STARTED,,0,642,0,0,742,69,6654434;6654436;6654437;6654439;6654443;6654444;6654445;6654447;6654454;6654457;6654458;6654462;6654468;6654472;6654473;6654476;6654481;6654486;6654489;6654493;6654494;6654495;6654503;6654504;6654505;6654508;6654509;6654510;6654511;6654513;6654521;6654522;6654523;6654524;6654528;6654529;6654531;6654532;6654533;6654537;6654541;6654542;6654543;6654546;6654549;6654550;6654552;6654553;6654558;6654561;6654563;6654568;6654571;6654572;6654574;6654575;6654576;6654577;6654580;6654581,642,
PN1744,register_extract_2026-06-15,1744,29106939,MARWA HOMES 2,بيوت مروى 2,قرية جميرا (ش.ذ.م.م),قريه-جميرا,Al Barsha South Fourth,Jumeirah Village Circle,FINISHED,,0,16,0,0,42,5,6817048,1,
PN2172,register_extract_2026-06-15,2172,264942481,Greenview 2,جرين فيو 2,إعمار دبي الجنوب دي دبليو سي ش.ذ.م.م,emaar,Madinat Al Mataar,Dubai World Central,FINISHED,,0,292,0,0,562,66,5211766;5211767;5211768;5211769;5211770;5211771;5211772;5211773;5211774;5211775;5211776;5211777;5211778;5211779;5211780;5211781;5211782;5211783;5211784;5211785;5211786;5211787;5211788;5211789;5211790;5211791;5211792;5211793;5211794;5211795;5211796;5211797;5211798;5211799;5211800;5211801;5211802;5211803;5211804;5211805;5211806;5211807;5211808;5211809,44,
PN4029,register_extract_2026-06-15,4029,799766902,Ashwood Estates,آش وود استيتس,جيه جي اي للعقارات ش.ذ.م.م,جيه-جي-اي-للعقارات,Me'Aisem First,Jumeirah Golf Estates - Phase B,NOT_STARTED,,0,187,0,0,158,158,6853528;6853529;6853530;6853531;6853534;6853535;6853536;6853537;6853538;6853539;6853540;6853541;6853542;6853543;6853544;6853545;6853546;6853547;6853548;6853549;6853550;6853551;6853552;6853553;6853554;6853555;6853556;6853557;6853560;6853562;6853563;6853567;6853568;6853569;6853570;6853571;6853572;6853573;6853574;6853575;6853576;6853577;6853578;6853579;6853580;6853581;6853582;6853583;6853584;6853585;6853586;6853587;6853588;6853589;6853590;6853591;6853592;6853593;6853594;6853595,187,
PN2771,register_extract_2026-06-15,2771,535966836,The Valley - Nima,ذا فالي - نيما,إعمار للتطوير (مساهمة عامة),emaar,Al Yufrah 1,,ACTIVE,,0,520,0,0,684,65,9150724;9150732;9150760;9150761;9150764;9150766;9150773;9150779;9150784;9150796;9150837;9150839;9150854;9150873;9150878;9150880;9150887;9150890;9150894;9150895;9150944;9150959;9150970;9150991;9150998;9151002;9151004;9151017;9151021;9151061;9151068;9151093;9151094;9151095;9151097;9151102;9151116;9151119;9151127;9151135;9151138;9151165;9151171;9151193;9151216;9151221;9151227;9151241;9151243;9151244;9151253;9151295;9151301;9151302;9151320;9151342;9151345;9151355;9151356;9151402,79,
PN2543,register_extract_2026-06-15,2543,470833801,DAMAC HILLS (2) - FARMHOUSES,داماك هيلز (2) - فارم هاوسيز,شركة الخط الامامي لادارة الاستثمار ش.ذ.م.م,الخط-الامامي-لاداره-الاستثمار,Madinat Hind 4,DAMAC HILLS 2,ACTIVE,,0,13,0,0,14,1,9142420;9142421;9142422;9142423;9142424;9142425;9142426;9142427;9142429;9142431;9142432;9142433;9142434,13,
PN2718,register_extract_2026-06-15,2718,519690813,Serenity Mansions,سيرينيتي مانشنز,ماجد الفطيم لتشغيل مشاريع المدن المتكاملة الاماراتية ش.ذ.م.م,ماجد-الفطيم-لتشغيل-مشاريع-المدن-المتكامله-الاماراتيه,Al Hebiah Fourth,TILAL AL GHAF,ACTIVE,,0,109,0,0,119,16,6824602;6824603;6824604;6824605;6824606;6824607;6824614;6824616;6824620;6824621;6824623;6824624;6824627;6824628;6824629;6824630;6824631;6824632;6824633;6824639;6824641;6824642;6824643;6824647;6824652;6824653;6824658;6824661;6824662;6824663;6824664;6824672;6824674;6824676;6824678;6824682;6824685;6824686;6824688;6824691;6824694;6824696;6824699;6824700;6824702;6824704;6824705;6824708;6824711;6824712;6824715;6824718;6824722;6824726;6824728;6824731;6824735;6824736;6824737;6824738,110,
PN3462,register_extract_2026-06-15,3462,697212325,The Valley - Elva,ذا فالي - ايلفا,إعمار للتطوير (مساهمة عامة),emaar,Al Yufrah 1,,ACTIVE,,0,244,0,0,255,14,9153470;9153578;9153579;9153580;9153581;9153582;9153583;9153584;9153585;9153586;9153587;9153588;9153589;9153590;9153591;9153592;9153593;9153594;9153595;9153596;9153597;9153598;9153599;9153600;9153601;9153602;9153603;9153604;9153605;9153606;9153607;9153608;9153609;9153610;9153611;9153612;9153613;9153614;9153615;9153616;9153617;9153618;9153619;9153620;9153621;9153622;9153623;9153624;9153625;9153626;9153627;9153628;9153629;9153630;9153631;9153632;9153633;9153634;9153635;9153636,61,
PN1535,register_extract_2026-06-15,1535,12905715,PARK VILLA'S,بارك فيلا,قرية جميرا (ش.ذ.م.م),قريه-جميرا,Al Barsha South Fourth,Jumeirah Village Circle,FINISHED,,0,22,0,0,59,5,6816178,1,
PN2467,register_extract_2026-06-15,2467,442581847,Arabian Ranches lll - Raya,المرابع العربية ااا - رايا,إعمار للتطوير (مساهمة عامة),emaar,Wadi Al Safa 5,,ACTIVE,,0,240,0,0,423,103,6484160;6484167;6484202;6484205;6484218;6484264;6484310;6484322;6484348;6484354;6484369;6484421;6484435;6484460;6484477;6484488;6484489;6484537;6484538;6484577;6484586;6484638;6484640;6484666;6484669;6484670;6484701;6484736;6484776;6484777;6484815;6484856;6484872;6484928;6484953;6484962,36,
PN2161,register_extract_2026-06-15,2161,250978883,Marsa Al Arab Villas,فلل مرسى العرب,مرسى العرب ش.ذ.م.م,مرسي-العرب,Um Suqaim Third,,FINISHED,,0,9,0,0,12,0,3660867;3660870;3660872;3660874;3660875;3660876;3660877;3660879;3660880,9,
PN2143,register_extract_2026-06-15,2143,243319209,DAMAC HILLS - THE TRUMP ESTATES 2,داماك هيلز - ذي ترامب ايستايتس 2,داماك كريسنت للعقارات (ش.ذ.م.م),damac,Al Hebiah Third,DAMAC HILLS,FINISHED,,0,10,0,0,23,1,6764936;6765759;6765762;6765798;6765831;6765838;6765896;6767094;6767893;6768341,10,
PN2281,register_extract_2026-06-15,2281,372790670,Arabian Ranches lll - June 2,المرابع العربية ااا - جون 2,إعمار للتطوير (مساهمة عامة),emaar,Wadi Al Safa 5,,FINISHED,,0,35,0,0,88,9,6482860;6482869;6482926;6482936;6482940;6482988;6483003;6483821;6483836;6483896;6483897;6483957;6483964;6483997;6484012;6484029;6484070;6484083,18,
PN204,register_extract_2026-06-15,204,204,MIRABELLA,ميرابيلا,قرية جميرا (ش.ذ.م.م),قريه-جميرا,Al Barsha South Fourth,Jumeirah Village Circle,FINISHED,,0,16,3,0,93,3,6816773,1,
PN1602,register_extract_2026-06-15,1602,15081390,OCEAN BREEZE,أوشن بريز,شركة النخلة - جميرا (ش.ذ.م.م),nakheel,Palm Jumeirah,Palm Jumeirah,FINISHED,,0,5,0,0,22,0,3812877;3812878;3812879;3812881;3814532,5,
PN3014,register_extract_2026-06-15,3014,599516580,SUNSET GROVE HOMES,صن ست غروف هومز,قرية جميرا (ش.ذ.م.م),قريه-جميرا,Al Barsha South Fourth,Jumeirah Village Circle,ACTIVE,,0,8,0,0,4,2,6817407,1,
PN2916,register_extract_2026-06-15,2916,574953656,Celeste by Westar,سيليست بواسطة ويستار,قرية جميرا (ش.ذ.م.م),قريه-جميرا,Al Barsha South Fourth,Jumeirah Village Circle,ACTIVE,,0,15,0,0,28,17,6817218,1,
PN2118,register_extract_2026-06-15,2118,220521820,Azizi Riviera 28,عزيزي ريفيرا 28,مجموعة ميدان (ش.ذ.م.م),meydan,Al Merkadh,Meydan One Community,FINISHED,243,1,1,0,245,343,29,3475020,1,578288722
PN3802,register_extract_2026-06-15,3802,767816242,Al Vista,ميندان فيستا,مجموعة ميدان (ش.ذ.م.م),meydan,Bukadra,,PENDING,384,2,2,0,384,16,16,6110671,1,
PN1776,register_extract_2026-06-15,1776,32562229,Studio One,ستوديو ون,اعمار العقارية (ش . م. ع),emaar,Marsa Dubai,Dubai Marina,FINISHED,410,1,1,405,410,965,57,3920427,1,274251339
PN2048,register_extract_2026-06-15,2048,170121419,Azizi Riviera 37,عزيزي ريفييرا 37,مجموعة ميدان (ش.ذ.م.م),meydan,Al Merkadh,Meydan One Community,FINISHED,241,1,1,0,241,333,28,3475027,1,908596961
PN1891,register_extract_2026-06-15,1891,80969710,MAG 318,ماج 318,الخليج التجاري (ش.ذ.م.م),الخليج-التجاري,Business Bay,Business Bay,FINISHED,451,1,1,0,451,724,48,3460715,1,1245509097
PN1489,register_extract_2026-06-15,1489,11796582,MULBERRY at PARK HEIGHTS,مولبيري في بارك هايتس,دبي هيلز استيت ش.ذ.م.م,dubai-hills-estate,Hadaeq Sheikh Mohammed Bin Rashid,Dubai Hills Estate,FINISHED,676,8,8,676,695,1964,120,6316284;6316285,2,1446338686
PN87,register_extract_2026-06-15,87,87,THE BELVEDERE,بيلفيدير,اعمار العقارية (ش . م. ع),emaar,Marsa Dubai,Dubai Marina,FINISHED,60,1,1,57,60,244,6,3920494,1,94310105
PN1413,register_extract_2026-06-15,1413,11542112,DAMAC HILLS - ORCHID,دماك هيلز - أوركيد,داماك كريسنت للعقارات (ش.ذ.م.م),damac,Al Hebiah Third,DAMAC HILLS,FINISHED,168,2,2,168,168,297,26,6768698,1,1582980851
PN3691,register_extract_2026-06-15,3691,745471910,Trump Tower,ترامب تاور,دار جلوبال لكشري للتطوير العقاري ذ.م.م ش.ش.و,دار-جلوبال-لكشري-للتطوير-العقاري-ذممششو,Trade Center First,,NOT_STARTED,574,1,1,0,574,386,79,3356819,1,
PN2532,register_extract_2026-06-15,2532,463755348,The Community Motor City,كوميونيتي موتور سيتي,الاتحاد العقارية (شركة مساهمة عامة),union-properties,Al Hebiah First,Motor City,ACTIVE,433,1,1,0,433,485,42,6740313,1,935450857
PN1965,register_extract_2026-06-15,1965,139350432,Azizi Riviera 21,عزيزي ريفييرا 21,مجموعة ميدان (ش.ذ.م.م),meydan,Al Merkadh,Meydan One Community,FINISHED,157,1,1,0,158,232,9,3475013,1,1914372533
PN2434,register_extract_2026-06-15,2434,427303081,Azizi Riviera Reve,عزيزى ريفيرا ريف,مجموعة ميدان (ش.ذ.م.م),meydan,Al Merkadh,Meydan One Community,ACTIVE,455,4,4,0,455,330,86,3470172,1,1182926956;538574652;720727643;958285168
PN3218,register_extract_2026-06-15,3218,643929745,Rome by SD,روما باي اس دي,مجموعة ميدان (ش.ذ.م.م),meydan,Wadi Al Safa 3,Mohammed Bin Rashid AL Maktoum District 11,ACTIVE,42,1,1,0,42,36,22,6453224,1,
PN3397,register_extract_2026-06-15,3397,682488098,Binghatti Twilight,بن غاطي توايلايت,دبي للعقارات (ش.ذ.م.م),dubai-properties,Al Jadaf,Jaddaf Waterfront,NOT_STARTED,277,1,1,0,277,257,185,3260910,1,9089573
PN1275,register_extract_2026-06-15,1275,1275,CLAREN 1,كلارين 1,اعمار العقارية (ش . م. ع),emaar,Burj Khalifa,DownTown Dubai,FINISHED,329,3,3,320,329,1223,57,3450804,1,
PN127,register_extract_2026-06-15,127,127,IRIS BAY,ايريس باي,الخليج التجاري (ش.ذ.م.م),الخليج-التجاري,Business Bay,Business Bay,FINISHED,202,1,1,0,202,650,63,3460475,1,2078685044
PN2052,register_extract_2026-06-15,2052,170433703,Dorchester Collection Dubai,دورشستر كولكشن دبي,الخليج التجاري (ش.ذ.م.م),الخليج-التجاري,Business Bay,Business Bay,FINISHED,57,1,1,0,107,95,10,3466829,1,
PN2344,register_extract_2026-06-15,2344,392042503,Peninsula Five,بينينسولا فايف,الخليج التجاري (ش.ذ.م.م),الخليج-التجاري,Business Bay,Business Bay,FINISHED,383,3,3,0,383,706,92,3460189,1,1251632772
PN1779,register_extract_2026-06-15,1779,32678479,OIA Residence,اويا ريزيدنس,الاتحاد العقارية (شركة مساهمة عامة),union-properties,Al Hebiah First,Motor City,FINISHED,269,1,1,269,269,720,121,6740291,1,211923860
PN2727,register_extract_2026-06-15,2727,523305025,VYB,فايب,الخليج التجاري (ش.ذ.م.م),الخليج-التجاري,Business Bay,Business Bay,ACTIVE,181,1,1,0,181,208,27,3460606,1,630981084
PN2806,register_extract_2026-06-15,2806,543574652,Hilton Residences Dubai Jumeirah Lakes Towers,فيستا هايتس,مركز دبي للسلع المتعددة,مركز-دبي-للسلع-المتعدده,Al Thanyah Fifth,Jumeirah Islands,ACTIVE,401,1,1,0,401,71,64,3930950,1,360652789
PN44,register_extract_2026-06-15,44,44,THE MERTOPOLIS,ميرتوبوليس,دبي للعقارات (ش.ذ.م.م),dubai-properties,Business Bay,Business Bay,FINISHED,332,1,1,0,332,962,33,3460521,1,1239123558
PN3363,register_extract_2026-06-15,3363,676147267,Emerge Residences,,مجموعة ميدان (ش.ذ.م.م),meydan,Nad Al Shiba First,Meydan Racecourse Community,NOT_STARTED,82,1,1,0,82,49,48,6182682,1,
PN1731,register_extract_2026-06-15,1731,28333488,MIDTOWN - DANIA,ميدتاون - دنيا,تيكوم للإستثمارات منطقة حرة- ذ.م.م,تيكوم-للاستثمارات,Me'Aisem First,International Media Production Zone,FINISHED,591,4,4,579,591,1269,94,6854517,1,1565730460
PN221,register_extract_2026-06-15,221,221,PRINCESS TOWER,برنسس تاور,اعمار العقارية (ش . م. ع),emaar,Marsa Dubai,Dubai Marina,FINISHED,771,1,1,763,771,2986,94,3920192,1,1753409401
PN1451,register_extract_2026-06-15,1451,1451,BURJ VIEWS,إطلالات برج,اعمار العقارية (ش . م. ع),emaar,Burj Khalifa,DownTown Dubai,FINISHED,748,4,4,736,748,2745,95,3450422,1,1630672694
PN2612,register_extract_2026-06-15,2612,490768626,Expo City Mangrove Residences,إكسبو سيتي مانجروف ريزيدنس,إكسبو سيتي للتطوير العقاري ش م ح,اكسبو-سيتي-للتطوير-العقاري,Madinat Al Mataar,Dubai World Central,ACTIVE,470,3,3,0,470,518,63,5210754,1,1736248717
PN3853,register_extract_2026-06-15,3853,780734606,Sartoria,سارتوريا,مدينة دبي الرياضية (ش. ذ. م. م),مدينه-دبي-الرياضيه,Al Hebiah Fourth,Dubai Sports City,PENDING,224,0,1,0,224,3,1,6821374,1,133423324
PN1210,register_extract_2026-06-15,1210,1210,QPOINT LIWAN-PLOT R092,كيو بوينت ليوان -PLOT R092,رمرام ش.ذ.م.م,رمرام,Wadi Al Safa 2,Liwan1,FINISHED,80,1,1,80,80,257,11,6437639,1,
PN1676,register_extract_2026-06-15,1676,25109683,THE ONE JBR,ذا ون جي بي آر,إستثمار العقارية منطقة حرة ذ.م.م,استثمار-العقاريه,Marsa Dubai,Jumeriah Beach Residence  - JBR,FINISHED,164,1,1,164,170,281,16,3920552,1,1537173711
PN3295,register_extract_2026-06-15,3295,659511548,Signature Lifestyle Residences,سيجنيتشر لايف ستايل ريزيدنسز,مركز دبي للسلع المتعددة,مركز-دبي-للسلع-المتعدده,Al Thanyah Fifth,DMCC-EZ1,ACTIVE,187,1,1,0,187,117,7,3934247,1,1080978518
PN430,register_extract_2026-06-15,430,430,DAMAC HEIGHTS,داماك هايتس,اعمار العقارية (ش . م. ع),emaar,Marsa Dubai,Dubai Marina,FINISHED,645,1,1,642,645,1328,81,3920569,1,1527557893
PN513,register_extract_2026-06-15,513,513,THE ATLANTIC,ذا أتلانتك,دبي للعقارات (ش.ذ.م.م),dubai-properties,Marsa Dubai,Dubai Marina,FINISHED,82,2,2,80,82,260,9,3920485,1,2116924271
PN1960,register_extract_2026-06-15,1960,138879656,Canal Residence West 2,2 كنال ريزيدنس ويست,مدينة دبي الرياضية (ش. ذ. م. م),مدينه-دبي-الرياضيه,Al Hebiah Fourth,Dubai Sports City,FINISHED,408,2,2,391,408,712,60,6821403,1,761115940
PN1551,register_extract_2026-06-15,1551,13924362,SPARKLE TOWERS,أبراج سباركل,مرسى دبي المرحلة الاولى (ش.ذ.م.م),مرسي-دبي-المرحله-الاولي,Marsa Dubai,Dubai Marina,FINISHED,389,3,3,373,389,720,54,3920404,1,627915993
PN2025,register_extract_2026-06-15,2025,161689957,SUNRISE BAY,سنرايز بي,إعمار للتطوير (مساهمة عامة),emaar,Marsa Dubai,Dubai Harbour,FINISHED,461,3,3,0,471,1054,64,3927078,1,1501268903
PN1203,register_extract_2026-06-15,1203,1203,QPOINT LIWAN-PLOT R071,كيو بوينت ليوان -PLOT R071,رمرام ش.ذ.م.م,رمرام,Wadi Al Safa 2,Liwan1,FINISHED,61,1,1,61,61,174,5,6437596,1,
PN4102,register_extract_2026-06-15,4102,817267228,Binghatti Vintage,بن غاطي فينتيج,ليوان(ش.ذ.م.م.),ليوان,Wadi Al Safa 3,Majan,PENDING,1572,0,1,0,1572,1507,1506,6458113,1,1892211370
PN1179,register_extract_2026-06-15,1179,1179,V3,في 3,شركة نخيل (ش.م.خ),nakheel,Al Thanyah Fifth,Jumeirah Lakes Towers,FINISHED,331,1,1,328,331,995,31,3930924,1,1489710985
PN1650,register_extract_2026-06-15,1650,21230947,BV RESIDENCES,بي في ريزيدنسس,مراس باي أند ريزيدنس ش.ذ.م.م,meraas,Island 2,Jumeira Bay,FINISHED,181,6,6,0,194,457,32,3020488,1,
PN3777,register_extract_2026-06-15,3777,760599228,Downtown Residences,داون تاون ريزيدنسيس,الخليج التجاري (ش.ذ.م.م),الخليج-التجاري,Business Bay,,NOT_STARTED,524,1,1,0,524,395,375,3466891,1,90307665
PN421,register_extract_2026-06-15,421,421,THE COSMOPOLITAN,الكوزموبوليتان,الخليج التجاري (ش.ذ.م.م),الخليج-التجاري,Business Bay,Business Bay,FINISHED,368,1,1,355,368,1132,39,3460498,1,967402333
PN431,register_extract_2026-06-15,431,431,OCEAN HEIGHTS,المحيط هايتس,اعمار العقارية (ش . م. ع),emaar,Marsa Dubai,Dubai Marina,FINISHED,585,1,1,584,585,2157,49,3920188,1,1656650572
PN1597,register_extract_2026-06-15,1597,14849620,THE DUBAI CREEK RESIDENCES,دبي كريك ريزيدنس,ذي لاجونز المرحلة الاولى ش.ذ.م.م,ذي-لاجونز-المرحله-الاولي,Al Khairan First,Dubai Creek Harbour,FINISHED,924,8,8,872,924,1934,156,4158713;4158714;4158715;4159930,4,1512269551
PN3257,register_extract_2026-06-15,3257,650693834,BURJ AZIZI,برج عزيزى,مجموعة ميدان (ش.ذ.م.م),meydan,Trade Center First,,ACTIVE,1072,1,1,0,1072,10,2,3350151,1,
PN2146,register_extract_2026-06-15,2146,244992685,Asayel at Madinat Jumeirah Living,أصايل - مدينة جميرا ليفينج,جميرا هيلز ديفيلوبمنت ش.ذ.م.م,جميرا-هيلز-ديفيلوبمنت,Um Suqaim Third,,FINISHED,307,3,3,0,336,588,37,3660509,1,
PN2643,register_extract_2026-06-15,2643,499385381,Trillionaire Residences by Binghatti,ترليونير ريزيدنسز من بن غاطي,الخليج التجاري (ش.ذ.م.م),الخليج-التجاري,Business Bay,Business Bay,FINISHED,369,1,1,0,369,437,54,3460734,1,916556418
PN614,register_extract_2026-06-15,614,614,LATIFA TOWER,لطيفة تاور,دبي للعقارات (ش.ذ.م.م),dubai-properties,Trade Center First,,FINISHED,554,1,1,248,554,436,23,3350147,1,
PN3666,register_extract_2026-06-15,3666,741273378,DAMAC RIVERSIDE VIEWS - INDIGO 2,داماك ريفرسايد فيوز - إنديجو 2,داماك ميري للاستثمار ش.ذ.م.م,damac,Dubai Investment Park Second,,NOT_STARTED,388,3,3,0,388,345,58,5976673,1,1780021973;1827065326;391996684
PN1750,register_extract_2026-06-15,1750,29570674,MARQUISE SQUARE TOWER,ماركيز سكوير تاور,الخليج التجاري (ش.ذ.م.م),الخليج-التجاري,Business Bay,Business Bay,FINISHED,428,1,1,416,428,833,55,3460520,1,1018725826
PN2547,register_extract_2026-06-15,2547,471844625,Bugatti Residences by Binghatti,بوغاتي ريزيدنسز من بن غاطي,الخليج التجاري (ش.ذ.م.م),الخليج-التجاري,Business Bay,Business Bay,ACTIVE,189,1,1,0,189,116,37,3466814,1,665874445
PN328,register_extract_2026-06-15,328,328,ELITE SPORTS RESIDENCE,إيليتت سبورت ريزيدنس,مدينة دبي الرياضية (ش. ذ. م. م),مدينه-دبي-الرياضيه,Al Hebiah Fourth,Dubai Sports City,FINISHED,248,1,1,248,248,750,24,6820153,1,
PN3272,register_extract_2026-06-15,3272,653751255,PARKWAY BY PRESTIGE ONE,باركواي باي برستيج ون,مجموعة ميدان (ش.ذ.م.م),meydan,Bukadra,,NOT_STARTED,274,1,1,0,274,263,98,6117242,1,
PN1715,register_extract_2026-06-15,1715,27606027,VINCITORE PALACIO,فينسيتور بالاسيو,ليوان(ش.ذ.م.م.),ليوان,Arjan,Arjan,FINISHED,179,1,1,175,179,331,25,6731327,1,921671026
PN3279,register_extract_2026-06-15,3279,654872659,The Cube Quarter Residences,ذا كيوب كوارتر ريزيدنسز,مجموعة ميدان (ش.ذ.م.م),meydan,Wadi Al Safa 3,Mohammed Bin Rashid AL Maktoum District 11,ACTIVE,54,1,1,0,54,53,1,6453227,1,587768032
PN1323,register_extract_2026-06-15,1323,4663558,LIVING LEGENDS PHASE 4,الأساطير الحية المرحلة 4,دبي لاند (ش.ذ.م.م),دبي-لاند,Wadi Al Safa 3,Living Legends,ACTIVE,554,3,3,327,554,129,66,6457564;6457565;6457566,3,
PN408,register_extract_2026-06-15,408,408,NEW DUBAI GATE2,نيو دبي جيت 2,شركة نخيل (ش.م.خ),nakheel,Al Thanyah Fifth,Jumeirah Islands,FINISHED,453,1,1,446,453,975,67,3930968,1,1154438980
PN3396,register_extract_2026-06-15,3396,682402907,Peninsula Dubai Residences - Tower 1,بنينسولا دبي رزيدنسز - برج 1,دبي بينينسولا ش.ذ.م.م,دبي-بينينسولا,Jumeirah Second,,NOT_STARTED,75,1,1,0,75,62,19,3420970,1,
PN948,register_extract_2026-06-15,948,948,MARINA ARCADE,مارينا أركيد,اعمار العقارية (ش . م. ع),emaar,Marsa Dubai,Dubai Marina,FINISHED,293,1,1,0,293,544,36,3920489,1,734916059
PN2147,register_extract_2026-06-15,2147,245193087,Central Park at City Walk -Building 1,سنترال بارك في سيتي ووك - مبنى 1,مراس العقارية (ش.ذ.م.م),meraas,Al Wasl,City Walk,FINISHED,184,1,1,0,198,348,27,3439519,1,1502755102
PN3512,register_extract_2026-06-15,3512,710324711,BELGRAVIA GARDENS,بلغرافيا جاردنز,إلينجتون كارما للتطوير ذ.م.م,ellington,Wadi Al Safa 2,Falcon City,NOT_STARTED,743,4,4,0,743,710,241,6439974,1,
PN2679,register_extract_2026-06-15,2679,508593138,CASA CANAL,كازا قنال,مراس العقارية (ش.ذ.م.م),meraas,Al Wasl,Dubai Water Canal,ACTIVE,68,1,1,0,68,60,9,3435308,1,1310895231
PN945,register_extract_2026-06-15,945,945,THE ROYAL ESTATES PLOT.2,ذا رويال استيت أرض 2,شركة تطوير مجمع دبي للاستثمار (ذ. م. م),تطوير-مجمع-دبي-للاستثمار,Dubai Investment Park First,Dubai Investment Park First,CONDITIONAL_ACTIVATING,504,6,238,494,504,11,0,5981421,1,1107106299;1473262301;198605930;275009609;440642278;598285774
PN1667,register_extract_2026-06-15,1667,24060181,GREEN COMMUNITY  WEST-  EXTENSION- PHASE III,المجتمع الأخضر الغرب - التوسع - المرحلة الثالثة,شركة تطوير مجمع دبي للاستثمار (ذ. م. م),تطوير-مجمع-دبي-للاستثمار,Dubai Investment Park First,Dubai Investment Park First,FINISHED,19,2,212,16,19,516,0,5981010,1,1292772456
PN498,register_extract_2026-06-15,498,498,DETROIT HOUSE,ديترويت هاوس,الاتحاد العقارية (شركة مساهمة عامة),union-properties,Al Hebiah First,Motor City,FINISHED,159,1,1,0,159,431,6,6740209,1,419313660
PN399,register_extract_2026-06-15,399,399,THE WIND TOWER II,وند تاور II,مركز دبي للسلع المتعددة,مركز-دبي-للسلع-المتعدده,Al Thanyah Fifth,Jumeirah Islands,ACTIVE,411,1,1,199,411,452,12,3930965,1,1762001862
PN2113,register_extract_2026-06-15,2113,211475489,Rove City Walk,روف سيتي ووك,روف للضيافة ش.ذ.م.م,روف-للضيافه,Al Wasl,,FINISHED,517,1,1,0,517,601,18,3435343,1,1419886194
PN2037,register_extract_2026-06-15,2037,165943817,Azizi Gardens,عزيزي غاردنز,مجموعة ميدان (ش.ذ.م.م),meydan,Nad Al Shiba First,Meydan Racecourse Community,FINISHED,82,1,1,0,82,148,13,6189032,1,
PN2470,register_extract_2026-06-15,2470,443449969,Verdana Residence,فيردانا ريزيدنس,شركة تطوير مجمع دبي للاستثمار (ذ. م. م),تطوير-مجمع-دبي-للاستثمار,Dubai Investment Park First,Dubai Investment Park First,ACTIVE,224,1,1,0,224,211,40,5980351,1,
PN2294,register_extract_2026-06-15,2294,376764120,Azizi Riviera 46,عزيزي ريفييرا 46,مجموعة ميدان (ش.ذ.م.م),meydan,Al Merkadh,Meydan One Community,FINISHED,418,1,1,0,422,589,53,3475042,1,2101560423
PN3116,register_extract_2026-06-15,3116,619194945,DAMAC LAGOONS - LAGOON VIEWS 9,داماك لاجونز - لاجون فيوز 9,واحة الجزيرة العقارية (ش.ذ.م.م),واحه-الجزيره-العقاريه,Al Hebiah Fifth,,ACTIVE,108,2,2,0,108,109,1,68311620,1,1962591487;554435437
PN2741,register_extract_2026-06-15,2741,527545135,Parkside Hills,باركسايد هيلز,دبي هيلز استيت ش.ذ.م.م,dubai-hills-estate,Hadaeq Sheikh Mohammed Bin Rashid,Dubai Hills Estate,ACTIVE,370,1,1,0,370,406,32,6312351,1,398292743
PN1692,register_extract_2026-06-15,1692,26522245,MAY RESIDENCE,ماي ريزيدنس,قرية جميرا (ش.ذ.م.م),قريه-جميرا,Al Barsha South Fourth,,FINISHED,339,5,5,332,339,600,50,6816227,1,1436976249
PN2099,register_extract_2026-06-15,2099,195314591,BELLA ROSE,بيلا روز,تيكوم للإستثمارات منطقة حرة- ذ.م.م,تيكوم-للاستثمارات,Al Barshaa South Second,Dubai Science Park,FINISHED,490,1,1,0,494,842,87,6727805,1,453961868
PN2779,register_extract_2026-06-15,2779,537374156,DAMAC HILLS - GOLF GREENS 1,داماك هيلز - جولف جرينز 1,داماك كريسنت للعقارات (ش.ذ.م.م),damac,Al Hebiah Third,DAMAC HILLS,ACTIVE,479,3,3,0,479,491,44,6764945,1,
PN640,register_extract_2026-06-15,640,640,IT PLAZA,,سلطة دبي للمناطق الإقتصادية المتكاملة,سلطه-دبي-للمناطق-الاقتصاديه-المتكامله,Nadd Hessa,Silicon Oasis,FINISHED,296,1,1,0,296,638,26,6262568,1,648262261
PN3798,register_extract_2026-06-15,3798,766411263,JAD 288,جاد 288,مراس العقارية (ش.ذ.م.م),meraas,Al Satwa,Jumeirah Garden City,PENDING,222,3,3,0,222,65,59,3342943;3342945;3342947,3,
PN2941,register_extract_2026-06-15,2941,581613637,Oria,اوريا,دبي كريك هاربور ش.ذ.م.م,دبي-كريك-هاربور,Al Khairan First,Dubai Creek Harbour,ACTIVE,163,1,1,0,163,178,11,4150249,1,927597101
PN2719,register_extract_2026-06-15,2719,519872094,Bay Residences Dubai Islands,باي ريزيدنسز جزر دبي,شركة نخيل (ش.م.خ),nakheel,Palm Deira,Palm Deira,ACTIVE,292,5,15,0,292,330,10,1010156;1010265;1010635;1010636;1010638;1010639;1010640;1010641;1010642;1010643;1010644,11,1849048884;2101780359;307136614;360105232;447312720
PN2773,register_extract_2026-06-15,2773,536546437,Beverly Residence 2,2 بيفيرلي رسيدانس,قرية جميرا (ش.ذ.م.م),قريه-جميرا,Al Barsha South Fourth,Jumeirah Village Circle,ACTIVE,108,1,1,0,108,121,20,6817421,1,
PN3293,register_extract_2026-06-15,3293,659056644,"Bay Grove Residences, Dubai Islands","باي غروف ريزيدنسز , جزر دبي",شركة نخيل (ش.م.خ),nakheel,Palm Deira,Palm Deira,NOT_STARTED,296,4,4,0,296,309,11,1011256,1,1374826147;1616435911;494174625;540722965
PN1881,register_extract_2026-06-15,1881,77746512,Oxford Residence,اوكسفورد رسيدانس,شركة نخيل (ش.م.خ),nakheel,Al Barsha South Fourth,Jumeirah Village Circle,FINISHED,103,1,1,103,103,245,9,6817117,1,
PN3642,register_extract_2026-06-15,3642,738114663,SOL LEVANTE,سول ليفانتي,قرية جميرا (ش.ذ.م.م),قريه-جميرا,Al Barsha South Fifth,Jumeirah Village Triangle,NOT_STARTED,674,1,1,0,674,393,335,6848865,1,300537324
PN3537,register_extract_2026-06-15,3537,713776133,TULIP OASIS 10,توليب أويسس 10,ليوان(ش.ذ.م.م.),ليوان,Wadi Al Safa 3,Majan,ACTIVE,130,1,1,0,130,142,98,6457871,1,
PN1839,register_extract_2026-06-15,1839,44122495,DAMAC HILLS (2) - AVENCIA,داماك هيلز ( 2 ) - أفينسيا,شركة الخط الامامي لادارة الاستثمار ش.ذ.م.م,الخط-الامامي-لاداره-الاستثمار,Madinat Hind 4,DAMAC HILLS 2,FINISHED,230,18,18,168,230,109,7,91410834;91412295;91412296;91413763;91418317;91419784;91419785;91421248,8,1044439385;1188478483;1196376091;1516599748;1725229909;1757038182;2086992830;862073812
PN3789,register_extract_2026-06-15,3789,764625099,Capital One,,قرية جميرا (ش.ذ.م.م),قريه-جميرا,Al Barsha South Fourth,Jumeirah Village Circle,NOT_STARTED,128,1,1,0,128,122,86,6816367,1,
PN2866,register_extract_2026-06-15,2866,563055913,Cavendish Square,كافنديش سكوير,شركة نخيل (ش.م.خ),nakheel,Al Barsha South Fifth,Jumeirah Village Triangle,ACTIVE,141,1,1,0,141,144,12,6843531,1,1909824247
PN3658,register_extract_2026-06-15,3658,740654124,Myra Residences,مايرا راسيدينزيس,مؤسسه مدينه دبى للطيران,موسسه-مدينه-دبي-للطيران,Madinat Al Mataar,Dubai South Residential District,NOT_STARTED,64,1,1,0,64,15,14,5213120,1,1042936886
PN2179,register_extract_2026-06-15,2179,276430615,ARIA,آريا,قرية جميرا (ش.ذ.م.م),قريه-جميرا,Al Barsha South Fourth,Jumeirah Village Circle,FINISHED,125,1,1,0,125,250,11,6817212,1,2079696124
PN2207,register_extract_2026-06-15,2207,298524710,BEACH ISLE,بيتش آيل,إعمار للتطوير (مساهمة عامة),emaar,Marsa Dubai,Dubai Harbour,FINISHED,397,2,2,0,397,892,41,3927071,1,974095129
PN3807,register_extract_2026-06-15,3807,768936214,Forum 2,فورم 2,دبي للعقارات (ش.ذ.م.م),dubai-properties,Wadi Al Safa 3,Majan,PENDING,77,1,1,0,77,4,1,6456042,1,540256370
PN2345,register_extract_2026-06-15,2345,392042921,Samana Waves,سمانا ويفز,قرية جميرا (ش.ذ.م.م),قريه-جميرا,Al Barsha South Fourth,Jumeirah Village Circle,ACTIVE,197,1,1,0,197,224,27,6817095,1,1542917311
PN2865,register_extract_2026-06-15,2865,562691767,ICONIC,ايكونك,دى اتش ايه ام منطقه حره - ذ.م.م,دي-اتش-ايه-ام,Al Safouh Second,Site A,ACTIVE,319,1,1,0,319,191,50,3820774,1,
PN2883,register_extract_2026-06-15,2883,568062237,California 2 by SD,SD كاليفورنيا 2 بواسطة,شركة نخيل (ش.م.خ),nakheel,Jabal Ali First,Discovery Gardens,ACTIVE,155,1,1,0,155,158,3,59110350,1,901901801
PN3804,register_extract_2026-06-15,3804,768146995,DO Residences,دو رسزيدينس,شركة نخيل (ش.م.خ),nakheel,Palm Deira,Palm Deira,NOT_STARTED,120,1,1,0,120,26,20,1010624,1,135267044
PN2605,register_extract_2026-06-15,2605,488502589,AG 7EVEN,ايه جي 7سيفين,دبي لاند ريزيدنسز (ش.ذ.م.م),دبي-لاند-ريزيدنسز,Wadi Al Safa 5,Dubai Land Residence Complex,ACTIVE,234,1,1,0,234,266,18,6488737,1,1162920153
PN3239,register_extract_2026-06-15,3239,648129039,AZIZI VENICE 11,عزيزى فينيس 11,مؤسسه مدينه دبى للطيران,موسسه-مدينه-دبي-للطيران,Madinat Al Mataar,Dubai World Central,NOT_STARTED,1094,1,1,0,1094,611,435,5211356,1,
PN2768,register_extract_2026-06-15,2768,535447376,A 99,أيه 99,دبي لاند ريزيدنسز (ش.ذ.م.م),دبي-لاند-ريزيدنسز,Wadi Al Safa 5,Dubai Land Residence Complex,ACTIVE,90,1,1,0,90,93,8,6488699,1,782733233
PN2624,register_extract_2026-06-15,2624,86288671,AZIZI AMBER,عزيزي عنبر,الفرجان ( ش.ذ.م.م ),الفرجان,Jabal Ali First,Al Furjan,FINISHED,115,1,1,0,115,146,25,5911842,1,86939642
PN4116,register_extract_2026-06-15,4116,818262481,ELTIERA VIEWS,إلتييرا فيوز,شركة نخيل (ش.م.خ),nakheel,Al Thanyah Fifth,Jumeirah Islands,PENDING,1185,0,5,0,1185,619,618,3934256,1,1250630825;1344169128;1367495615;173227777;604269035
PN4002,register_extract_2026-06-15,4002,793599334,Baystar by VIDA,باي ستار من فيدا,ميناء راشد العقارية ش.ذ.م.م,ميناء-راشد-العقاريه,Madinat Dubai Almelaheyah,Mina Rashid,NOT_STARTED,328,3,3,0,328,283,159,3210491,1,1503467731;2030743548;660010648
PN3524,register_extract_2026-06-15,3524,711160296,CAPRIA EAST,كابريا ايست,ماجد الفطيم لتشغيل مشاريع المدن المتكاملة الاماراتية ش.ذ.م.م,ماجد-الفطيم-لتشغيل-مشاريع-المدن-المتكامله-الاماراتيه,Wadi Al Safa 4,,NOT_STARTED,553,9,9,0,553,554,183,6460133,1,1277206325;1616948160;2125059124;359120379;454359113;505973930;766382362;837463055;903975916
PN13,register_extract_2026-06-15,13,13,LA VISITA 02,لافيستا 02,سلطة دبي للمناطق الإقتصادية المتكاملة,سلطه-دبي-للمناطق-الاقتصاديه-المتكامله,Nadd Hessa,Silicon Oasis,FINISHED,128,1,1,128,128,314,17,6262576,1,256003069
PN3650,register_extract_2026-06-15,3650,739735993,The Mural,ذا ميورال,مدينة دبي الملاحية م م ح,مدينه-دبي-الملاحيه,Madinat Dubai Almelaheyah,Dubai Maritime City,NOT_STARTED,268,1,1,0,268,268,18,3210481,1,679058455
PN4086,register_extract_2026-06-15,4086,813538879,LATERAL ONE,ون ريزدنسز اكس جراند سيجنجر,دبي لاند ريزيدنسز (ش.ذ.م.م),دبي-لاند-ريزيدنسز,Wadi Al Safa 5,Dubai Land Residence Complex,PENDING,40,0,1,0,40,11,8,6489155,1,537250757
PN2324,register_extract_2026-06-15,2324,386669161,Viridian,فيريديان,مراس العقارية (ش.ذ.م.م),meraas,Al Wasl,City Walk,FINISHED,130,1,1,0,130,206,28,3431197,1,1538047262
PN438,register_extract_2026-06-15,438,438,LAKE TERRACE,ليك تراس,مركز دبي للسلع المتعددة,مركز-دبي-للسلع-المتعدده,Al Thanyah Fifth,Jumeirah Lakes Towers,FINISHED,573,1,1,544,573,1657,48,3930956,1,866626556
PN2426,register_extract_2026-06-15,2426,426351107,CELIA RESIDENCE,سيليا رزيدانس,تيكوم للإستثمارات منطقة حرة- ذ.م.م,تيكوم-للاستثمارات,Al Hebiah Second,Dubai Studio City,FINISHED,111,1,1,0,111,179,9,6757643,1,646500875
PN3149,register_extract_2026-06-15,3149,626809181,Ocean Tower,أوشن تاور,شركة نخيل (ش.م.خ),nakheel,Palm Deira,Palm Deira,ACTIVE,165,1,1,0,165,23,11,1010447,1,873079136
PN3122,register_extract_2026-06-15,3122,619971121,DAMAC HILLS (2) - ELO 2 & ELO 3,داماك هيلز (2) - ايلو 2 و ايلو 3,شركة الخط الامامي لادارة الاستثمار ش.ذ.م.م,الخط-الامامي-لاداره-الاستثمار,Madinat Hind 4,DAMAC HILLS 2,NOT_STARTED,1145,3,3,0,1145,1093,35,91421225,1,1810099347;213987522;783228239
PN3543,register_extract_2026-06-15,3543,715917954,VERDANIA 1,فيردانيا 1,دبي لاند ريزيدنسز (ش.ذ.م.م),دبي-لاند-ريزيدنسز,Wadi Al Safa 5,Dubai Land Residence Complex,ACTIVE,208,1,1,0,208,172,98,6488742,1,
PN3750,register_extract_2026-06-15,3750,757383347,Atelis at d3,أتيليس في حي دبي للتصميم,دى اتش ايه ام منطقه حره - ذ.م.م,دي-اتش-ايه-ام,Zaabeel Second,Business Park,NOT_STARTED,280,1,1,0,280,280,57,3370861,1,
PN3784,register_extract_2026-06-15,3784,763646166,WYNWOOD RESIDENCES BY IMTIAZ,وينوود ريزيدنسز من امتياز,شركة نخيل (ش.م.خ),nakheel,Palm Deira,Palm Deira,NOT_STARTED,146,1,1,0,146,141,105,1010448,1,1420379890
PN2430,register_extract_2026-06-15,2430,426965768,Beachgate by Address,بيتش جيت من العنوان,إعمار للتطوير (مساهمة عامة),emaar,Marsa Dubai,Dubai Harbour,ACTIVE,252,1,1,0,252,321,18,3920727,1,
PN4078,register_extract_2026-06-15,4078,812049088,AZRA RESIDENCE,عزرا رزيدنس,دبي لاند ريزيدنسز (ش.ذ.م.م),دبي-لاند-ريزيدنسز,Wadi Al Safa 5,Dubai Land Residence Complex,PENDING,126,1,1,0,126,15,15,6488673,1,
PN3049,register_extract_2026-06-15,3049,606164287,Lana on the Park,لانا أون ذا بارك,نشاما للعقارات لمالكها نشمي ديفلوبمنت شركة الشخص الواحد ش.ذ.م.م,nshama,Al Yelayiss 2,TOWN SQUARE,ACTIVE,196,1,1,0,196,207,19,92225795,1,1611237153
PN3021,register_extract_2026-06-15,3021,600761227,Riwa,رِوى,جميرا هيلز ديفيلوبمنت ش.ذ.م.م,جميرا-هيلز-ديفيلوبمنت,Um Suqaim Third,,NOT_STARTED,244,3,3,0,244,248,4,3660846,1,
PN777,register_extract_2026-06-15,777,777,SILICON GATE 3,بوابة السيليكون 3,سلطة دبي للمناطق الإقتصادية المتكاملة,سلطه-دبي-للمناطق-الاقتصاديه-المتكامله,Nadd Hessa,Silicon Oasis,FINISHED,124,1,1,122,124,355,23,6262555,1,
PN3045,register_extract_2026-06-15,3045,605587948,PARK BOULEVARD BY METEORA,بارك بوليفارد باى ميتيورا,قرية جميرا (ش.ذ.م.م),قريه-جميرا,Al Barsha South Fourth,Jumeirah Village Circle,ACTIVE,143,1,1,0,143,82,20,6817742,1,45807297
PN1574,register_extract_2026-06-15,1574,14219160,AZIZI. TULIP,عزيزي. توليب,الفرجان ( ش.ذ.م.م ),الفرجان,Jabal Ali First,Al Furjan,FINISHED,97,1,1,97,97,266,12,5912997,1,792895716
PN3770,register_extract_2026-06-15,3770,759702738,Royal Yacht Club Residence,رويال ياتش كلوب ريزيدنس,شركة نخيل (ش.م.خ),nakheel,Palm Deira,Palm Deira,PENDING,147,0,2,0,147,5,4,1010226,1,1020218056;2074465065
PN1933,register_extract_2026-06-15,1933,103653321,BINGHATTI STARS,بن غاطي ستارز,سلطة دبي للمناطق الإقتصادية المتكاملة,سلطه-دبي-للمناطق-الاقتصاديه-المتكامله,Nadd Hessa,Silicon Oasis,FINISHED,362,1,1,358,362,785,62,6261982,1,1478092637
PN2478,register_extract_2026-06-15,2478,445926497,Binghatti Corner,بن غاطي كورنر,قرية جميرا (ش.ذ.م.م),قريه-جميرا,Al Barsha South Fourth,Jumeirah Village Circle,FINISHED,727,1,1,0,727,1311,99,6816244,1,119930474
PN2988,register_extract_2026-06-15,2988,593468556,SYMBOLIC AURA,سيمبوليك اورا,الفرجان ( ش.ذ.م.م ),الفرجان,Jabal Ali First,Al Furjan,ACTIVE,78,1,1,0,78,79,2,5912309,1,45356133
PN3132,register_extract_2026-06-15,3132,623759429,Milos By Karma,ميلوس من كارما,دبي لاند ريزيدنسز (ش.ذ.م.م),دبي-لاند-ريزيدنسز,Wadi Al Safa 5,Dubai Land Residence Complex,NOT_STARTED,195,1,1,0,195,180,19,6488632,1,48962648
PN2661,register_extract_2026-06-15,2661,503501899,Vista by Prestige One,فيستا برستيج وان,مدينة دبي الرياضية (ش. ذ. م. م),مدينه-دبي-الرياضيه,Al Hebiah Fourth,Dubai Sports City,ACTIVE,140,1,1,0,140,246,95,6820156,1,867103145
PN493,register_extract_2026-06-15,493,493,LYNX,لينكس,سلطة دبي للمناطق الإقتصادية المتكاملة,سلطه-دبي-للمناطق-الاقتصاديه-المتكامله,Nadd Hessa,Silicon Oasis,FINISHED,237,2,2,144,237,499,32,6261976,1,1127666638
PN3443,register_extract_2026-06-15,3443,690758055,Luminar Tower 3,لومينار تاور ثري,شركة نخيل (ش.م.خ),nakheel,Al Barsha South Fifth,Jumeirah Village Triangle,ACTIVE,188,1,1,0,188,157,37,6843464,1,779005761
PN3621,register_extract_2026-06-15,3621,733800078,Cubital Heights 2,كوبيتال هايتس 2,شركة نخيل (ش.م.خ),nakheel,Jabal Ali First,Al Furjan,PENDING,83,1,1,0,83,0,0,5912285,1,
PN835,register_extract_2026-06-15,835,835,SILVER STALLIONS,الفحول الفضية,قرية جميرا (ش.ذ.م.م),قريه-جميرا,Al Barsha South Fifth,Jumeirah Village Triangle,ACTIVE,495,2,2,495,495,10,0,6848861,1,1958485757
PN2703,register_extract_2026-06-15,2703,513764415,Oxford Gardens,أوكسفورد غا ردنز,ليوان(ش.ذ.م.م.),ليوان,Arjan,Arjan,FINISHED,240,1,1,0,240,438,124,6731123,1,705986187
PN2116,register_extract_2026-06-15,2116,216791544,Madinat Jumeriah Living - Phase 2,مدينة جميرا ليفينج - المرحله 2,جميرا هيلز ديفيلوبمنت ش.ذ.م.م,جميرا-هيلز-ديفيلوبمنت,Um Suqaim Third,,FINISHED,364,3,3,0,380,705,30,3660399,1,
PN2562,register_extract_2026-06-15,2562,476011932,Palace Residences - North,بالاس ريزيدنسز - نورث,ذي لاجونز المرحلة الاولى ش.ذ.م.م,ذي-لاجونز-المرحله-الاولي,Al Khairan First,Dubai Creek Harbour,FINISHED,340,1,1,0,340,513,113,4154946,1,
PN3299,register_extract_2026-06-15,3299,659954265,Cresswell Homes,كريسويل هومس,مؤسسه مدينه دبى للطيران,موسسه-مدينه-دبي-للطيران,Madinat Al Mataar,Dubai South Residential District,PENDING,70,1,1,0,70,0,0,5213471,1,
PN808,register_extract_2026-06-15,808,808,OASIS STAR,نجم الواحة,سلطة دبي للمناطق الإقتصادية المتكاملة,سلطه-دبي-للمناطق-الاقتصاديه-المتكامله,Nadd Hessa,Silicon Oasis,FINISHED,96,1,1,96,96,157,3,6262272,1,937613803
PN2635,register_extract_2026-06-15,2635,87619370,RA1N Residence,رأ1 ن  سكن,قرية جميرا (ش.ذ.م.م),قريه-جميرا,Al Barsha South Fourth,Jumeirah Village Circle,ACTIVE,146,1,1,0,146,187,43,6816731,1,
PN3291,register_extract_2026-06-15,3291,658452822,PARK LANE 2 BY HEILBRONN,بارك لين 2 باي هيلبرون,شركة نخيل (ش.م.خ),nakheel,Al Barsha South Fourth,Jumeirah Village Circle,ACTIVE,83,1,1,0,83,187,171,6816375,1,1360030257
PN3102,register_extract_2026-06-15,3102,616120804,Lincoln Star Residence,لينكولن ستار ريزيدنس,مؤسسه مدينه دبى للطيران,موسسه-مدينه-دبي-للطيران,Madinat Al Mataar,Dubai South Residential District,ACTIVE,48,1,1,0,48,38,32,5213623,1,73768009
PN3683,register_extract_2026-06-15,3683,743583386,Dreamlife Residences,دريم لايف ريزيدنسيز,شركة نخيل (ش.م.خ),nakheel,Palm Deira,Palm Deira,NOT_STARTED,103,1,1,0,103,45,39,1010432,1,1042251377
PN4119,register_extract_2026-06-15,4119,818422445,Golf Hills 2,جولف هيلز 2,إعمار دبي الجنوب دي دبليو سي ش.ذ.م.م,emaar,Madinat Al Mataar,Dubai World Central,PENDING,204,0,1,0,204,161,161,5211664,1,1097618906
PN2060,register_extract_2026-06-15,2060,174595204,ALandalus Building D,الأندلس بنايه دي,عقارات جميرا جولف ش.ذ.م.م,عقارات-جميرا-جولف,Me'Aisem First,Jumeirah Golf Estates,FINISHED,136,1,1,0,190,321,33,6850622,1,310918382
PN3228,register_extract_2026-06-15,3228,646161209,Address Residences l Dubai Hills Estate,دبي هيلز استيت l العنوان رزيدنسز,دبي هيلز استيت ش.ذ.م.م,dubai-hills-estate,Hadaeq Sheikh Mohammed Bin Rashid,Dubai Hills Estate,ACTIVE,582,3,3,0,582,632,34,63111874,1,
PN2175,register_extract_2026-06-15,2175,268768457,Wavez Residence,ويفز رزيدنس,ليوان(ش.ذ.م.م.),ليوان,Wadi Al Safa 2,Liwan1,FINISHED,434,1,1,0,434,641,62,6432613,1,
PN2587,register_extract_2026-06-15,2587,483364891,SAMANA MYKONOS SIGNATURE,سامانا ميكونوس سيجنيتشر,ليوان(ش.ذ.م.م.),ليوان,Arjan,Arjan,ACTIVE,300,1,1,0,300,328,20,6731249,1,616537813
PN3242,register_extract_2026-06-15,3242,648386497,EQUITI GARDEN,ايكويتي جاردن,الفرجان ( ش.ذ.م.م ),الفرجان,Jabal Ali First,Al Furjan,ACTIVE,133,1,1,0,133,121,31,5911825,1,
PN2691,register_extract_2026-06-15,2691,510549918,OCEAN HOUSE,أوشن هاوس,شركة النخلة - جميرا (ش.ذ.م.م),nakheel,Palm Jumeirah,Palm Jumeirah,ACTIVE,95,1,1,0,95,103,10,3814754,1,1620398867
PN3238,register_extract_2026-06-15,3238,647995307,Ocean Pearl 2 By SD,أوشن برل 2 باي اس دي,شركة نخيل (ش.م.خ),nakheel,Palm Deira,Palm Deira,ACTIVE,96,2,2,0,96,80,10,1010492,1,319340382;357209321
PN2432,register_extract_2026-06-15,2432,427031335,Castleton,كاسلتون,مراس العقارية (ش.ذ.م.م),meraas,Al Wasl,City Walk,ACTIVE,214,1,1,0,214,339,33,3431198,1,2044688378
PN1874,register_extract_2026-06-15,1874,53824987,Mudon Views,مدن فيوز,دبي للعقارات (ش.ذ.م.م),dubai-properties,Al Hebiah Sixth,Mudon,FINISHED,181,1,1,181,191,379,43,6773511,1,
PN4027,register_extract_2026-06-15,4027,799656790,Lincoln Star Residence II,IIلينكولن ستار ريزيدنس,دبي الجنوب للعقارات دي دبليو سي ش.ذ.م.م,دبي-الجنوب-للعقارات-دي-دبليو-سي,Madinat Al Mataar,Dubai South Residential District,PENDING,56,0,1,0,56,3,1,5213657,1,1149275878
PN2657,register_extract_2026-06-15,2657,503015718,Thyme,ثايم,مراس العقارية (ش.ذ.م.م),meraas,Al Wasl,City Walk,ACTIVE,148,1,1,0,148,171,8,3431208,1,987584973
PN3312,register_extract_2026-06-15,3312,661560345,Berkshire Park,بيركشاير بارك,نشاما للعقارات لمالكها نشمي ديفلوبمنت شركة الشخص الواحد ش.ذ.م.م,nshama,Al Yelayiss 2,TOWN SQUARE,NOT_STARTED,149,1,1,0,149,134,20,92225784,1,1523171886
PN3252,register_extract_2026-06-15,3252,650079654,Zephyra Residences,زيفيرا رزيدنسز,شركة نخيل (ش.م.خ),nakheel,Palm Deira,Palm Deira,ACTIVE,102,1,1,0,102,60,21,1010434,1,604131546
PN4094,register_extract_2026-06-15,4094,815907445,42 East Residences,,شركة نخيل (ش.م.خ),nakheel,Palm Deira,Palm Deira,PENDING,42,1,1,0,42,1,0,1010330,1,1068037633
PN2793,register_extract_2026-06-15,2793,540563698,Sobha Estates,شوبا استيتس,شوبا ش.ذ.م.م,sobha,Bukadra,,ACTIVE,,0,111,0,0,116,18,6110506;6110507;6110508;6110509;6110510;6110511;6110512;6110513;6110514;6110515;6110521;6110522;6110523;6110524;6110525;6110526;6110527;6110528;6110529;6110530;6110535;6110536;6110537;6110538;6110539;6110540;6110541;6110542;6110543;6110547;6110548;6110549;6110550;6110551;6110553;6110554;6110555;6110556;6110656;6110657;6110658;6110663;6110664;6110739;6110761;6110762;6110763;6110764;6110765;6110766;6110767;6110771;6110782;6110783;6110784;6110785;6110786;6110788;6110789;6110790,112,
PN1045,register_extract_2026-06-15,1045,578533716,Emirates Living - Springs 8,روعة الإمارات ? الينابيع 8,اعمار العقارية (ش . م. ع),emaar,Al Thanayah Fourth,Springs - 3,FINISHED,,0,304,0,0,1373,62,3942438;3942440;3942442;3942444;3942446;3942448;3942450;3942452;3942457;3942460;3942465;3942471;3942476;3942479;3942485;3942492;3942499;3942504;3942510;3942517;3942522;3942525;3942530;3942534;3942538;3942545;3942551;3942556;3942559;3942564;3942570;3942572;3942579;3942585;3942590;3942594;3942707;3942709;3942711;3942713;3942715;3942719;3942721;3942723;3942725;3942727;3942729;3942731;3942733;3942735;3942739;3942740;3942743;3942745;3942746;3942756;3942760;3942764;3942768;3942771,85,
PN2269,register_extract_2026-06-15,2269,363754407,Mohammed Bin Rashid Al Maktoum City District One  B Extension Villas,مدينة محمد بن راشد آل مكتوم الحي الأول ب اكستنشن فلل,مجموعة ميدان (ش.ذ.م.م),meydan,Al Merkadh,Mohammed Bin Rashid AL Maktoum City -District -1 Community,FINISHED,,0,67,0,0,130,17,3470545;3470546;3470547;3470548;3470550;3470551;3470552;3470553;3470556;3470557;3470558;3470559;3470562;3470563;3470564;3470565;3470566;3470567;3470568;3470570;3470571;3470572;3470573;3470574;3470575;3470576;3470577;3470581;3470582;3470583;3470584;3470585;3470586;3470587;3470588;3470589;3470590;3470591;3470592;3470594;3470595;3470600;3470601;3470602;3470603;3470604;3470605;3470606;3470607;3470608;3470609;3470618;3470619;3470620;3470621;3470622;3470623;3470624;3470625;3470626,67,
PN1768,register_extract_2026-06-15,1768,31307314,Parkway Vistas,باركواي فيستاز,دبي هيلز استيت ش.ذ.م.م,dubai-hills-estate,Hadaeq Sheikh Mohammed Bin Rashid,DUBAI HILLS - PARKWAY VISTAS,FINISHED,,0,61,0,0,177,8,6316560;6316565;6316575;6316599;6316600;6316601;6316602;6316603;6316604;6316606;6316607;6316608;6316609;6316610;6316611;6316613;6316614;6316615;6316616;6316617;6316618;6316619;6316620;6316621;6316648;6316650;6316651;6316652;6316653;6316654;6316655;6316681;6316692;6316693;6316694;6316695;6316696;6316697;6316698;6316699;6316700;6316701;6316705;6316706;6316707;6316709;6316710;6316711;6316712;6316713;6316714;6316715;6316716;6316717;6316734;6316738;6316739;6316740;6316741;6316742,61,
PN1938,register_extract_2026-06-15,1938,106498095,DAMAC HILLS-PARK RESIDENCES 1,مساكن داماك هيلز بارك 1,داماك كريسنت للعقارات (ش.ذ.م.م),damac,Al Hebiah Third,DAMAC HILLS,FINISHED,,0,348,0,0,887,118,67610044;67610045;67610046;67610047;67610048;67610049;67610050;67610051;67610052;67610053;67610054;67610055;67610056;67610057;67610058;67610059;67610060;67610061;67610062;67610063;67610064;67610065;67610066;67610067;67610068;67610069;67610070;67610071;67610072;67610073;67610074;67610075;67610076;67610077;67610078;67610079;67610080;67610081;67610082;67610083;67610084;67610085;67610086;67610087;67610088;67610089;67610090;67610091;67610092;67610093;67610094;67610095;67610096;67610097;67610098;67610099;67610100;67610101;67610102;67610122,348,
PN1604,register_extract_2026-06-15,1604,15100562,AVENUE 353,أفنيو 353,شركة الياس ومصطفى كلداري للعقارات (ذ.م.م),الياس-ومصطفي-كلداري-للعقارات,Wadi Al Safa 4,City Of Arabia,CONDITIONAL_ACTIVATING,,0,79,0,0,136,3,6460108;6460111;6463599;6463602;6463603;6463604;6463605;6463606;6463607;6463608;6463609;6463610;6463611;6463612;6463613;6463614;6463615;6463616;6463617;6463618;6463619;6463620;6463621;6463622;6463623;6463624;6463625;6463626;6463627;6463628;6463630;6463631;6463632;6463633;6463634;6463635;6463636;6463637;6463638;6463639;6463640;6463641;6463642;6463643;6463644;6463645;6463646;6463647;6463648;6463649;6463650;6463651;6463652;6463653;6463654;6463655;6463656;6463657;6463658;6463659,272,
PN2694,register_extract_2026-06-15,2694,511318263,California Village,كاليفورنيا فيليج,دبي لاند (ش.ذ.م.م),دبي-لاند,Wadi Al Safa 4,,ACTIVE,,0,212,0,0,299,55,6464031;6464032;6464033;6464036;6464037;6464038;6464039;6464040;6464041;6464042;6464044;6464045;6464046;6464047;6464048;6464052;6464053;6464055;6464056;6464057;6464059;6464060;6464061;6464062;6464063;6464064;6464065;6464066;6464067;6464068;6464069;6464070;6464071;6464073;6464074;6464075;6464076;6464077;6464079;6464080;6464081;6464082;6464083;6464084;6464085;6464086;6464087;6464088;6464089;6464090;6464091;6464092;6464093;6464094;6464095;6464096;6464097;6464098;6464099;6464100,62,
PN3672,register_extract_2026-06-15,3672,741813358,South Park Residences 2 By Wellington,ساوث بارك ريزيدنسز 2 من شركة ويلينغتون,دى اتش ايه ام منطقه حره - ذ.م.م,دي-اتش-ايه-ام,Saih Shuaib 2,,NOT_STARTED,,0,15,0,0,15,11,5310145,1,
PN1792,register_extract_2026-06-15,1792,33437970,REEM-MIRA COMMUNITY PH 1,مجمع ريم ميرا بي أتش 1,الاريام المرحلة الاولى ش.ذ.م.م,الاريام-المرحله-الاولي,Al Yelayiss 1,,FINISHED,,0,330,0,0,1124,47,9211322;9211323;9211324;9211325;9211326;9211327;9211328;9211329;9211330;9211331;9211332;9211333;9211334;9211335;9211336;9211337;9211338;9211339;9211340;9211341;9211345;9211346;9211347;9211348;9211349;9211350;9211351;9211352;9211353;9211354;9211355;9211356;9211357;9211358;9211359;9211360;9211361;9211362;9211363;9211364;9211365;9211366;9211367;9211368;9211369;9211370;9211371;9211372;9211373;9211374;9211375;9211376;9211377;9211378;9211379;9211380;9211381;9211382;9211383;9211384,87,
PN1930,register_extract_2026-06-15,1930,103155221,DAMAC HILLS-PARK RESIDENCES 4,داماك هيلز - بارك ريزيدنس 4,داماك كريسنت للعقارات (ش.ذ.م.م),damac,Al Hebiah Third,DAMAC HILLS,FINISHED,,0,292,0,0,731,59,67610036;67610037;67610038;67610039;67610040;67610041;67610140;67610142;67610144;67610146;67610148;67610149;67610150;67610151;67610152;67610153;67610154;67610155;67610156;67610157;67610158;67610159;67610160;67610161;67610162;67610163;67610164;67610165;67610166;67610167;67610168;67610169;67610170;67610171;67610172;67610173;67610174;67610175;67610176;67610177;67610178;67610179;67610180;67610204;67610205;67610206;67610207;67610208;67610209;67610210;67610211;67610212;67610213;67610214;67610215;67610216;67610217;67610218;67610219;67610220,292,
PN2133,register_extract_2026-06-15,2133,233966882,Golf Grove,جولف جروف,دبي هيلز استيت ش.ذ.م.م,dubai-hills-estate,Hadaeq Sheikh Mohammed Bin Rashid,DUBAI HILLS - GOLF GROVE,FINISHED,,0,166,0,0,437,33,6310223;6310226;6310227;6310273;6310275;6310278;6310279;6310288;6310289;6310290;6310293;6310295;6310297;6310320;6310325;6310333;6310345;6310347;6310351;6310352;6310358;6310361;6310365;6310372;6310381;6310382;6310383;6310390;6310391;6310394;6310395;6310401;6310403;6310406;6311110;6311114;6311121;6311122;6311123;6311125;6311129;6311140;6311141;6311152;6311159;6311166;6311168;6311169;6311170;6311173;6311177;6311183;6311185;6311189;6311190;6311193;6311198;6311201;6311208;6311214,83,
PN1936,register_extract_2026-06-15,1936,105304712,NASEEM TOWNHOUSES,نسيم تاون هاوس,نشاما للعقارات لمالكها نشمي ديفلوبمنت شركة الشخص الواحد ش.ذ.م.م,nshama,Al Yelayiss 2,TOWN SQUARE,FINISHED,,0,322,0,0,893,50,9229024,1,
PN1484,register_extract_2026-06-15,1484,11612861,ARABIAN RANCHES - YASMIN COMMUNITY,أرابيان رانشز - ياسمين كوميونتي,اعمار العقارية (ش . م. ع),emaar,Wadi Al Safa 7,Arabian Ranches II - YASMIN,FINISHED,,0,98,0,0,290,10,6651502;6651503;6651504;6651505;6651506;6651507;6651508;6651509;6651510;6651511;6651512;6651513;6651514;6651515;6651516;6651517;6651518;6651519;6651520;6651521;6651522;6651523;6651524;6651525;6651526;6651527;6651528;6651529;6651530;6651531;6651532;6651533;6651534;6651535;6651536;6651537;6651538;6651539;6651540;6651541;6651542;6651543;6651544;6651545;6651546;6651547;6651548;6651549;6651550;6651551;6651552;6651553;6651554;6651555;6651556;6651557;6651558;6651559;6651560;6651561,98,
PN3491,register_extract_2026-06-15,3491,705223814,Knightsbridge Park 2,نايتس بريدج بارك 2,مجموعة ميدان (ش.ذ.م.م),meydan,Wadi Al Safa 3,Mohammed Bin Rashid AL Maktoum District 11,NOT_STARTED,,0,46,0,0,21,17,6454961,1,
PN171,register_extract_2026-06-15,171,171,ORANGE LAKE,أورانج ليك,عقارات جميرا جولف ش.ذ.م.م,عقارات-جميرا-جولف,Me'Aisem First,Jumeirah Golf Estates,FINISHED,,0,68,0,0,277,14,6850703;6850706;6850707;6850708;6850709;6850710;6850711;6850712;6850713;6850714;6850715;6850716;6850717;6850718;6850719;6850720;6850721;6850722;6850723;6850724;6850725;6850726;6850727;6850728;6850729;6850730;6854722;6854723;6854724;6854725;6854726;6854729;6854730;6854731;6854732;6854733;6854734;6854735;6854736;6854737;6854738;6854739;6854741;6854742;6854743;6854744;6854745;6854746;6854747;6854748;6854749;6854750;6854751;6854752;6854753;6854754;6854755;6854756;6854757;6854758,68,
PN3444,register_extract_2026-06-15,3444,691016466,THE WATERCREST BY ELLINGTON,ذا واتركريست من إلينغتون,مجموعة ميدان (ش.ذ.م.م),meydan,Wadi Al Safa 3,Mohammed Bin Rashid AL Maktoum District 11,NOT_STARTED,,0,84,0,0,81,29,6455750,1,
PN2730,register_extract_2026-06-15,2730,524376069,DAMAC HILLS (2) - VERONA,داماك هيلز (2) - فيرونا,شركة الخط الامامي لادارة الاستثمار ش.ذ.م.م,الخط-الامامي-لاداره-الاستثمار,Madinat Hind 4,DAMAC HILLS 2,ACTIVE,,0,384,0,0,488,104,9142437;9142439;9142443;9142449;9142452;9142453;9142460;9142461;9142462;9142467;9142468;9142473;9142474;9142475;9142481;9142483;9142486;9142489;9142492;9142497;9142506;9142510;9142511;9142516;9142517;9142529;9142531;9142532;9142537;9142541;9142542;9142547;9142550;9142554;9142556;9142572;9142573;9142578;9142581;9142589;9142596;9142597;9142602;9142604;9142607;9142608;9142609;9142610;9142616;9142623;9142624;9142628;9142629;9142633;9142634;9142638;9142642;9142646;9142647;9142651,384,
PN1452,register_extract_2026-06-15,1452,1452,SUNRISE BOULEVARD 10,صن رايز بوليفارد 10,رمرام ش.ذ.م.م,رمرام,Wadi Al Safa 2,Liwan1,FINISHED,,0,6,0,0,25,3,6437689,1,
PN2690,register_extract_2026-06-15,2690,510490630,DAMAC LAGOONS - MOROCCO 2,داماك لاجونز - موروكو 2,واحة الجزيرة العقارية (ش.ذ.م.م),واحه-الجزيره-العقاريه,Al Hebiah Fifth,DAMAC Lagoons,ACTIVE,,0,554,0,0,618,55,68310018;68310019;68310020;68310048;68310077;68310139;68310140;68310165;68310166;68310168;68310169;68310170;68310197;68310256;68310257;68310258;68310287;68310288;68310317;68310346;68310347;68310348;68310349;68310406;68310435;68310436;68310472;68310473;68310497;68310498;68310499;68310500;68310529;68310531;68310532;68310556;68310557;68310558;68310559;68310590;68310593;68310594;68310596;68310626;68310653;68310686;68310687;68310688;68310716;68310719;68310720;68310748;68310749;68310750;68310782;68310810;68310811;68310812;68310839;68310899,554,
PN2329,register_extract_2026-06-15,2329,389105291,DAMAC LAGOONS - COSTA BRAVA (1),داماك لاجونز - كوستا برافا 1,واحة الجزيرة العقارية (ش.ذ.م.م),واحه-الجزيره-العقاريه,Al Hebiah Fifth,DAMAC Lagoons,ACTIVE,,0,555,0,0,1073,303,68310004;68310032;68310037;68310056;68310084;68310091;68310107;68310114;68310115;68310116;68310117;68310150;68310208;68310209;68310231;68310241;68310243;68310301;68310303;68310304;68310331;68310351;68310357;68310383;68310392;68310397;68310398;68310418;68310419;68310420;68310443;68310449;68310450;68310481;68310488;68310514;68310520;68310539;68310544;68310565;68310576;68310604;68310608;68310638;68310639;68310640;68310663;68310664;68310701;68310702;68310732;68310739;68310758;68310789;68310803;68310817;68310818;68310824;68310829;68310853,555,
PN3438,register_extract_2026-06-15,3438,689345471,DAMAC ISLANDS - MALDIVES 3,داماك ايلاندز - مالديفز 3,شركة داماك ايليت للاستثمار ذ.م.م,damac,Al Yelayiss 1,,NOT_STARTED,,0,313,0,0,326,19,9212728;9212752;9212757;9212758;9212792;9212821;9212843;9212848;9212866;9212875;9212902;9212955;9212969;9212992;9213002;9213024;9213025;9213044;9213071;9213087;9213095;9213109;9213159;9213167;9213168;9213183;9213192;9213239;9213241;9213264;9213286;9213291;9213309;9213315;9213316;9213337;9213409;9213430;9213436;9213455;9213464;9213513;9213540;9213563;9213579;9213644;9213650;9213671;9213688;9213695;9213710;9213715;9213717;9213741;9213793;9213844;9213851;9213872;9213899;9213928,313,
PN3446,register_extract_2026-06-15,3446,692260146,Nad Al Sheba Gardens Phase 7,ند الشبا جاردنز المرحلة 7,شمال العقارية ش.ذ.م.م,شمال-العقاريه,Nad Al Shiba First,,NOT_STARTED,,0,272,0,0,269,16,6181380;6181391;6181397;6181402;6181430;6181436;6181443;6181455;6181478;6181498;6181521;6181525;6181531;6181534;6181546;6181553;6181555;6181560;6181568;6181583;6181585;6181607;6181608;6181628;6181644;6181665;6181673;6181684;6181691;6181695;6181699;6181702;6181709;6181716;6181740;6181741;6181756;6181778;6181779;6181839;6181840;6181844;6181852;6181857;6181862;6181867;6181880;6181883;6181902;6181917;6181926;6181936;6181937;6181955;6181959;6181966;6181969;6181992;6182011;6182018,157,
PN1679,register_extract_2026-06-15,1679,25178838,DAMAC HILLS (2) - MULBERRY,داماك هيلز ( 2 ) - مالبيري,شركة الخط الامامي لادارة الاستثمار ش.ذ.م.م,الخط-الامامي-لاداره-الاستثمار,Madinat Hind 4,DAMAC HILLS 2,FINISHED,,0,112,0,0,545,123,91410424;91410427;91410428;91410431;91410978;91410982;91411201;91411205;91411209;91411213;91411241;91411244;91411252;91411254;91411256;91411937;91411945;91412418;91412649;91412652;91412660;91412707;91412713;91413378;91413379;91414102;91414107;91414108;91414110;91414112;91414113;91414114;91414117;91414159;91414160;91414163;91414164;91414165;91414828;91414836;91414837;91414843;91414844;91415667;91415690;91415692;91415694;91415704;91415705;91416420;91416429;91416431;91416432;91416434;91416439;91416440;91416443;91416946;91417130;91417132,113,
PN2595,register_extract_2026-06-15,2595,484257662,Palm Jebel Ali - Frond L,L نخلة جبل علي - السعفة,شركة نخيل (ش.م.خ),nakheel,Palm Jabal Ali,Palm Jabal Ali,ACTIVE,,0,140,0,0,156,13,5010487;5010488;5010489;5010490;5010491;5010492;5010493;5010494;5010495;5010496;5010497;5010498;5010499;5010500;5010501;5010502;5010503;5010504;5010505;5010506;5010507;5010508;5010509;5010510;5010511;5010512;5010513;5010514;5010515;5010516;5010517;5010518;5010519;5010520;5010521;5010522;5010523;5010524;5010525;5010526;5010527;5010528;5010529;5010530;5010531;5010532;5010533;5010534;5010535;5010536;5010537;5010538;5010539;5010540;5010541;5010542;5010543;5010544;5010545;5010546,140,
PN2534,register_extract_2026-06-15,2534,465624866,Arabian Ranches lll - Anya,المرابع العربية  ااا - انيا,إعمار للتطوير (مساهمة عامة),emaar,Wadi Al Safa 5,,ACTIVE,,0,492,0,0,668,58,6484129;6484133;6484136;6484147;6484149;6484152;6484175;6484179;6484201;6484210;6484211;6484230;6484232;6484251;6484260;6484270;6484278;6484304;6484311;6484331;6484334;6484359;6484365;6484367;6484422;6484431;6484451;6484452;6484453;6484458;6484464;6484479;6484494;6484523;6484529;6484539;6484542;6484563;6484568;6484572;6484583;6484590;6484635;6484637;6484639;6484651;6484652;6484674;6484678;6484681;6484686;6484695;6484711;6484717;6484740;6484741;6484757;6484778;6484781;6484782,77,
PN3507,register_extract_2026-06-15,3507,708924037,DAMAC ISLANDS - FIJI 2,داماك ايلاندز - فيجي 2,شركة داماك ايليت للاستثمار ذ.م.م,damac,Al Yelayiss 1,,ACTIVE,,0,400,0,0,398,46,9212738;9212739;9212768;9212773;9212797;9212801;9212834;9212857;9212858;9212882;9212888;9212889;9212905;9212912;9212913;9212937;9212958;9212959;9212973;9212996;9213005;9213026;9213054;9213080;9213106;9213110;9213124;9213144;9213153;9213172;9213176;9213187;9213198;9213220;9213250;9213251;9213273;9213326;9213327;9213328;9213341;9213346;9213393;9213394;9213395;9213420;9213421;9213475;9213497;9213498;9213524;9213548;9213588;9213631;9213633;9213634;9213657;9213658;9213668;9213675,400,
PN2592,register_extract_2026-06-15,2592,484215523,Palm Jebel Ali - Frond O,O نخلة جبل علي - السعفة,شركة نخيل (ش.م.خ),nakheel,Palm Jabal Ali,Palm Jabal Ali,ACTIVE,,0,108,0,0,123,9,5011075;5011076;5011077;5011078;5011079;5011080;5011081;5011082;5011083;5011084;5011085;5011086;5011087;5011088;5011089;5011090;5011091;5011092;5011093;5011094;5011095;5011096;5011097;5011098;5011099;5011100;5011101;5011102;5011103;5011104;5011105;5011106;5011107;5011108;5011109;5011110;5011111;5011112;5011113;5011114;5011115;5011116;5011117;5011118;5011119;5011120;5011121;5011122;5011123;5011124;5011125;5011126;5011127;5011128;5011129;5011130;5011131;5011132;5011133;5011134,108,
PN2130,register_extract_2026-06-15,2130,230391325,Parkside 2,بارك سايد 2,إعمار دبي الجنوب دي دبليو سي ش.ذ.م.م,emaar,Madinat Al Mataar,Dubai World Central,FINISHED,,0,422,0,0,1040,79,5213400;5213401;5213402;5213403;5213404;5213405;5213406;5213407;5213408;5213409;5213410;5213411;5213412;5213413;5213414;5213415;5213416;5213417;5213418;5213419;5213420;5213421;5213422;5213423;5213424;5213425;5213426;5213427;5213428;5213429;5213430;5213431;5213432;5213433;5213434;5213435;5213436;5213437;5213438;5213439;5213440;5213441;5213442;5213443;5213444;5213445;5213446;5213447;5213448;5213449;5213450;5213451;5213452;5213453;5213454;5213455;5213456;5213457;5213458;5213459,70,
PN3783,register_extract_2026-06-15,3783,763618479,Waada- Raiha,وَعْد - رايحه,مؤسسه مدينه دبى للطيران,موسسه-مدينه-دبي-للطيران,Madinat Al Mataar,Dubai World Central,NOT_STARTED,,0,132,0,0,84,39,5211669;5211670;5211671;5211672;5211673;5211674;5211675;5211676;5211677;5211678;5211679;5211680;5211681;5211682;5211683;5211684;5211685;5211686;5211687;5211688;5211689;5211690;5211691;5211692;5211693;5211694;5211695;5211696;5211697;5211698;5211699;5211700;5211701;5211702;5211703;5211704;5211705;5211706;5211707;5211708;5211709;5211710;5211711;5211712;5211713;5211714;5211715;5211716;5211717;5211718;5211719;5211720;5211721;5211722;5211723;5211724;5211725;5211726;5211727;5211728,97,
PN2384,register_extract_2026-06-15,2384,410324842,Jebel Ali Village Townhouses - Phase 2,قرية جبل علي تاون هاوسز- المرحلة 2,شركة نخيل (ش.م.خ),nakheel,Jabal Ali First,Jabal Ali Village,ACTIVE,,0,132,0,0,249,90,59111287;59111288;59111289;59111290;59111291;59111292;59111293;59111294;59111295;59111296;59111297;59111298;59111299;59111300;59111301;59111302;59111303;59111304;59111305;59111306;59111307;59111308;59111309;59111310;59111311;59111312;59111313;59111314;59111315;59111316;59111317;59111318;59111319;59111320;59111321;59111322;59111323;59111324;59111325;59111326;59111327;59111328;59111329;59111330;59111331;59111332;59111333;59111334;59111335;59111336;59111337;59111338;59111339;59111340;59111341;59111342;59111343;59111344;59111345;59111346,132,
PN2017,register_extract_2026-06-15,2017,156519496,AMARANTA 2,امارانتا 2,دبي للعقارات (ش.ذ.م.م),dubai-properties,Wadi Al Safa 5,,FINISHED,,0,352,0,0,887,60,6483631;6483632;6483633;6483634;6483635;6483636;6483637;6483638;6483639;6483640;6483641;6483642;6483643;6483644;6483645;6483646;6483647;6483648;6483649;6483650;6483651;6483652;6483653;6483654;6483655;6483656;6483657;6483658;6483659;6483660;6483661;6483662;6483663;6483664;6483665;6483666;6483667;6483668;6483669;6483670;6483671;6483672;6483673;6483674;6483675;6483676;6483677;6483678;6483679;6483680;6483681;6483682;6483683;6483684;6483685;6483686;6483687;6483688;6483689;6483690,60,
PN4121,register_extract_2026-06-15,4121,819087085,Taormina Village 2,تاورمينا فيلدج2,دبي للعقارات (ش.ذ.م.م),dubai-properties,Wadi Al Safa 3,,PENDING,,0,308,0,0,0,0,6456569;6456571;6456575;6456576;6456577;6456579;6456583;6456584;6456586;6456591;6456592;6456594;6456599;6456600;6456604;6456606;6456610;6456612;6456614;6456616;6456619,21,
PN2638,register_extract_2026-06-15,2638,88109364,Mudon Al Ranim 5,مدن الرنيم 5,دبي للعقارات (ش.ذ.م.م),dubai-properties,Al Hebiah Sixth,Mudon,ACTIVE,,0,182,0,0,337,124,6770122;6770143;6770159;6770178;6770188;6770215;6770222;6771580;6771755;6771830;6771845;6772012;6772013;6772050;6772054;6772056;6772065;6772066;6772067;6772074;6772075;6772078;6772079;6772082;6772083;6772086;6772090;6772094;6772097;6772098;6772104;6772107;6772114;6772116;6772118;6772120;6772124;6772127;6772128,39,
PN2631,register_extract_2026-06-15,2631,87477957,Arabian Ranches lll - May,المرابع العربية ااا - ماي,إعمار للتطوير (مساهمة عامة),emaar,Wadi Al Safa 5,,ACTIVE,,0,298,0,0,367,38,6484131;6484135;6484145;6484150;6484196;6484207;6484227;6484233;6484258;6484271;6484305;6484315;6484336;6484340;6484351;6484379;6484391;6484419;6484432;6484440;6484459;6484475;6484498;6484525;6484581;6484598;6484603;6484606;6484645;6484676;6484683;6484722;6484742;6484743;6484758;6484763;6484769;6484789;6484823;6484844;6484884;6484913;6484914;6484925;6484974;6485782,46,
PN2699,register_extract_2026-06-15,2699,512817300,Mudon Al Ranim 7,مدن الرنيم 7,دبي للعقارات (ش.ذ.م.م),dubai-properties,Al Hebiah Sixth,Mudon,ACTIVE,,0,248,0,0,314,42,6772136;6772139;6772142;6772144;6772152;6772154;6772158;6772161;6772166;6772169;6772170;6772172;6772179;6772182;6772186;6772189;6772190;6772192;6772195;6772197;6772203;6772205;6772210;6772211;6772215;6772219;6772222;6772227;6772230;6772234;6772236;6772241;6772242;6772247;6772249;6772250;6772254;6772256;6772258;6772262;6772264;6772268;6772269;6772271;6772274;6772279;6772282;6772283;6772288,49,
PN363,register_extract_2026-06-15,363,363,INDIGO VILLE7,انديجو فيلا 7,قرية جميرا (ش.ذ.م.م),قريه-جميرا,Al Barsha South Fourth,Jumeirah Village Circle,FINISHED,,0,12,0,0,28,2,6817372,1,
PN1959,register_extract_2026-06-15,1959,138666154,AL BUROOJ RESIDENCE 5,البروج ريسيدنس,الفرجان ( ش.ذ.م.م ),الفرجان,Jabal Ali First,Al Furjan,FINISHED,,0,9,0,0,40,3,5912358,1,
PN1089,register_extract_2026-06-15,1089,1089,MIRABELLA 4,ميرابيلا 4,قرية جميرا (ش.ذ.م.م),قريه-جميرا,Al Barsha South Fourth,Jumeirah Village Circle,FINISHED,,0,16,0,0,96,3,6816419,1,
PN3843,register_extract_2026-06-15,3843,777115502,PURE TOWN,,شركة نخيل (ش.م.خ),nakheel,Al Barsha South Fourth,Jumeirah Village Circle,PENDING,,0,13,0,0,0,0,6816348,1,
PN25,register_extract_2026-06-15,25,25,"DIAMOND VIEW 1,2,3,4","دايموند فيو 1,2,3,4",قرية جميرا (ش.ذ.م.م),قريه-جميرا,Al Barsha South Fourth,Jumeirah Village Circle,FINISHED,,0,25,0,0,98,6,6816382,1,
PN1910,register_extract_2026-06-15,1910,94634074,Astoria Villas,فلل أستوريا,قرية جميرا (ش.ذ.م.م),قريه-جميرا,Al Barsha South Fourth,Jumeirah Village Circle,FINISHED,,0,13,0,0,33,0,6816424,1,
PN1727,register_extract_2026-06-15,1727,28129567,SIDRA,سيدرا,دبي هيلز استيت ش.ذ.م.م,dubai-hills-estate,Hadaeq Sheikh Mohammed Bin Rashid,DUBAI HILLS - SIDRA 1,FINISHED,,0,479,0,0,1483,82,6311302;6312825;6312826;6312827;6312828;6312829;6312830;6312832;6312833;6312834;6312835;6312836;6312837;6312838;6312839;6312840;6312841;6312842;6312843;6312845;6312846;6312847;6312848;6312849;6312850;6312851;6312852;6312853;6312854;6312855;6312856;6312857;6312858;6312859;6312860;6312861;6312862;6312863;6312864;6312865;6312866;6312868;6312869;6312870;6312871;6312872;6312873;6312874;6312877;6312879;6312880;6312881;6312882;6312883;6312884;6312885;6312886;6312887;6312891;6312892,520,
PN1357,register_extract_2026-06-15,1357,8546559,DAMAC HILLS - PICCADILLY GREEN,داماك هيلز - بيكاديلي جرين,داماك كريسنت للعقارات (ش.ذ.م.م),damac,Al Hebiah Third,DAMAC HILLS,FINISHED,,0,163,0,0,438,31,6760220;6766235;6766237;6766238;6766239;6766240;6766241;6766242;6766243;6766244;6766245;6766246;6766247;6766248;6766249;6766250;6766251;6766252;6766253;6766254;6766255;6766256;6766257;6766258;6766259;6766260;6766261;6766262;6766263;6766264;6766265;6766266;6766267;6766268;6766269;6766270;6766271;6766272;6766273;6766274;6766275;6766276;6766277;6766278;6766279;6766280;6766281;6766282;6766283;6766284;6766285;6766286;6766287;6766288;6766289;6766290;6766291;6766292;6766293;6766294,166,
PN1411,register_extract_2026-06-15,1411,11539810,DAMAC HILLS- PELHAM,دماك هيلز- بيلهام,داماك كريسنت للعقارات (ش.ذ.م.م),damac,Al Hebiah Third,DAMAC HILLS,FINISHED,,0,173,0,0,451,42,6760104;6760105;6760106;6760107;6760108;6760109;6760110;6760111;6760112;6760113;6760114;6760115;6760116;6760117;6760118;6760119;6760120;6760121;6760122;6760123;6760124;6760125;6760126;6760128;6760129;6760130;6760131;6760135;6760136;6763075;6769589;6769590;6769591;6769592;6769593;6769594;6769595;6769596;6769597;6769598;6769599;6769600;6769601;6769602;6769603;6769604;6769605;6769606;6769607;6769608;6769609;6769610;6769611;6769612;6769634;6769635;6769636;6769637;6769645;6769646,173,
PN1061,register_extract_2026-06-15,1061,578605462,The Lakes Ghadeer,البحيرات ? غدير,اعمار العقارية (ش . م. ع),emaar,Al Thanyah Third,Lakes - Ghadeer,FINISHED,,0,138,0,0,526,29,3881608;3881609;3881612;3881613;3881614;3881615;3881616;3881617;3881618;3881619;3881621;3881622;3881624;3881625;3881626;3881627;3881628;3881629;3881630;3881631;3881632;3881633;3881634;3881635;3881636;3881637;3881638;3881642;3881643;3881644;3881646;3881647;3881649;3881650;3881651;3881652;3881653;3881654;3881655;3881656;3881657;3881658;3881660;3881661;3881662;3881663;3881664;3881665;3881666,49,
PN1356,register_extract_2026-06-15,1356,8481618,DAMAC HILLS - BROOKFIELD-3,داماك هيلز - بروكفيلد -3,داماك كريسنت للعقارات (ش.ذ.م.م),damac,Al Hebiah Third,DAMAC HILLS,FINISHED,,0,20,0,0,81,6,6763021;6763022;6766998;6766999;6767000;6767001;6767002;6767003;6767004;6767005;6767006;6767007;6767008;6767009;6767010;6767011;6767012;6767013;6767014;6767015;6767020,21,
PN1412,register_extract_2026-06-15,1412,11542030,DAMAC HILLS - PHOENIX,دماك هيلز - فونكس,داماك كريسنت للعقارات (ش.ذ.م.م),damac,Al Hebiah Third,DAMAC HILLS,FINISHED,,0,54,0,0,146,13,6762296;6762298;6762300;6762303;6762306;6762307;6762309;6762315;6762316;6762317;6762318;6762319;6762320;6762321;6762322;6762325;6762326;6762328;6762333;6762335;6762339;6762344;6762350;6762353;6762357;6762359;6762361;6762363;6762364;6763157;6763158;6763159;6763160;6769344;6769345;6769346;6769347;6769348;6769349;6769352;6769353;6769354;6769355;6769360;6769361;6769362;6769363;6769364;6769365;6769443;6769444;6769445;6769446;6769447,54,
PN3171,register_extract_2026-06-15,3171,631198517,DAMAC RIVERSIDE - SAGE,داماك ريفرسايد - سيج,داماك كريسنت للعقارات (ش.ذ.م.م),damac,Dubai Investment Park Second,,ACTIVE,,0,558,0,0,577,32,5971435;5971436;5971437;5971557;5971558;5971559;5971560;5971561;5971562;5971563;5971564;5971565;5971566;5971567;5971569;5971570;5971571;5971572;5971573;5971574;5971579;5971580;5971583;5971584;5971585;5971586;5971589;5971590;5971591;5971592;5971593;5971594;5971595;5971596;5971599;5971603;5971604;5971608;5971609;5971610;5971611;5971613;5971614;5971615;5971616;5971617;5971618;5971621;5971622;5971623;5971624;5971625;5971627;5971628;5971629;5971630;5971631;5971632;5971633;5971637,69,
PN3170,register_extract_2026-06-15,3170,630874645,DAMAC RIVERSIDE - IVY,داماك ريفرسايد - ايفي,داماك كريسنت للعقارات (ش.ذ.م.م),damac,Dubai Investment Park Second,,ACTIVE,,0,594,0,0,615,41,5971293;5971295;5971296;5971297;5971298;5971306;5971307;5971308;5971309;5971310;5971313;5971315;5971316;5971317;5971318;5971323;5971324;5971325;5971330;5971331;5971332;5971333;5971334;5971335;5971336;5971337;5971339;5971340;5971341;5971342;5971344;5971345;5971346;5971347;5971348;5971349;5971350;5971362;5971367;5971368;5971369;5971370;5971371;5971372;5971373;5971374;5971375;5971376;5971377;5971382;5971383;5971384;5971385;5971386;5971390;5971391;5971392;5971393;5971394;5971395,70,
PN3875,register_extract_2026-06-15,3875,788537515,Grand Polo - Selvara 4,جراند بولو- سيلفارا 4,إعمار للتطوير (مساهمة عامة),emaar,Dubai Investment Park Second,,NOT_STARTED,,0,173,0,0,131,121,5973265;5973266;5973267;5973268;5973269;5973272;5973273;5973274;5973275;5973276;5973277;5973278;5973279;5973280;5973281;5973282;5973283;5973284;5973285;5973287;5973288;5973289;5973290;5973291;5973292;5973293;5973294;5973295;5973296;5973297;5973298;5973299;5973301;5973302;5973303;5973304;5973305;5973306;5973307;5973309;5973310;5973311;5973312;5973313;5973314;5973315;5973316;5973317;5973318;5973319;5973320;5973321;5973322;5973323;5973324;5973325;5973326;5973327;5973328;5973329,173,
PN1638,register_extract_2026-06-15,1638,16560290,TOWN SQUARE HAYAT,تاون سكوير حياة,نشاما للتطوير ش.ذ.م.م,nshama,Al Yelayiss 2,TOWN SQUARE,FINISHED,,0,730,0,0,2143,111,9220249;9220250;9220251;9220252;9220255;9220256;9220257;9220259;9220260;9220261;9220263;9220264;9220265;9220266;9220267;9220269;9220270;9220271;9220272;9220273;9220275;9220276;9220277;9220278;9220279;9220281;9220282;9220283;9220284;9220286;9220287;9220288;9220289;9220291;9220292;9220293;9220294;9220296;9220297;9220298;9220299;9220300;9220301;9220302;9220303;9220304;9220305;9220306;9220308;9220311;9220312;9220314;9220315;9220316;9220317;9220318;9220320;9220322;9220324;9220326,86,
PN2114,register_extract_2026-06-15,2114,213520637,Villa Amalfi,فيلا أمالفي,جميرا باي ريزيدينشال ذ.م.م,جميرا-باي-ريزيدينشال,Island 2,Jumeira Bay,FINISHED,,0,68,0,0,175,11,3020104;3020105;3020106;3020107;3020108;3020109;3020110;3020111;3020112;3020113;3020114;3020115;3020116;3020117;3020118,15,
PN2261,register_extract_2026-06-15,2261,360152485,Murooj Al Furjan 1,مروج الفرجان 1,شركة نخيل (ش.م.خ),nakheel,Jabal Ali First,Al Furjan,FINISHED,,0,266,0,0,704,58,5911116;5911117;5911118;5911119;5911120;5911121;5911122;5911123;5911124;5911125;5911126;5911127;5911128;5911129;5911130;5911131;5911132;5911133;5911134;5911135;5911136;5911137;5911138;5911139;5911140;5911141;5911142;5911143;5911144;5911145;5911146;5911147;5911148;5911149;5911150;5911151;5911152;5911153;5911154;5911155;5911156;5911157;5911158;5911159;5911160;5911161;5911162;5911163;5911164;5911165;5911166;5911167;5911168;5911169;5911170;5911171;5911172;5911173;5911174;5911175,266,
PN2228,register_extract_2026-06-15,2228,345471078,DAMAC HILLS - SILVER SPRINGS 3,داماك هيلز - سيلفر سبرينجز 3,دبي لاند ريزيدنسز (ش.ذ.م.م),دبي-لاند-ريزيدنسز,Al Hebiah Third,DAMAC HILLS,FINISHED,,0,258,0,0,501,97,67610004;67610005;67610006;67610007;67610008;67610012;67610013;67610014;67610015;67610016;67610017;67610018;67610019;67610020;67610024;67610025;67610026;67610027;67610028;67610032;67610033;67610035;67610256;67610257;67610258;67610259;67610260;67610261;67610262;67610514;67610515;67610516;67610517;67610518;67610519;67610520;67610521;67610522;67610523;67610524;67610525;67610526;67610528;67610529;67610530;67610531;67610532;67610533;67610534;67610535;67610536;67610537;67610538;67610539;67610540;67610541;67610542;67610543;67610544;67610545,258,
PN2720,register_extract_2026-06-15,2720,520083655,Verdana 2,فيردانا 2,شركة تطوير مجمع دبي للاستثمار (ذ. م. م),تطوير-مجمع-دبي-للاستثمار,Dubai Investment Park First,Dubai Investment Park First,ACTIVE,,0,209,0,0,202,19,5980360,1,
PN695,register_extract_2026-06-15,695,695,INDIGO VILLE 3,إنديغو فيل 3,قرية جميرا (ش.ذ.م.م),قريه-جميرا,Al Barsha South Fourth,Jumeirah Village Circle,FINISHED,,0,18,0,0,72,4,6817093,1,
PN2316,register_extract_2026-06-15,2316,382891671,DAMAC LAGOONS - SANTORINI (1),داماك لاجونز - سانتوريني (1),واحة الجزيرة العقارية (ش.ذ.م.م),واحه-الجزيره-العقاريه,Al Hebiah Fifth,DAMAC Lagoons,FINISHED,,0,459,0,0,1128,302,6831033;6831036;6831040;6831042;6831048;6831049;6831050;6831051;6831054;6831055;6831057;6831061;6831063;6831064;6831066;6831068;6831071;6831072;6831075;6831076;6831078;6831079;6831083;6831084;6831085;6831089;6831090;6831093;6831094;6831097;6831099;6831103;6831104;6831106;6831109;6831110;6831111;6831115;6831116;6831118;6831119;6831122;6831124;6831216;6831217;6831218;6831223;6831225;6831226;6831227;6831228;6831229;6831230;6831233;6831234;6831238;6831239;6831241;6831242;6831245,459,
PN3586,register_extract_2026-06-15,3586,726400670,The Acres 2 & Estates 2,ذا إيكرز 2 آند استيتس 2,دي اتش ار اي 2 بي تي اس ش.ذ.م.م,دي-اتش-ار-اي-2-بي-تي-اس,Wadi Al Safa 7,,ACTIVE,,0,266,0,0,209,8,6654438;6654440;6654442;6654448;6654452;6654453;6654459;6654467;6654469;6654478;6654488;6654492;6654497;6654498;6654500;6654506;6654507;6654520;6654534;6654539;6654544;6654548;6654560;6654579;6654590;6654594;6654600;6654623;6654624;6654625;6654628;6654640;6654646;6654651;6654664;6654665;6654666;6654667;6654670;6654672;6654675;6654684;6654688;6654691;6654698;6654700;6654704;6654706;6654710;6654723;6654724;6654726;6654732;6654739;6654743;6654750;6654751;6654755;6654803;6654806,266,
PN3430,register_extract_2026-06-15,3430,688747236,The Valley - Farm Grove,ذا فالي - فارم جروف,إعمار للتطوير (مساهمة عامة),emaar,Al Yufrah 1,,ACTIVE,,0,482,0,0,504,72,9153668;9153670;9153674;9153675;9153676;9153677;9153679;9153680;9153681;9153683;9153684;9153686;9153687;9153689;9153690;9153692;9153695;9153698;9153699;9153700;9153704;9153705;9153706;9153709;9153710;9153712;9153714;9153715;9153716;9153717;9153718;9153719;9153720;9153721;9153723;9153725;9153727;9153730;9153733;9153736;9153739;9153740;9153744;9153745;9153747;9153750;9153751;9153752;9153753;9153755;9153759;9153763;9153764;9153766;9153767;9153768;9153770;9153771;9153775;9153777,448,
PN3158,register_extract_2026-06-15,3158,627853530,The Valley - Avena,ذا فالي - آفينا,إعمار للتطوير (مساهمة عامة),emaar,Al Yufrah 1,,ACTIVE,,0,322,0,0,342,21,9151928;9151934;9151936;9151941;9151944;9151949;9151959;9151967;9151993;9151997;9152006;9152019;9152022;9152026;9152045;9152057;9152079;9152103;9152108;9152111;9152115;9152120;9152130;9152148;9152152;9152155;9152162;9152166;9152179;9152183;9152184;9152193;9152211;9152215;9152224;9152231;9152264;9152269;9152282;9152285;9152312;9152320;9152326;9152335;9152341;9152346;9152352;9152358;9152379;9152384;9152385;9152407;9152408;9152427;9152444;9152463;9152481;9152490;9152492;9152498,161,
PN1578,register_extract_2026-06-15,1578,14230291,DAMAC HILLS (2) - COURSETIA,داماك هيلز ( 2 ) - كورسيتيا,شركة الخط الامامي لادارة الاستثمار ش.ذ.م.م,الخط-الامامي-لاداره-الاستثمار,Madinat Hind 4,DAMAC HILLS 2,FINISHED,,0,169,0,0,318,51,91410987;91410988;91410989;91410990;91410997;91411000;91411002;91411004;91411007;91411009;91411010;91411015;91411016;91411385;91411388;91411397;91411398;91411403;91411413;91411414;91412423;91412424;91412431;91412432;91412433;91412434;91412435;91412436;91412437;91412439;91412440;91412441;91412442;91412443;91412444;91412446;91412449;91412456;91412457;91412458;91412837;91412843;91412844;91412845;91412851;91412855;91413899;91413900;91413901;91413903;91413904;91413905;91413906;91413907;91413910;91413914;91413915;91413916;91413917;91413918,169,
PN2259,register_extract_2026-06-15,2259,358540450,Aura,أورا,ماجد الفطيم لتشغيل مشاريع المدن المتكاملة الاماراتية ش.ذ.م.م,ماجد-الفطيم-لتشغيل-مشاريع-المدن-المتكامله-الاماراتيه,Al Hebiah Fourth,TILAL AL GHAF,ACTIVE,,0,808,0,0,1813,416,6822710;6822711;6822712;6822715;6822716;6822717;6822718;6822719;6822720;6822721;6822722;6822723;6822724;6822725;6822726;6822730;6822731;6822732;6822733;6822734;6822735;6822736;6822739;6822740;6822741;6822742;6822743;6822744;6822745;6822747;6822748;6822749;6822750;6822751;6822752;6822753;6822754;6822755;6822756;6822757;6822759;6822760;6822761;6822762;6822763;6822764;6822765;6822766;6822767;6822768;6822769;6822770;6822772;6822773;6822774;6822776;6822777;6822778;6822779;6822780,275,
PN2452,register_extract_2026-06-15,2452,436449753,South Bay 1,1 خليج الجنوب,مؤسسه مدينه دبى للطيران,موسسه-مدينه-دبي-للطيران,Madinat Al Mataar,Dubai South Residential District,ACTIVE,,0,251,0,0,324,18,5214005;5214006;5214007;5214008;5214009;5214010;5214011;5214012;5214013;5214014;5214015;5214016;5214017;5214018;5214019;5214020;5214021;5214022;5214023;5214024;5214025;5214026;5214027;5214028;5214029;5214030;5214031;5214032;5214033;5214034;5214035;5214036;5214037;5214038;5214039;5214040;5214041;5214042;5214043;5214044;5214045;5214046;5214047;5214048;5214049;5214050;5214051;5214052;5214053;5214087;5214088;5214089;5214137;5214138;5214139;5214140;5214141;5214142;5214143;5214144,121,
PN1861,register_extract_2026-06-15,1861,48204031,DAMAC HILLS (2) - VICTORIA,داماك هيلز ( 2 ) - فيكتوريا,شركة الخط الامامي لادارة الاستثمار ش.ذ.م.م,الخط-الامامي-لاداره-الاستثمار,Madinat Hind 4,DAMAC HILLS 2,FINISHED,,0,406,0,0,611,74,91410113;91410114;91410115;91410116;91410117;91410118;91410119;91410120;91410121;91410122;91410123;91410124;91410125;91410126;91410127;91410128;91410129;91410130;91410131;91410132;91410133;91410134;91410135;91410136;91410137;91410138;91410139;91410140;91410141;91410142;91410143;91410144;91410145;91410146;91410147;91410148;91410149;91410150;91410151;91410152;91410153;91410154;91410597;91410598;91410599;91410600;91410601;91410602;91410603;91410604;91410605;91410606;91410607;91410608;91410609;91410610;91411644;91411645;91411646;91411647,406,
PN2992,register_extract_2026-06-15,2992,594515251,The Valley - Lillia,ذا فالي - ليليا,إعمار للتطوير (مساهمة عامة),emaar,Al Yufrah 1,,ACTIVE,,0,406,0,0,501,53,9150692;9150709;9150714;9150720;9150725;9150747;9150776;9150804;9150808;9150823;9150827;9150835;9150841;9150849;9150855;9150906;9150923;9150926;9150937;9150940;9150958;9150963;9150984;9151001;9151005;9151023;9151027;9151046;9151056;9151074;9151083;9151090;9151107;9151160;9151168;9151187;9151197;9151207;9151210;9151214;9151245;9151270;9151274;9151291;9151313;9151319;9151332;9151339;9151368;9151378;9151391;9151411;9151423;9151426;9151431;9151438;9151471;9151519;9151520;9151528,64,
PN4101,register_extract_2026-06-15,4101,817212501,Palm Jebel Ali - The Beach and Coral Collection - Frond B,B نخلة جبل علي - ذا بيتش آند كورال كوليكشن - السعفة,شركة نخيل (ش.م.خ),nakheel,Palm Jabal Ali,Palm Jabal Ali,PENDING,,0,44,0,0,44,44,5011549;5011551;5011553;5011555;5011556;5011559;5011563;5011566;5011567;5011570;5011572;5011574;5011577;5011578;5011581;5011583;5011585;5011588;5011590;5011593;5011596;5011597;5011621;5011627;5011630;5011634;5011638;5011640;5011642;5011645;5012781;5012782;5012783;5012784;5012785;5012786;5012787;5012788;5012789;5012790;5012791;5012792;5012793;5012794,44,
PN2804,register_extract_2026-06-15,2804,542915815,MARWA HOMES III,مروة هومس 3,قرية جميرا (ش.ذ.م.م),قريه-جميرا,Al Barsha South Fourth,Jumeirah Village Circle,ACTIVE,,0,14,0,0,13,8,6817245,1,
PN625,register_extract_2026-06-15,625,625,LA BELLE VUE,لا بيل فيو,قرية جميرا (ش.ذ.م.م),قريه-جميرا,Al Barsha South Fourth,Jumeirah Village Circle,FINISHED,,0,10,0,0,15,2,6817133,1,
PN2627,register_extract_2026-06-15,2627,86870547,Alicante villas,فلل اليكانتي,مدينة دبي الرياضية (ش. ذ. م. م),مدينه-دبي-الرياضيه,Al Hebiah Fourth,Dubai Sports City,FINISHED,,0,14,0,0,24,10,6824240,1,
PN3539,register_extract_2026-06-15,3539,714212267,The Veranda Collection 2,ذا فيراندا كوليكشن 2,قرية جميرا (ش.ذ.م.م),قريه-جميرا,Al Barsha South Fourth,Jumeirah Village Circle,ACTIVE,,0,13,0,0,5,2,6816196,1,
PN2442,register_extract_2026-06-15,2442,432429513,The Eugene Townhouses,ذا يجين تاون هاوسيس,تنميات جلوبل للتطوير العقاري  ش ذ م م,تنميات-جلوبل-للتطوير-العقاري,Wadi Al Safa 3,Living Legends,FINISHED,,0,48,0,0,113,5,6457281,1,
PN1093,register_extract_2026-06-15,1093,1093,MIRABELLA 3,ميرابيلا 3,قرية جميرا (ش.ذ.م.م),قريه-جميرا,Al Barsha South Fourth,Jumeirah Village Circle,FINISHED,,0,20,0,0,108,0,6816750,1,
PN2256,register_extract_2026-06-15,2256,354891321,"Mohammed Bin Rashid Al Maktoum City , District One Phase III  , A Villas",مدينة محمد بن راشد آل مكتوم الحي الأول المرحلة الثالثة -  أ فلل,مجموعة ميدان (ش.ذ.م.م),meydan,Al Merkadh,Mohammed Bin Rashid AL Maktoum City -District -1 Community,FINISHED,,0,38,0,0,104,8,3475289;3475290;3475291;3475292;3475293;3475294;3475295;3475296;3475297;3475298;3475301;3475302;3475303;3475304;3475305;3475306;3475307;3475308;3475309;3475310;3475312;3475313;3475314;3475315;3475316;3475318;3475319;3475320;3475321;3475322;3475323;3475324;3475325;3475326;3475327;3475328;3475329;3475330,38,
PN3169,register_extract_2026-06-15,3169,630870311,DAMAC RIVERSIDE - LUSH,داماك ريفرسايد - لاش,داماك كريسنت للعقارات (ش.ذ.م.م),damac,Dubai Investment Park Second,,ACTIVE,,0,750,0,0,792,42,5971352;5971353;5971354;5971355;5971357;5971358;5971412;5971413;5971414;5971415;5971416;5971417;5971420;5971423;5971424;5971428;5971429;5971432;5971433;5971441;5971442;5971443;5971444;5971445;5971446;5971447;5971448;5971449;5971450;5971453;5971454;5971455;5971458;5971461;5971462;5971463;5971464;5971467;5971468;5971469;5971470;5971471;5971472;5971473;5971474;5971477;5971478;5971479;5971480;5971487;5971488;5971489;5971490;5971491;5971492;5971493;5971494;5971496;5971497;5971499,99,
PN2196,register_extract_2026-06-15,2196,288853271,The Valley - Eden,ذا فالي - ايدن,إعمار للتطوير (مساهمة عامة),emaar,Al Yufrah 1,,FINISHED,,0,362,0,0,873,43,9150155;9150156;9150157;9150158;9150159;9150160;9150161;9150162;9150163;9150164;9150165;9150166;9150167;9150168;9150169;9150170;9150171;9150172;9150173;9150174;9150177;9150178;9150179;9150180;9150181;9150182;9150183;9150184;9150185;9150186;9150187;9150188;9150189;9150190;9150191;9150192;9150193;9150194;9150195;9150196;9150197;9150198;9150199,43,
PN3704,register_extract_2026-06-15,3704,746535142,Grand Polo - Montura 2,جراند بولو - مونتورا 2,إعمار للتطوير (مساهمة عامة),emaar,Dubai Investment Park Second,,NOT_STARTED,,0,206,0,0,208,4,5971920;5971922;5971923;5971927;5971928;5971929;5971930;5971932;5971933;5971936;5971937;5971938;5971939;5971940;5971941;5971943;5971944;5971945;5971946;5971947;5971948;5971949;5971950;5971953;5971954;5971955;5971956;5971957;5971958;5971959;5971960;5971962;5971963;5971964;5971965;5971966;5971967;5971970;5971971;5971972;5971973;5971974;5971975;5971976;5971977;5971978;5971979;5971981;5971982;5971983;5971984;5971985;5971986;5971987;5971988;5971989;5971991;5971992;5971993;5971994,206,
PN1817,register_extract_2026-06-15,1817,36991189,Villanova Amaranta,فيلانوفا أمارنتا,دبي للعقارات (ش.ذ.م.م),dubai-properties,Wadi Al Safa 5,,FINISHED,,0,563,0,0,1415,96,6480262;6480269;6480286;6480341;6480371;6480391;6480394;6480437;6480438;6480439;6480563;6480564;6480565;6483010;6483066;6483137;6483149;6483153;6483159;6483162;6483164;6483168;6483171;6483179;6483180;6483202;6483215;6483256;6483259;6483262;6483263;6483270;6483271;6483272;6483273;6483303;6483324;6483332;6483337;6483338;6483339;6483340;6483349;6483351;6483352;6483392;6483394;6483400;6483414;6483418;6483427;6483474;6483478;6483479;6483481;6483512;6483526;6483544;6483547;6483584,91,
PN3035,register_extract_2026-06-15,3035,603160581,DAMAC HILLS - AUTOGRAPH COLLECTION,داماك هيلز - أوتوغراف كوليكشين,داماك كريسنت للعقارات (ش.ذ.م.م),damac,Al Hebiah Third,DAMAC HILLS,ACTIVE,,0,49,0,0,55,13,67610468;67610479;67610483;67610488;67610497;67611257;67611258;67611260;67611261;67611262;67611263;67611264;67611265;6762043;6762249;6762336;6762366;6762379;6762385;6762408;6763026;6763097;6763114;6763126;6763130;6763161;6764939;6765452;6765565;6765567;6765655;6765991;6766600;6766601;6767252;6767266;6767344;6767347;6767348;6767380;6767478;6767493;6768581;6768583;6768584;6768585;6768592;6769350;6769351;6769799;6769987,51,
PN2016,register_extract_2026-06-15,2016,156209294,Golf Place,جولف بلايس,دبي هيلز استيت ش.ذ.م.م,dubai-hills-estate,Hadaeq Sheikh Mohammed Bin Rashid,DUBAI HILLS - GOLF PLACE,FINISHED,,0,158,0,0,478,35,6310208;6310251;6310341;6310363;6310366;6310388;6310398;6310405;6311124;6311211;6311256;6311257;6311275;6311311;6311348;6311365;6311388;6311411;6311420;6311444;6311446;6312000;6312025;6312040;6312048;6312135;6312149;6312150;6312333;6312349;6312357;6312367;6312369;6312770;6312777;6312818;6313294;6313297;6313302;6313325;6313330;6313361;6313368;6313376;6313381;6314081;6314103;6314139;6314141;6314175;6314229;6314232;6314235;6314279;6314284;6314301;6314304;6314314;6314332;6316822,158,
PN1593,register_extract_2026-06-15,1593,14641471,DAMAC HILLS - CALERO,داماك هيلز - كاليرو,داماك كريسنت للعقارات (ش.ذ.م.م),damac,Al Hebiah Third,DAMAC HILLS,FINISHED,,0,16,0,0,37,4,6762414;6762415;6762417;6762418;6762422;6762425;6762429;6762432;6762433;6762434;6762436;6762438;6762439;6762444;6769455;6769456,16,
PN1386,register_extract_2026-06-15,1386,10587055,WARSAN VILLAGE - D,ورسان فيلج - D,شركة نخيل (ش.م.خ),nakheel,Al Warsan First,International City Phase 1,FINISHED,,0,207,0,0,440,18,6210835;6210837;6210838;6210842;6210843;6210844;6210845;6210846;6210847;6210848;6210849;6210850;6210851;6210852;6210853;6210854;6210855;6210856;6210857;6210859;6210860;6210861;6210862;6210863;6210864;6210865;6210866;6210867;6210868;6210869;6210870;6210871;6210872;6210873;6210874;6210881;6210884;6210885;6210940;6210951;6210952;6210954;6210960;6210961;6210962;6210964;6210965;6210966;6210967;6210968;6210970;6210976;6210983;6210985;6210986;6210988;6210991;6210992;6210994;6210996,207,
PN1368,register_extract_2026-06-15,1368,9783564,JUMEIRAH PARK 7B&C,حدائق جميرا -7B&C,جميرا بارك (ش.ذ.م.م),جميرا-بارك,Al Thanyah Fifth,Jumeirah Park,FINISHED,,0,192,0,0,689,39,3933498;3933499;3933500;3933501;3933502;3933503;3933504;3933505;3933506;3933507;3933508;3933509;3933510;3933511;3933512;3933513;3933514;3933515;3933519;3933520;3933543;3933591;3933592;3933593;3933594;3933595;3933596;3933597;3933598;3933599;3933600;3933601;3933602;3933603;3933604;3933605;3933606;3933607;3933608;3933609;3933610;3933611;3933612;3933613;3933614;3933615;3933616;3933617;3933618;3933619;3933620;3933621;3933622;3933623;3933624;3933625;3933626;3933627;3933628;3933629,187,
PN1269,register_extract_2026-06-15,1269,1269,LAS CASAS,لاس كيسس,قرية جميرا (ش.ذ.م.م),قريه-جميرا,Al Barsha South Fourth,Jumeirah Village Circle,FINISHED,,0,26,0,0,109,10,6816727,1,
PN1697,register_extract_2026-06-15,1697,27010025,SAHARA MEADOWS2,مواضع الصحراء 2,تيكوم للإستثمارات منطقة حرة- ذ.م.م,تيكوم-للاستثمارات,Saih Shuaib 2,,FINISHED,,0,91,0,0,154,4,5310131,1,
PN2110,register_extract_2026-06-15,2110,203371862,AR II Camelia 2,كاميليا 2 II المرابع العربية,إعمار للتطوير (مساهمة عامة),emaar,Wadi Al Safa 7,Arabian Ranches II - Dhalia,FINISHED,,0,168,0,0,446,22,6650699;6650700;6650701;6650702;6650703;6650704;6650705;6650706;6650707;6650708;6650709;6650710;6650711;6650712;6650713;6650714;6650715;6650716;6650717;6650718;6650719;6650720;6650721;6650722;6650723;6650724;6650725;6650726,28,
PN2695,register_extract_2026-06-15,2695,511635957,Grand Glow,,قرية جميرا (ش.ذ.م.م),قريه-جميرا,Al Barsha South Fourth,Jumeirah Village Circle,FINISHED,,0,14,0,0,29,14,6817271,1,
PN2282,register_extract_2026-06-15,2282,373488211,The Royal Estate Plot 2 Phase A,A رويال استيت ، قطعة أرض  2  مرحلة,شركة تطوير مجمع دبي للاستثمار (ذ. م. م),تطوير-مجمع-دبي-للاستثمار,Dubai Investment Park First,Dubai Investment Park First,ACTIVE,,0,96,0,0,112,0,5981421,1,
PN1709,register_extract_2026-06-15,1709,27382756,FLAME TREE RIDGE,فلام تري ريدج,عقارات جميرا جولف ش.ذ.م.م,عقارات-جميرا-جولف,Me'Aisem First,Jumeirah Golf Estates,FINISHED,,0,33,0,0,136,6,6851361;6851362;6852737;6852738;6852739;6852740;6852741;6852742;6852743;6852744;6852745;6852746;6852747;6852748;6852749;6852750;6852752;6852753;6854211;6854212;6854213;6855326;6855327;6855328;6855329;6855330;6855331;6855332;6855334;6855335;6855368;6855369;6855372,33,
PN2401,register_extract_2026-06-15,2401,418655194,DAMAC LAGOONS - MALTA (2),داماك لاجونز - مالتا (2),واحة الجزيرة العقارية (ش.ذ.م.م),واحه-الجزيره-العقاريه,Al Hebiah Fifth,,ACTIVE,,0,367,0,0,669,168,68310009;68310036;68310059;68310066;68310068;68310069;68310093;68310094;68310156;68310164;68310215;68310275;68310285;68310335;68310362;68310364;68310389;68310394;68310395;68310396;68310404;68310423;68310424;68310461;68310486;68310519;68310543;68310581;68310589;68310642;68310643;68310675;68310676;68310706;68310707;68310736;68310738;68310800;68310801;68310802;68310856;68310857;68310858;68310884;68310885;68310886;68310942;68310971;68311004;68311027;68311072;68311092;68311093;68311125;68311126;68311183;68311188;68311189;68311216;68311235,367,
PN1648,register_extract_2026-06-15,1648,21208864,DAMAC HILLS (2) - AMAZONIA,داماك هيلز (2) - أمازونيا,شركة الخط الامامي لادارة الاستثمار ش.ذ.م.م,الخط-الامامي-لاداره-الاستثمار,Madinat Hind 4,DAMAC HILLS 2,FINISHED,,0,196,0,0,406,51,91411042;91411434;91411435;91411436;91411437;91411438;91411439;91411440;91411441;91411442;91411443;91411444;91411445;91411446;91411448;91411449;91411450;91411451;91411452;91411453;91411454;91411455;91411458;91412872;91412873;91412874;91412875;91412876;91412877;91412878;91412879;91412880;91412881;91412882;91412883;91412884;91412885;91412887;91412888;91412890;91412891;91412892;91412893;91412894;91412895;91412896;91412897;91412898;91412899;91412901;91412907;91413945;91413946;91414333;91414334;91414335;91414337;91414339;91414340;91414342,196,
PN2338,register_extract_2026-06-15,2338,390873037,Tilal AL Furjan- Phase One,تلال الفرجان - المرحلة الأولى,الفرجان ( ش.ذ.م.م ),الفرجان,Jabal Ali First,Al Furjan,FINISHED,,0,235,0,0,498,110,59112096;59112097;59112098;59112099;59112100;59112101;59112102;59112103;59112104;59112105;59112106;59112107;59112108;59112109;59112110;59112111;59112112;59112113;59112114;59112115;59112116;59112117;59112118;59112119;59112120;59112121;59112122;59112123;59112124;59112125;59112126;59112127;59112128;59112129;59112130;59112131;59112132;59112133;59112134;59112135;59112136;59112137;59112138;59112139;59112140;59112141;59112142;59112143;59112144;59112145;59112146;59112147;59112148;59112149;59112150;59112151;59112152;59112153;59112154;59112155,235,
PN3311,register_extract_2026-06-15,3311,661478569,Eden Hills,ايدين هيلز,ايدن هيلز ش.ذ.م.م,ايدن-هيلز,Hadaeq Sheikh Mohammed Bin Rashid,,ACTIVE,,0,279,0,0,184,184,63111947;63111948;63111949;63111950;63111951;63111952;63111958;63111959;63111960;63111961;63111962;63111963;63111964;63111965;63111966;63111971;63111972;63111973;63111974;63111975;63111976;63111977;63111978;63111979;63111982;63111983;63111984;63111985;63111986;63111987;63111988;63111989;63111990;63111991;63111992;63111993;63111994;63111995;63111996;63112000;63112001;63112002;63112003;63112004;63112005;63112006;63112007;63112009;63112010;63112011;63112012;63112013;63112014;63112015;63112020;63112021;63112022;63112023;63112024;63112025,279,
PN3490,register_extract_2026-06-15,3490,705124510,DAMAC ISLANDS - BALI 2,داماك ايلاندز - بالي 2,شركة داماك ايليت للاستثمار ذ.م.م,damac,Al Yelayiss 1,,NOT_STARTED,,0,338,0,0,346,15,9212702;9212703;9212704;9212712;9212745;9212836;9212837;9212909;9212919;9212942;9212944;9212964;9212965;9212986;9212988;9213009;9213061;9213062;9213084;9213102;9213131;9213148;9213204;9213205;9213224;9213226;9213255;9213256;9213257;9213279;9213303;9213304;9213371;9213372;9213400;9213425;9213426;9213427;9213433;9213447;9213451;9213479;9213495;9213519;9213529;9213530;9213545;9213611;9213612;9213613;9213629;9213630;9213727;9213728;9213757;9213788;9213789;9213790;9213807;9213815,338,
PN3706,register_extract_2026-06-15,3706,747094910,DAMAC HILLS - IVORY,داماك هيلز - ايفوري,داماك كريسنت للعقارات (ش.ذ.م.م),damac,Al Hebiah Third,DAMAC HILLS,NOT_STARTED,,0,57,0,0,95,95,67610871;67610876;67610881;67610882;67610893;67610899;67610907;67610912;67610915;67610918;67610931;67610934;67610949;67610951;67610952;67610953;67610958;67610964;67610970;67610973;67610978;67610987;67610989;67610999;67611001;67611010;67611017;67611020;67611034;67611038;67611055;67611056;67611057;67611075;67611081;67611083;67611090;67611092;67611102;67611105;67611107;67611108;67611124;67611134;67611140;67611141;67611142;67611152;67611153;67611161;67611166;67611176;67611180;67611184;67611198;67611199;67611200,57,
PN2949,register_extract_2026-06-15,2949,582741014,The Valley - Farm Gardens 2,ذا فالي - فارم جاردنز 2,إعمار للتطوير (مساهمة عامة),emaar,Al Yufrah 1,,ACTIVE,,0,256,0,0,304,33,9151591;9151592;9151593;9151594;9151595;9151596;9151597;9151598;9151599;9151601;9151603;9151604;9151605;9151607;9151608;9151609;9151610;9151611;9151613;9151614;9151615;9151616;9151617;9151618;9151619;9151621;9151623;9151624;9151625;9151626;9151627;9151628;9151629;9151630;9151632;9151633;9151634;9151635;9151636;9151637;9151638;9151639;9151640;9151641;9151642;9151644;9151645;9151646;9151647;9151648;9151650;9151652;9151653;9151654;9151655;9151656;9151657;9151658;9151659;9151661,256,
PN2506,register_extract_2026-06-15,2506,452772434,Jouri Hills,جوري هيلز,عقارات جميرا جولف ش.ذ.م.م,عقارات-جميرا-جولف,Me'Aisem First,Jumeirah Golf Estates,ACTIVE,,0,294,0,0,387,50,6850698;6851156;6851157;6851158;6851159;6851160;6851161;6851162;6851163;6851164;6851165;6851166;6851167;6851168;6851169;6851170;6851171;6851172;6851173;6851174;6851175;6851176;6851177;6851178;6851189;6851190;6851191;6851192;6851193;6851194;6851195;6851196;6851197;6851198;6851199;6851200;6851201;6851202;6851203;6851204;6851205;6851206;6851207;6851208;6851209;6851210;6851211;6851212;6851213;6851214;6851215;6851216;6851217;6851218;6851219;6851220;6851221;6851222;6851223;6851224,295,
PN1803,register_extract_2026-06-15,1803,34098121,DAMAC HILLS (2) - BASSWOOD,داماك هيلز ( 2 ) - باسوود,شركة الخط الامامي لادارة الاستثمار ش.ذ.م.م,الخط-الامامي-لاداره-الاستثمار,Madinat Hind 4,DAMAC HILLS 2,FINISHED,,0,419,0,0,801,87,91410269;91410270;91410271;91410272;91410273;91410274;91410275;91410276;91410277;91410278;91410279;91410280;91410281;91410282;91410283;91410284;91410285;91410286;91410287;91410288;91410289;91410290;91410291;91410292;91410293;91410294;91410295;91410296;91410297;91410298;91410299;91410300;91410301;91410896;91410897;91410898;91410899;91410900;91410901;91410902;91410903;91410904;91410905;91410906;91410907;91410908;91410909;91410910;91410911;91410912;91410913;91410914;91410915;91410916;91410917;91410918;91410919;91410920;91410921;91410922,419,
PN1770,register_extract_2026-06-15,1770,31820293,Redwood Park Phase2,ريد وود بارك 2,عقارات جميرا جولف ش.ذ.م.م,عقارات-جميرا-جولف,Me'Aisem First,Jumeirah Golf Estates,FINISHED,,0,40,0,0,170,3,6855668;6855669;6855670;6855671;6855672;6855673;6855674;6855675;6855676;6855677;6855678;6855679;6855680;6855681;6855702;6855703;6855704;6855975;6855982;6855983;6855984;6855985;6855986;6855987;6855992;6855993;6855994;6855995;6855996;6855997;6855998;6855999;6856000;6856001;6856002;6856003;6856004;6856010;6856011;6856012,40,
PN3475,register_extract_2026-06-15,3475,701082217,DAMAC ISLANDS - BALI 1,داماك ايلاندز - بالي 1,شركة داماك ايليت للاستثمار ذ.م.م,damac,Al Yelayiss 1,,NOT_STARTED,,0,294,0,0,306,18,9212744;9212774;9212804;9212860;9212861;9212862;9212890;9212943;9212987;9213008;9213019;9213058;9213081;9213082;9213112;9213127;9213128;9213129;9213157;9213203;9213277;9213302;9213323;9213334;9213350;9213351;9213380;9213381;9213382;9213398;9213450;9213476;9213478;9213504;9213572;9213595;9213639;9213659;9213660;9213680;9213681;9213682;9213726;9213758;9213798;9213817;9213841;9213866;9213889;9213919;9213974;9213975;9213992;9214012;9214013;9214022;9214023;9214040;9214041;9214065,294,
PN2648,register_extract_2026-06-15,2648,500711672,Mudon Al Ranim 6,مدن الرنيم 6,دبي للعقارات (ش.ذ.م.م),dubai-properties,Al Hebiah Sixth,Mudon,ACTIVE,,0,242,0,0,430,142,6770158;6770164;6770185;6770191;6770192;6770196;6770218;6770230;6770251;6771581;6771629;6771704;6771743;6771831;6771862;6771915;6772005;6772011;6772018;6772036;6772051;6772052;6772053;6772057;6772060;6772061;6772063;6772064;6772071;6772072;6772073;6772076;6772081;6772085;6772091;6772092;6772095;6772102;6772103;6772105;6772106;6772110;6772111;6772113;6772115;6772117;6772119;6772123;6772125;6772126;6772130,51,
PN4038,register_extract_2026-06-15,4038,801723576,Hayat 4,حياة 4,مؤسسه مدينه دبى للطيران,موسسه-مدينه-دبي-للطيران,Madinat Al Mataar,Dubai World Central,NOT_STARTED,,0,200,0,0,194,194,5211136;5211137;5211138;5211139;5211140;5211141;5211142;5211143;5211144;5211145;5211146;5211147;5211148;5211149;5211150;5211151;5211152;5211153;5211154;5211155;5211156;5211157;5211158;5211159;5211160;5211161;5211162;5211163;5211164;5211165;5211166;5211167;5211168;5211169;5211170;5211171;5211172;5211173;5211174;5211175;5211176;5211177;5211178;5211179;5211180;5211181;5211182;5211183;5211184;5211185;5211186;5211187;5211188;5211189;5211190;5211191;5214786,57,
PN2419,register_extract_2026-06-15,2419,424321155,Mudon Al Ranim 2,مدن الرنيم 2,دبي للعقارات (ش.ذ.م.م),dubai-properties,Al Hebiah Sixth,Mudon,FINISHED,,0,176,0,0,383,137,6770123;6770128;6770136;6770142;6770162;6770163;6770166;6770184;6770194;6770197;6770201;6770213;6770228;6770237;6770239;6770248;6770249;6771560;6771614;6771665;6771691;6771701;6771730;6771763;6771792;6771826;6771884;6771897;6771999;6772014;6772016;6772024;6772031;6772034;6772043,35,
PN2877,register_extract_2026-06-15,2877,564374501,Terra Golf Collection,تيرا غولف كوليكشن,عقارات جميرا جولف ش.ذ.م.م,عقارات-جميرا-جولف,Me'Aisem First,Jumeirah Golf Estates,ACTIVE,,0,77,0,0,125,23,6850661;6850668;6851404;6851405;6851407;6851408;6851409;6851410;6851411;6851412;6851413;6851414;6851415;6851439;6853903;6854998;6854999,17,
PN2733,register_extract_2026-06-15,2733,525290753,ALBARARI IXORA VILLAS,البراري أكسورا فيلاز,الفرجان ( ش.ذ.م.م ),الفرجان,Wadi Al Safa 3,,ACTIVE,,0,189,0,0,420,136,6455007;6455014;6455015;6456367;6456368;6456371;6456372;6456373;6456374;6456375;6456376;6456379;6456380;6456383,14,
PN3269,register_extract_2026-06-15,3269,653025699,Eden House Dubai Hills,إيدن هاوس دبي هيلز,دبي هيلز استيت ش.ذ.م.م,dubai-hills-estate,Hadaeq Sheikh Mohammed Bin Rashid,Dubai Hills Estate,PENDING,,0,32,0,0,20,20,63112429;63112430;63112431;63112432;63112433;63112434;63112435;63112436;63112437;63112438;63112439;63112440;63112441;63112442;63112443;63112444;63112445;63112446;63112447;63112448;63112449;63112450;63112451;63112452;63112453;63112454;63112455;63112456;63112457;63112458;63112459;63112460,32,
PN1108,register_extract_2026-06-15,1108,1108,JUMEIRAH VILLAGE VILLAS,جميرا فيلج فيلا,قرية جميرا (ش.ذ.م.م),قريه-جميرا,Al Barsha South Fourth,Jumeirah Village Circle,FINISHED,,0,0,0,0,0,0,6810681,1,
PN1777,register_extract_2026-06-15,1777,32627592,THE HEART OF EUROPE 1,ذا هارت اوف يوروب 1,العالم ( ش. ذ. م. م ),العالم,World Islands,The World,ACTIVE,,0,32,0,0,14,0,3035206,1,
PN3453,register_extract_2026-06-15,3453,694687844,South Park Residences By Wellington,ساوث بارك ريزيدنسز من ويلينغتون,دى اتش ايه ام منطقه حره - ذ.م.م,دي-اتش-ايه-ام,Saih Shuaib 2,,ACTIVE,,0,23,0,0,27,14,5310117,1,
PN696,register_extract_2026-06-15,696,696,INDIGO VILLE 4,إنديغو فيل 4,شركة نخيل (ش.م.خ),nakheel,Al Barsha South Fourth,Jumeirah Village Circle,FINISHED,,0,12,0,0,39,3,6817160,1,
PN3625,register_extract_2026-06-15,3625,734319486,OST Tower 11,أوست  برج رقم 11,ليوان(ش.ذ.م.م.),ليوان,Wadi Al Safa 3,Majan,PENDING,,1,1,0,213,0,0,6455937,1,702638612
PN2075,register_extract_2026-06-15,2075,181111957,GardeniaTownHomes @ wasl gate,غاردينيا تاون هومز في وصل غيت,جيه ايه جي للتطوير ش.ذ.م.م,جيه-ايه-جي-للتطوير,Jabal Ali First,Wasl Gate,FINISHED,,0,257,0,0,937,51,5912735;5912736;5912737;5912738;5912739;5912740;5912742;5912743;5912744;5912745;5912746;5912747;5912748;5912749;5912750;5912751;5912752;5912753;5912754;5912755;5912756;5912757;5912758;5912759;5912760;5912761;5912762;5912763;5912764;5912765;5912766;5912767;5912768;5912769;5912770;5912771;5912772;5912773;5912774;5912775;5912776;5912777;5912778;5912779;5912780;5912781;5912782;5912783;5912785;5912786;5912787;5912788;5912789;5912790;5912791;5912792;5912793;5912794;5912795;5912796,257,
PN1598,register_extract_2026-06-15,1598,14931522,SERENA BELLA CASA,سيرينا - بيلا كازا,دبي للعقارات (ش.ذ.م.م),dubai-properties,Wadi Al Safa 7,800 Villas,FINISHED,,0,458,0,0,1270,65,6653191;6653197;6653203;6653204;6653209;6653211;6653216;6653227;6653228;6653265;6653268;6653275;6653287;6653291;6653292;6653297;6653303;6653324;6653326;6653349;6653358;6653359;6653362;6653364;6653371;6653372;6653374;6653375;6653386;6653387;6653391;6653396;6653397;6653398;6653399;6653400;6653402;6653404;6653405;6653408;6653409;6653411;6653414;6653423;6653425;6653427;6653430;6653431;6653432;6653440;6653442;6653443;6653444;6653449;6653452;6653454;6653458;6653471;6653472;6653474,90,
PN1493,register_extract_2026-06-15,1493,11897176,BLOOMINGDALE,بلومنجديل,مدينة دبي الرياضية (ش. ذ. م. م),مدينه-دبي-الرياضيه,Al Hebiah Fourth,Dubai Sports City,FINISHED,,0,72,0,0,276,14,6820548;6820549;6820550;6820551;6820552;6820553;6820554;6820555;6820556;6820557;6820558;6820559;6820560;6820561;6820562;6820563;6820564;6820565;6820566;6820567;6820568;6820569;6820570;6820571;6820572;6820573;6820574;6820575;6820576;6820577;6820578;6820579;6820580;6820581;6820582;6820583;6820608;6820609;6820610;6820611;6820612;6820613;6820614;6820615;6820616;6820617;6820618;6820619;6820620;6820621;6820622;6820623;6820624;6820625;6820626;6820627;6820628;6820629;6820630;6820631,72,
PN1388,register_extract_2026-06-15,1388,10590210,DAMAC HILLS - THE FLORA,دماك هيلز - ذا فلورا,داماك كريسنت للعقارات (ش.ذ.م.م),damac,Al Hebiah Third,DAMAC HILLS,FINISHED,,0,67,0,0,160,14,6765412;6765413;6765414;6765487;6765500;6765501;6765502;6765506;6765507;6765508;6765509;6765510;6765511;6765512;6765513;6765514;6765515;6765516;6765517;6765518;6765519;6765520;6765521;6765522;6767318;6767319;6767320;6767322;6767323;6767325;6767326;6767327;6767329;6767331;6767333;6767335;6767336;6767338;6767339;6767340;6767341;6767343;6767345;6767346;6767349;6767350;6767351;6767354;6767355;6767362;6767369;6767370;6767371;6767372;6767373;6767374;6767375;6767376;6767377;6767378,67,
PN3025,register_extract_2026-06-15,3025,601479041,The Oasis - Mirage,ذا اويسيس - ميراج,اعمار العقارية (ش . م. ع),emaar,Me'Aisem Second,,ACTIVE,,0,204,0,0,239,24,6861351;6861352;6861353;6861354;6861355;6861356;6861357;6861358;6861359;6861360;6861361;6861362;6861363;6861366;6861367;6861368;6861369;6861370;6861371;6861372;6861373;6861375;6861376;6861377;6861378;6861379;6861380;6861381;6861382;6861384;6861385;6861386;6861387;6861389;6861390;6861391;6861392;6861393;6861397;6861398;6861399;6861400;6861401;6861402;6861403;6861404;6861405;6861406;6861407;6861408;6861409;6861410;6861411;6861412;6861413;6861414;6861415;6861416;6861417;6861418,204,
PN3822,register_extract_2026-06-15,3822,770838554,Grand Polo - Selvara,جراند بولو - سيلفارا,إعمار للتطوير (مساهمة عامة),emaar,Dubai Investment Park Second,,NOT_STARTED,,0,237,0,0,226,27,5972503;5972504;5972505;5972506;5972507;5972508;5972509;5972510;5972511;5972513;5972514;5972515;5972516;5972517;5972518;5972519;5972524;5972525;5972526;5972527;5972528;5972529;5972530;5972532;5972533;5972534;5972535;5972536;5972538;5972539;5972540;5972541;5972542;5972543;5972544;5972546;5972547;5972548;5972549;5972550;5972551;5972554;5972555;5972556;5972557;5972560;5972561;5972562;5972563;5972564;5972565;5972566;5972567;5972569;5972570;5972571;5972572;5972573;5972574;5972575,237,
PN4067,register_extract_2026-06-15,4067,808771995,Grand Polo - Chevalia Estate 2,جراند بولو - شيفاليا استيت 2,إعمار للتطوير (مساهمة عامة),emaar,Dubai Investment Park Second,,NOT_STARTED,,0,124,0,0,118,118,5973777;5973778;5973779;5973780;5973781;5973782;5973783;5973790;5973791;5973793;5973794;5973795;5973796;5973797;5973798;5973799;5973800;5973801;5973803;5973804;5973805;5973806;5973807;5973813;5973814;5973815;5973816;5973818;5973819;5973820;5973821;5973822;5973823;5973824;5973828;5973829;5973830;5973831;5973832;5973833;5973835;5973836;5973837;5973838;5973839;5973840;5973846;5973847;5973848;5973849;5973850;5973851;5973852;5973853;5973854;5973857;5973858;5973859;5973860;5973862,124,
PN3302,register_extract_2026-06-15,3302,660374493,Verdana 3,فيردانا 3,شركة تطوير مجمع دبي للاستثمار (ذ. م. م),تطوير-مجمع-دبي-للاستثمار,Dubai Investment Park First,Dubai Investment Park First,PENDING,,0,131,0,0,84,82,5981444,1,
PN2267,register_extract_2026-06-15,2267,362223445,Mohammed Bin Rashid Al Maktoum City  District One- C Villas,مدينة محمد بن راشد آل مكتوم الحي الأول ، سي فلل,مجموعة ميدان (ش.ذ.م.م),meydan,Al Merkadh,Mohammed Bin Rashid AL Maktoum City -District -1 Community,FINISHED,,0,44,0,0,100,10,3470389;3470390;3470391;3470392;3470393;3470394;3470395;3470396;3470397;3470398;3470399;3470400;3470401;3470402;3470403;3470404;3470407;3470408;3470409;3470410;3470411;3470412;3470413;3470414;3470417;3470418;3470419;3470420;3470421;3470422;3470423;3470424;3470425;3470426;3470427;3470428;3470429;3470430;3470437;3470438;3470439;3470440;3470441;3470442,44,
PN2303,register_extract_2026-06-15,2303,377333412,The Valley - Talia,ذا فالي - تاليا,إعمار للتطوير (مساهمة عامة),emaar,Al Yufrah 1,,FINISHED,,0,330,0,0,748,166,9150316;9150317;9150318;9150319;9150320;9150321;9150322;9150323;9150324;9150325;9150326;9150327;9150328;9150329;9150330;9150331;9150332;9150333;9150334;9150335;9150336;9150337;9150338;9150339;9150340;9150341;9150342;9150343;9150344;9150345;9150346;9150347;9150348;9150349;9150350;9150351;9150352;9150353;9150354;9150355;9150356;9150357;9150358;9150359;9150360;9150361;9150362;9150363;9150364;9150365;9150366;9150367;9150368,53,
PN1521,register_extract_2026-06-15,1521,12700069,Mudon-Phase 2,مدن-المرحله الثانيه (2),ام دي ان للعقارات ش.ذ.م.م,ام-دي-ان-للعقارات,Al Hebiah Sixth,Mudon,FINISHED,,0,404,0,0,1266,71,6770601;6770602;6770603;6770604;6770605;6770606;6770607;6770608;6770609;6770610;6770611;6770612;6770613;6770614;6770615;6770616;6770617;6770618;6770619;6770620;6770621;6770622;6770631;6770632;6770633;6770634;6770635;6770636;6770637;6770638;6770639;6770640;6770641;6770642;6770643;6770644;6770645;6770646;6770647;6770648;6770649;6770650;6770651;6770652;6770653;6770654;6770655;6770672;6770673;6770674;6770675;6770676;6770677;6770678;6770679;6770700;6770701;6770702;6770703;6770704,404,
PN93,register_extract_2026-06-15,93,93,LIBERTY COURT,لبيرتي كورت,اي تي ايه ستار للتطوير العقاري ش.ذ.م.م,اي-تي-ايه-ستار-للتطوير-العقاري,Zaabeel Second,,FINISHED,,0,0,0,0,0,0,3372242,1,
PN2076,register_extract_2026-06-15,2076,181242177,Villanova Amaranta A,فيلانوفا أمارانتا أ,دبي للعقارات (ش.ذ.م.م),dubai-properties,Wadi Al Safa 5,,FINISHED,,0,154,0,0,459,16,6480635;6480636;6480637;6480638;6480639;6480640;6480641;6480642;6480643;6480644;6480645;6480646;6480647;6480648;6480649;6480650;6480651;6480652;6480653;6480654;6480655;6480656;6480657;6480658;6480659,25,
PN1832,register_extract_2026-06-15,1832,42413483,AR II - Reem Community,ريم كوميونيتي - II المرابع العربيه,اعمار العقارية (ش . م. ع),emaar,Wadi Al Safa 7,Arabian Ranches II - Reem Community,FINISHED,,0,131,0,0,363,27,6653742;6653743;6653744;6653745;6653746;6653747;6653748;6653749;6653750;6653751;6653752;6653753;6653754;6653755;6653756;6653757;6653758;6653759;6653760;6653761;6653762;6653763;6653764;6653765;6653766;6653767;6653768;6653769;6653770;6653771;6653772;6653773;6653774;6653775;6653776;6653777;6653778;6653779;6653780;6653781;6653782;6653783;6653784;6653785;6653786,45,
PN1788,register_extract_2026-06-15,1788,33373089,"GREEN COMMUNITY MOTOR CITY, PHASE II - CASA FAMILIA","جرين كوميونتي موتور سيتي, فيس II - كاسا فاميليا",الاتحاد العقارية (شركة مساهمة عامة),union-properties,Al Hebiah First,Motor City,FINISHED,,0,95,0,0,191,20,6742009,1,
PN2159,register_extract_2026-06-15,2159,250683065,Arabian Ranches III - Spring,المرابع العربية ااا - ربيع,إعمار للتطوير (مساهمة عامة),emaar,Wadi Al Safa 5,,FINISHED,,0,154,0,0,359,16,6482320;6482321;6482322;6482323;6482324;6482325;6482326;6482327;6482328;6482329;6482330;6482331;6482332;6482333;6482334;6482335;6482336;6482337;6482338;6482339;6482340;6482341;6482342;6482343;6482344;6482345;6482346;6482347;6482348;6482349,30,
PN2169,register_extract_2026-06-15,2169,258568610,Sur La Mer 2,سور لامير 2,مراس العقارية (ش.ذ.م.م),meraas,Jumeirah First,LA MER,FINISHED,,0,34,0,0,84,8,3321783;3321784;3321785;3321786;3321787;3321788;3321789;3321790;3321791;3321792;3321793;3321794;3323993;3324003,14,
PN1283,register_extract_2026-06-15,1283,1283,AL FURJAN,الفرجان,شركة نخيل (ش.م.خ),nakheel,Jabal Ali First,Al Furjan,FINISHED,,1,835,0,0,2787,148,5913028;5913029;5913030;5913031;5913032;5913033;5913034;5913035;5913036;5913037;5913038;5913039;5913040;5913041;5913042;5913043;5913044;5913045;5913046;5913047;5913048;5913049;5913050;5913051;5913052;5913053;5913054;5913055;5913056;5913057;5913058;5913059;5913060;5913061;5913062;5913063;5913064;5913065;5913066;5913067;5913068;5913069;5913070;5913071;5913072;5913073;5913074;5913075;5913076;5913077;5913078;5913079;5913080;5913081;5913082;5913083;5913084;5913085;5913086;5913087,833,
PN2735,register_extract_2026-06-15,2735,525505328,DAMAC HILLS (2) - NATURA,داماك هيلز (2) - ناتورا,شركة الخط الامامي لادارة الاستثمار ش.ذ.م.م,الخط-الامامي-لاداره-الاستثمار,Madinat Hind 4,DAMAC HILLS 2,ACTIVE,,0,439,0,0,497,61,9142436;9142438;9142440;9142446;9142450;9142451;9142454;9142458;9142463;9142469;9142470;9142477;9142480;9142482;9142488;9142493;9142494;9142496;9142498;9142501;9142504;9142505;9142513;9142522;9142523;9142526;9142530;9142534;9142538;9142544;9142551;9142552;9142557;9142559;9142568;9142569;9142570;9142571;9142575;9142583;9142584;9142593;9142594;9142603;9142605;9142606;9142611;9142613;9142614;9142615;9142620;9142622;9142627;9142630;9142635;9142640;9142643;9142649;9142658;9142659,439,
PN3353,register_extract_2026-06-15,3353,673227458,Palm Jebel Ali - Frond C,C نخلة جبل علي - السعفة,شركة نخيل (ش.م.خ),nakheel,Palm Jabal Ali,Palm Jabal Ali,ACTIVE,,0,100,0,0,105,5,5011670;5011671;5011672;5011673;5011674;5011675;5011676;5011677;5011678;5011679;5011681;5011682;5011683;5011684;5011685;5011686;5011688;5011689;5011692;5011694;5011695;5011696;5011697;5011699;5011700;5011701;5011704;5011705;5011706;5011708;5011709;5011711;5011713;5011714;5011716;5011717;5011719;5011720;5011722;5011724;5011727;5011728;5011729;5011731;5011732;5011734;5011735;5011737;5011738;5011740;5011742;5011744;5011746;5011747;5011750;5011751;5011753;5011755;5011756;5011758,100,
PN3143,register_extract_2026-06-15,3143,624931033,ATHLON BY AL DAR 1,أثلون من الدار 1,دبي للعقارات (ش.ذ.م.م),dubai-properties,Wadi Al Safa 5,,ACTIVE,,0,893,0,0,934,77,64810000;64810003;64810004;64810007;64810010;64810011;64810014;64810015;64810016;64810017;64810024;64810025;64810028;64810031;64810037;64810038;64810040;64810043;64810047;64810049;64810051;64810056;64810063;64810066;64810067;64810068;64810069;64810073;64810078;64810080;64810085;64810086;64810087;64810088;64810089;64810090;64810096;64810097;64810098;64810103;64810104;64810105;64810108;64810111;64810112;64810115;64810118;64810121;64810124;64810127;64810128;64810129;64810130;64810135;64810136;64810138;64810141;64810146;64810150;64810151,405,
PN2337,register_extract_2026-06-15,2337,390769805,Tilal AL Furjan- Phase Two,تلال الفرجان - المرحلة الثانية,الفرجان ( ش.ذ.م.م ),الفرجان,Jabal Ali First,Al Furjan,FINISHED,,0,246,0,0,481,81,59111905;59111906;59111907;59111908;59111909;59111910;59111911;59111912;59111913;59111914;59111915;59111916;59111917;59111918;59111919;59111920;59111921;59111922;59111923;59111924;59111925;59111926;59111927;59111928;59111929;59111930;59111931;59111932;59111933;59111934;59111935;59111936;59111937;59111938;59111939;59111940;59111941;59111942;59111943;59111944;59111945;59111946;59111947;59111948;59111949;59111950;59111951;59111952;59111953;59111954;59111955;59111956;59111957;59111958;59111959;59111960;59111961;59111962;59111963;59111964,246,
PN2357,register_extract_2026-06-15,2357,399688749,DAMAC HILLS (2) - AMARGO 2,داماك هيلز 2 - أمارجو 2,شركة الخط الامامي لادارة الاستثمار ش.ذ.م.م,الخط-الامامي-لاداره-الاستثمار,Madinat Hind 4,DAMAC HILLS 2,FINISHED,,0,105,0,0,167,18,91410541;91410542;91410543;91410544;91410545;91410546;91410547;91410548;91410549;91410550;91410551;91410552;91410553;91410554;91410555;91410556;91410557;91412035;91412036;91412037;91412038;91412039;91412040;91412041;91412042;91413492;91413493;91413494;91413495;91413496;91413497;91413498;91413499;91413500;91414951;91414952;91414953;91414954;91414955;91414956;91414957;91414958;91414959;91414960;91416531;91416532;91416533;91416534;91416535;91416536;91416537;91416538;91416539;91416540;91416541;91416542;91416543;91418036;91418037;91418038,105,
PN3161,register_extract_2026-06-15,3161,628088499,The Valley - Velora 2,ذا فالي - فيلورا 2,إعمار للتطوير (مساهمة عامة),emaar,Al Yufrah 1,,ACTIVE,,0,312,0,0,332,19,9151918;9151927;9151933;9151952;9151956;9151989;9152003;9152025;9152083;9152098;9152123;9152138;9152143;9152191;9152192;9152200;9152220;9152237;9152257;9152291;9152328;9152347;9152378;9152383;9152405;9152412;9152420;9152426;9152451;9152474;9152475;9152493;9152500;9152533;9152573;9152589;9152597;9152600;9152621;9152681;9152685;9152709;9152712;9152724;9152738;9152779;9152792;9152814;9152831;9152872;9152895;9152916;9152927;9152964;9152989;9152992;9152997;9153034;9153048;9153062,78,
PN2336,register_extract_2026-06-15,2336,390527306,DAMAC LAGOONS - NICE 2,داماك لاجونز - نيس 2,واحة الجزيرة العقارية (ش.ذ.م.م),واحه-الجزيره-العقاريه,Al Hebiah Fifth,DAMAC Lagoons,ACTIVE,,0,0,0,0,660,47,6833791;6833793;6833825;6833827;6833850;6833851;6833869;6833876;6833899;6833926;6833932;6833956;6833967;6833992;6833994;6834017;6834044;6834045;6834053;6834077;6834108;6834109;6834117;6834138;6834139;6834140;6834168;6834171;6834201;6834235;6834239;6834268;6834277;6834338;6834359;6834360;6834370;6834388;6834391;6834447;6834474;6834475;6834482;6834507;6834513;6834563;6834571;6834591;6834626;6834632;6834636;6834663;6834685;6834695;6834715;6834723;6834743;6834780;6834817;6834841,367,
PN1595,register_extract_2026-06-15,1595,14694479,DAMAC HILLS (2) - ZINNIA,داماك هيلز ( 2 ) - زينيا,شركة الخط الامامي لادارة الاستثمار ش.ذ.م.م,الخط-الامامي-لاداره-الاستثمار,Madinat Hind 4,DAMAC HILLS 2,FINISHED,,0,486,0,0,886,92,91410931;91410932;91410933;91410934;91410936;91411600;91411601;91411602;91411603;91411604;91411605;91411606;91411607;91411608;91411609;91411610;91411611;91411612;91411613;91411614;91411615;91411616;91411617;91411618;91411619;91411620;91411621;91411622;91411623;91411624;91411625;91411626;91411627;91411628;91411629;91411630;91411631;91411632;91411633;91411634;91411635;91411636;91411637;91411638;91411639;91411640;91412367;91412368;91412369;91412370;91412371;91412372;91412375;91413018;91413019;91413020;91413021;91413022;91413023;91413024,486,
PN1622,register_extract_2026-06-15,1622,15659914,DAMAC HILLS (2) - ACUNA,داماك هيلز ( 2 ) - أكونا,شركة الخط الامامي لادارة الاستثمار ش.ذ.م.م,الخط-الامامي-لاداره-الاستثمار,Madinat Hind 4,DAMAC HILLS 2,FINISHED,,0,35,0,0,75,5,91410161;91410194;91411110;91411111;91411112;91411684;91411685;91411715;91413104;91413105;91413135;91413145;91414019;91414587;91414588;91414607;91414608;91414609;91415561;91415562;91415563;91416141;91416142;91416185;91417060;91417061;91417651;91417681;91419126;91419127;91419156;91420572;91420599;91420600;91420606,35,
PN3810,register_extract_2026-06-15,3810,769649415,Hayat 3,حياة 3,مؤسسه مدينه دبى للطيران,موسسه-مدينه-دبي-للطيران,Madinat Al Mataar,Dubai World Central,NOT_STARTED,,0,144,0,0,141,130,5211101;5211102;5211103;5211104;5211105;5211106;5211107;5211108;5211109;5211110;5211111;5211112;5211113;5211114;5211115;5211116;5211117;5211118;5211119;5211120;5211121;5211122;5211123;5211124;5211125;5211126;5211127;5211128;5211129;5211130;5211131;5211132;5211133;5211134,34,
PN3607,register_extract_2026-06-15,3607,732370688,The Wilds 3,ذا وايلدز 3,دبي لاند (ش.ذ.م.م),دبي-لاند,Wadi Al Safa 3,,NOT_STARTED,,0,408,0,0,396,36,6456620;6456629;6456630;6456633;6456634;6456635;6456636;6456637;6456638;6456639;6456640;6456641;6456642;6456644;6456645;6456648;6456649;6456652;6456653;6456658;6456659;6456664;6456669;6456670;6456671;6456675;6456684;6456687;6456694;6456695;6456697;6456699;6456701;6456702;6456706;6456708;6456712;6456720;6456721;6456729;6456737;6456738;6456739;6456750;6456789;6456839;6456840;6456842;6456843;6456846;6456850;6456851;6456855;6456857;6456859;6456860;6456863;6456864;6456867;6456868,408,
PN1101,register_extract_2026-06-15,1101,1101,JUMEIRAH ISLANDS MANSIONS,قصور جزر جميرا,شركة نخيل (ش.م.خ),nakheel,Al Thanyah Fifth,Jumeirah Islands,FINISHED,,0,767,0,0,130,4,3934108;3934109;3934110;3934111;3934112;3934113;3934114;3934115;3934116;3934117;3934118;3934119;3934120;3934121;3934122;3934123;3934124;3934125;3934126;3934127;3934128;3934129;3934130;3934131;3934132;3934133;3934134;3934135;3934136;3934137;3934138,31,
PN3730,register_extract_2026-06-15,3730,752952418,Waada - Rayhan 1,وعد - ريحان 1,مؤسسه مدينه دبى للطيران,موسسه-مدينه-دبي-للطيران,Madinat Al Mataar,Dubai World Central,NOT_STARTED,,0,287,0,0,145,61,5211370;5211371;5211372;5211373;5211374;5211375;5211376;5211377;5211378;5211379;5211380;5211381;5211382;5211383;5211384;5211385;5211386;5211387;5211388;5211389;5211390;5211391;5211392;5211393;5211394;5211395;5211396;5211397;5211398;5211399;5211400;5211401;5211402;5211403;5211404;5211405;5211406;5211407;5211408;5211409;5211410;5211411;5211412;5211413;5211414;5211415;5211416,47,
PN2519,register_extract_2026-06-15,2519,459645904,Fairway Villas,فيرواي فيلاز,إعمار دبي الجنوب دي دبليو سي ش.ذ.م.م,emaar,Madinat Al Mataar,Dubai World Central,ACTIVE,,0,49,0,0,89,26,5211865;5211866;5211867;5211868;5211869;5211870;5211871;5211872;5211873;5211874;5211875;5211876;5211877;5211878;5211879;5211880;5211881;5211882;5211883;5211884;5211885;5211886;5211887;5211888;5211889;5211890;5211891;5211892;5211893;5211894;5211895;5211896;5211897;5211898;5211899;5211900;5211901;5211902;5211903;5211904;5211905;5211906;5211907;5211908;5211909;5211910;5211911;5211912;5211913,49,
PN2445,register_extract_2026-06-15,2445,434606131,CHORISIA 2 VILLAS,كوريسيا 2 فيلاز,شركة أبواب العقارية المحدودة (ش.ذ.م.م),ابواب-العقاريه-المحدوده,Wadi Al Safa 3,,FINISHED,,0,57,0,0,189,17,6454092;6454473;6454474;6454475;6454476;6454477;6454478;6454479;6454480;6454481;6454482;6454483;6454484;6454485;6454486;6454487;6454488;6454489;6454490;6454491;6454492;6454493;6454494;6454495;6454496;6454497;6454498;6454499;6454500,29,
PN2598,register_extract_2026-06-15,2598,484279787,Palm Jebel Ali - Frond I,I نخلة جبل علي - السعفة,شركة نخيل (ش.م.خ),nakheel,Palm Jabal Ali,Palm Jabal Ali,NOT_STARTED,,0,20,0,0,0,0,5010111;5010112;5010113;5010114;5010115;5010116;5010117;5010118;5010119;5010120;5010121;5010122;5010123;5010124;5010125;5010126;5010127;5010128;5010129;5010130;5010131;5010132;5010133;5010134;5010135;5010136;5010137;5012615;5012616;5012835;5012836;5012837;5012838;5012839,34,
PN2355,register_extract_2026-06-15,2355,396905269,Arabian Ranches lll - Bliss 2,المرابع العربية ااا - بليس 2,إعمار للتطوير (مساهمة عامة),emaar,Wadi Al Safa 5,,ACTIVE,,0,269,0,0,425,49,6484119;6484138;6484170;6484221;6484239;6484249;6484254;6484265;6484266;6484280;6484290;6484293;6484307;6484346;6484349;6484357;6484375;6484376;6484396;6484412;6484437;6484446;6484470;6484492;6484528;6484534;6484554;6484557;6484570;6484574;6484601;6484620;6484624;6484629;6484660;6484667;6484668;6484703;6484720;6484724;6484726;6484752;6484773;6484812;6484825;6484832;6484833;6484857;6484861;6484892;6484897;6484932;6484935;6484948;6484950;6484976,56,
PN3641,register_extract_2026-06-15,3641,737900646,Park Gate 2,بارك جيت 2,دبي هيلز استيت ش.ذ.م.م,dubai-hills-estate,Hadaeq Sheikh Mohammed Bin Rashid,DUBAI HILLS,ACTIVE,,0,17,0,0,17,1,63111880;63111881;63111882;63111884;63111885;63111887;63111889;63111890;63111891;63111892;63111893;63111894;63111895;63111897;63111898;63111900;63111901,17,
PN1671,register_extract_2026-06-15,1671,24600906,THE HEART OF EUROPE,ذا هيرت أوف يورب,العالم ( ش. ذ. م. م ),العالم,World Islands,The World,ACTIVE,,0,10,0,0,1,0,3035206,1,
PN2542,register_extract_2026-06-15,2542,469488640,Signature Mansions,سيجنتشر مانشينز,عقارات جميرا جولف ش.ذ.م.م,عقارات-جميرا-جولف,Me'Aisem First,Jumeirah Golf Estates,ACTIVE,,0,18,0,0,21,3,6856259,1,
PN1102,register_extract_2026-06-15,1102,1102,INTERNATIONAL CITY LAKE DISTRICT,انترناشونال سيتي ليك ديستريكت,شركة نخيل (ش.م.خ),nakheel,Al Warsan First,International City Phase 1,CONDITIONAL_ACTIVATING,,33,0,0,0,19,0,6212058;6212059,2,
PN1091,register_extract_2026-06-15,1091,1091,MIRABELLA 6,ميرابيلا 6,قرية جميرا (ش.ذ.م.م),قريه-جميرا,Al Barsha South Fourth,Jumeirah Village Circle,FINISHED,,0,16,0,0,99,1,6816407,1,
PN1654,register_extract_2026-06-15,1654,21384345,SIGNATURE VILLAS XIV,سجنتشر فيلا XIV,قرية جميرا (ش.ذ.م.م),قريه-جميرا,Al Barsha South Fourth,Jumeirah Village Circle,FINISHED,,0,12,0,0,39,1,6817242,1,
PN2209,register_extract_2026-06-15,2209,300806970,Murano Residence 5,مورانو ريزيدنس 5,الفرجان ( ش.ذ.م.م ),الفرجان,Jabal Ali First,Al Furjan,FINISHED,,0,0,0,0,4,0,5912290,1,
PN1327,register_extract_2026-06-15,1327,4741971,LA AVENIDA-2,لا أفينيدا - 2,اعمار العقارية (ش . م. ع),emaar,Wadi Al Safa 6,,FINISHED,,0,33,0,0,111,7,6648559;6648560;6648561;6648562;6648563;6648564;6648565;6648566;6648568;6648653;6648654;6648655;6648656;6648657;6648658;6648659;6648660;6648661;6648662;6648663;6648664;6648665;6648666;6648667;6648668;6648669;6648670;6648671;6648672;6648673;6648676;6648677;6648678,33,
PN2503,register_extract_2026-06-15,2503,452237546,"Mohammed Bin Rashid Al Maktoum City, District 11- Opal Gardens",مدينة محمد بن راشد آل مكتوم، ديستريكت 11 - أوبال جاردنز,كرستال ثري ش.ذ.م.م-منطقة حرة,كرستال-ثري,Wadi Al Safa 3,Mohammed Bin Rashid AL Maktoum District 11,ACTIVE,,0,435,0,0,631,67,6453196;6454504;6454505;6454506;6454508;6454509;6454510;6454511;6454512;6454513;6454515;6454516;6454518;6454519;6454522;6454523;6454524;6454525;6454528;6454531;6454532;6454533;6454535;6454536;6454537;6454538;6454540;6454541;6454542;6454543;6454544;6454546;6454547;6454548;6454549;6454550;6454551;6454552;6454553;6454555;6454556;6454557;6454558;6454559;6454561;6454562;6454563;6454564;6454565;6454566;6454568;6454569;6454570;6454571;6454572;6454573;6454574;6454575;6454576;6454577,355,
PN1387,register_extract_2026-06-15,1387,10589568,DAMAC HILLS - THE TURF,دماك هيلز - ذا ترف,داماك كريسنت للعقارات (ش.ذ.م.م),damac,Al Hebiah Third,DAMAC HILLS,FINISHED,,0,64,0,0,155,10,6762374;6762375;6762380;6762382;6762384;6762391;6762393;6762395;6762397;6762398;6762399;6762401;6762402;6762403;6762405;6762409;6762411;6763121;6763122;6763123;6763124;6763132;6765659;6765660;6765661;6765662;6767233;6767234;6767237;6767238;6767240;6767241;6767243;6767244;6767245;6767246;6767248;6767249;6767251;6767253;6767254;6767255;6767258;6767262;6767263;6767267;6767268;6767269;6767270;6767271;6767273;6767275;6767277;6767279;6767280;6767281;6767314;6769450;6769451;6769454,64,
PN1349,register_extract_2026-06-15,1349,8291241,DAMAC HILLS - BROOKFIELD-1,داماك هيلز - بروكفيلد -1,داماك كريسنت للعقارات (ش.ذ.م.م),damac,Al Hebiah Third,DAMAC HILLS,FINISHED,,0,67,0,0,337,15,6762746;6762747;6762894;6762898;6765707;6765715;6766825;6766826;6766827;6766828;6766829;6766830;6766831;6766832;6766833;6766834;6766835;6766836;6766837;6766838;6766839;6766840;6766841;6766842;6766843;6766844;6766845;6766846;6766847;6766848;6766849;6766850;6766851;6766852;6766853;6766854;6766855;6766858;6766859;6766860;6766861;6766862;6766863;6766864;6766865;6766866;6766867;6766868;6766869;6766870;6766871;6766872;6766873;6766874;6766875;6766876;6766877;6766878;6766879;6766880,72,
PN1031,register_extract_2026-06-15,1031,576205093,Emirates Living - Springs 1,روعة الإمارات ? الينابيع 1,اعمار العقارية (ش . م. ع),emaar,Al Thanayah Fourth,,FINISHED,,0,242,0,0,968,54,3943609;3943640;3943642;3943643;3943652;3943653;3943655;3943656;3943657;3943663;3943665;3943666;3943669;3943670;3943675;3943677;3943678;3943679;3943680;3943681;3943682;3943684;3943685;3943692;3943693;3943694;3943696;3943697;3943698;3943699;3943700;3943704;3943706;3943708;3943709;3943710;3943711;3943712;3943752;3943753;3943755;3943756;3943758;3943759;3943760;3943761;3943763;3943768;3943775;3943776;3943778;3943779;3943780;3944476;3944478;3944479;3944480;3944493;3944494;3944496,72,
PN1019,register_extract_2026-06-15,1019,566963982,Arabian Ranches -La Avenida I,المرابع العربية ? لا فينيدا 1,اعمار العقارية (ش . م. ع),emaar,Wadi Al Safa 6,Arabian Ranches - 1,FINISHED,,0,17,0,0,77,0,6647780;6647782;6647783;6647784;6647785;6647786;6647787;6647789;6647801;6647807;6647808;6647819;6647821;6647822;6647824;6647825;6647826,17,
PN2182,register_extract_2026-06-15,2182,277334782,Golf Place ll,جولف بلايس اا,دبي هيلز استيت ش.ذ.م.م,dubai-hills-estate,Hadaeq Sheikh Mohammed Bin Rashid,DUBAI HILLS - GOLF TERRACES,FINISHED,,0,128,0,0,308,35,6310183;6310184;6310199;6310200;6310201;6310202;6310204;6310207;6310210;6310228;6310234;6310239;6310244;6310255;6310260;6310263;6310265;6310268;6310271;6310299;6310302;6310304;6310306;6310308;6310312;6310315;6310318;6310319;6310327;6310362;6310370;6310402;63110668;63110806;63110807;63110808;63110809;63110810;6311106;6311134;6311200;6311219;6311220;6311236;6311266;6311352;6311358;6311385;6311429;6311448;6311454;6312007;6312028;6312161;6312165;6313318;6313370;6314057;6314102;6314129,128,
PN3866,register_extract_2026-06-15,3866,784607360,Grand Polo - Selvara 3,جراند بولو - سيلفارا 3,إعمار للتطوير (مساهمة عامة),emaar,Dubai Investment Park Second,,NOT_STARTED,,0,138,0,0,86,78,5972799;5972800;5972801;5972802;5972803;5972804;5972805;5972806;5972807;5972808;5972809;5972811;5972813;5972814;5972815;5972816;5972818;5972819;5972820;5972821;5972822;5972823;5972824;5972826;5972827;5972829;5972830;5972831;5972837;5972838;5972839;5972840;5972841;5972842;5972844;5972865;5972866;5972868;5972869;5972870;5972873;5972874;5972875;5972876;5972877;5972878;5972879;5972880;5972882;5972883;5972884;5972888;5972889;5972890;5972891;5972892;5972893;5972894;5972895;5972896,138,
PN3031,register_extract_2026-06-15,3031,602084245,The Oasis - Palmiera 2,ذا اويسيس - بالمييرا 2,اعمار العقارية (ش . م. ع),emaar,Me'Aisem Second,,ACTIVE,,0,56,0,0,69,8,6861176;6861177;6861178;6861179;6861180;6861181;6861182;6861183;6861184;6861185;6861186;6861187;6861188;6861189;6861190;6861191;6861192;6861193;6861194;6861195;6861196;6861197;6861198;6861199;6861200;6861201;6861202;6861203;6861204;6861205;6861206;6861207;6861208;6861209;6861210;6861211;6861212;6861213;6861214;6861222;6861223;6861224;6861225;6861226;6861227;6861228;6861229;6861230;6861231;6861232;6861233;6861234;6861236;6861237;6861238;6861239,56,
PN1377,register_extract_2026-06-15,1377,10158115,ARABIAN RANCHES - PALMA COMMUNITY,أرابيان رانشز - مجمع بالما,اعمار العقارية (ش . م. ع),emaar,Wadi Al Safa 7,Arabian Ranches II - PALMA,FINISHED,,0,121,0,0,419,34,6654116;6654117;6654118;6654119;6654120;6654121;6654122;6654123;6654124;6654125;6654126;6654127;6654128;6654129;6654130;6654131;6654132;6654133;6654134;6654135;6654136;6654137;6654138;6654139;6654140;6654141;6654142;6654143;6654144;6654145;6654146;6654147;6654148;6654149;6654150;6654151;6654152;6654153;6654154;6654155;6654156;6654157;6654158;6654159;6654160;6654161;6654162;6654163;6654164;6654165;6654166;6654167;6654168;6654169;6654170;6654171;6654172;6654173;6654174;6654175,122,
PN2854,register_extract_2026-06-15,2854,557892116,The Woodland Residences,دا وودلاند ريزيدنسز,مجموعة ميدان (ش.ذ.م.م),meydan,Wadi Al Safa 3,Mohammed Bin Rashid AL Maktoum District 11,ACTIVE,,0,30,0,0,33,1,6454922,1,
PN1525,register_extract_2026-06-15,1525,12753412,Villa Lantana 2,فيلا لانتانا 2,تيكوم للإستثمارات منطقة حرة- ذ.م.م,تيكوم-للاستثمارات,Al Barshaa South Second,Dubiotech,FINISHED,,0,164,0,0,544,17,6726828;6726829;6726830;6726831;6726832;6726833;6726834;6726835;6726836;6726837;6726838;6726839;6726840;6726841;6726843;6726844;6726845;6726846;6726847;6726848;6726875;6726876;6726877;6726878;6726888;6726889;6726890;6726891;6726892;6726893;6726894;6726895;6726896;6726897;6726898;6726899;6726900;6726901;6726902;6726903;6726904;6726905;6726906;6726907;6726908;6726909;6726910;6726911;6726912;6726914;6726915;6726916;6726975;6726976;6726977;6726978;6726979;6726980;6726981;6726982,165,
PN1337,register_extract_2026-06-15,1337,6969288,MUDON,مدن,دبي لاند ريزيدنسز (ش.ذ.م.م),دبي-لاند-ريزيدنسز,Al Hebiah Sixth,Mudon,FINISHED,,0,400,0,0,1270,66,6770279;6770280;6770282;6770283;6770284;6770285;6770286;6770287;6770288;6770289;6770290;6770291;6770292;6770293;6770294;6770295;6770296;6770297;6770298;6770299;6770300;6770301;6770302;6770303;6770304;6770305;6770306;6770307;6770308;6770309;6770310;6770311;6770312;6770313;6770314;6770315;6770316;6770317;6770318;6770319;6770320;6770321;6770322;6770323;6770324;6770325;6770326;6770327;6770328;6770329;6770330;6770331;6770332;6770333;6770334;6770335;6770336;6770337;6770338;6770339,400,
PN2160,register_extract_2026-06-15,2160,250908494,DAMAC HILLS - THE TRUMP ESTATES 3,داماك هيلز - ذي ترامب ايستايتس 3,داماك كريسنت للعقارات (ش.ذ.م.م),damac,Al Hebiah Third,DAMAC HILLS,FINISHED,,0,13,0,0,23,1,6765758;6765765;6765782;6765785;6765793;6765794;6765803;6765849;6765882;6765883;6765891;6765892;6765894,13,
PN1539,register_extract_2026-06-15,1539,12928500,ROYAL GOLF VILLAS,رويال جولف فيلا,شركة داماك العقارية (ش.ذ.م.م),damac,Me'Aisem First,Jumeirah Golf Estates,FINISHED,,0,33,0,0,139,10,6850412;6850413;6850414;6850415;6850416;6850417;6850418;6850419;6850430;6850431;6850432;6850433;6850434;6850483;6850484;6850485;6850486;6850487;6850488;6850489;6850490;6850491;6850492;6850493;6850494;6850495;6850496;6850497;6851353;6851354;6851355;6851356;6851357,33,
PN2716,register_extract_2026-06-15,2716,519481732,THE WATERSIDE VILLAS BY ELLINGTON,ذا واترسايد فيلاز من إلينغتون,مجموعة ميدان (ش.ذ.م.م),meydan,Wadi Al Safa 3,Mohammed Bin Rashid AL Maktoum District 11,ACTIVE,,0,17,0,0,19,3,6454950,1,
PN174,register_extract_2026-06-15,174,174,SIENNA  LAKES,سينا ليكس,عقارات جميرا جولف ش.ذ.م.م,عقارات-جميرا-جولف,Me'Aisem First,Jumeirah Golf Estates,FINISHED,,0,67,0,0,291,24,6855421;6855422;6855423;6855424;6855425;6855426;6855427;6855428;6855429;6855430;6855431;6855432;6855433;6855434;6855435;6855436;6855437;6855438;6855439;6855440;6855441;6855442;6855443;6855444;6855445;6855446;6855447;6855448;6855449;6855450;6855451;6855452;6855453;6855454;6855455;6855456;6855457;6855458;6855459;6855460;6855461;6855462;6855463;6855464;6855465;6855466;6855467;6855468;6855469;6855470;6855471;6855472;6855474;6855475;6855476;6855477;6855478;6855479;6855480;6855481,68,
PN2177,register_extract_2026-06-15,2177,275854888,Arabian Ranches lll - Ruba,المرابع العربية ااا- ربى,إعمار للتطوير (مساهمة عامة),emaar,Wadi Al Safa 5,,FINISHED,,0,430,0,0,992,58,6482820;6482825;6482830;6482835;6482843;6482847;6482852;6482872;6482882;6482884;6482889;6482900;6482905;6482912;6482918;6482931;6482937;6482945;6482946;6482962;6482964;6482965;6482967;6482968;6482998;6483000;6483784;6483785;6483787;6483788;6483803;6483806;6483808;6483824;6483851;6483852;6483855;6483865;6483867;6483891;6483901;6483914;6483917;6483922;6483926;6483929;6483932;6483960;6483961;6483974;6483975;6483989;6483990;6483993;6483995;6484016;6484017;6484023;6484045;6484051,65,
PN2156,register_extract_2026-06-15,2156,248517131,La Rosa,لا روزا,دبي للعقارات (ش.ذ.م.م),dubai-properties,Wadi Al Safa 5,,FINISHED,,0,154,0,0,304,20,6480660;6480661;6480663;6480664;6480665;6481868;6481869;6481870;6481871;6481872;6481873;6481874;6481875;6481876;6481877;6481878;6481879;6481880;6481881;6481882;6481883;6481884;6481885;6481886;6481887;6481888;6481889;6481890;6481891;6481892;6481893;6481894;6481895;6481896;6481897;6481898;6483595,37,
PN3361,register_extract_2026-06-15,3361,675851543,Knightsbridge Park,نايتس بريدج بارك,مجموعة ميدان (ش.ذ.م.م),meydan,Wadi Al Safa 3,Mohammed Bin Rashid AL Maktoum District 11,NOT_STARTED,,0,66,0,0,49,31,6454960,1,
PN1278,register_extract_2026-06-15,1278,1278,GOLF HOMES,منازل الجولف,اعمار العقارية (ش . م. ع),emaar,Wadi Al Safa 6,Arabian Ranches - Golf Homes,FINISHED,,0,1,0,0,7,1,6642825,1,
PN3128,register_extract_2026-06-15,3128,621300950,Mira Villas designed by Bentley Home,فلل ميرا المصممة من بنتلي هوم,مجموعة ميدان (ش.ذ.م.م),meydan,Wadi Al Safa 3,Mohammed Bin Rashid AL Maktoum District 11,ACTIVE,,0,36,0,0,13,8,6454927,1,
PN3137,register_extract_2026-06-15,3137,624794241,Discovery Dunes,ديسكفري ديونز,مؤسسه مدينه دبى للطيران,موسسه-مدينه-دبي-للطيران,Madinat Al Mataar,Dubai World Central,ACTIVE,,0,80,0,0,237,88,5211235;5211236;5211237;5211238;5211239;5211240;5211241;5211242;5211243;5211244;5211245;5211246;5211247;5211248;5211249;5211250;5211251;5211252;5211253;5211254;5211255;5211256;5211257;5211258;5211259;5211260;5211261;5211262;5211263;5211264;5211265;5211266;5211267;5211268;5211269;5211270;5211271;5211272;5211273;5211274;5211275;5211276;5211277;5211278;5211279;5211280;5211281;5211282;5211283;5211285;5211286;5211287;5211288;5211289;5211290;5211291;5211292;5211293;5211294;5211295,123,
PN1767,register_extract_2026-06-15,1767,31252039,DAMAC HILLS (2) - VARDON,داماك هيلز ( 2 ) - فاردون,شركة الخط الامامي لادارة الاستثمار ش.ذ.م.م,الخط-الامامي-لاداره-الاستثمار,Madinat Hind 4,DAMAC HILLS 2,FINISHED,,0,692,0,0,1297,126,91410778;91410779;91410780;91410781;91410783;91410784;91410785;91410786;91410787;91410788;91410789;91410790;91410791;91410792;91410794;91410795;91410796;91410797;91410798;91410799;91410800;91410801;91410802;91410803;91410804;91410805;91410806;91410807;91410808;91410809;91410810;91410811;91410812;91410813;91411045;91411046;91411047;91411048;91411049;91411050;91411051;91411052;91411053;91411054;91411055;91411056;91411057;91411058;91411059;91411060;91411061;91411062;91411063;91411064;91411065;91411066;91411067;91411068;91411069;91411070,692,
PN3800,register_extract_2026-06-15,3800,767449754,DAMAC ISLANDS - SEYCHELLES 2,داماك ايلاندز - سيشيل 2,شركة داماك ايليت للاستثمار ذ.م.م,damac,Al Yelayiss 1,,NOT_STARTED,,0,474,0,0,451,264,92110013;92110025;9212721;9212723;9212734;9212748;9212786;9212787;9212812;9212814;9212815;9212824;9212838;9212841;9212850;9212877;9212921;9212922;9212923;9212947;9212948;9212950;9212976;9212977;9212978;9213047;9213049;9213064;9213073;9213074;9213096;9213107;9213118;9213132;9213142;9213182;9213216;9213217;9213218;9213260;9213261;9213285;9213318;9213329;9213340;9213354;9213355;9213387;9213402;9213413;9213483;9213491;9213514;9213516;9213531;9213532;9213541;9213556;9213557;9213581,474,
PN3174,register_extract_2026-06-15,3174,631449927,The Valley - Rivera,ذا فالي - ريفيرا,إعمار للتطوير (مساهمة عامة),emaar,Al Yufrah 1,,NOT_STARTED,,0,378,0,0,384,10,9151917;9151921;9151954;9151955;9151968;9151975;9151988;9151991;9151994;9152005;9152023;9152041;9152042;9152048;9152049;9152056;9152071;9152075;9152081;9152082;9152097;9152104;9152105;9152109;9152121;9152132;9152137;9152158;9152178;9152182;9152187;9152194;9152199;9152208;9152214;9152225;9152226;9152232;9152234;9152236;9152242;9152255;9152256;9152265;9152266;9152271;9152303;9152309;9152310;9152317;9152327;9152356;9152362;9152363;9152369;9152373;9152392;9152402;9152415;9152417,189,
PN2396,register_extract_2026-06-15,2396,417765812,DAMAC LAGOONS - VENICE (1),داماك لاجونز - فينيس (1),واحة الجزيرة العقارية (ش.ذ.م.م),واحه-الجزيره-العقاريه,Al Hebiah Fifth,DAMAC Lagoons,ACTIVE,,0,0,0,0,645,78,6833787;6833788;6833814;6833815;6833863;6833890;6833891;6833897;6833918;6833923;6833952;6833979;6834005;6834036;6834066;6834067;6834069;6834098;6834124;6834128;6834132;6834162;6834190;6834191;6834196;6834227;6834260;6834261;6834287;6834293;6834380;6834381;6834406;6834407;6834408;6834411;6834412;6834413;6834436;6834492;6834493;6834527;6834528;6834551;6834582;6834584;6834585;6834650;6834676;6834706;6834709;6834732;6834736;6834737;6834764;6834766;6834767;6834793;6834797;6834834,344,
PN2844,register_extract_2026-06-15,2844,556151406,South Bay 4 Premium,خليج الجنوب 4 بريمييوم,مؤسسه مدينه دبى للطيران,موسسه-مدينه-دبي-للطيران,Madinat Al Mataar,Dubai South Residential District,ACTIVE,,0,138,0,0,155,14,5213899;5213900;5213901;5213902;5213903;5213904;5213905;5213906;5213907;5213908;5213909;5213910;5213911;5213912;5213913;5213914;5213915;5213916;5213917;5213918;5213919;5213920;5213921;5213922;5213923;5213924;5213925;5213926;5213927;5213928;5213929;5213930;5213931;5213932;5213933;5213934;5213935;5213936;5213937;5213938;5213939;5213940;5213941;5213942;5213943;5213944;5213945;5213946;5213947,49,
PN2400,register_extract_2026-06-15,2400,418653553,DAMAC LAGOONS - MALTA (1),داماك لاجونز - مالتا (1),واحة الجزيرة العقارية (ش.ذ.م.م),واحه-الجزيره-العقاريه,Al Hebiah Fifth,,ACTIVE,,0,760,0,0,1236,176,68310006;68310014;68310015;68310016;68310034;68310042;68310043;68310074;68310075;68310120;68310127;68310128;68310129;68310130;68310132;68310135;68310136;68310137;68310162;68310196;68310213;68310214;68310222;68310223;68310224;68310244;68310245;68310252;68310253;68310255;68310274;68310281;68310283;68310314;68310333;68310340;68310341;68310342;68310343;68310363;68310399;68310457;68310458;68310460;68310465;68310466;68310467;68310468;68310491;68310492;68310493;68310494;68310517;68310518;68310524;68310525;68310554;68310578;68310586;68310588,760,
PN1840,register_extract_2026-06-15,1840,44327175,DAMAC HILLS (2) - AMARGO,داماك هيلز ( 2 ) - أمارجو,شركة الخط الامامي لادارة الاستثمار ش.ذ.م.م,الخط-الامامي-لاداره-الاستثمار,Madinat Hind 4,DAMAC HILLS 2,FINISHED,,0,398,0,0,677,61,91410520;91410521;91410522;91410523;91410524;91410525;91410526;91410527;91410528;91410529;91410530;91410531;91410532;91410533;91410534;91410558;91410559;91410560;91410561;91410562;91410563;91410564;91410565;91410566;91410567;91410568;91410569;91410686;91410687;91410688;91410689;91410690;91410691;91410692;91410693;91410694;91410695;91410696;91410697;91410698;91410699;91410700;91410701;91410702;91410703;91410704;91410705;91410706;91410707;91410708;91410709;91410710;91412017;91412018;91412019;91412020;91412021;91412022;91412023;91412024,398,
PN1821,register_extract_2026-06-15,1821,37495991,DAMAC HILLS (2) - MIMOSA,داماك هيلز ( 2 ) - ميموزا,شركة الخط الامامي لادارة الاستثمار ش.ذ.م.م,الخط-الامامي-لاداره-الاستثمار,Madinat Hind 4,DAMAC HILLS 2,FINISHED,,0,338,0,0,570,47,91410638;91410639;91410640;91410641;91410642;91410850;91410851;91410852;91410853;91410854;91410855;91410856;91410857;91410858;91410859;91410860;91410861;91410862;91410863;91410864;91410865;91410866;91410867;91410868;91410869;91410870;91410871;91410872;91410873;91410874;91410875;91410876;91410877;91410878;91410879;91410880;91410881;91410882;91410883;91410884;91410885;91410886;91410887;91410888;91410889;91410890;91410891;91410892;91412112;91412113;91412114;91412115;91412309;91412310;91412311;91412312;91412313;91412314;91412315;91412316,338,
PN1599,register_extract_2026-06-15,1599,14959806,DAMAC HILLS (2) - SYCAMORE,داماك هيلز ( 2 ) - سيكامور,شركة الخط الامامي لادارة الاستثمار ش.ذ.م.م,الخط-الامامي-لاداره-الاستثمار,Madinat Hind 4,DAMAC HILLS 2,FINISHED,,0,184,0,0,336,43,91410437;91410438;91410439;91410440;91410441;91410442;91410443;91410444;91410445;91410446;91410447;91410448;91410449;91410451;91410452;91410453;91410454;91410455;91410456;91410457;91410458;91410459;91410460;91410461;91410462;91411951;91411952;91411953;91411954;91411955;91411956;91411957;91411958;91411959;91411960;91411962;91411964;91411965;91411966;91411967;91411968;91411969;91411970;91411971;91411972;91411973;91411974;91411975;91411976;91411977;91413387;91413388;91413389;91413390;91413391;91413392;91413393;91413394;91413395;91413396,184,
PN2604,register_extract_2026-06-15,2604,488289959,Fairway Villas 2,فيرواي فيلاز 2,إعمار دبي الجنوب دي دبليو سي ش.ذ.م.م,emaar,Madinat Al Mataar,Dubai World Central,ACTIVE,,0,309,0,0,386,38,5212394;5212395;5212396;5212397;5212398;5212399;5212400;5212401;5212402;5212403;5212404;5212405;5212406;5212407;5212408;5212409;5212410;5212411;5212412;5212413;5212414;5212415;5212416;5212417;5212418;5212419;5212420;5212421;5212422;5212423;5212424;5212425;5212426;5212427;5212428;5212429;5212430;5212431;5212432;5212433;5212434;5212435;5212436;5212437;5212438;5212439;5212440;5212441;5212442;5212443;5212444;5212445;5212446;5212447;5212448;5212449;5212450;5212451;5212452;5212453,309,
PN2367,register_extract_2026-06-15,2367,402657132,The Pulse Beachfront 3,النبض الشاطئ 3,مؤسسه مدينه دبى للطيران,موسسه-مدينه-دبي-للطيران,Madinat Al Mataar,Dubai South Residential District,FINISHED,,0,291,0,0,678,218,5214259;5214260;5214261;5214262;5214280;5214281;5214282;5214283;5214284;5214285;5214286;5214287;5214288;5214289;5214308;5214309;5214310;5214311;5214312;5214313;5214314;5214315;5214316;5214317;5214318;5214319;5214320;5214321;5214589;5214590;5214591;5214592;5214593;5214594;5214596;5214597;5214598;5214599;5214600;5214601;5214602;5214603;5214604;5214605;5214606;5214607;5214608;5214609;5214610;5214611;5214612;5214613;5214614;5214615;5214616;5214617;5214618;5214619;5214620;5214621,100,
PN1873,register_extract_2026-06-15,1873,53444554,Serena - Casa Viva,سيرينا - كاسا فيفا,دبي للعقارات (ش.ذ.م.م),dubai-properties,Wadi Al Safa 7,800 Villas,FINISHED,,0,494,0,0,1137,81,6653185;6653186;6653187;6653192;6653193;6653194;6653195;6653196;6653198;6653199;6653200;6653201;6653202;6653205;6653206;6653207;6653208;6653210;6653230;6653231;6653232;6653233;6653234;6653235;6653236;6653238;6653239;6653240;6653243;6653244;6653246;6653247;6653248;6653249;6653250;6653253;6653255;6653259;6653263;6653273;6653274;6653276;6653283;6653284;6653289;6653298;6653299;6653300;6653304;6653311;6653312;6653320;6653323;6653325;6653330;6653335;6653336;6653339;6653340;6653342,120,
PN3809,register_extract_2026-06-15,3809,769609649,Hayat 2,حياة 2,مؤسسه مدينه دبى للطيران,موسسه-مدينه-دبي-للطيران,Madinat Al Mataar,Dubai World Central,NOT_STARTED,,0,142,0,0,138,136,5211061;5211062;5211063;5211064;5211065;5211066;5211067;5211068;5211069;5211070;5211071;5211072;5211073;5211074;5211075;5211076;5211077;5211078;5211079;5211080;5211081;5211082;5211083;5211084;5211085;5211086;5211087;5211088;5211089;5211090;5211091;5211092;5211093;5211094;5211095;5211096;5211097;5211098;5211099,39,
PN3051,register_extract_2026-06-15,3051,606412016,South Bay 6 Premium,خليج الجنوب 6 بريميوم,مؤسسه مدينه دبى للطيران,موسسه-مدينه-دبي-للطيران,Madinat Al Mataar,Dubai South Residential District,ACTIVE,,0,189,0,0,194,18,5214054;5214055;5214056;5214057;5214058;5214059;5214060;5214061;5214062;5214063;5214064;5214065;5214066;5214067;5214068;5214069;5214070;5214071;5214072;5214073;5214074;5214075;5214076;5214077;5214078;5214079;5214080;5214081;5214082;5214083;5214084;5214085;5214086;5214092;5214093;5214094;5214095;5214096;5214097;5214098;5214099;5214100;5214101;5214102;5214103;5214104;5214105;5214106;5214107;5214108;5214109;5214110;5214111;5214112;5214113;5214114;5214115;5214116;5214117;5214118,78,
PN2596,register_extract_2026-06-15,2596,484267390,Palm Jebel Ali - Frond K,K نخلة جبل علي - السعفة,شركة نخيل (ش.م.خ),nakheel,Palm Jabal Ali,Palm Jabal Ali,ACTIVE,,0,114,0,0,123,3,5010315;5010316;5010317;5010318;5010319;5010320;5010321;5010322;5010323;5010324;5010325;5010326;5010327;5010328;5010329;5010330;5010331;5010332;5010333;5010334;5010335;5010336;5010337;5010338;5010339;5010340;5010341;5010342;5010343;5010344;5010345;5010346;5010347;5010348;5010349;5010350;5010351;5010352;5010353;5010354;5010355;5010356;5010357;5010358;5010359;5010360;5010361;5010362;5010363;5010364;5010365;5010366;5010367;5010368;5010369;5010370;5010371;5010372;5010373;5010374,114,
PN405,register_extract_2026-06-15,405,405,VALENCIA,فالنسيا,قرية جميرا (ش.ذ.م.م),قريه-جميرا,Al Barsha South Fourth,Jumeirah Village Circle,FINISHED,,0,14,0,0,50,4,6817355,1,
PN1893,register_extract_2026-06-15,1893,82350958,Haven Villas,هافن فيلا,قرية جميرا (ش.ذ.م.م),قريه-جميرا,Al Barsha South Fourth,Jumeirah Village Circle,FINISHED,,0,14,0,0,45,2,6816216,1,
PN1536,register_extract_2026-06-15,1536,12905996,PARK VILLA'S 2,بارك فيلا 2,قرية جميرا (ش.ذ.م.م),قريه-جميرا,Al Barsha South Fourth,Jumeirah Village Circle,FINISHED,,0,19,0,0,48,2,6816191,1,
PN400,register_extract_2026-06-15,400,400,IRIS PARK,إيريس بارك,قرية جميرا (ش.ذ.م.م),قريه-جميرا,Al Barsha South Fourth,Jumeirah Village Circle,FINISHED,,0,15,0,0,22,1,6817344,1,
PN3779,register_extract_2026-06-15,3779,760845474,The Mansions by MAG,توري باي أي جي أو,الفرجان ( ش.ذ.م.م ),الفرجان,Jabal Ali First,Al Furjan,NOT_STARTED,,0,15,0,0,2,0,5914121,1,
PN2682,register_extract_2026-06-15,2682,508919945,Le Parc Homes II,لو بارك هومز ?,شركة نخيل (ش.م.خ),nakheel,Al Barsha South Fourth,Jumeirah Village Circle,FINISHED,,0,13,0,0,26,6,6816771,1,
PN1618,register_extract_2026-06-15,1618,15637727,THE HABITAT,ذا هابيتات,شركة نخيل (ش.م.خ),nakheel,Al Barsha South Fourth,Jumeirah Village Circle,FINISHED,,1,13,0,0,45,3,6816230,1,
PN158,register_extract_2026-06-15,158,158,PALMAROSA,بالماروسا,دبي لاند (ش.ذ.م.م),دبي-لاند,Wadi Al Safa 7,The Palmarosa,ACTIVE,11,11,296,11,11,82,2,6651184;6657690;6657691;6657692;6657693;6659679;6659680;6659681;6659682;6659683;6659684;6659685;6659686;6659687;6659688;6659689;6659690;6659691;6659692;6659693;6659694;6659695;6659696;6659697;6659698;6659699;6659700;6659701;6659702;6659703;6659704;6659705;6659706;6659707;6659708;6659709;6659710;6659711;6659712;6659713;6659714;6659715;6659716;6659717;6659718;6659719;6659720;6659721;6659722;6659723;6659724;6659725;6659726;6659727;6659728;6659729;6659730;6659731;6659732;6659733,103,
PN464,register_extract_2026-06-15,464,464,SABA TOWER 3,سابا تاور 3,مركز دبي للسلع المتعددة,مركز-دبي-للسلع-المتعدده,Al Thanyah Fifth,Jumeirah Lakes Towers,FINISHED,361,1,1,347,361,1101,51,3930940,1,1734905838
PN685,register_extract_2026-06-15,685,685,THE VILLA,الفيلا,دبي للعقارات (ش.ذ.م.م),dubai-properties,Wadi Al Safa 5,The Villa,ACTIVE,19,1,4,0,19,1728,89,6482152;6486718;6486719;6486726;6486729;6486736;6486743;6486745;6486749;6486754;6486757;6486760;6486761;6486780;6486781;6486782;6486785;6486786;6486788;6486790;6486791;6486797;6486798;6486802;6486803;6486804;6486813;6486814;6486815;6486817;6486819;6486827;6486831;6486832;6486834;6486835;6486837;6486840;6486843;6486844;6486845;6486850;6486851;6486859;6486864;6486867;6486868;6486871;6486872;6486873;6486876;6486879;6486882;6486885;6486893;6486894;6486900;6486906;6486907;6486917,357,257480040
PN1990,register_extract_2026-06-15,1990,147848681,BANYAN TREE RESIDENCES HILLSIDE DUBAI,بانيان تري ريسيدنزس هيلسايد دبي,مركز دبي للسلع المتعددة,مركز-دبي-للسلع-المتعدده,Al Thanyah Fifth,Jumeirah Lakes Towers,FINISHED,236,1,1,0,248,517,33,3930918,1,287344384
PN3393,register_extract_2026-06-15,3393,681579672,ROVE HOME DUBAI MARINA,روف منازل دبي مارينا,اعمار العقارية (ش . م. ع),emaar,Marsa Dubai,Dubai Marina,ACTIVE,682,1,1,0,682,675,39,3920468,1,539522742
PN2686,register_extract_2026-06-15,2686,509319781,AZIZI RIVIERA 63,عزيزى ريفيرا 63,الحي الاول - منطقة حرة,الحي-الاول,Al Merkadh,Meydan One Community,FINISHED,122,1,1,0,122,154,34,3475087,1,269172398
PN219,register_extract_2026-06-15,219,219,SILVER TOWER,سلفر تاور,دبي للعقارات (ش.ذ.م.م),dubai-properties,Business Bay,Business Bay,FINISHED,265,1,1,0,368,926,58,3460505,1,2142786159
PN3350,register_extract_2026-06-15,3350,672517719,CONDOR GOLF LINKS 18,كوندور جولف لينكس 18,مدينة دبي الرياضية (ش. ذ. م. م),مدينه-دبي-الرياضيه,Al Hebiah Fourth,Dubai Sports City,ACTIVE,256,1,1,0,256,418,228,6821388,1,1538688043
PN3772,register_extract_2026-06-15,3772,760254874,The LX,ذالكس,ليوان(ش.ذ.م.م.),ليوان,Arjan,Arjan,NOT_STARTED,74,1,1,0,74,54,52,6731149,1,1523204158
PN3340,register_extract_2026-06-15,3340,669991333,Verdana Residence 4,فيردانا ريسدينس 4,شركة تطوير مجمع دبي للاستثمار (ذ. م. م),تطوير-مجمع-دبي-للاستثمار,Dubai Investment Park First,Dubai Investment Park First,PENDING,392,8,1,0,392,211,211,5981484,1,
PN3762,register_extract_2026-06-15,3762,759144667,"Residences Du Port, Dubai Marina, Autograph Collection Residences",ريزيدنسز دو بورت، دبي مارينا، أوتوجراف كوليكشن ريزيدنسز,اعمار العقارية (ش . م. ع),emaar,Marsa Dubai,Dubai Marina,ACTIVE,74,6,6,539,626,83,24,3920565,1,1687912661
PN271,register_extract_2026-06-15,271,271,MARINA WHARF I,مارينا وارف الأول,اعمار العقارية (ش . م. ع),emaar,Marsa Dubai,Dubai Marina,FINISHED,149,1,1,135,149,412,14,3920401,1,1619615038
PN274,register_extract_2026-06-15,274,274,77S,77س,الخليج التجاري (ش.ذ.م.م),الخليج-التجاري,Business Bay,Business Bay,PENDING,405,1,1,0,405,11,4,3460478,1,961958370
PN2003,register_extract_2026-06-15,2003,148997708,Azizi Riviera 22,عزيزي ريفيرا 22,مجموعة ميدان (ش.ذ.م.م),meydan,Al Merkadh,Meydan One Community,FINISHED,157,1,1,0,158,227,11,3475015,1,625523689
PN3618,register_extract_2026-06-15,3618,733589624,ِِAzizi Riviera 60,60 عزيزي ريفيرا,مجموعة ميدان (ش.ذ.م.م),meydan,Al Merkadh,Meydan One Community,ACTIVE,87,1,1,0,87,36,35,3475082,1,1583754846
PN2066,register_extract_2026-06-15,2066,176454817,Sobha Creek Vistas,شوبا كريك فيستاس,شوبا ش.ذ.م.م,sobha,Al Merkadh,SOBHA HARTLAND,FINISHED,784,3,3,0,799,1437,175,3474774,1,1569346019;2108633771;726775659
PN389,register_extract_2026-06-15,389,389,LAGUNA TOWER,لاغونا تاور,شركة نخيل (ش.م.خ),nakheel,Al Thanyah Fifth,Jumeirah Lakes Towers,FINISHED,485,1,1,307,485,1240,58,3930969,1,1115589589
PN1790,register_extract_2026-06-15,1790,33415848,Jumeirah Gate,جميرا غيت,الاصيل للاستثمارات ش.ذ.م.م,الاصيل-للاستثمارات,Marsa Dubai,Jumeriah Beach Residence  - JBR,FINISHED,920,3,3,0,1050,1982,100,3920573,1,1872053106
PN1561,register_extract_2026-06-15,1561,14169030,BLVD HEIGHTS,BLVD هايتس,اعمار العقارية (ش . م. ع),emaar,Burj Khalifa,DownTown Dubai,FINISHED,558,3,3,0,577,1138,60,3450807,1,1983976891
PN2222,register_extract_2026-06-15,2222,336091938,Private Residences Dubai,المساكن الخاصة دبي,مجموعة ميدان (ش.ذ.م.م),meydan,Jumeirah Second,Dubai Water Canal,FINISHED,30,1,1,0,37,56,5,3424146,1,
PN92,register_extract_2026-06-15,92,92,GRANDEUR RESIDENCES,جرانديور ريزيدنس,شركة نخيل (ش.م.خ),nakheel,Palm Jumeirah,Palm Jumeirah,FINISHED,232,2,7,229,232,876,32,3815509,1,1695568640
PN3767,register_extract_2026-06-15,3767,759327518,Beverly Grande,بيفرلي جراندي,الاتحاد العقارية (شركة مساهمة عامة),union-properties,Al Hebiah First,Motor City,NOT_STARTED,296,1,1,0,296,148,144,6740204,1,1708531495
PN357,register_extract_2026-06-15,357,357,MARINA 101,مارينا 101,اعمار العقارية (ش . م. ع),emaar,Marsa Dubai,Dubai Marina,ACTIVE,488,1,1,0,488,640,31,3920207,1,800132855
PN2014,register_extract_2026-06-15,2014,155747173,Millennium Binghatti Residences Business Bay,ميلينيوم  بن غاطي  ريزيدنسز الخليج التجاري,الخليج التجاري (ش.ذ.م.م),الخليج-التجاري,Business Bay,Business Bay,FINISHED,246,1,1,0,246,426,35,3460551,1,1488573954
PN2852,register_extract_2026-06-15,2852,557457997,CELIA HEIGHTS,سيليا هايتس,ليوان(ش.ذ.م.م.),ليوان,Wadi Al Safa 3,Majan,ACTIVE,203,1,1,0,203,213,50,6457809,1,1455396016
PN3660,register_extract_2026-06-15,3660,741150048,DAMAC RIVERSIDE VIEWS - AZURE 1,داماك ريفرسايد فيوز - أزور 1,داماك ميري للاستثمار ش.ذ.م.م,damac,Dubai Investment Park Second,,NOT_STARTED,986,5,5,0,986,0,0,5976667,1,1124809982;133215408;593763607;615167100;816752833
PN1274,register_extract_2026-06-15,1274,1274,DD BOULEVARD CENTRAL,د د بوليفارد سنترال,اعمار العقارية (ش . م. ع),emaar,Burj Khalifa,DownTown Dubai,FINISHED,429,4,4,422,429,1724,54,3450824,1,1715399146
PN150,register_extract_2026-06-15,150,150,GOLD CREST VIEWS2,جولد كريست فيو 2,مركز دبي للسلع المتعددة,مركز-دبي-للسلع-المتعدده,Al Thanyah Fifth,Jumeirah Lakes Towers,FINISHED,492,1,1,487,492,1603,61,3930973,1,789936306
PN1963,register_extract_2026-06-15,1963,139266161,K1,كي 1,دبي لاند ريزيدنسز (ش.ذ.م.م),دبي-لاند-ريزيدنسز,Wadi Al Safa 5,Dubai Land Residence Complex,FINISHED,144,1,1,0,147,206,14,6489213,1,324195889
PN2446,register_extract_2026-06-15,2446,434687850,Marquis Signature,ماركيز سيجنيشر,ليوان(ش.ذ.م.م.),ليوان,Arjan,Arjan,FINISHED,91,1,1,0,91,184,9,6731278,1,59894338
PN1303,register_extract_2026-06-15,1303,1303,GOLF TOWER,برج الجولف,مدينة دبي الرياضية (ش. ذ. م. م),مدينه-دبي-الرياضيه,Al Hebiah Fourth,Dubai Sports City,FINISHED,84,1,1,84,84,242,13,6821299,1,230831230
PN1277,register_extract_2026-06-15,1277,1277,DD STAND POINT,د د ستاند بوينت,اعمار العقارية (ش . م. ع),emaar,Burj Khalifa,DownTown Dubai,FINISHED,549,3,3,536,549,2026,63,3450847,1,674032405
PN1934,register_extract_2026-06-15,1934,103968483,MBL RESIDENCE,إم بي إل ريزيدينس,مركز دبي للسلع المتعددة,مركز-دبي-للسلع-المتعدده,Al Thanyah Fifth,Jumeirah Lakes Towers,FINISHED,487,1,1,0,492,880,68,3930975,1,2143026085
PN2912,register_extract_2026-06-15,2912,574563427,AZIZI RIVIERA 67,عزيزى ريفيرا67,مجموعة ميدان (ش.ذ.م.م),meydan,Al Merkadh,Meydan One Community,FINISHED,198,1,1,0,198,219,37,3475094,1,2088131284
PN2083,register_extract_2026-06-15,2083,184991649,CREEK EDGE,كريك ايدج,ذي لاجونز المرحلة الاولى ش.ذ.م.م,ذي-لاجونز-المرحله-الاولي,Al Khairan First,Dubai Creek Harbour,FINISHED,564,2,2,0,571,994,75,4158707,1,1693357924
PN1213,register_extract_2026-06-15,1213,1213,QPOINT LIWAN-PLOT R095,كيو بوينت ليوان -PLOT R095,رمرام ش.ذ.م.م,رمرام,Wadi Al Safa 2,Liwan1,FINISHED,55,1,1,55,55,140,5,6437642,1,
PN1818,register_extract_2026-06-15,1818,37100648,Harbour Gate,هاربور جيت,ذي لاجونز المرحلة الاولى ش.ذ.م.م,ذي-لاجونز-المرحله-الاولي,Al Khairan First,Dubai Creek Harbour,FINISHED,517,3,3,0,547,1036,116,4158716,1,103633515
PN591,register_extract_2026-06-15,591,591,AMAL TOWER,برج امل,مدينة دبي الرياضية (ش. ذ. م. م),مدينه-دبي-الرياضيه,Al Hebiah Fourth,Dubai Sports City,FINISHED,342,1,1,0,342,342,78,6820146,1,1508524924
PN479,register_extract_2026-06-15,479,479,ROYALE RESIDENCE2,رويال ريزيدنس 2,مدينة دبي الرياضية (ش. ذ. م. م),مدينه-دبي-الرياضيه,Al Hebiah Fourth,Dubai Sports City,FINISHED,196,1,1,196,196,483,22,6821370,1,1519657566
PN151,register_extract_2026-06-15,151,151,23 MARINA,23 مارينا,اعمار العقارية (ش . م. ع),emaar,Marsa Dubai,Dubai Marina,FINISHED,294,1,1,289,294,1325,37,3920568,1,1669454198
PN1736,register_extract_2026-06-15,1736,28518469,"NO.20, NO.21A, NO.21B AND NO.22 CITYWALK RESIDENTIAL",نو.20، نو.21 إيه، نو.22 سيتي ووك ريزيدينشال,سيتي ووك ريزيدينشال 1 ش.ذ.م.م,سيتي-ووك-ريزيدينشال-1,Al Wasl,City Walk,FINISHED,187,4,4,165,187,555,9,3439482,1,646591405
PN467,register_extract_2026-06-15,467,467,EMPIRE HEIGHTS,إمباير هايتس,دبي للعقارات (ش.ذ.م.م),dubai-properties,Business Bay,Business Bay,FINISHED,221,3,3,0,221,757,55,3466827,1,496094993
PN3220,register_extract_2026-06-15,3220,644034128,Enara By Omniyat,إنارة من أمنيات,الخليج التجاري (ش.ذ.م.م),الخليج-التجاري,Business Bay,Business Bay,ACTIVE,49,1,1,0,49,42,20,3466828,1,152251194
PN1371,register_extract_2026-06-15,1371,9860003,PRIVE BY DAMAC,بريف من داماك,الخليج التجاري (ش.ذ.م.م),الخليج-التجاري,Business Bay,Business Bay,FINISHED,1056,3,3,0,1056,1841,126,3460525,1,1824895326
PN4030,register_extract_2026-06-15,4030,800138418,Future Residence,فيوتشر ريزيدينس,مجموعة ميدان (ش.ذ.م.م),meydan,Bukadra,,PENDING,152,1,1,0,152,72,70,6117249,1,
PN4131,register_extract_2026-06-15,4131,821905039,Derby Heights,ديربي هايتس,مجموعة ميدان (ش.ذ.م.م),meydan,Wadi Al Safa 3,Mohammed Bin Rashid AL Maktoum District 11,PENDING,50,0,1,0,50,16,13,6456311,1,11444817
PN1177,register_extract_2026-06-15,1177,1177,THE OPUS BY OMNIYAT,أوبس من أمنيات,الخليج التجاري (ش.ذ.م.م),الخليج-التجاري,Business Bay,Business Bay,FINISHED,294,1,1,0,294,777,52,3466815,1,1692687103
PN2997,register_extract_2026-06-15,2997,595027781,Starlight Park,ستارلايت بارك,مجموعة ميدان (ش.ذ.م.م),meydan,Wadi Al Safa 3,Mohammed Bin Rashid AL Maktoum District 11,ACTIVE,180,5,5,0,180,184,4,6455004,1,1681636072;171557215;291961947;433555026;689010753
PN2952,register_extract_2026-06-15,2952,582871212,The Spark by Esnaad,ذا سبارك من اسناد,مجموعة ميدان (ش.ذ.م.م),meydan,Wadi Al Safa 3,Mohammed Bin Rashid AL Maktoum District 11,ACTIVE,50,1,1,0,50,58,21,6453237,1,1395520902
PN1261,register_extract_2026-06-15,1261,1261,AXIS RESIDENCES 7,مساكن المحور 7,سلطة دبي للمناطق الإقتصادية المتكاملة,سلطه-دبي-للمناطق-الاقتصاديه-المتكامله,Nadd Hessa,Silicon Oasis,FINISHED,122,1,1,122,122,7,0,6180141;6261808,2,828585082
PN3768,register_extract_2026-06-15,3768,759604420,AURELIA RESIDENCE,أوريليا ريزيدنس,مدينة دبي الرياضية (ش. ذ. م. م),مدينه-دبي-الرياضيه,Al Hebiah Fourth,Dubai Sports City,NOT_STARTED,280,1,1,0,280,73,61,6820149,1,1270110208
PN3617,register_extract_2026-06-15,3617,733587492,Azizi Riviera 56,عزيزي ريفيرا 56,مجموعة ميدان (ش.ذ.م.م),meydan,Al Merkadh,Meydan One Community,PENDING,87,1,1,0,87,2,1,3475100,1,1120842136
PN3781,register_extract_2026-06-15,3781,762043053,THE ARCHIVE BY IMTIAZ,روز ويل بارك,دبي لاند (ش.ذ.م.م),دبي-لاند,Wadi Al Safa 5,Dubai Land Residence Complex,PENDING,310,0,1,0,310,2,0,6488534,1,1475647587
PN2342,register_extract_2026-06-15,2342,391624792,Azizi Riviera 43,عزيزي ريفييرا 43,مجموعة ميدان (ش.ذ.م.م),meydan,Al Merkadh,Meydan One Community,FINISHED,293,1,1,0,293,433,47,3475031,1,1737763582
PN3521,register_extract_2026-06-15,3521,710700434,West 5 Residences,ويست 5 ريزدنسز,مراس العقارية (ش.ذ.م.م),meraas,Al Satwa,Jumeirah Garden City,NOT_STARTED,130,1,1,0,130,43,33,3340967,1,1879433222
PN4023,register_extract_2026-06-15,4023,798798795,BELLE VIE BY ZIMAYA,بيل في باي زيمايا,سلطة دبي للمناطق الإقتصادية المتكاملة,سلطه-دبي-للمناطق-الاقتصاديه-المتكامله,Nadd Hessa,Silicon Oasis,NOT_STARTED,116,1,1,0,116,110,100,6262549,1,1031852181
PN1251,register_extract_2026-06-15,1251,1251,AXIS RESIDENCES 5,المحور 5 ريزيدنس,سلطة دبي للمناطق الإقتصادية المتكاملة,سلطه-دبي-للمناطق-الاقتصاديه-المتكامله,Nadd Hessa,Silicon Oasis,FINISHED,112,1,1,112,112,267,12,6262596,1,1167312971
PN2530,register_extract_2026-06-15,2530,462864673,Bluewaters Bay,بلوواترز باي,مراس العقارية (ش.ذ.م.م),meraas,Marsa Dubai,,ACTIVE,679,2,2,0,679,843,47,3920729,1,1747840233
PN1918,register_extract_2026-06-15,1918,97549684,Azizi Berton,عزيزي بيرتون,الفرجان ( ش.ذ.م.م ),الفرجان,Jabal Ali First,Al Furjan,FINISHED,250,1,1,0,250,387,21,5911809,1,1382621257
PN3584,register_extract_2026-06-15,3584,726263494,Nexara Tower,نيكسارا تاور,شركة نخيل (ش.م.خ),nakheel,Al Barsha South Fourth,Jumeirah Village Circle,NOT_STARTED,187,1,1,0,187,37,35,6816300,1,73439661
PN2325,register_extract_2026-06-15,2325,386673330,Celadon,سيلادون,مراس العقارية (ش.ذ.م.م),meraas,Al Wasl,City Walk,FINISHED,161,3,3,0,161,277,34,3431199,1,245037705
PN2831,register_extract_2026-06-15,2831,550281872,48 PARKSIDE,48 بارك سايد,ليوان(ش.ذ.م.م.),ليوان,Arjan,Arjan,ACTIVE,187,1,1,0,187,252,95,6731226,1,296574846
PN2181,register_extract_2026-06-15,2181,277008611,Port De La Mer - La Voile,بورت دي لا مير - لا فوال,مراس العقارية (ش.ذ.م.م),meraas,Jumeirah First,LA MER,FINISHED,183,3,3,0,187,364,29,3320324,1,
PN3047,register_extract_2026-06-15,3047,605722707,Minati Homes 1,منازل ميناتي 1,الفرجان ( ش.ذ.م.م ),الفرجان,Jabal Ali First,Al Furjan,ACTIVE,82,1,1,0,82,77,55,5912278,1,
PN3356,register_extract_2026-06-15,3356,674376192,The Orchard Place- Towers D&E,ذا اورشارد بليس - أبراج D&E,قرية جميرا (ش.ذ.م.م),قريه-جميرا,Al Barsha South Fourth,Jumeirah Village Circle,NOT_STARTED,400,2,2,0,400,71,55,6816483,1,1031585395;1567563709
PN3719,register_extract_2026-06-15,3719,749740236,CHELSEA RESIDENCES BY DAMAC,تشيلسي ريزيدنس باي داماك,مدينة دبي الملاحية م م ح,مدينه-دبي-الملاحيه,Madinat Dubai Almelaheyah,Dubai Maritime City,NOT_STARTED,703,3,3,0,703,317,127,3210129,1,1559216346;1595601668;2016277943
PN2729,register_extract_2026-06-15,2729,524133927,CORAL REEF,كورال ريف,مدينة دبي الملاحية م م ح,مدينه-دبي-الملاحيه,Madinat Dubai Almelaheyah,Dubai Maritime City,ACTIVE,280,1,1,0,280,291,4,3210253,1,524320929
PN3179,register_extract_2026-06-15,3179,633503051,ONE SKY PARK BY IMAN,وان سكاي بارك من ايمان,قرية جميرا (ش.ذ.م.م),قريه-جميرا,Al Barsha South Fourth,Jumeirah Village Circle,ACTIVE,584,2,2,0,584,566,69,6817380,1,1800974520;914178853
PN3611,register_extract_2026-06-15,3611,733361792,SPARKLZ by Danube,سباركلز من دانوب,الفرجان ( ش.ذ.م.م ),الفرجان,Jabal Ali First,Al Furjan,NOT_STARTED,358,2,2,0,358,325,109,5911790,1,241540255;529812487
PN3036,register_extract_2026-06-15,3036,603436700,WAREF residences by sido development,وارف ريزيدنس باي سيدو للتطوير,قرية جميرا (ش.ذ.م.م),قريه-جميرا,Al Barsha South Fourth,Jumeirah Village Circle,ACTIVE,228,1,1,0,228,114,75,6816324,1,582989343
PN3096,register_extract_2026-06-15,3096,613104734,MAK I'Sola Bella,ماك إيسولا بيلا,قرية جميرا (ش.ذ.م.م),قريه-جميرا,Al Barsha South Fourth,Jumeirah Village Circle,ACTIVE,207,1,1,0,207,181,22,6817808,1,1975212745
PN1809,register_extract_2026-06-15,1809,35224125,La-Riviera Apartments,لاريفيرا ابارتمينتس,قرية جميرا (ش.ذ.م.م),قريه-جميرا,Al Barsha South Fourth,Jumeirah Village Circle,FINISHED,146,1,1,144,146,294,16,6817326,1,1743727331
PN4074,register_extract_2026-06-15,4074,811129776,Samana Hills South 3,سامانا هيلز جنوب 3,دى اتش ايه ام منطقه حره - ذ.م.م,دي-اتش-ايه-ام,Saih Shuaib 2,,PENDING,147,1,1,0,147,145,141,5310373,1,
PN2863,register_extract_2026-06-15,2863,562301456,EQUITI HOME,ايكويتي هوم,الفرجان ( ش.ذ.م.م ),الفرجان,Jabal Ali First,Al Furjan,ACTIVE,302,2,2,0,302,378,88,5912327,1,2028049015
PN3717,register_extract_2026-06-15,3717,749058040,Floarea Skies,فلوريا  السماء,قرية جميرا (ش.ذ.م.م),قريه-جميرا,Al Barsha South Fourth,Jumeirah Village Circle,NOT_STARTED,195,1,1,0,195,159,157,6816258,1,1955152349
PN1929,register_extract_2026-06-15,1929,102608419,SIGNATURE LIVINGS,سجنيتشر ليونجز,قرية جميرا (ش.ذ.م.م),قريه-جميرا,Al Barsha South Fourth,Jumeirah Village Circle,FINISHED,276,2,2,0,284,658,48,6816198,1,1945640568
PN2581,register_extract_2026-06-15,2581,481979556,ELLINGTON HOUSE III,III إلينغتون هاوس,دبي هيلز استيت ش.ذ.م.م,dubai-hills-estate,Hadaeq Sheikh Mohammed Bin Rashid,Dubai Hills Estate,ACTIVE,110,1,1,0,110,132,14,6311402,1,26969639
PN2440,register_extract_2026-06-15,2440,431933742,AURA by Grovy,أورا من جروفي,قرية جميرا (ش.ذ.م.م),قريه-جميرا,Al Barsha South Fourth,Jumeirah Village Circle,FINISHED,151,1,1,0,151,199,37,6817259,1,122637505
PN3419,register_extract_2026-06-15,3419,686227292,The Hub Residences by ZaZEN,ذا هب ريزيدنسز باي زازن,الفرجان ( ش.ذ.م.م ),الفرجان,Jabal Ali First,Al Furjan,ACTIVE,105,1,1,0,105,109,2,5913001,1,
PN2822,register_extract_2026-06-15,2822,547036150,AZIZI VENICE 5,عزيزى فينيس 5,مؤسسه مدينه دبى للطيران,موسسه-مدينه-دبي-للطيران,Madinat Al Mataar,Dubai World Central,ACTIVE,484,2,2,0,484,332,194,5211361,1,
PN1511,register_extract_2026-06-15,1511,12626031,Azizi. Liatris,عزيزي لياتريس,شركة نخيل (ش.م.خ),nakheel,Jabal Ali First,Al Furjan,FINISHED,129,1,1,129,129,411,13,5913002,1,1314619927
PN1681,register_extract_2026-06-15,1681,25266448,ALTIA RESIDENCE,ألتيا ريزدنس,سلطة دبي للمناطق الإقتصادية المتكاملة,سلطه-دبي-للمناطق-الاقتصاديه-المتكامله,Nadd Hessa,Silicon Oasis,FINISHED,101,1,1,101,101,179,29,6261597,1,316918070
PN2561,register_extract_2026-06-15,2561,475589101,Samana Mykonos,سامانا ميكونوس,تيكوم للإستثمارات منطقة حرة- ذ.م.م,تيكوم-للاستثمارات,Al Hebiah Second,Dubai Studio City,ACTIVE,198,1,1,0,198,203,16,6757644,1,404461546
PN3682,register_extract_2026-06-15,3682,743381616,Samha Residence 2,سمحه ريزيدنس 2,قرية جميرا (ش.ذ.م.م),قريه-جميرا,Al Barsha South Fourth,Jumeirah Village Circle,ACTIVE,175,1,1,0,175,23,21,6816166,1,
PN2304,register_extract_2026-06-15,2304,377737320,OAKLEY SQUARE RESIDENCES,أوكلي سكوير ريزيدنسز,قرية جميرا (ش.ذ.م.م),قريه-جميرا,Al Barsha South Fourth,Jumeirah Village Circle,FINISHED,269,2,2,0,269,507,46,6816337,1,395564956
PN3244,register_extract_2026-06-15,3244,648521966,AMETHYST BY SIROYA,اميثيست بواسطة سيرويا,ليوان(ش.ذ.م.م.),ليوان,Wadi Al Safa 3,Majan,ACTIVE,53,1,1,0,53,58,31,6457971,1,782279027
PN2757,register_extract_2026-06-15,2757,533984907,Sapphire 32 by Dar Alkarama,,قرية جميرا (ش.ذ.م.م),قريه-جميرا,Al Barsha South Fourth,Jumeirah Village Circle,ACTIVE,232,1,1,0,232,227,12,6816481,1,405350562
PN3522,register_extract_2026-06-15,3522,710886060,Casa Aura Residence,كاسا اورا ريزيدنس,مؤسسه مدينه دبى للطيران,موسسه-مدينه-دبي-للطيران,Madinat Al Mataar,Dubai South Residential District,NOT_STARTED,58,1,1,0,58,12,11,5213649,1,1111318507
PN1944,register_extract_2026-06-15,1944,136340871,The Pulse Villas,فلل النبض,مؤسسه مدينه دبى للطيران,موسسه-مدينه-دبي-للطيران,Madinat Al Mataar,Dubai South Residential District,FINISHED,6,2,270,0,6,663,41,5212759,1,835560964
PN1427,register_extract_2026-06-15,1427,1427,DIAMOND VIEWS 3,مناظر الماس 3,قرية جميرا (ش.ذ.م.م),قريه-جميرا,Al Barsha South Fourth,Jumeirah Village Circle,FINISHED,262,1,1,262,262,749,41,6816358,1,2110291109
PN3214,register_extract_2026-06-15,3214,642202799,DAMAC LAGOONS - LAGOON VIEWS 12,داماك لاجونز - لاجون فيوز 12,واحة الجزيرة العقارية (ش.ذ.م.م),واحه-الجزيره-العقاريه,Al Hebiah Fifth,,NOT_STARTED,322,4,4,0,322,324,20,68311637,1,1293604506;1333209023;1425252495;285450895
PN870,register_extract_2026-06-15,870,870,SILICON INFORMATION TECHNOLOGY TOWER,برج السليكون لتكنولوجيا المعلومات,سلطة دبي للمناطق الإقتصادية المتكاملة,سلطه-دبي-للمناطق-الاقتصاديه-المتكامله,Nadd Hessa,Silicon Oasis,FINISHED,391,2,2,0,391,436,24,6262588,1,1802942954
PN3390,register_extract_2026-06-15,3390,680828351,Celine By Vision,سيلين باي فيجن,ليوان(ش.ذ.م.م.),ليوان,Wadi Al Safa 2,Liwan1,ACTIVE,104,1,1,0,104,192,88,6430105,1,
PN3188,register_extract_2026-06-15,3188,635639326,Verdes by Haven 1,فيرديس من جنان 1,دبي لاند (ش.ذ.م.م),دبي-لاند,Wadi Al Safa 5,,ACTIVE,988,6,6,0,988,976,68,64810506,1,1085108186;1132019137;1352900379;2091011958;338707924;708057063
PN4082,register_extract_2026-06-15,4082,812874886,RYAH LIVING by ALYAKKA,رياح ليفينغ برعاية ال يكة,دى اتش ايه ام منطقه حره - ذ.م.م,دي-اتش-ايه-ام,Al Hebiah Second,Dubai Studio City,PENDING,128,0,1,0,128,100,96,6757716,1,2022491150
PN2428,register_extract_2026-06-15,2428,426609325,Hills Park,هيلز بارك,دبي هيلز استيت ش.ذ.م.م,dubai-hills-estate,Hadaeq Sheikh Mohammed Bin Rashid,Dubai Hills Estate,ACTIVE,450,1,1,0,450,627,91,6312348,1,1590491785
PN447,register_extract_2026-06-15,447,447,THE CRESCENT,كرسسنت,تيكوم للإستثمارات منطقة حرة- ذ.م.م,تيكوم-للاستثمارات,Me'Aisem First,International Media Production Zone,FINISHED,863,3,3,848,863,2476,123,6854297,1,1966704003
PN55,register_extract_2026-06-15,55,55,JADE RESIDENCE,جاد ريزيدنس,سلطة دبي للمناطق الإقتصادية المتكاملة,سلطه-دبي-للمناطق-الاقتصاديه-المتكامله,Nadd Hessa,Silicon Oasis,FINISHED,97,1,1,97,97,407,16,6261835,1,409140040
PN3429,register_extract_2026-06-15,3429,688502633,GOLF TERRACES,جولف تريسز,دى اتش ايه ام منطقه حره - ذ.م.م,دي-اتش-ايه-ام,Me'Aisem First,International Media Production Zone,PENDING,60,1,1,0,60,0,0,6850751,1,552596851
PN3256,register_extract_2026-06-15,3256,650635866,Binghatti Pinnacle,بن غاطي بيناكل,مدينه دبى الطبيه منطقه حرة - ذ.م.م.,مدينه-دبي-الطبيه,Al Jadaf,Dubai Health Care City Phase 2,ACTIVE,178,1,1,0,178,155,150,3261697,1,186512721
PN3294,register_extract_2026-06-15,3294,659496993,Viera Residences,فييرا ريزيدنسز,دى اتش ايه ام منطقه حره - ذ.م.م,دي-اتش-ايه-ام,Me'Aisem First,International Media Production Zone,ACTIVE,144,1,1,0,144,274,199,6854423,1,802104236
PN1712,register_extract_2026-06-15,1712,27460883,DAMAC HILLS (2) - NAVITAS,داماك هيلز ( 2 ) - نافيتاس,شركة الخط الامامي لادارة الاستثمار ش.ذ.م.م,الخط-الامامي-لاداره-الاستثمار,Madinat Hind 4,DAMAC HILLS 2,FINISHED,304,1,1,0,312,165,21,91418302,1,972113542
PN2796,register_extract_2026-06-15,2796,541716342,Central Park Plaza,سنترال بارك بلازا,مراس العقارية (ش.ذ.م.م),meraas,Al Wasl,City Walk,ACTIVE,212,2,2,0,212,223,5,3431248,1,322233711
PN2743,register_extract_2026-06-15,2743,527896240,Clearpoint,كليربوينت,ميناء راشد العقارية ش.ذ.م.م,ميناء-راشد-العقاريه,Madinat Dubai Almelaheyah,Mina Rashid,ACTIVE,478,3,3,0,478,523,30,3210343,1,1427128074;484923863;586089528
PN2932,register_extract_2026-06-15,2932,578344246,Platinum by vision,بلاتينيوم باي فيجن,ليوان(ش.ذ.م.م.),ليوان,Wadi Al Safa 2,Liwan1,FINISHED,99,1,1,0,99,141,3,6437629,1,
PN2776,register_extract_2026-06-15,2776,536844615,VENTO TOWER,برج فينتو,الخليج التجاري (ش.ذ.م.م),الخليج-التجاري,Business Bay,Business Bay,ACTIVE,227,1,1,0,227,58,22,3460252,1,655520695
PN3755,register_extract_2026-06-15,3755,757841790,Symbolic Zen Residences,سيمبوليك زن ريزيدنسز,الفرجان ( ش.ذ.م.م ),الفرجان,Jabal Ali First,Al Furjan,NOT_STARTED,92,1,1,0,92,34,30,5912279,1,1893779985
PN3559,register_extract_2026-06-15,3559,720997417,Timez By Danube,تايمز من دانوب,سلطة دبي للمناطق الإقتصادية المتكاملة,سلطه-دبي-للمناطق-الاقتصاديه-المتكامله,Nadd Hessa,Silicon Oasis,ACTIVE,1191,1,1,0,1191,1142,463,6261674,1,1136720040
PN1437,register_extract_2026-06-15,1437,1437,TUSCAN RESIDENCES1 - AREZZO,مساكن توسكان 1 - أريزو,شركة نخيل (ش.م.خ),nakheel,Al Barsha South Fourth,Jumeirah Village Circle,FINISHED,199,2,2,192,199,667,21,6816143,1,1469255919
PN1814,register_extract_2026-06-15,1814,35483874,Azizi Samia Residence,عزيزي سامية ريزيدنس,الفرجان ( ش.ذ.م.م ),الفرجان,Jabal Ali First,Al Furjan,FINISHED,296,1,1,284,299,553,67,5912305,1,1710648539
PN2574,register_extract_2026-06-15,2574,480387572,Samana Waves 2,سامانا ويفز 2,قرية جميرا (ش.ذ.م.م),قريه-جميرا,Al Barsha South Fourth,Jumeirah Village Circle,ACTIVE,173,1,1,0,173,182,9,6817094,1,416020535
PN4076,register_extract_2026-06-15,4076,811603664,Azizi Wares,عزيزي ويرز,شركة نخيل (ش.م.خ),nakheel,Jabal Ali Industrial Second,Down Town Jabal Ali,PENDING,336,0,1,0,336,158,157,5180152,1,1433494850
PN805,register_extract_2026-06-15,805,805,UNIESTATE MILLENNIUM TOWER,يوني استيت ميلينوم تاور,سلطة دبي للمناطق الإقتصادية المتكاملة,سلطه-دبي-للمناطق-الاقتصاديه-المتكامله,Nadd Hessa,Silicon Oasis,FINISHED,128,1,1,126,128,220,29,6261575,1,1884822586
PN2633,register_extract_2026-06-15,2633,87519775,SEAPOINT,سي بوينت,إعمار للتطوير (مساهمة عامة),emaar,Marsa Dubai,Dubai Harbour,ACTIVE,674,3,3,0,674,786,78,3927069,1,1406050032;497617953;793786121
PN3485,register_extract_2026-06-15,3485,704230533,Sunbliss Residences by Purvanchal Real Estate Developers,سنبليس رزيدينسيز باي برفانشال للتطوير العقار,الفرجان ( ش.ذ.م.م ),الفرجان,Jabal Ali First,Al Furjan,ACTIVE,99,1,1,0,99,64,39,5913000,1,571037949
PN1173,register_extract_2026-06-15,1173,1173,THE PAD,ذا باد,الخليج التجاري (ش.ذ.م.م),الخليج-التجاري,Business Bay,Business Bay,FINISHED,265,1,1,0,282,684,52,3460732,1,1107607420
PN1487,register_extract_2026-06-15,1487,11705020,CELESTIA,سيليستيا,مركز دبي التجاري العالمي ش.ذ.م.م,مركز-دبي-التجاري-العالمي,Madinat Al Mataar,Dubai South Residential District,FINISHED,972,5,5,2,972,1646,141,5213585,1,1181045951;2037760444;552933921
PN4070,register_extract_2026-06-15,4070,809986877,Coventry Residence 3,كوفنري ريزيدنس 3,مدينه دبى الصناعيه ش ذ م م,مدينه-دبي-الصناعيه,Saih Shuaib 2,,PENDING,185,0,1,0,185,13,13,5310319,1,
PN3237,register_extract_2026-06-15,3237,647937547,Golf Hillside,جولف هيلسايد,دبي هيلز استيت ش.ذ.م.م,dubai-hills-estate,Hadaeq Sheikh Mohammed Bin Rashid,Dubai Hills Estate,ACTIVE,185,1,1,0,185,194,30,63111178,1,176417052
PN2533,register_extract_2026-06-15,2533,464434176,Elitz By Danube,إليتز من دانوب,قرية جميرا (ش.ذ.م.م),قريه-جميرا,Al Barsha South Fourth,Jumeirah Village Circle,ACTIVE,592,2,2,0,592,652,36,6816390,1,
PN2726,register_extract_2026-06-15,2726,522825780,Aria By Beyond,أنوا آريا من أمنيات,مدينة دبي الملاحية م م ح,مدينه-دبي-الملاحيه,Madinat Dubai Almelaheyah,Dubai Maritime City,ACTIVE,192,1,1,0,192,161,15,3210241,1,1252381765
PN1589,register_extract_2026-06-15,1589,14590316,PLATINUM RESIDENCE 1,الإقامة البلاتينية 1,سلطة دبي للمناطق الإقتصادية المتكاملة,سلطه-دبي-للمناطق-الاقتصاديه-المتكامله,Nadd Hessa,Silicon Oasis,FINISHED,120,1,1,120,120,281,22,6262259,1,529532823
PN3820,register_extract_2026-06-15,3820,770672211,Jumeirah Residences Emirates Towers,جميرا ريزيدنسيز أبراج الإمارات,دي اتش ار اي 2 بي تي اس ش.ذ.م.م,دي-اتش-ار-اي-2-بي-تي-اس,Trade Center Second,,NOT_STARTED,754,2,2,0,754,748,448,3360306,1,
PN3546,register_extract_2026-06-15,3546,716888129,Arista One,أريستا وان,مراس العقارية (ش.ذ.م.م),meraas,Al Satwa,Jumeirah Garden City,FINISHED,64,1,1,0,64,73,8,3342732,1,864839676
PN2770,register_extract_2026-06-15,2770,535784887,Luxur Tower By Imtiaz,برج لكسورمن امتياز,قرية جميرا (ش.ذ.م.م),قريه-جميرا,Al Barsha South Fourth,Jumeirah Village Circle,ACTIVE,361,1,1,0,361,347,20,6817147,1,
PN3326,register_extract_2026-06-15,3326,665694360,Parkside Boulevard,باركسايد بوليفارد,ليوان(ش.ذ.م.م.),ليوان,Arjan,Arjan,ACTIVE,171,1,1,0,171,127,51,6731245,1,182212558
PN1249,register_extract_2026-06-15,1249,1249,AXIS RESIDENCES 3,المحور 3 ريزيدنس,سلطة دبي للمناطق الإقتصادية المتكاملة,سلطه-دبي-للمناطق-الاقتصاديه-المتكامله,Nadd Hessa,Silicon Oasis,FINISHED,128,1,1,128,128,310,10,6262623,1,1528747954
PN489,register_extract_2026-06-15,489,489,LIVING LEGENDS PHASE 1,ليفنج ليجند فيس ون,دبي لاند (ش.ذ.م.م),دبي-لاند,Wadi Al Safa 3,Living Legends,FINISHED,,0,150,0,0,647,32,6453292;6456045;6457000;6457001;6457002;6457003;6457004;6457005;6457006;6457007;6457008;6457009;6457010;6457011;6457012;6457013;6457014;6457015;6457016;6457017;6457018;6457019;6457034;6457035;6457036;6457037;6457038;6457039;6457040;6457041;6457042;6457043;6457044;6457045;6457046;6457047;6457048;6457049;6457050;6457051;6457053;6457054;6457055;6457056;6457057;6457058;6457059;6457060;6457061;6457062;6457063;6457064;6457065;6457066;6457067;6457068;6457069;6457070;6457071;6457072,153,
PN1033,register_extract_2026-06-15,1033,576208570,Emirates Living - Springs 3,روعة الإمارات ? الينابيع 3,اعمار العقارية (ش . م. ع),emaar,Al Thanayah Fourth,Springs - 6,FINISHED,,0,450,0,0,1951,77,3944797;3944798;3944800;3944801;3944802;3944803;3944804;3944817;3944818;3944819;3944820;3944852;3944854;3944856;3944858;3944860;3944862;3944866;3944868;3944869;3944871;3944872;3944887;3944888;3944889;3944891;3944892;3944893;3944895;3944896;3944897;3944899;3944900;3944901;3944903;3944905;3944910;3944911;3944913;3944915;3944987;3944989;3944990;3944991;3944993;3944994;3944995;3944996;3944998;3944999;3945000;3945002;3945003;3945004;3945006;3945008;3945010;3945011;3945012;3945043,130,
PN1791,register_extract_2026-06-15,1791,33434665,Serena Casa Dora,سيرينا كاسا دورا,دبي لاند ريزيدنسز (ش.ذ.م.م),دبي-لاند-ريزيدنسز,Wadi Al Safa 7,800 Villas,FINISHED,,0,578,0,0,1442,90,6650337;6653188;6653189;6653190;6653212;6653213;6653214;6653215;6653217;6653218;6653219;6653220;6653221;6653222;6653223;6653224;6653225;6653226;6653229;6653237;6653241;6653242;6653262;6653264;6653266;6653267;6653269;6653270;6653271;6653272;6653277;6653278;6653279;6653280;6653281;6653282;6653286;6653288;6653290;6653293;6653294;6653295;6653296;6653306;6653307;6653308;6653310;6653313;6653314;6653315;6653316;6653317;6653318;6653319;6653321;6653322;6653327;6653328;6653329;6653331,131,
PN32,register_extract_2026-06-15,32,32,WESTERN RESIDENCE - NORTH,ويسترن ريزيدنس - نورث,دبي لاند (ش.ذ.م.م),دبي-لاند,Wadi Al Safa 2,Falcon City,FINISHED,,0,0,0,0,614,21,6430658;6438337;6438339;6438793;6439115;6439120;6439202;6439205;6439340;6439341;6439342;6439343;6439344;6439345;6439350;6439351;6439352;6439353;6439354;6439355;6439356;6439357;6439358;6439359;6439360;6439361;6439362;6439363;6439364;6439365;6439366;6439367;6439368;6439369;6439370;6439371;6439372;6439375;6439376;6439377;6439378;6439380;6439381;6439382;6439383;6439384;6439385;6439386;6439387;6439388;6439389;6439390;6439391;6439393;6439394;6439395;6439396;6439397;6439398;6439399,224,
PN1949,register_extract_2026-06-15,1949,137158728,Sobha Hartland Villas - Phase II,شوبا هارتلاند فيلا فيس II,شوبا ش.ذ.م.م,sobha,Al Merkadh,SOBHA HARTLAND,FINISHED,,0,23,0,0,59,6,3473049;3473050;3473051;3473054;3473057;3473058;3473059;3473060;3473061;3473066;3473069;3473070;3474786;3474787;3474788;3474789;3474834;3474835;3474836;3474837;3475686;3475688;3475689;3475692,24,
PN3221,register_extract_2026-06-15,3221,644076888,The Oasis - Palmiera 3,ذا أويسيس - بالميرا 3,اعمار العقارية (ش . م. ع),emaar,Me'Aisem Second,,ACTIVE,,0,59,0,0,68,10,6861270;6861271;6861272;6861273;6861274;6861275;6861276;6861277;6861278;6861279;6861280;6861281;6861282;6861283;6861284;6861285;6861289;6861290;6861291;6861292;6861294;6861295;6861296;6861297;6861298;6861299;6861300;6861301;6861303;6861304;6861305;6861306;6861307;6861308;6861310;6861311;6861312;6861313;6861314;6861315;6861316;6861317;6861318;6861320;6861321;6861322;6861323;6861326;6861327;6861328;6861329;6861330;6861331;6861332;6861333;6861334;6861335;6861336;6861337,59,
PN3786,register_extract_2026-06-15,3786,763790433,NUMA RESERVE,,مجموعة ميدان (ش.ذ.م.م),meydan,Wadi Al Safa 3,Mohammed Bin Rashid AL Maktoum District 11,NOT_STARTED,,0,35,0,0,28,26,6454967,1,
PN3200,register_extract_2026-06-15,3200,639839322,Mohammed Bin Rashid Al Maktoum City -District One West - Phase 2,مدينة محمد بن راشد آل مكتوم الحي الأول غرب - المرحلة الثانية,مجموعة ميدان (ش.ذ.م.م),meydan,Ghadeer Al tair,,ACTIVE,,0,229,0,0,274,26,3552381;3552382;3552383;3552384;3552385;3552386;3552387;3552388;3552390;3552391;3552392;3552393;3552394;3552395;3552396;3552397;3552398;3552399;3552404;3552405;3552406;3552407;3552408;3552409;3552411;3552412;3552413;3552414;3552415;3552416;3552417;3552418;3552419;3552420;3552421;3552422;3552423;3552424;3552425;3552426;3552427;3552428;3552429;3552430;3552431;3552433;3552434;3552435;3552436;3552437;3552438;3552439;3552440;3552441;3552442;3552443;3552444;3552445;3552446;3552447,229,
PN1559,register_extract_2026-06-15,1559,14153241,VICTORY HEIGHTS - PHASE 2,فيكتوري هايتس - المرحلة الثانية,مدينة دبي الرياضية (ش. ذ. م. م),مدينه-دبي-الرياضيه,Al Hebiah Fourth,Dubai Sports City,FINISHED,,0,30,0,0,65,4,6824390;6824391;6824392;6824393;6824394;6824395;6824398;6824399;6824401;6824402;6824403;6824404;6824406;6824407;6824408;6824409;6824410;6824411;6824412;6824413;6824414;6824415;6824416;6824417;6824418;6824419;6824420;6824421;6824422;6824423,30,
PN3518,register_extract_2026-06-15,3518,710607095,Wellington Grand Villas,فلل ويلنغتون غراند,مجموعة ميدان (ش.ذ.م.م),meydan,Wadi Al Safa 3,Mohammed Bin Rashid AL Maktoum District 11,NOT_STARTED,,0,22,0,0,21,15,6454920,1,
PN3416,register_extract_2026-06-15,3416,686016080,MEWS MANSIONS,ميوز مانشنز,مجموعة ميدان (ش.ذ.م.م),meydan,Nad Al Shiba First,Meydan Racecourse Community,ACTIVE,,0,10,0,0,5,2,6184126;6184127;6184128;6184129;6184130;6184134;6184135;6184136;6184143;6184144,10,
PN2272,register_extract_2026-06-15,2272,366230569,La Rosa 5,لاروزا 5,دبي للعقارات (ش.ذ.م.م),dubai-properties,Wadi Al Safa 5,,FINISHED,,0,216,0,0,482,25,6480493;6480494;6480495;6480965;6480966;6480967;6480981;6480982;6480983;6480984;6480985;6480986;6480987;6480988;6480989;6480990;6480991;6480992;6480993;6480994;6480995;6480996;6481023;6481024;6481025;6481026;6481027;6481028;6481029;6481030;6481031;6481032;6481033;6481034;6481035;6481036;6481037;6481038;6481039;6481040;6481041;6486577,42,
PN2287,register_extract_2026-06-15,2287,375932232,CHORISIA 1 VILLAS,كوريسيا 1  فيلاز,شركة أبواب العقارية المحدودة (ش.ذ.م.م),ابواب-العقاريه-المحدوده,Wadi Al Safa 3,Al Barari,FINISHED,,0,60,0,0,189,22,6454019;6454020;6454021;6454022;6454023;6454024;6454025;6454026;6454027;6454028;6454029;6454030;6454031;6454032;6454033;6454034;6454035;6454036;6454037;6454038;6454039;6454040;6454041;6454042;6454043;6454044;6454045;6454046;6454047;6454048;6454049;6454050;6454051;6454052;6454053;6454054;6454055;6454056;6454057;6454058;6454059;6454060;6454061;6454062;6454063;6454064;6454065;6454066;6454067;6454068;6454069;6454070;6454071;6454072;6454073;6454074;6454075;6454076;6454077;6454078,61,
PN1629,register_extract_2026-06-15,1629,16066119,ARABIAN RANCHES- AZALEA COMMUNITY,المرابع العربية -  الأزالية كوميونتي,اعمار العقارية (ش . م. ع),emaar,Wadi Al Safa 7,Arabian Ranches II - AZALEA,FINISHED,,0,108,0,0,325,25,6650829;6650830;6650831;6650832;6650833;6650834;6650835;6650836;6650837;6650838;6650839;6650840;6650841;6650842;6650843;6650844;6650845;6650846;6650847;6650848;6650849;6650850;6650851;6650852;6650853;6650854;6650855;6650856;6650857;6650858;6650859;6650860;6650861;6650862;6650863;6650864;6650865;6650866;6650867;6650868;6650869;6650870;6650871;6650872;6650873;6650874;6650875;6650876;6650877;6650878;6650879;6650880;6650881;6650882;6650883;6650884;6650885;6650886;6650887;6650888,109,
PN1714,register_extract_2026-06-15,1714,27571302,ARABELLA 2 - TOWNHOUSES AT MUDON,أرابيلا 2 - تاون هاوسز في مدن,دبي لاند ريزيدنسز (ش.ذ.م.م),دبي-لاند-ريزيدنسز,Al Hebiah Sixth,Mudon,FINISHED,,0,496,0,0,869,67,6771004;6771005;6771006;6771007;6771010;6771056;6771138;6771139;6771167;6771179;6771180;6771187;6771190;6771192;6771193;6771194;6771195;6771196;6771254;6771255;6771263;6771335;6771349;6771362;6771427;6771428;6771429;6771430;6771431;6771432;6771433;6771435;6771436;6771437;6771438;6771439;6771440;6771441;6771442;6771443;6771444;6771445;6771446;6771447;6771448;6771449;6771450;6771451;6771452;6771453;6771454;6771455;6771456;6771457;6771458;6771459;6771460;6771461;6771462;6771463,496,
PN1723,register_extract_2026-06-15,1723,27978239,REDWOOD AVENUE,ردوود أفينو,عقارات جميرا جولف ش.ذ.م.م,عقارات-جميرا-جولف,Me'Aisem First,Jumeirah Golf Estates,FINISHED,,0,46,0,0,183,16,6856013;6856014;6856015;6856016;6856017;6856018;6856019;6856020;6856021;6856022;6856023;6856024;6856025;6856026;6856027;6856028;6856029;6856030;6856031;6856032;6856033;6856034;6856035;6856036;6856037;6856038;6856039;6856040;6856041;6856042;6856043;6856044;6856045;6856046;6856047;6856048;6856049;6856050;6856051;6856052;6856053;6856054;6856055;6856056;6856058;6856059;6856061;6856062;6856063;6856064;6856065,51,
PN2857,register_extract_2026-06-15,2857,559887282,DAMAC HILLS (2) - PARK GREENS 3,داماك هيلز (2) - بارك جرينز 3,شركة الخط الامامي لادارة الاستثمار ش.ذ.م.م,الخط-الامامي-لاداره-الاستثمار,Madinat Hind 4,DAMAC HILLS 2,ACTIVE,,0,387,0,0,362,14,91410222;91410224;91410243;91411333;91411346;91411367;91411541;91411796;91412798;91412800;91412965;91413148;91413179;91413196;91413209;91414240;91414624;91414635;91414663;91416008;91416011;91416015;91416017;91416186;91416225;91416228;91416244;91416245;91416248;91417262;91417270;91417297;91417304;91417490;91417507;91417745;91417746;91418804;91418972;91418991;91419174;91420264;91420413;91420416;91420443;91420657;91421719;91421744;91421750;91421887;91421897;9142479;9142703;9142863;9143215;9143261;9143447;9143678;9143804;9143829,386,
PN3145,register_extract_2026-06-15,3145,624935916,ATHLON BY AL DAR 2,أثلون من الدار 2,دبي للعقارات (ش.ذ.م.م),dubai-properties,Wadi Al Safa 5,,ACTIVE,,0,599,0,0,611,69,64810001;64810002;64810005;64810006;64810012;64810013;64810027;64810029;64810032;64810034;64810035;64810036;64810042;64810045;64810046;64810054;64810055;64810057;64810059;64810065;64810071;64810076;64810077;64810079;64810082;64810083;64810084;64810094;64810095;64810102;64810106;64810109;64810110;64810114;64810116;64810117;64810119;64810122;64810123;64810125;64810126;64810132;64810137;64810143;64810147;64810149;64810157;64810158;64810165;64810166;64810167;64810172;64810176;64810178;64810180;64810190;64810192;64810193;64810195;64810196,327,
PN2548,register_extract_2026-06-15,2548,472592091,DAMAC HILLS (2) - CAMELIA,داماك هيلز (2) - كاميليا,شركة الخط الامامي لادارة الاستثمار ش.ذ.م.م,الخط-الامامي-لاداره-الاستثمار,Madinat Hind 4,DAMAC HILLS 2,ACTIVE,,0,620,0,0,1117,286,91410205;91410208;91410210;91410212;91410213;91410220;91410221;91410225;91410229;91410232;91410234;91410236;91410237;91410245;91410246;91410249;91410252;91410253;91410256;91410259;91410261;91410263;91410500;91410501;91410502;91410503;91410504;91410505;91410676;91410677;91410678;91410679;91410680;91410681;91410682;91410683;91410684;91410685;91411328;91411329;91411330;91411331;91411334;91411335;91411336;91411338;91411339;91411341;91411347;91411348;91411349;91411351;91411353;91411359;91411360;91411361;91411363;91411364;91411368;91411370,620,
PN3388,register_extract_2026-06-15,3388,679900964,DAMAC ISLANDS - MALDIVES 1,داماك ايلاندز - مالديفز 1,شركة داماك ايليت للاستثمار ذ.م.م,damac,Al Yelayiss 1,,NOT_STARTED,,0,397,0,0,419,24,9212720;9212733;9212751;9212760;9212784;9212798;9212799;9212823;9212867;9212876;9212884;9212885;9212886;9212903;9212904;9212906;9212907;9212928;9212946;9212956;9212981;9212982;9212999;9213038;9213039;9213045;9213046;9213050;9213051;9213099;9213135;9213141;9213173;9213199;9213207;9213208;9213223;9213232;9213310;9213338;9213339;9213353;9213360;9213361;9213363;9213410;9213411;9213414;9213422;9213437;9213444;9213445;9213463;9213466;9213481;9213515;9213535;9213538;9213543;9213583,397,
PN3121,register_extract_2026-06-15,3121,619898006,Greenway 2,غرين واي 2,إعمار دبي الجنوب دي دبليو سي ش.ذ.م.م,emaar,Madinat Al Mataar,Dubai World Central,ACTIVE,,0,492,0,0,527,30,5213131;5213132;5213133;5213134;5213135;5213136;5213137;5213138;5213139;5213140;5213141;5213142;5213143;5213144;5213145;5213146;5213147;5213148;5213149;5213150;5213151;5213152;5213153;5213154;5213155;5213156;5213157;5213158;5213159;5213160;5213161;5213162;5213163;5213164;5213165;5213166;5213167;5213168;5213169;5213170;5213171;5213172;5213173;5213174;5213175;5213176;5213177;5213178;5213179;5213180;5213181;5213182;5213183;5213184;5213185;5213186;5213187;5213188;5213189;5213190,123,
PN2734,register_extract_2026-06-15,2734,525471696,DAMAC HILLS (2) - VIOLET,داماك هيلز (2) - فايلات,شركة الخط الامامي لادارة الاستثمار ش.ذ.م.م,الخط-الامامي-لاداره-الاستثمار,Madinat Hind 4,DAMAC HILLS 2,ACTIVE,,0,526,0,0,587,58,9142435;9142441;9142444;9142445;9142447;9142448;9142455;9142456;9142457;9142459;9142464;9142465;9142466;9142471;9142472;9142476;9142478;9142485;9142487;9142490;9142495;9142499;9142503;9142508;9142512;9142514;9142515;9142524;9142525;9142527;9142528;9142533;9142535;9142540;9142545;9142546;9142548;9142549;9142553;9142555;9142558;9142560;9142561;9142562;9142563;9142564;9142565;9142566;9142567;9142574;9142576;9142577;9142579;9142580;9142582;9142585;9142586;9142587;9142591;9142592,526,
PN2803,register_extract_2026-06-15,2803,542692851,The Valley - Alana,ذا فالي - ألانا,إعمار للتطوير (مساهمة عامة),emaar,Al Yufrah 1,,ACTIVE,,0,322,0,0,392,40,9150687;9150693;9150694;9150698;9150708;9150715;9150717;9150738;9150742;9150746;9150749;9150754;9150758;9150759;9150765;9150770;9150774;9150777;9150803;9150809;9150810;9150814;9150818;9150821;9150822;9150828;9150842;9150846;9150851;9150861;9150864;9150865;9150868;9150876;9150877;9150892;9150893;9150902;9150909;9150915;9150916;9150921;9150922;9150927;9150930;9150939;9150943;9150955;9150961;9150968;9150972;9150975;9150976;9150986;9150988;9150994;9150995;9151011;9151012;9151013,161,
PN2858,register_extract_2026-06-15,2858,560241617,AMARA,أمارا,ماجد الفطيم لتشغيل مشاريع المدن المتكاملة الاماراتية ش.ذ.م.م,ماجد-الفطيم-لتشغيل-مشاريع-المدن-المتكامله-الاماراتيه,Al Hebiah Fourth,TILAL AL GHAF,ACTIVE,,0,116,0,0,152,27,6824608;6824612;6824618;6824619;6824622;6824636;6824637;6824640;6824644;6824645;6824648;6824650;6824655;6824656;6824667;6824668;6824669;6824671;6824680;6824681;6824683;6824689;6824690;6824695;6824698;6824709;6824714;6824719;6824725;6824730;6824733;6824740;6824746;6824751;6824760;6824761;6824762;6824768;6824772;6824774;6824775;6824778;6824786;6824788;6824789;6824796;6824797;6824800;6824802;6824806;6824808;6824816;6824818;6824820;6824826;6824828;6824830;6824838,58,
PN962,register_extract_2026-06-15,962,962,SHAMAL TERRACES 2,مناطق شمال 2,شركة نخيل (ش.م.خ),nakheel,Al Barsha South Fourth,Jumeirah Village Circle,FINISHED,,0,17,0,0,92,8,6817173,1,
PN2258,register_extract_2026-06-15,2258,356065496,Arabain Ranches lll - Bliss,المرابع العربية ااا - بليس,إعمار للتطوير (مساهمة عامة),emaar,Wadi Al Safa 5,,FINISHED,,0,332,0,0,832,140,6482821;6482822;6482840;6482868;6482899;6482906;6482941;6482955;6482999;6483004;6483799;6483804;6483833;6483840;6483861;6483866;6483893;6483908;6483909;6483949;6483979;6483988;6484030;6484050;6484081,25,
PN2308,register_extract_2026-06-15,2308,379955363,ROYAL PARK SOUTH,رويال بارك ساوث,قرية جميرا (ش.ذ.م.م),قريه-جميرا,Al Barsha South Fourth,Jumeirah Village Circle,FINISHED,,0,10,0,0,30,3,6816378,1,
PN401,register_extract_2026-06-15,401,401,LOTUS PARK,لوتس بارك,قرية جميرا (ش.ذ.م.م),قريه-جميرا,Al Barsha South Fourth,Jumeirah Village Circle,FINISHED,,0,15,0,0,41,2,6817343,1,
PN692,register_extract_2026-06-15,692,692,INDIGO VILLE 1,إنديغو فيل 1,شركة نخيل (ش.م.خ),nakheel,Al Barsha South Fourth,Jumeirah Village Circle,FINISHED,,0,15,0,0,41,4,6816373,1,
PN1425,register_extract_2026-06-15,1425,1425,DIAMOND VIEWS 1- VILLAS  B,مناظر ماسية 1- فيلات ب,قرية جميرا (ش.ذ.م.م),قريه-جميرا,Al Barsha South Fourth,Jumeirah Village Circle,FINISHED,,0,14,0,0,66,1,6817165,1,
PN1055,register_extract_2026-06-15,1055,578536430,The Lakes Deema 2,???????? ? ???? 2,اعمار العقارية (ش . م. ع),emaar,Al Thanyah Third,Lakes - Deema 2,FINISHED,,0,53,0,0,244,4,3880589;3880590;3880591;3880592;3880593;3880594;3880595;3880596;3880597;3880598;3880599;3880600;3880601;3880602;3880603;3880604;3880605;3880606;3880607;3880608;3880609;3880610;3880611;3880612;3880613;3880614;3880615;3880616;3880617;3880618;3880619;3880620;3880621;3880622;3880623;3880624;3880625;3880626;3880627;3880628;3880629;3880630;3880631;3880632;3880633;3880634;3880635;3880636;3880637;3880638;3880639;3880640;3880641,53,
PN1395,register_extract_2026-06-15,1395,10829455,DAMAC HILLS -  RICHMOND,دماك هيلز - ريتشموند,داماك كريسنت للعقارات (ش.ذ.م.م),damac,Al Hebiah Third,DAMAC HILLS,FINISHED,,0,118,0,0,282,6,6763208;6763209;6763210;6763211;6763212;6763213;6763214;6763215;6763216;6763217;6763218;6763219;6767065;6767073;6767075;6767077;6767082;6767087;6767093;6767098;6767102;6767132;6767135;6767910;6767911;6768268;6768269;6768270;6768273;6768276;6768280;6768281;6768282;6768283;6768285;6768286;6768293;6768296;6768297;6768311;6768318;6768319;6768321;6768322;6768324;6768326;6768329;6768330;6768331;6768334;6768336;6768337;6768352;6768355;6768358;6768361;6768362;6768363;6768369;6768372,118,
PN450,register_extract_2026-06-15,450,450,VICTORY HEIGHTS,فيكتوري هايتس,مدينة دبي الرياضية (ش. ذ. م. م),مدينه-دبي-الرياضيه,Al Hebiah Fourth,Dubai Sports City,FINISHED,,0,961,0,0,4510,175,6820160;6820161;6820162;6820163;6820164;6820165;6820166;6820167;6820168;6820169;6820170;6820171;6820172;6820173;6820174;6820175;6820176;6820177;6820178;6820179;6820180;6820181;6820182;6820183;6820184;6820185;6820186;6820187;6820188;6820189;6820190;6820191;6820192;6820193;6820194;6820195;6820196;6820197;6820198;6820199;6820200;6820201;6820202;6820203;6820204;6820205;6820206;6820207;6820208;6820209;6820210;6820211;6820212;6820213;6820214;6820215;6820216;6820217;6820218;6820219,962,
PN1519,register_extract_2026-06-15,1519,12670500,ASEEL,أصيل,اعمار العقارية (ش . م. ع),emaar,Wadi Al Safa 6,,FINISHED,,0,52,0,0,137,22,6648689;6648690;6648691;6648692;6648693;6648694;6648695;6648696;6648697;6648698;6648699;6648700;6648701;6648702;6648703;6648704;6648705;6648706;6648707;6648708;6648709;6648710;6648711;6648712;6648713;6648714;6648715;6648716;6648717;6648718;6648719;6648720;6648721;6648722;6648723;6648724;6648725;6648726;6648727;6648728;6648729;6648730;6648731;6648732;6648733;6648734;6648843;6648844;6648845;6648846;6648847;6648848;6648849;6648850;6648851,55,
PN2878,register_extract_2026-06-15,2878,564866914,Casa Serene,كازا سيرين,شوبا ش.ذ.م.م,sobha,Al Merkadh,SOBHA HARTLAND,ACTIVE,,0,4,0,0,8,1,3473101;3473162;3473201;3474800,4,
PN2039,register_extract_2026-06-15,2039,168109863,Marbella Village,قرية ماربيا,مدينة دبي الرياضية (ش. ذ. م. م),مدينه-دبي-الرياضيه,Al Hebiah Fourth,Dubai Sports City,FINISHED,,0,103,0,0,256,22,6821819;6821820;6821821;6821822;6821823;6821824;6821825;6821898;6821899;6821900;6821901;6821902;6821903;6821904;6821905;6821906;6821908;6821909;6821910;6821911;6824305;6824306;6824307;6824308;6824309;6824310;6824313;6824314;6824315;6824316;6824317;6824318;6824319;6824320;6824321;6824322;6824324;6824326;6824327;6824328;6824329;6824330;6824332;6824333;6824334;6824335;6824336;6824337;6824338;6824339;6824340;6824341;6824342;6824343;6824345;6824346;6824347;6824348;6824349;6824350,103,
PN514,register_extract_2026-06-15,514,514,SAHARA MEADOWS1,الصحراء ميدوس 1,مدينه دبى الصناعيه ش ذ م م,مدينه-دبي-الصناعيه,Saih Shuaib 2,,FINISHED,,0,115,0,0,245,26,5310129,1,
PN1488,register_extract_2026-06-15,1488,11744920,REEM - MIRA OASIS COMMUNITY,ريم - ميرا أوسيس كوميونتي,الاريام المرحلة الثانية ش.ذ.م.م,الاريام-المرحله-الثانيه,Al Yelayiss 1,,FINISHED,,0,483,0,0,1499,89,9210518;9210519;9210520;9210521;9210522;9210523;9210524;9210525;9210526;9210527;9210528;9210529;9210530;9210531;9210532;9210533;9210534;9210535;9210536;9210537;9210538;9210565;9210566;9210567;9210568;9210569;9210570;9210571;9210572;9210573;9210574;9210575;9210576;9210577;9210578;9210579;9210580;9210581;9210582;9210583;9210584;9210585;9210586;9210587;9210588;9210589;9210590;9210591;9210592;9210593;9210594;9210595;9210596;9210597;9210598;9210599;9210600;9210601;9210602;9210603,104,
PN1296,register_extract_2026-06-15,1296,1296,THE VILLA 3,الفيلا 3,دبي لاند ريزيدنسز (ش.ذ.م.م),دبي-لاند-ريزيدنسز,Wadi Al Safa 5,The Villa,FINISHED,,0,64,0,0,361,17,4242610;6486838;6486839;6486846;6486848;6486849;6486852;6486853;6486854;6486855;6486856;6486858;6486860;6486861;6486862;6486863;6486866;6486869;6486870;6486874;6486875;6486877;6486880;6486886;6486887;6486931;6486932;6486933;6486934;6486935;6486936;6486937;6486938;6486939;6486940;6486941;6486942;6486943;6486944;6486945;6486946;6486947;6486948;6487563;6487564;6487577;6487578;6487588;6487596;6487599;6487603;6487604;6487609;6487617;6487619;6487620;6487626;6487629;6487641;6487645,99,
PN2894,register_extract_2026-06-15,2894,571068150,THE BEACHFRONT VILLAS BY ELLINGTON,ذا بيتش فرونت فيلاز من إلينغتون,مجموعة ميدان (ش.ذ.م.م),meydan,Wadi Al Safa 3,Mohammed Bin Rashid AL Maktoum District 11,ACTIVE,,0,21,0,0,23,4,6454948,1,
PN1815,register_extract_2026-06-15,1815,35805880,BV Mansions,بي في مانشينس,مراس باي أند ريزيدنس ش.ذ.م.م,meraas,Island 2,Jumeira Bay,FINISHED,,0,15,0,0,58,3,3020630;3020631;3020632;3020633;3020634;3020635;3020636;3020637;3020638;3020639;3020640;3020641;3020642;3020643;3020644;3020646,16,
PN1793,register_extract_2026-06-15,1793,33494532,REEM-MIRA COMMUNITY PH 2,مجمع ريم ميرا بي أتش21,الاريام المرحلة الاولى ش.ذ.م.م,الاريام-المرحله-الاولي,Al Yelayiss 1,,FINISHED,,0,334,0,0,1264,51,9211342;9211343;9211344;9211432;9211433;9211434;9211435;9211436;9211437;9211438;9211439;9211440;9211441;9211442;9211443;9211444;9211445;9211446;9211447;9211448;9211449;9211450;9211451;9211452;9211453;9211454;9211455;9211456;9211457;9211458;9211459;9211460;9211461;9211462;9211463;9211464;9211465;9211466;9211467;9211468;9211469;9211470;9211471;9211472;9211473;9211474;9211475;9211476;9211477;9211478;9211479;9211480;9211481;9211482;9211483;9211484;9211485;9211486;9211487;9211488,91,
PN1491,register_extract_2026-06-15,1491,11887447,THE SUNDIALS,ذي سن دايلس,عقارات جميرا جولف ش.ذ.م.م,عقارات-جميرا-جولف,Me'Aisem First,Jumeirah Golf Estates,FINISHED,,0,46,0,0,258,16,6850370;6850371;6850372;6850373;6850374;6850375;6850376;6850377;6850378;6850379;6850380;6850381;6850382;6850383;6850384;6850385;6850386;6850387;6850388;6850389;6850390;6850391;6850394;6850395;6850396;6850397;6850398;6850399;6850400;6850402;6850403;6850405;6850406;6850407;6850408;6850409;6850410;6850411;6855950;6855951;6855952;6855953;6855954;6855955;6855956;6855957,46,
PN2167,register_extract_2026-06-15,2167,257869156,Sur La Mer,سور لامير,مراس العقارية (ش.ذ.م.م),meraas,Jumeirah First,LA MER,FINISHED,,0,113,0,0,260,13,3321762;3321763;3321764;3321765;3321766;3321767;3321768;3321769;3321770;3321771;3321772;3321773;3321774;3321775;3321776;3321777;3321778;3321779;3321780;3321781;3321782;3323905;3323906;3323907;3323913;3323915;3323916;3323917;3323918;3323920;3323921;3323922;3323924;3323925;3323927;3323945;3323946;3323972;3323973,39,
PN693,register_extract_2026-06-15,693,693,INDIGO VILLE 8,إنديغو فيل 8,شركة نخيل (ش.م.خ),nakheel,Al Barsha South Fourth,Jumeirah Village Circle,FINISHED,,0,18,0,0,55,2,6817418,1,
PN2980,register_extract_2026-06-15,2980,590896767,Nineteen Riviera Lagoon,تسعة عشر بحيرة ريفييرا,مجموعة ميدان (ش.ذ.م.م),meydan,Wadi Al Safa 3,Mohammed Bin Rashid AL Maktoum District 11,ACTIVE,,0,19,0,0,12,0,6454954,1,
PN2260,register_extract_2026-06-15,2260,359403589,Arabian Ranches lll - Caya,المرابع العربية ااا - كايا,إعمار للتطوير (مساهمة عامة),emaar,Wadi Al Safa 5,,FINISHED,,0,247,0,0,520,113,6482813;6482814;6482815;6482816;6482818;6482824;6482828;6482829;6482833;6482834;6482836;6482839;6482844;6482846;6482849;6482851;6482853;6482857;6482858;6482859;6482861;6482862;6482865;6482866;6482873;6482874;6482875;6482876;6482877;6482878;6482881;6482886;6482888;6482890;6482891;6482893;6482894;6482895;6482897;6482901;6482903;6482904;6482908;6482909;6482914;6482915;6482916;6482917;6482919;6482920;6482921;6482922;6482923;6482927;6482928;6482929;6482930;6482933;6482934;6482942,247,
PN3018,register_extract_2026-06-15,3018,600336168,MAYA Luxury Collection,مجموعة مايا الفاخرة,تنميات جلوبل للتطوير العقاري  ش ذ م م,تنميات-جلوبل-للتطوير-العقاري,Wadi Al Safa 3,Living Legends,FINISHED,,0,9,0,0,15,11,6457429,1,
PN2553,register_extract_2026-06-15,2553,473231167,Bianca,بيانكا,دبي للعقارات (ش.ذ.م.م),dubai-properties,Wadi Al Safa 2,,ACTIVE,,0,653,0,0,663,75,6438766,1,
PN344,register_extract_2026-06-15,344,344,ERANTIS,ارانتيس,قرية جميرا (ش.ذ.م.م),قريه-جميرا,Al Barsha South Fourth,Jumeirah Village Circle,FINISHED,,0,16,0,0,84,3,6816517,1,
PN2816,register_extract_2026-06-15,2816,546487645,THE LAKEVIEW VILLAS BY ELLINGTON,ذا لايكفيو فيلاز من إلينغتون,مجموعة ميدان (ش.ذ.م.م),meydan,Wadi Al Safa 3,Mohammed Bin Rashid AL Maktoum District 11,NOT_STARTED,,0,22,0,0,20,1,6454951,1,
PN1872,register_extract_2026-06-15,1872,53282667,DAMAC HILLS - SILVER SPRINGS 2,داماك هيلز - سيلفر سبرينغ 2,داماك كريسنت للعقارات (ش.ذ.م.م),damac,Al Hebiah Third,DAMAC HILLS,FINISHED,,0,2,0,0,1,0,6765558;6765566,2,
PN2444,register_extract_2026-06-15,2444,434423190,Mudon Al Ranim 3,مدن الرنيم 3,دبي للعقارات (ش.ذ.م.م),dubai-properties,Al Hebiah Sixth,Mudon,FINISHED,,0,242,0,0,535,210,6770125;6770131;6770138;6770149;6770150;6770151;6770157;6770160;6770161;6770168;6770176;6770180;6770193;6770199;6770200;6770208;6770214;6770216;6770223;6770229;6770238;6770244;6770247;6771562;6771578;6771582;6771631;6771656;6771727;6771740;6771765;6771766;6771769;6771806;6771817;6771888;6771889;6771890;6771900;6771909;6772007;6772010;6772021;6772022;6772025;6772032;6772041;6773743;6773787;6773796;6773799;6773807,52,
PN2549,register_extract_2026-06-15,2549,472597472,Mudon Al Ranim 4,مدن الرنيم 4,دبي للعقارات (ش.ذ.م.م),dubai-properties,Al Hebiah Sixth,Mudon,ACTIVE,,0,134,0,0,311,133,6770126;6770127;6770134;6770140;6770165;6770170;6770204;6770210;6770212;6770241;6770246;6771576;6771590;6771625;6771658;6771733;6771745;6771807;6771820;6771841;6771855;6771893;6772009;6772019;6772020;6772028;6772033;6772046;6773789,29,
PN2387,register_extract_2026-06-15,2387,411471164,Jebel Ali Village Townhouses - Phase 3,قرية جبل علي تاون هاوسز- المرحلة 3,شركة نخيل (ش.م.خ),nakheel,Jabal Ali First,Jabal Ali Village,ACTIVE,,0,196,0,0,433,169,59110658;59110659;59110660;59110661;59110662;59110663;59110664;59110665;59110666;59110667;59110668;59110669;59110670;59110671;59110672;59110673;59110674;59110675;59110676;59110677;59110678;59110679;59110680;59110681;59110682;59110683;59110684;59110685;59110686;59110687;59110688;59110689;59110690;59110691;59110692;59110693;59110694;59110695;59110696;59110697;59110698;59110699;59110700;59110701;59110702;59110703;59110704;59110705;59110706;59110707;59110708;59110709;59110710;59110711;59110712;59110713;59110714;59110715;59110716;59110717,196,
PN2054,register_extract_2026-06-15,2054,171188884,Elysian Mansions,إليزيان مانشنس,ماجد الفطيم لتشغيل مشاريع المدن المتكاملة الاماراتية ش.ذ.م.م,ماجد-الفطيم-لتشغيل-مشاريع-المدن-المتكامله-الاماراتيه,Al Hebiah Fourth,TILAL AL GHAF,ACTIVE,,0,97,0,0,156,28,6824141;6824146;6824147;6824149;6824150;6824152;6824153;6824155;6824158;6824159;6824160;6824162;6824167;6824169;6824173;6824175;6824176;6824177;6824180;6824183;6824184;6824187;6824188;6824190;6824192;6824193;6824194;6824437;6824441;6824443;6824444;6824446;6824447;6824455;6824457;6824459;6824460;6824462;6824463;6824465;6824466;6824469;6824474;6824475;6824477;6824482;6824483;6824484;6824487;6824491;6824492;6824493;6824495;6824496;6824497;6824499;6824502;6824509;6824510;6824513,97,
PN1686,register_extract_2026-06-15,1686,25664617,ALFURJAN PACKAGE 4,الفرجان 4,الفرجان ( ش.ذ.م.م ),الفرجان,Jabal Ali First,Al Furjan,FINISHED,,0,244,0,0,736,45,5913864;5913865;5913866;5913867;5913868;5913869;5913870;5913871;5913872;5913873;5913874;5913875;5913876;5913877;5913878;5913879;5913880;5913881;5913882;5913883;5913884;5913885;5913886;5913887;5913888;5913889;5913890;5913891;5913892;5913893;5913894;5913895;5913896;5913897;5913898;5913899;5913900;5913901;5913902;5913903;5913904;5913905;5913906;5913907;5913908;5913909;5913910;5913911;5913912;5913913;5913914;5913915;5913916;5913917;5913918;5913919;5913920;5913921;5913922;5913923,247,
PN2346,register_extract_2026-06-15,2346,392882921,Arabian Ranches lll - Elie Saab ll,المرابع العربية ااا - ايلي صعب اا,إعمار للتطوير (مساهمة عامة),emaar,Wadi Al Safa 5,,FINISHED,,0,131,0,0,274,71,6484115;6484123;6484148;6484161;6484165;6484169;6484172;6484176;6484180;6484181;6484184;6484192;6484194;6484197;6484203;6484204;6484209;6484216;6484220;6484226;6484236;6484243;6484246;6484250;6484259;6484281;6484288;6484289;6484292;6484303;6484319;6484320;6484323;6484329;6484333;6484338;6484342;6484360;6484361;6484381;6484388;6484392;6484397;6484398;6484401;6484405;6484415;6484416;6484423;6484430;6484443;6484465;6484480;6484481;6484484;6484485;6484496;6484501;6484503;6484505,131,
PN3077,register_extract_2026-06-15,3077,610850242,Nad Al Sheba Gardens Phase 5,ند الشبا جاردنزالمرحله 5,شمال العقارية ش.ذ.م.م,شمال-العقاريه,Nad Al Shiba First,Nad Al Sheba Gardens,ACTIVE,,0,159,0,0,175,18,6181360;6181364;6181399;6181405;6181410;6181415;6181418;6181479;6181506;6181539;6181540;6181543;6181544;6181550;6181570;6181576;6181592;6181593;6181661;6181663;6181705;6181712;6181718;6181733;6181739;6181743;6181764;6181831;6181845;6181870;6181871;6181876;6181881;6181885;6181897;6181908;6181914;6181976;6182006;6182032;6182035;6182036;6182066;6182075;6182077;6182088;6182089;6182132;6182142;6182143;6182167;6182184;6182225;6182241;6182242;6182251;6182314;6182335;6182377;6182381,82,
PN2701,register_extract_2026-06-15,2701,513264571,Mudon Al Ranim 8,مدن الرنيم 8,دبي للعقارات (ش.ذ.م.م),dubai-properties,Al Hebiah Sixth,Mudon,ACTIVE,,0,228,0,0,283,43,6772137;6772140;6772145;6772148;6772149;6772156;6772157;6772160;6772167;6772168;6772171;6772173;6772181;6772185;6772191;6772196;6772199;6772202;6772204;6772206;6772208;6772212;6772213;6772214;6772216;6772221;6772226;6772228;6772231;6772235;6772238;6772243;6772245;6772253;6772255;6772259;6772265;6772266;6772272;6772277;6772280;6772291;6772292,43,
PN2102,register_extract_2026-06-15,2102,196526130,Parkside,بارك سايد,إعمار دبي الجنوب دي دبليو سي ش.ذ.م.م,emaar,Madinat Al Mataar,Dubai World Central,FINISHED,,0,371,0,0,845,92,5211613;5212803;5212804;5212805;5212806;5212807;5212808;5212809;5212810;5212811;5212812;5212813;5212814;5212815;5212816;5212817;5212818;5212819;5212820;5212821;5212822;5212823;5212824;5212825;5212826;5212827;5212828;5212829;5212830;5212831;5212832;5212833;5212834;5212835;5212836;5212837;5212838;5212839;5212840;5212841;5212842;5212843;5212844;5212845;5212846;5212847;5212848;5212849;5212850;5212851;5212852;5212853;5212854;5212855;5212856;5212857;5212858,57,
PN2399,register_extract_2026-06-15,2399,418017410,Mudon Al Ranim 1,مدن الرنيم 1,دبي للعقارات (ش.ذ.م.م),dubai-properties,Al Hebiah Sixth,Mudon,FINISHED,,0,224,0,0,483,128,6770124;6770129;6770141;6770144;6770167;6770174;6770175;6770177;6770186;6770195;6770198;6770202;6770205;6770224;6770234;6770236;6770240;6770242;6771061;6771376;6771602;6771604;6771615;6771632;6771695;6771698;6771770;6771773;6771796;6771811;6771844;6771861;6771873;6771905;6771912;6771919;6772000;6772015;6772017;6772023;6772026;6772044;6772047;6773800,44,
PN2590,register_extract_2026-06-15,2590,484054660,Palm Jebel Ali - Frond P,P نخلة جبل علي - السعفة,شركة نخيل (ش.م.خ),nakheel,Palm Jabal Ali,Palm Jabal Ali,ACTIVE,,0,90,0,0,101,10,5011234;5011235;5011236;5011237;5011238;5011239;5011240;5011241;5011242;5011243;5011244;5011245;5011246;5011247;5011248;5011249;5011250;5011251;5011252;5011253;5011254;5011255;5011256;5011257;5011258;5011259;5011260;5011261;5011262;5011263;5011264;5011265;5011266;5011267;5011268;5011269;5011270;5011271;5011272;5011273;5011274;5011275;5011276;5011277;5011278;5011279;5011280;5011281;5011282;5011283;5011284;5011285;5011286;5011287;5011288;5011289;5011290;5011291;5011292;5011293,90,
PN4053,register_extract_2026-06-15,4053,804564832,Hayat 5,حياة 5,مؤسسه مدينه دبى للطيران,موسسه-مدينه-دبي-للطيران,Madinat Al Mataar,Dubai World Central,NOT_STARTED,,0,112,0,0,110,110,5211195;5211196;5211197;5211198;5211199;5211200;5211201;5211202;5211203;5211204;5211205;5211206;5211207;5211208;5211209;5211210;5211211;5211212;5211213;5211214;5211215;5211217;5211218;5211219;5211220;5211221;5211222;5211223;5211224;5211225;5211226;5211227;5211228;5211229;5211230;5211231;5211232;5211233;5211234,39,
PN2274,register_extract_2026-06-15,2274,367302335,The Valley-Nara,ذا فالي - نارا,إعمار للتطوير (مساهمة عامة),emaar,Al Yufrah 1,,FINISHED,,0,372,0,0,916,217,9150230;9150231;9150232;9150233;9150234;9150235;9150236;9150237;9150238;9150239;9150240;9150241;9150242;9150243;9150244;9150245;9150246;9150247;9150248;9150249;9150250;9150251;9150252;9150253;9150254;9150255;9150256;9150257;9150258;9150259;9150260;9150261;9150262;9150263;9150264;9150265;9150266;9150267;9150268;9150269;9150270;9150271;9150272;9150273;9150274;9150275;9150276;9150277;9150278;9150279;9150280;9150281;9150282;9150283;9150284;9150285;9150286,57,
PN2057,register_extract_2026-06-15,2057,172111808,Villanova Amaranta 3,فيلانوفا أمارانتا 3,دبي للعقارات (ش.ذ.م.م),dubai-properties,Wadi Al Safa 5,,FINISHED,,0,322,0,0,782,75,6480441;6480442;6480443;6480444;6480445;6480446;6480447;6480448;6480449;6480450;6480451;6480452;6480453;6480454;6480455;6480456;6480457;6480458;6480459;6480460;6480461;6480462;6480463;6480464;6480465;6480466;6480467;6480468;6480469;6480470;6480471;6480472;6480473;6480474;6480475;6480476;6480477;6480478;6480479;6480480;6480481;6480482;6480483;6480484;6480485;6480486;6480487;6480488;6480489;6480490;6480491;6480492;6486634;6486635;6486637;6486638;6486639;6486640;6486669;6486674,60,
PN3465,register_extract_2026-06-15,3465,699001247,Reportage Hills,ريبورتاج هيلز,دبي للعقارات (ش.ذ.م.م),dubai-properties,Al Hebiah Fifth,,NOT_STARTED,,0,902,0,0,353,292,68311658;68311661;68311662;68311664;68311666;68311674;68311677;68311678;68311684;68311690;68311693;68311695;68311696;68311702;68311705;68311706;68311709;68311710;68311711;68311716;68311721;68311723;68311725;68311729;68311733;68311734;68311736;68311738;68311741;68311747;68311751;68311752;68311753;68311756;68311761;68311769;68311770;68311771,38,
PN2331,register_extract_2026-06-15,2331,389128966,Bulgari Ocean Mansions,بولغري أوشن مانشنز,جميرا باي ش.ذ.م.م,جميرا-باي,Island 2,Jumeira Bay,FINISHED,,0,7,0,0,12,0,3020164;3020167;3020168;3020170;3020172;3020173;3020174,7,
PN2511,register_extract_2026-06-15,2511,457737641,The Valley - Elora,ذا فالي - ايلورا,إعمار للتطوير (مساهمة عامة),emaar,Al Yufrah 1,,ACTIVE,,0,430,0,0,693,105,9150688;9150695;9150699;9150735;9150743;9150750;9150762;9150771;9150786;9150815;9150819;9150824;9150853;9150862;9150866;9150869;9150872;9150879;9150917;9150948;9150965;9150969;9150979;9150980;9150990;9150997;9151066;9151067;9151079;9151092;9151096;9151114;9151123;9151124;9151146;9151149;9151152;9151183;9151184;9151192;9151211;9151223;9151226;9151255;9151257;9151260;9151266;9151285;9151286;9151294;9151307;9151325;9151341;9151369;9151375;9151394;9151401;9151415;9151435;9151444,73,
PN169,register_extract_2026-06-15,169,169,WESTAR TERRACE  GARDEN,ويستر تراس جاردن,قرية جميرا (ش.ذ.م.م),قريه-جميرا,Al Barsha South Fourth,Jumeirah Village Circle,FINISHED,,0,16,0,0,68,2,6817101,1,
PN428,register_extract_2026-06-15,428,428,PARK TOWERS,بارك تاورز,شركة داماك العقارية (ش.ذ.م.م),damac,Zaabeel Second,,FINISHED,,0,0,0,0,0,0,3372261,1,
PN1092,register_extract_2026-06-15,1092,1092,MIRABELLA 5,ميرابيلا 5,قرية جميرا (ش.ذ.م.م),قريه-جميرا,Al Barsha South Fourth,Jumeirah Village Circle,FINISHED,,0,18,0,0,101,4,6816408,1,
PN1644,register_extract_2026-06-15,1644,21120967,OCEANA HOTEL AND APARTMENTS,فندق وشقق أوشينا,شركة نخيل (ش.م.خ),nakheel,Palm Jumeirah,Palm Jumeirah,FINISHED,290,2,1,0,290,438,14,,0,1712105105
PN1887,register_extract_2026-06-15,1887,79502714,PARK HEIGHTS II,II بارك هايتس,دبي هيلز استيت ش.ذ.م.م,dubai-hills-estate,Hadaeq Sheikh Mohammed Bin Rashid,Dubai Hills Estate,FINISHED,557,2,2,0,565,1281,102,,0,
PN3532,register_extract_2026-06-15,3532,712768926,نايا 2 في ديستريكت ون,,مجموعة ميدان (ش.ذ.م.م),meydan,Al Merkadh,Mohammed Bin Rashid AL Maktoum City -District -1 Community,PENDING,,0,0,0,0,0,0,,0,
PN3413,register_extract_2026-06-15,3413,685612970,نيو بليس,,دبي لاند ريزيدنسز (ش.ذ.م.م),دبي-لاند-ريزيدنسز,Wadi Al Safa 5,Dubai Land Residence Complex,PENDING,,0,0,0,0,0,0,,0,
PN2937,register_extract_2026-06-15,2937,580740672,l باركوود فيلاز,,شركة نخيل (ش.م.خ),nakheel,Al Barsha South Fourth,Jumeirah Village Circle,PENDING,,0,0,0,0,0,0,,0,
PN3497,register_extract_2026-06-15,3497,706871425,اية بي بالاس جروب,,مراس العقارية (ش.ذ.م.م),meraas,Al Satwa,Jumeirah Garden City,PENDING,,0,0,0,0,0,0,,0,
PN3114,register_extract_2026-06-15,3114,618474655,ميزون الإنجليزية,,شركة نخيل (ش.م.خ),nakheel,Jabal Ali First,Al Furjan,PENDING,,0,0,0,0,0,0,,0,
PN4055,register_extract_2026-06-15,4055,805186348,Water Front Arena Residences,,شركة نخيل (ش.م.خ),nakheel,Palm Deira,Palm Deira,PENDING,,0,0,0,0,0,0,,0,
PN1021,register_extract_2026-06-15,1021,567030353,المرابع العربية ? الفورادا 2,,اعمار العقارية (ش . م. ع),emaar,Wadi Al Safa 6,Arabian Ranches - 1,FINISHED,,0,0,0,0,0,0,,0,
PN2022,register_extract_2026-06-15,2022,159940627,ALANDALUS BUILDING E,الاندلس بنايه E,عقارات جميرا جولف ش.ذ.م.م,عقارات-جميرا-جولف,Me'Aisem First,Jumeirah Golf Estates,FINISHED,89,0,0,0,0,174,17,,0,
PN3247,register_extract_2026-06-15,3247,649306694,سويس اوتيل ووترفرونت ريزيدنسز,,شركة نخيل (ش.م.خ),nakheel,Palm Deira,Palm Deira,PENDING,,0,0,0,0,0,0,,0,
PN4039,register_extract_2026-06-15,4039,801930723,ذا أوتوجراف - جي سيريس,,شركة نخيل (ش.م.خ),nakheel,Al Barsha South Fourth,Jumeirah Village Circle,PENDING,,1,0,0,0,0,0,,0,
PN2709,register_extract_2026-06-15,2709,517189903,برجيل ريزيدنيس,,شركة نخيل (ش.م.خ),nakheel,Al Barsha South Fourth,Jumeirah Village Circle,PENDING,,0,0,0,0,0,0,,0,
PN3740,register_extract_2026-06-15,3740,754573553,عزيزي ريفيرا 57,,مجموعة ميدان (ش.ذ.م.م),meydan,Al Merkadh,Meydan One Community,PENDING,,0,0,0,0,0,0,,0,
PN2136,register_extract_2026-06-15,2136,239262709,الصياح ريزيدنس,,ديزرت فالكون للتطوير العقاري ش.ذ.م.م,ديزرت-فالكون-للتطوير-العقاري,Arjan,Arjan,PENDING,,0,0,0,0,0,0,,0,
PN3652,register_extract_2026-06-15,3652,740163390,وايت أوبالز 2,,مجموعة ميدان (ش.ذ.م.م),meydan,Wadi Al Safa 3,Mohammed Bin Rashid AL Maktoum District 11,PENDING,,0,0,0,0,0,0,,0,
PN231,register_extract_2026-06-15,231,231,PRIME RESIDENCY1,برايم ريزدنسي 1,شركة نخيل (ش.م.خ),nakheel,Al Warsan First,International City Phase 1,FINISHED,174,1,1,164,174,517,15,,0,
PN232,register_extract_2026-06-15,232,232,PRIME RESIDENCY2,برايم ريزدنسي 2,شركة نخيل (ش.م.خ),nakheel,Al Warsan First,International City Phase 1,FINISHED,174,1,1,164,174,548,22,,0,
PN3549,register_extract_2026-06-15,3549,717667526,Island Living Residences,,شركة نخيل (ش.م.خ),nakheel,Palm Deira,Palm Deira,PENDING,,0,0,0,0,0,0,,0,
PN1360,register_extract_2026-06-15,1360,8950530,JUMEIRAH VILLAGE CIRCLE VILLAS,فيلات دائرة قرية جميرا,شركة نخيل (ش.م.خ),nakheel,Al Barsha South Fourth,Jumeirah Village Circle,FINISHED,,0,0,0,0,0,0,,0,
PN2819,register_extract_2026-06-15,2819,546858072,LEA,,عقارات جميرا جولف ش.ذ.م.م,عقارات-جميرا-جولف,Me'Aisem First,Jumeirah Golf Estates,PENDING,,0,0,0,0,0,0,,0,
PN2105,register_extract_2026-06-15,2105,202099775,مها تاون هاوس,,نشاما للعقارات لمالكها نشمي ديفلوبمنت شركة الشخص الواحد ش.ذ.م.م,nshama,Wadi Al Safa 5,,PENDING,,0,0,0,0,0,0,,0,
PN2828,register_extract_2026-06-15,2828,549739275,فيكتوري ريزيدينسس,,مدينة دبي الرياضية (ش. ذ. م. م),مدينه-دبي-الرياضيه,Al Hebiah Fourth,Dubai Sports City,PENDING,,0,0,0,0,0,0,,0,
PN3387,register_extract_2026-06-15,3387,679897153,Marina Place 2,مارينا بلايس 2,ميناء راشد العقارية ش.ذ.م.م,ميناء-راشد-العقاريه,Madinat Dubai Almelaheyah,Mina Rashid,NOT_STARTED,180,1,1,0,180,186,6,,0,2108316339
PN3296,register_extract_2026-06-15,3296,659662647,واتر فيو فيلاس من الكسندر بروبرتيس,,شركة نخيل (ش.م.خ),nakheel,Al Thanyah Fifth,Jumeirah Park,PENDING,,0,0,0,0,0,0,,0,
PN2456,register_extract_2026-06-15,2456,438954844,DAMAC HILLS - GEMS ESTATES 1,داماك هيلز - جيمس استايتس 1,داماك كريسنت للعقارات (ش.ذ.م.م),damac,Al Hebiah Third,DAMAC HILLS,ACTIVE,,0,0,0,0,39,5,,0,
PN3854,register_extract_2026-06-15,3854,781276253,ربدان جاردنز,,مراس العقارية (ش.ذ.م.م),meraas,Al Satwa,Jumeirah Garden City,PENDING,,0,0,0,0,0,0,,0,
PN2569,register_extract_2026-06-15,2569,478267767,فندق ميسك,,شركة نخيل (ش.م.خ),nakheel,Palm Jumeirah,Palm Jumeirah,PENDING,,0,0,0,0,0,0,,0,
PN3201,register_extract_2026-06-15,3201,639864802,?ي ريزيدنس 2,,شركة نخيل (ش.م.خ),nakheel,Al Barsha South Fourth,Jumeirah Village Circle,PENDING,,0,0,0,0,0,0,,0,
PN2028,register_extract_2026-06-15,2028,164165164,Socio,سوشيو,دبي هيلز استيت ش.ذ.م.م,dubai-hills-estate,Hadaeq Sheikh Mohammed Bin Rashid,Dubai Hills Estate,FINISHED,336,3,3,0,341,1012,50,,0,936786682
PN3748,register_extract_2026-06-15,3748,756800352,لكي برل ريسيدنس,,دبي لاند ريزيدنسز (ش.ذ.م.م),دبي-لاند-ريزيدنسز,Wadi Al Safa 5,Dubai Land Residence Complex,PENDING,,0,0,0,0,0,0,,0,
PN2903,register_extract_2026-06-15,2903,572463122,أديسون هاوس 2,,دبي لاند ريزيدنسز (ش.ذ.م.م),دبي-لاند-ريزيدنسز,Wadi Al Safa 5,Dubai Land Residence Complex,PENDING,,0,0,0,0,0,0,,0,
PN3369,register_extract_2026-06-15,3369,677087360,ايكو فيوجن تاور,,قرية جميرا (ش.ذ.م.م),قريه-جميرا,Al Barsha South Fourth,Jumeirah Village Circle,PENDING,,0,0,0,0,0,0,,0,
PN3692,register_extract_2026-06-15,3692,745745432,دي تو,,شركة نخيل (ش.م.خ),nakheel,Warsan Fourth,International City Phase 3,PENDING,,0,0,0,0,0,0,,0,
PN3733,register_extract_2026-06-15,3733,753704103,ايتون هاوس,,مؤسسه مدينه دبى للطيران,موسسه-مدينه-دبي-للطيران,Madinat Al Mataar,Dubai South Residential District,PENDING,,0,0,0,0,0,0,,0,
PN3813,register_extract_2026-06-15,3813,769845117,أوركيد ريزدنس,,شركة نخيل (ش.م.خ),nakheel,Al Barsha South Fourth,Jumeirah Village Circle,PENDING,,0,0,0,0,0,0,,0,
PN3840,register_extract_2026-06-15,3840,775785006,?ينسيتوري ويلنيس إستيت,,ليوان(ش.ذ.م.م.),ليوان,Wadi Al Safa 3,Majan,PENDING,,0,0,0,0,0,0,,0,
PN1478,register_extract_2026-06-15,1478,1478,ميرار,,تيكوم للإستثمارات منطقة حرة- ذ.م.م,تيكوم-للاستثمارات,Al Barshaa South Second,Dubai Science Park,FINISHED,,0,0,0,0,0,0,,0,
PN3883,register_extract_2026-06-15,3883,790446456,Elevia Residences II,مساكن إيليفيا II,انترناشونال سيتي ( ش.ذ.م.م ),انترناشونال-سيتي,Warsan Fourth,International City Phase 3,PENDING,,0,0,0,0,0,0,,0,
PN2906,register_extract_2026-06-15,2906,573168475,لصتيليؤنتلي,,شمال العقارية ش.ذ.م.م,شمال-العقاريه,Nad Al Shiba First,Nad Al Sheba Gardens,PENDING,,0,0,0,0,0,0,,0,
PN2107,register_extract_2026-06-15,2107,202573766,Collective 2.0,كولكتيف 2.0,دبي هيلز استيت ش.ذ.م.م,dubai-hills-estate,Hadaeq Sheikh Mohammed Bin Rashid,Dubai Hills Estate,FINISHED,495,2,2,0,504,1026,69,,0,207902492
PN3345,register_extract_2026-06-15,3345,670393661,ايكو هارموني تاور,,قرية جميرا (ش.ذ.م.م),قريه-جميرا,Al Barsha South Fourth,Jumeirah Village Circle,PENDING,,0,0,0,0,0,0,,0,
PN4099,register_extract_2026-06-15,4099,816760332,Jasmine Residence,جاسمين ريزيدنس,قرية جميرا (ش.ذ.م.م),قريه-جميرا,Al Barsha South Fifth,Jumeirah Village Triangle,PENDING,,0,0,0,0,0,0,,0,
PN3742,register_extract_2026-06-15,3742,754844874,كابيتال سيكس,,ليوان(ش.ذ.م.م.),ليوان,Wadi Al Safa 3,Majan,PENDING,,0,0,0,0,0,0,,0,
PN446,register_extract_2026-06-15,446,446,EXECUTIVE BAY A,اكزكتيف باي أ,الخليج التجاري (ش.ذ.م.م),الخليج-التجاري,Business Bay,Business Bay,FINISHED,,0,0,0,0,1,0,,0,
PN1110,register_extract_2026-06-15,1110,1110,أريانا,,اعمار العقارية (ش . م. ع),emaar,Marsa Dubai,Dubai Marina,FINISHED,,0,0,0,0,0,0,,0,
PN3306,register_extract_2026-06-15,3306,660448087,Porto View,بورتو فيو,ميناء راشد العقارية ش.ذ.م.م,ميناء-راشد-العقاريه,Madinat Dubai Almelaheyah,Mina Rashid,NOT_STARTED,115,1,1,0,115,113,3,,0,1989096777
PN459,register_extract_2026-06-15,459,459,فو دو لاك,,مركز دبي للسلع المتعددة,مركز-دبي-للسلع-المتعدده,Al Thanyah Fifth,Jumeirah Lakes Towers,CONDITIONAL_ACTIVATING,,1,0,0,0,0,0,,0,
PN3267,register_extract_2026-06-15,3267,652826238,امانة حدائق,,ليوان(ش.ذ.م.م.),ليوان,Wadi Al Safa 2,Liwan2,PENDING,,0,0,0,0,0,0,,0,
PN3574,register_extract_2026-06-15,3574,724529289,بوتيغا نوفيه,,ليوان(ش.ذ.م.م.),ليوان,Wadi Al Safa 3,Majan,NOT_STARTED,,1,0,0,0,0,0,,0,
PN3168,register_extract_2026-06-15,3168,630326468,البا تاور,,دبي لاند (ش.ذ.م.م),دبي-لاند,Al Satwa,Jumeirah Garden City,PENDING,,0,0,0,0,0,0,,0,
PN1876,register_extract_2026-06-15,1876,53893931,Park Heights I,I بارك هايتس,دبي هيلز استيت ش.ذ.م.م,dubai-hills-estate,Hadaeq Sheikh Mohammed Bin Rashid,Dubai Hills Estate,FINISHED,275,1,1,0,281,604,50,,0,526551604
PN3884,register_extract_2026-06-15,3884,790553110,وايت اوبالس تو,,مجموعة ميدان (ش.ذ.م.م),meydan,Wadi Al Safa 3,Mohammed Bin Rashid AL Maktoum District 11,PENDING,,1,0,0,0,0,0,,0,
PN2586,register_extract_2026-06-15,2586,483114269,.,,شركة نخيل (ش.م.خ),nakheel,World Islands,The World,PENDING,,0,0,0,0,0,0,,0,
PN3806,register_extract_2026-06-15,3806,768638382,أكاسا بواسطة نسك,,مؤسسه مدينه دبى للطيران,موسسه-مدينه-دبي-للطيران,Madinat Al Mataar,Dubai South Residential District,PENDING,,0,0,0,0,0,0,,0,
PN2319,register_extract_2026-06-15,2319,383876606,موتر سيتي هيلز المرحلة الاولى,,الاتحاد العقارية (شركة مساهمة عامة),union-properties,Al Hebiah First,Motor City,PENDING,,0,0,0,0,0,0,,0,
PN3470,register_extract_2026-06-15,3470,700439776,أوموريا هوتيل بنتهاوسز,,شركة نخيل (ش.م.خ),nakheel,Palm Deira,Palm Deira,PENDING,,0,0,0,0,0,0,,0,
PN3333,register_extract_2026-06-15,3333,669258108,جرين سيل ريزيدنسز,,قرية جميرا (ش.ذ.م.م),قريه-جميرا,Al Barsha South Fourth,Jumeirah Village Circle,PENDING,,0,0,0,0,0,0,,0,
PN2601,register_extract_2026-06-15,2601,485049363,جوري هيلز المرحلة الثانية,,عقارات جميرا جولف ش.ذ.م.م,عقارات-جميرا-جولف,Me'Aisem First,Jumeirah Golf Estates,PENDING,,0,0,0,0,0,0,,0,
PN2766,register_extract_2026-06-15,2766,535118592,البراري اكسورا فيلاز,,دبي لاند (ش.ذ.م.م),دبي-لاند,Wadi Al Safa 3,,PENDING,,0,0,0,0,0,0,,0,
PN1466,register_extract_2026-06-15,1466,1466,إم برج,,اعمار العقارية (ش . م. ع),emaar,Burj Khalifa,DownTown Dubai,PENDING,,0,0,0,0,0,0,,0,
PN1074,register_extract_2026-06-15,1074,1074,البراري,,دبي لاند (ش.ذ.م.م),دبي-لاند,Wadi Al Safa 3,Al Barari,FINISHED,,0,0,0,0,0,0,,0,
PN3471,register_extract_2026-06-15,3471,700450567,أوموريا ريزورت ريزيدنسز,,شركة نخيل (ش.م.خ),nakheel,Palm Deira,Palm Deira,PENDING,,0,0,0,0,0,0,,0,
PN2908,register_extract_2026-06-15,2908,573865065,فيكتوري ريزيدينس-المرحلة الأولى,,مدينة دبي الرياضية (ش. ذ. م. م),مدينه-دبي-الرياضيه,Al Hebiah Fourth,Dubai Sports City,PENDING,,0,0,0,0,0,0,,0,
PN3231,register_extract_2026-06-15,3231,646445425,مساكن فيف,,مراس العقارية (ش.ذ.م.م),meraas,Al Warsan First,WARSAN FIRST DEVELOPMENT,PENDING,,0,0,0,0,0,0,,0,
PN3398,register_extract_2026-06-15,3398,682518894,امان دبي,,دبي بينينسولا ش.ذ.م.م,دبي-بينينسولا,Jumeirah Second,,PENDING,,0,0,0,0,0,0,,0,
PN3044,register_extract_2026-06-15,3044,605547358,إكسبو سيتي فالي 2,,إكسبو سيتي للتطوير العقاري ش م ح,اكسبو-سيتي-للتطوير-العقاري,Madinat Al Mataar,Dubai World Central,PENDING,,0,0,0,0,0,0,,0,
PN214,register_extract_2026-06-15,214,214,AL JAWZAA,الجوزاء,شركة نخيل (ش.م.خ),nakheel,Warsan Fourth,International City Phase 3,FINISHED,186,2,2,180,186,465,25,,0,
PN1826,register_extract_2026-06-15,1826,40554326,The Cove,ذي كوف,ذي لاجونز المرحلة الاولى ش.ذ.م.م,ذي-لاجونز-المرحله-الاولي,Al Khairan First,Dubai Creek Harbour,FINISHED,291,0,0,0,0,549,51,,0,
PN2649,register_extract_2026-06-15,2649,501098261,اس دبليو اس للتطوير ش ذ م م,,شركة نخيل (ش.م.خ),nakheel,Al Barsha South Fourth,Jumeirah Village Circle,PENDING,,0,0,0,0,0,0,,0,
PN3670,register_extract_2026-06-15,3670,741654057,إديشن 77,,مؤسسه مدينه دبى للطيران,موسسه-مدينه-دبي-للطيران,Madinat Al Mataar,Dubai South Residential District,PENDING,,0,0,0,0,0,0,,0,
PN1465,register_extract_2026-06-15,1465,1465,جراند بوليفارد,,اعمار العقارية (ش . م. ع),emaar,Burj Khalifa,DownTown Dubai,PENDING,,0,0,0,0,0,0,,0,
PN3865,register_extract_2026-06-15,3865,783492708,أيه بي هيلز,,مراس العقارية (ش.ذ.م.م),meraas,Saih Shuaib 1,JABEL ALI HILLS,PENDING,,0,0,0,0,0,0,,0,
PN3304,register_extract_2026-06-15,3304,660436632,Pier Point 1,بير بوينت 1,ميناء راشد العقارية ش.ذ.م.م,ميناء-راشد-العقاريه,Madinat Dubai Almelaheyah,Mina Rashid,NOT_STARTED,122,1,1,0,122,123,2,,0,674626865
PN3863,register_extract_2026-06-15,3863,782991544,سانا بيزنس بارك,,ليوان(ش.ذ.م.م.),ليوان,Wadi Al Safa 3,Majan,PENDING,,0,0,0,0,0,0,,0,
PN2457,register_extract_2026-06-15,2457,439001885,DAMAC HILLS - GEMS ESTATES 2,داماك هيلز - جيمس استايتس 2,داماك كريسنت للعقارات (ش.ذ.م.م),damac,Al Hebiah Third,DAMAC HILLS,ACTIVE,,0,0,0,0,16,2,,0,
PN2184,register_extract_2026-06-15,2184,277871654,DAMAC HILLS (2) - NAVITAS (A & B),(داماك هيلز ( 2 ) - نافيتاس (أي وبي,شركة الخط الامامي لادارة الاستثمار ش.ذ.م.م,الخط-الامامي-لاداره-الاستثمار,Madinat Hind 4,DAMAC HILLS 2,FINISHED,218,0,0,0,0,337,32,,0,
PN1008,register_extract_2026-06-15,1008,204555508,Sold Without Project for Front Line Investment Managment,,شركة الخط الامامي لادارة الاستثمار ش.ذ.م.م,الخط-الامامي-لاداره-الاستثمار,Madinat Hind 4,DAMAC HILLS 2,NOT_STARTED,,0,0,0,0,144,107,,0,
PN2713,register_extract_2026-06-15,2713,518401938,روضة بلازا,,تيكوم للإستثمارات منطقة حرة- ذ.م.م,تيكوم-للاستثمارات,Al Thanyah First,Barsha Heights,PENDING,,0,0,0,0,0,0,,0,
PN1952,register_extract_2026-06-15,1952,138315768,انتيلا,,قرية جميرا (ش.ذ.م.م),قريه-جميرا,Al Barsha South Fifth,Jumeirah Village Triangle,PENDING,,0,0,0,0,0,0,,0,
PN3569,register_extract_2026-06-15,3569,722718724,ماج 11,,مجموعة ميدان (ش.ذ.م.م),meydan,Wadi Al Safa 3,Mohammed Bin Rashid AL Maktoum District 11,PENDING,,7,0,0,0,0,0,,0,
PN1947,register_extract_2026-06-15,1947,136628258,Jumeirah Luxury,جميرا لاكشري,عقارات جميرا جولف ش.ذ.م.م,عقارات-جميرا-جولف,Me'Aisem First,Jumeirah Golf Estates,FINISHED,,0,165,0,0,588,30,,0,
PN4049,register_extract_2026-06-15,4049,804391066,كونفيدنت ادور,,ليوان(ش.ذ.م.م.),ليوان,Wadi Al Safa 2,Liwan1,PENDING,,0,0,0,0,0,0,,0,
PN3386,register_extract_2026-06-15,3386,679884943,Marina Place 1,مارينا بلايس 1,ميناء راشد العقارية ش.ذ.م.م,ميناء-راشد-العقاريه,Madinat Dubai Almelaheyah,Mina Rashid,NOT_STARTED,162,1,1,0,162,167,5,,0,41763128
PN3305,register_extract_2026-06-15,3305,660443512,Pier Point 2,بير بوينت 2,ميناء راشد العقارية ش.ذ.م.م,ميناء-راشد-العقاريه,Madinat Dubai Almelaheyah,Mina Rashid,NOT_STARTED,121,1,1,0,121,118,2,,0,540808010
PN3436,register_extract_2026-06-15,3436,689326843,أوريا جاردنز,,ليوان(ش.ذ.م.م.),ليوان,Arjan,Arjan,PENDING,,1,0,0,0,0,0,,0,
PN3877,register_extract_2026-06-15,3877,789194169,II ذا اس في شوبا هارتلاند,,شوبا ش.ذ.م.م,sobha,Bukadra,,PENDING,,0,0,0,0,0,0,,0,
PN4171,register_delta_2026-09-01,4171,834276192,Christian A. Rockefeller Tower,,LMD VENTURES BUYING AND SELLING OF REAL ESTATE L.L.C,lmd-ventures-buying-and-selling-of-real-estate,Business Bay,,PENDING,338,0,1,0,338,1,0,3460198,1,
PN4179,register_delta_2026-09-01,4179,836718266,Sunteck MAS,,SUNTECK MAS REAL ESTATE DEVELOPMENT L.L.C,sunteck-mas-real-estate-development,Burj Khalifa,,PENDING,484,0,1,0,484,0,0,3456898,1,2036536290
PN4213,register_delta_2026-09-01,4213,842895827,PORTSIDE SQUARE,,ELLINGTON PCFC MR DEVELOPMENT L.L.C,ellington,Madinat Dubai Almelaheyah,,PENDING,428,0,4,0,428,0,0,3210454,1,117298797;1484094397;1753548948;198279916
PN4230,register_delta_2026-09-01,4230,845669228,Azizi Noura,,AZIZI DEVELOPMENTS L.L.C,azizi,Jabal Ali Industrial Second,,ACTIVE,269,0,1,0,269,174,174,5180177,1,373223406
PN4232,register_delta_2026-09-01,4232,845877008,Azizi Gabriel,,AZIZI DEVELOPMENTS L.L.C,azizi,Jabal Ali Industrial Second,,ACTIVE,234,0,1,0,234,158,157,5180122,1,1017980429
PN4315,register_delta_2026-09-01,4315,864390901,Nine Collective,,PARK 1 L.L.C,park-1,Al Kifaf,,ACTIVE,218,0,1,0,218,0,0,3246449,1,
PN4322,register_delta_2026-09-01,4322,865679277,Park Residency,,PARK RESIDENCY REAL ESTATE DEVELOPMENT L.L.C,park-residency-real-estate-development,Warsan Fourth,,ACTIVE,98,0,1,0,98,7,7,6241252,1,
PN4337,register_delta_2026-09-01,4337,873263693,OAKMONT,,NSHAMA PROPERTIES OWNED BY NSHMI DEVELOPMENT ONE PERSON COMPANY L.L.C,nshama,Al Yelayiss 2,,ACTIVE,281,0,1,0,281,42,42,92225789,1,1119946560
PN4345,register_delta_2026-09-01,4345,875650003,Treppan Living Prive,,FAKHRUDDIN PROPERTIES DEVELOPMENT L.L.C,fakhruddin,Palm Deira,,ACTIVE,65,0,1,0,65,1,0,1010336,1,1568391589
PN4349,register_delta_2026-09-01,4349,876044842,DAMAC RIVERLINK,,DAMAC MRY INVESTMENT L.L.C,damac,Dubai Investment Park Second,,ACTIVE,38,0,1,0,38,0,0,5971226,1,827568061
PN4369,register_delta_2026-09-01,4369,882919849,DAMAC ISLANDS 2 - ANTIGUA 1,,DAMAC PRIME DEVELOPMENT L.L.C,damac,Al Yelayiss 1,,ACTIVE,0,0,468,0,0,151,151,92110052;92110053;92110055;92110058;92110074;92110088;92110094;92110095;92110170;92110171;92110172;92110188;92110199;92110224;92110229;92110236;92110241;92110242;92110324;92110325;92110326;92110341;92110342;92110376;92110382;92110386;92110399;92110406;92110415;92110427;92110472;92110473;92110483;92110498;92110511;92110529;92110534;92110554;92110555;92110565;92110574;92110588;92110627;92110634;92110635;92110648;92110660;92110663;92110688;92110693;92110694;92110698;92110708;92110752;92110755;92110780;92110785;92110786;92110810;92110830,92,
PN4372,register_delta_2026-09-01,4372,884326239,MARQUIS HORIZON,,MARQUIS HOME DEVELOPER L.L.C,marquis-home-developer,Madinat Al Mataar,,ACTIVE,174,0,1,0,174,72,72,5213130,1,1408574086
PN4379,register_delta_2026-09-01,4379,886316509,PIAZZA ROMA,,ISLAND OASIS PROPERTIES,island-oasis-properties,Al Hebiah Fifth,,ACTIVE,336,0,4,0,336,43,43,68311645,1,
PN4381,register_delta_2026-09-01,4381,886429899,SORRENTO,,ISLAND OASIS PROPERTIES,island-oasis-properties,Al Hebiah Fifth,,ACTIVE,672,0,4,0,672,0,0,68311638,1,1156289956
PN4382,register_delta_2026-09-01,4382,886588004,CETARA,,ISLAND OASIS PROPERTIES,island-oasis-properties,Al Hebiah Fifth,,ACTIVE,618,0,4,0,618,0,0,68311647,1,144286011;1663330763;1860964553;249122059
PN4384,register_delta_2026-09-01,4384,887254806,DAMAC ISLANDS - THE TROPICS 2 & 4 & 6,,DAMAC ELITE INVESTMENT CO. L.L.C,damac,Al Yelayiss 1,,ACTIVE,2130,0,3,0,2130,0,0,9213643,1,1715854657;303227877;877846396
PN4385,register_delta_2026-09-01,4385,887270768,DAMAC ISLANDS - THE TROPICS 1 & 3 & 5,,DAMAC ELITE INVESTMENT CO. L.L.C,damac,Al Yelayiss 1,,ACTIVE,1905,0,3,0,1905,0,0,9216054,1,1503196810;394766444;421740952
PN4390,register_delta_2026-09-01,4390,888708564,AMALI RESIDENCES,,AMALI CANAL L.L.C,amali-canal,Al Wasl,,ACTIVE,244,0,3,0,244,1,0,3431268,1,1415891680;1713394708;1784980318
PN4403,register_delta_2026-09-01,4403,893717699,Azizi Rose,,AZIZI DEVELOPMENTS L.L.C,azizi,Jabal Ali Industrial Second,,ACTIVE,226,0,1,0,226,38,36,5180178,1,2021298509
PN4426,register_delta_2026-09-01,4426,898129272,Palm Central Private Residences - Frond N,,THE PALM - JEBEL ALI CO. (L.L.C),nakheel,Palm Jabal Ali,,ACTIVE,222,0,3,0,222,189,189,5012637,1,
PN4430,register_delta_2026-09-01,4430,898625143,Greenz By Danube,,DANUBE PROPERTIES DEVELOPMENT L.L.C,danube,Al Rowaiyah First,,ACTIVE,0,0,1456,0,0,107,107,8121509,1,
PN4431,register_delta_2026-09-01,4431,,The 55,,NATIONAL PROPERTIES OWNED BY NATIONAL BONDS CORPORATION SOLE PROPRIETORSHIP PSC SOLE PROPRIETORSHIP L.L.C,national-properties,Al Barshaa South Third,,PENDING,0,0,0,0,0,0,0,,0,
PN4434,register_delta_2026-09-01,4434,899686905,FALA BY KASCO,,KASCO REAL ESTATE DEVELOPMENT L.L.C,kasco-real-estate-development,Al Jadaf,,PENDING,0,0,1,0,116,0,0,3260923,1,
PN4436,register_delta_2026-09-01,4436,,MONTCLAIR,,NSHAMA PROPERTIES OWNED BY NSHMI DEVELOPMENT ONE PERSON COMPANY L.L.C,nshama,Al Yelayiss 2,,PENDING,0,0,0,0,0,0,0,,0,
PN4450,register_delta_2026-09-01,4450,910133428,Faro The Heights,,EMAAR DEVELOPMENT P.J.S.C.,emaar,Al Yelayiss 5,,ACTIVE,0,0,291,0,0,0,0,92517112;92517113;92517114;92517115;92517116;92517117;92517118;92517119;92517120;92517121;92517122;92517123;92517124;92517125;92517126;92517127;92517128;92517129;92517130;92517131;92517132;92517133;92517134;92517135;92517136;92517137;92517138;92517139;92517140;92517141;92517142;92517143;92517146;92517147;92517148;92517149;92517150;92517151;92517152;92517153;92517154;92517155;92517156;92517157;92517158;92517159;92517160;92517161;92517162;92517163;92517166;92517167;92517168;92517169;92517170;92517171;92517172;92517173;92517174;92517175,291,
PN4453,register_delta_2026-09-01,4453,912620890,Soma Residences,,ORIGAMI DEVELOPMENT L.L.C,origami-development,Palm Deira,,ACTIVE,44,0,1,0,44,4,2,1010486,1,1035013953
PN4455,register_delta_2026-09-01,4455,913849346,Sera Gardens by Vision,,CLEAR VISION REAL ESTATE DEVELOPMENT L.L.C,clear-vision-real-estate-development,Me'Aisem First,,ACTIVE,246,0,1,0,246,130,130,6856616,1,2033991311
PN4465,register_delta_2026-09-01,4465,920401262,Coventry Centro,,G F S REAL ESTATE L.L.C,gfs-real-estate,Saih Shuaib 2,,ACTIVE,264,0,1,0,264,7,5,5310286,1,
PN4466,register_delta_2026-09-01,4466,920498854,Coventry Cove,,G F S REAL ESTATE L.L.C,gfs-real-estate,Saih Shuaib 2,,ACTIVE,255,0,1,0,255,3,3,5310407,1,
PN4468,register_delta_2026-09-01,4468,922085694,DAMAC HILLS - LILAC,,DAMAC CRESCENT PROPERTIES,damac,Al Hebiah Third,,ACTIVE,288,0,1,0,288,0,0,6765663,1,179858688
PN4471,register_delta_2026-09-01,4471,,Tilal Binghatti,,Binghatti Developers FZE,binghatti,Al Rowaiyah First,,PENDING,0,0,0,0,0,0,0,,0,
PN4481,register_delta_2026-09-01,4481,,VERDE LEVEL 1,,OBJ1 REAL ESTATE DEVELOPMENT L.L.C,obj1-real-estate-development,Wadi Al Safa 5,,PENDING,0,0,0,0,0,0,0,,0,
PN4482,register_delta_2026-09-01,4482,929775907,Binghatti Wraith,,Binghatti Developers FZE,binghatti,Al Jadaf,,ACTIVE,881,0,1,0,881,34,26,3261679,1,493857635
PN4483,register_delta_2026-09-01,4483,929780255,Binghatti Starfall,,Binghatti Developers FZE,binghatti,Al Jadaf,,ACTIVE,543,0,1,0,543,2,2,3261491,1,1047691001
PN4486,register_delta_2026-09-01,4486,930646854,Sky Level 1,,OBJECT ONE REAL ESTATE DEVELOPMENT L.L.C,object-one-real-estate-development,Al Barsha South Fourth,,ACTIVE,440,0,1,0,440,7,5,6816339,1,736036331
PN4492,register_delta_2026-09-01,4492,935246032,AL EZZ TOWER BY ABU ALNAGA,,ABUALNAGA DEVELOPMENT L.L.C,abualnaga-development,Me'Aisem First,,PENDING,202,0,1,0,202,0,0,6854345,1,1817321587
PN4497,register_delta_2026-09-01,4497,937147906,S'VN RESIDENCES,,METRICAL REAL ESTATE DEVELOPMENT L.L.C,metrical-real-estate-development,Al Barsha South Fourth,,ACTIVE,201,0,1,0,201,5,3,6817074,1,
PN4503,register_delta_2026-09-01,4503,940125739,113 RESIDENCES,,IMAN DEVELOPERS L.L.C,iman,Al Safouh First,,ACTIVE,113,0,1,0,113,41,37,3720570,1,
PN4505,register_delta_2026-09-01,4505,940420599,Portside by Samana Developers,,SAMANA ISLANDS REAL ESTATE DEVELOPMENT L.L.C,samana-islands-real-estate-development,Jabal Ali Industrial Second,,ACTIVE,132,0,1,0,148,0,0,5180198,1,
PN4506,register_delta_2026-09-01,4506,940420804,Portside 2 by Samana Developers,,SAMANA PLATINUM REAL ESTATE DEVELOPMENT L.L.C,samana-platinum-real-estate-development,Jabal Ali Industrial Second,,PENDING,279,0,1,0,279,6,1,5180117,1,
PN4507,register_delta_2026-09-01,4507,940421370,Samana Downtown One,,SAMANA PLATINUM REAL ESTATE DEVELOPMENT L.L.C,samana-platinum-real-estate-development,Jabal Ali Industrial Second,,PENDING,257,0,1,0,257,0,0,5180185,1,
PN4508,register_delta_2026-09-01,4508,,Divine Haven,,TAKMEEL REAL ESTATE DEVELOPMENT L.L.C,takmeel-real-estate-development,Madinat Al Mataar,,PENDING,0,0,0,0,0,0,0,,0,
PN4516,register_delta_2026-09-01,4516,942885699,Rabdan Avenue,,RABDAN AVENUE DEVELOPMENT L.L.C,rabdan-avenue-development,Nad Al Shiba First,,PENDING,148,0,1,0,148,0,0,6183266,1,1661073291
PN4518,register_delta_2026-09-01,4518,944074316,Samana South Haven 2,,SAMANA PLATINUM REAL ESTATE DEVELOPMENT L.L.C,samana-platinum-real-estate-development,Saih Shuaib 2,,PENDING,137,0,1,0,137,3,2,5310390,1,
PN4519,register_delta_2026-09-01,4519,944117299,WESTON,,WADAN REAL ESTATE DEVELOPMENT L.L.C,wadan-real-estate-development,Wadi Al Safa 5,,ACTIVE,373,0,1,0,373,6,5,6488712,1,462461507
PN4541,register_delta_2026-09-01,4541,,LENJAWI DIAMOND,,LANJAWI Real Estate Development   EST.,lanjawi-real-estate-development-est,Warsan Fourth,,PENDING,0,0,0,0,0,0,0,,0,
PN4544,register_delta_2026-09-01,4544,955340569,Vision Iconic,,Binghatti Developers FZE,binghatti,Nad Al Shiba First,,ACTIVE,1453,0,1,0,1453,3,2,6184096,1,722703206
PN4545,register_delta_2026-09-01,4545,,MANARINA,,ZENITH VENTURES REAL ESTATE DEVELOPMENT L.L.C,zenith-ventures-real-estate-development,Madinat Al Mataar,,PENDING,0,0,0,0,0,0,0,,0,
PN4343,register_delta_2026-09-01,4343,,FLUID ONE,,OBJECT ONE REAL ESTATE DEVELOPMENT L.L.C,object-one-real-estate-development,Palm Deira,,PENDING,0,0,0,0,0,0,0,,0,
PN4370,register_delta_2026-09-01,4370,884018576,Binghatti Spectre,,Binghatti Developers FZE,binghatti,Al Jadaf,,PENDING,966,0,2,0,966,0,0,3265633,1,816736884;908304284
PN4397,register_delta_2026-09-01,4397,890989984,Maserati Island by Samana,,SAMANA LUX REAL ESTATE DEVELOPMENTS L.L.C,samana-lux-real-estate-developments,World Islands,,PENDING,232,0,2,0,232,0,0,3035246,1,
PN4428,register_delta_2026-09-01,4428,898132433,John Richmond Residences,,M I R A DEVELOPMENTS L.L.C,mira-developments,Jabal Ali First,,PENDING,374,0,6,0,374,0,0,59110357,1,1126579122;1245114845;1859982211;511335950;729769903;733505811
PN4490,register_delta_2026-09-01,4490,,SOL BEACH,,SOL BEACH REAL ESTATE DEVELOPMENT L.L.C,sol-beach-real-estate-development,Palm Jumeirah,,PENDING,0,0,0,0,0,0,0,,0,
PN4504,register_delta_2026-09-01,4504,,Sunrise Valley,,SUNRISE VALLEY L.L.C,sunrise-valley,Nad Al Shiba First,,PENDING,0,0,0,0,0,0,0,,0,
PN4512,register_delta_2026-09-01,4512,942142400,Calisi,,ZOYA ONE REAL ESTATE DEVELOPMENTS L.L.C,zoya-one-real-estate-developments,Madinat Al Mataar,,PENDING,68,0,1,0,68,0,0,5213544,1,33260534
PN4554,register_delta_2026-09-01,4554,970049904,HOLM CENTRAL,,HOLM AVENUE REAL ESTATE DEVELOPMENT L.L.C,holm-avenue-real-estate-development,Al Satwa,,PENDING,0,0,2,0,461,0,0,3343034,1,1228922155;762681592
PN4134,register_delta_2026-09-01,4134,825020889,The Residences at the Dubai Beach Edition,,ED RESIDENCES L.L.C,ed-residences,Marsa Dubai,,ACTIVE,169,0,4,0,169,78,78,3920635,1,265216303
PN4135,register_delta_2026-09-01,4135,825899674,SOL TERRA CASA II,,S O L PROPERTIES DEVELOPMENT L.L.C,sol-properties-development,Al Barsha South Fourth,,ACTIVE,0,0,11,0,0,4,0,6816445,1,
PN4137,register_delta_2026-09-01,4137,826274720,Sobha SkyParks,,SOBHA L.L.C,sobha,Business Bay,,ACTIVE,684,0,1,0,684,84,83,3460107,1,2026727114
PN4138,register_delta_2026-09-01,4138,,Nionis Residences - Interiors by Karl Lagerfeld Maison,,VAAM REAL ESTATE L.L.C,vaam-real-estate,Palm Deira,,PENDING,50,0,0,0,0,0,0,,0,
PN4141,register_delta_2026-09-01,4141,826545303,Azizi Lina,,AZIZI DEVELOPMENTS L.L.C,azizi,Jabal Ali Industrial Second,,ACTIVE,242,0,1,0,242,171,168,5180176,1,1750870815
PN4142,register_delta_2026-09-01,4142,826656243,DIVINE ELEMENTS,,TAKMEEL REAL ESTATE DEVELOPMENT L.L.C,takmeel-real-estate-development,Madinat Al Mataar,,ACTIVE,90,0,1,0,90,50,49,5213121,1,1347336984
PN4145,register_delta_2026-09-01,4145,826887370,J188,,JAD GLOBAL REAL ESTATE DEVELOPMENT L.L.C,jad-global-real-estate-development,Al Jadaf,,ACTIVE,131,0,1,0,130,65,63,3261510,1,316117062
PN4146,register_delta_2026-09-01,4146,827005404,PEACE AVENUE BY PEACE HOMES,,PEACE HOMES DEVELOPMENT L.L.C,peace-homes-development,Jabal Ali Industrial Second,,ACTIVE,266,0,1,0,266,73,70,5180190,1,886691771
PN4147,register_delta_2026-09-01,4147,827184367,SKY HARMONY BY PEACE HOMES,,PEACE HOMES INTERNATIONAL DEVELOPMENT L.L.C,peace-homes-international-development,Al Barsha South Fourth,,ACTIVE,197,0,1,0,197,44,41,6817322,1,1845285895
PN4149,register_delta_2026-09-01,4149,827587829,ROSEWELL,,NSHAMA PROPERTIES OWNED BY NSHMI DEVELOPMENT ONE PERSON COMPANY L.L.C,nshama,Al Yelayiss 2,,ACTIVE,217,0,1,0,217,175,175,92225781,1,1927798921
PN4150,register_delta_2026-09-01,4150,827605965,Evelyn on the Park,,NSHAMA PROPERTIES OWNED BY NSHMI DEVELOPMENT ONE PERSON COMPANY L.L.C,nshama,Al Yelayiss 2,,ACTIVE,259,0,1,0,259,167,167,92225803,1,1048211230
PN4156,register_delta_2026-09-01,4156,830357939,Palm Central Private Residences - Frond M,,THE PALM - JEBEL ALI CO. (L.L.C),nakheel,Palm Jabal Ali,,ACTIVE,212,0,3,0,212,213,213,5012636,1,
PN4157,register_delta_2026-09-01,4157,830570181,Helvetia Marine,,D H G PROPERTY DEVELOPMENT L.L.C,dhg-property-development,Palm Deira,,ACTIVE,63,0,1,0,63,12,10,1010476,1,788305763
PN4160,register_delta_2026-09-01,4160,830924044,Terra Gardens,,DWTC EMAAR L.L.C,emaar,Madinat Al Mataar,,ACTIVE,561,0,3,0,561,543,543,5211035,1,1721016542;934273248;963019480
PN4162,register_delta_2026-09-01,4162,831921574,Grand Polo - Equiterra 2,,EMAAR DEVELOPMENT P.J.S.C.,emaar,Dubai Investment Park Second,,ACTIVE,0,0,384,0,0,385,385,5974163;5974164;5974165;5974166;5974168;5974169;5974172;5974174;5974176;5974178;5974179;5974182;5974186;5974187;5974189;5974191;5974194;5974199;5974200;5974202;5974203;5974204;5974205;5974207;5974208;5974210;5974211;5974251;5974253;5974254;5974256;5974257;5974259;5974260;5974261;5974264;5974265;5974266;5974267;5974269;5974270;5974273;5974274;5974275;5974278;5974279;5974280;5974284;5974285;5974287;5974290;5974291;5974294;5974298;5974299;5974300;5974302;5974303;5974305;5974306,70,
PN4163,register_delta_2026-09-01,4163,832583175,Waada - Altura 1,,BT PROPERTIES DWC LLC,bt-properties,Madinat Al Mataar,,ACTIVE,381,0,1,0,381,220,219,5211365,1,1406236112
PN4166,register_delta_2026-09-01,4166,833248114,Shahrukhz by Danube,,DANUBE PROPERTIES DEVELOPMENT L.L.C,danube,Al Safouh First,,ACTIVE,917,0,1,0,662,545,537,3720560,1,
PN4168,register_delta_2026-09-01,4168,833769902,VIVIDA Residences,,N A M O REAL ESTATE DEVELOPMENT L.L.C,namo-real-estate-development,Madinat Al Mataar,,ACTIVE,66,0,1,0,66,4,3,5213051,1,1028763907
PN4174,register_delta_2026-09-01,4174,834956746,Le Blanc Residence by Imtiaz,,IMTIAZ COVE REAL ESTATE DEVELOPMENT L.L.C,imtiaz,Wadi Al Safa 5,,ACTIVE,323,0,1,0,323,296,294,6488591,1,2036498117
PN4175,register_delta_2026-09-01,4175,835804672,Vista by Vision,,CLEAR VISION REAL ESTATE DEVELOPMENT L.L.C,clear-vision-real-estate-development,Me'Aisem First,,ACTIVE,328,0,1,0,328,309,308,6854344,1,2143334658
PN4176,register_delta_2026-09-01,4176,835876075,368 Park Ln,,TABEER REAL ESTATE DEVELOPMENT L.L.C,tabeer-real-estate-development,Al Barsha South Fourth,,ACTIVE,213,0,1,0,213,112,109,6816147,1,
PN4177,register_delta_2026-09-01,4177,836361587,THE EDIT at d3,,DHRE 2 BTS L.L.C,dhre-2-bts,Zaabeel Second,,ACTIVE,557,0,3,0,557,305,305,3370935,1,
PN4178,register_delta_2026-09-01,4178,836693662,Coventry 2,,G F S REAL ESTATE DEVELOPMENT L.L.C,gfs-real-estate-development,Warsan Fourth,,ACTIVE,372,0,1,0,372,17,16,6241222,1,
PN4180,register_delta_2026-09-01,4180,836779317,Route 66,,DEERFIELDS REAL ESTATE DEVELOPMENT L.L.C S.O.C,deerfields-real-estate-development-llcsoc,Saih Shuaib 1,,ACTIVE,24,0,1,0,24,2,0,5131169,1,
PN4183,register_delta_2026-09-01,4183,837294005,31 Above By Beyond,,BEYOND VESPERA REAL ESTATE DEVELOPMENT L.L.C,beyond,Madinat Dubai Almelaheyah,,ACTIVE,118,0,1,0,118,119,118,3210358,1,683353941
PN4184,register_delta_2026-09-01,4184,837321273,Boulevard Park 1,,JAG DEVELOPMENT L.L.C,jag-development,Jabal Ali First,,ACTIVE,717,0,4,0,717,180,180,59112890,1,150732048;2044560286;2091370092;240791613
PN4185,register_delta_2026-09-01,4185,837753505,Grand Polo - Equiterra,,EMAAR DEVELOPMENT P.J.S.C.,emaar,Dubai Investment Park Second,,ACTIVE,0,0,547,0,0,546,546,5973948;5973949;5973952;5973957;5973958;5973959;5973960;5973962;5973963;5973964;5973966;5973967;5973970;5973971;5973974;5973975;5973977;5973978;5973982;5973983;5973984;5973985;5973986;5973987;5973988;5973989;5973990;5973991;5973993;5973994;5973995;5973996;5974001;5974002;5974003;5974004;5974005;5974008;5974009;5974011;5974012;5974013;5974017;5974019;5974021;5974022;5974023;5974027;5974029;5974030;5974031;5974032;5974036;5974037;5974038;5974039;5974042;5974045;5974046;5974047,129,
PN4186,register_delta_2026-09-01,4186,837762168,Grand Polo - Equestra,,EMAAR DEVELOPMENT P.J.S.C.,emaar,Dubai Investment Park Second,,ACTIVE,0,0,361,0,0,335,335,5976444;5976445;5976446;5976448;5976450;5976451;5976452;5976454;5976457;5976458;5976459;5976460;5976465;5976467;5976468;5976472;5976473;5976476;5976477;5976479;5976482;5976483;5976484;5976485;5976486;5976487;5976488;5976489;5976491;5976493;5976494;5976495;5976496;5976497;5976498;5976499;5976500;5976501;5976503;5976504;5976505;5976506;5976507;5976508;5976509;5976510;5976512;5976513;5976520;5976521;5976525;5976528;5976529;5976532;5976534;5976535;5976536;5976538;5976539;5976544,92,
PN4190,register_delta_2026-09-01,4190,839584228,Prestige One Residences,,PRESTIGE LUXE REAL ESTATE DEVELOPMENT L.L.C,prestige-luxe-real-estate-development,Madinat Dubai Almelaheyah,,ACTIVE,220,0,1,0,220,30,28,3210107,1,62455608
PN4195,register_delta_2026-09-01,4195,840591295,LIA,,AVENEW REAL ESTATE DEVELOPMENT L.L.C,avenew-real-estate-development,Palm Deira,,ACTIVE,82,0,1,0,82,59,58,1010616,1,1815600954
PN4196,register_delta_2026-09-01,4196,840597382,SUNVALE,,PRYSM REAL ESTATE DEVELOPMENT L.L.C,prysm-real-estate-development,Jabal Ali First,,ACTIVE,94,0,1,0,94,37,35,5912294,1,1048995999
PN4197,register_delta_2026-09-01,4197,840881336,PARKGREEN RESIDENCES BY ALISHAAN,,ALISHAAN DEVELOPMENTS L.L.C,alishaan-developments,Wadi Al Safa 2,,ACTIVE,116,0,1,0,116,14,9,6437618,1,
PN4198,register_delta_2026-09-01,4198,840976039,Creek Bay,,DUBAI CREEK HARBOUR L.L.C,dubai-creek-harbour,Al Khairan First,,ACTIVE,766,0,3,0,766,685,685,4150199,1,1572035742
PN4199,register_delta_2026-09-01,4199,840976201,Fior 2,,MINA RASHID PROPERTIES L.L.C,mina-rashid-properties,Madinat Dubai Almelaheyah,,ACTIVE,216,0,1,0,216,0,0,3210511,1,1094714433
PN4200,register_delta_2026-09-01,4200,840977180,Grove Ridge,,EMAAR DUBAI SOUTH DWC LLC,emaar,Madinat Al Mataar,,ACTIVE,193,0,3,0,193,160,160,5213508,1,1232249500;1360023240;1681671993
PN4201,register_delta_2026-09-01,4201,840977478,Vista Ridge,,EMAAR DUBAI SOUTH DWC LLC,emaar,Madinat Al Mataar,,ACTIVE,198,0,3,0,198,159,159,5213509,1,577854247;910941606;913584463
PN4202,register_delta_2026-09-01,4202,841042459,Soel,,LIVING QUALITY PROPERTIES L.L.C,living-quality-properties,Al Barshaa South Third,,PENDING,841,0,1,0,841,0,0,6731188,1,538818134
PN4205,register_delta_2026-09-01,4205,841473785,Blossom 40,,TRANQUIL INFRA DEVELOPERS L.L.C,tranquil-infra-developers,Wadi Al Safa 3,,ACTIVE,66,0,1,0,66,11,9,6456040,1,
PN4209,register_delta_2026-09-01,4209,841967591,The Oasis - Palmiera Collective,,EMAAR PROPERTIES (P.J.S.C),emaar,Me'Aisem Second,,ACTIVE,0,0,38,0,0,24,24,6864014;6864015;6864016;6864017;6864018;6864019;6864020;6864021;6864022;6864023;6864024;6864025;6864026;6864027;6864028;6864029;6864030;6864033;6864034;6864035;6864036;6864037;6864041;6864042;6864043;6864044;6864045;6864046;6864047;6864048;6864049;6864050;6864051;6864052;6864053;6864054;6864055;6864058,38,
PN4210,register_delta_2026-09-01,4210,842403212,Hado By Beyond,,SANDY SHORES REAL ESTATE L.L.C S.O.C,sandy-shores-real-estate-llcsoc,Palm Deira,,ACTIVE,692,0,3,0,692,622,621,1011305,1,1124714491;1363822795;1741715306
PN4211,register_delta_2026-09-01,4211,842482449,Boulevard Park 2,,JAG DEVELOPMENT L.L.C,jag-development,Jabal Ali First,,ACTIVE,555,0,4,0,555,288,288,59112891,1,1240173827;1352406535;2139095193;60108167
PN4212,register_delta_2026-09-01,4212,842892467,ELARIS AXIS,,OBJECT ONE REAL ESTATE DEVELOPMENT L.L.C,object-one-real-estate-development,Al Barsha South Fifth,,PENDING,171,0,1,0,171,0,0,6848868,1,393486898
PN4214,register_delta_2026-09-01,4214,842913617,R Home MH,,BUKADRA DEVELOPMENT L.L.C,bukadra-development,Bukadra,,ACTIVE,190,0,1,0,190,51,49,6117221,1,
PN4218,register_delta_2026-09-01,4218,843363525,Lincoln Star Residence III,,LINCOLN PARK REAL ESTATE DEVELOPMENT L.L.C,lincoln-park-real-estate-development,Madinat Al Mataar,,PENDING,76,0,1,0,76,1,0,5213023,1,1193005038
PN4219,register_delta_2026-09-01,4219,843379895,The Valley - Ovelle,,EMAAR DEVELOPMENT P.J.S.C.,emaar,Al Yufrah 1,,ACTIVE,0,0,133,0,0,84,84,9154922;9154929;9154930;9154938;9154940;9154949;9154974;9154976;9154984;9154996;9155002;9155005;9155014;9155029;9155038;9155047;9155055;9155066;9155067;9155071;9155078;9155098;9155101;9155122;9155123;9155132;9155137;9155147;9155152;9155172;9155177;9155184;9155196;9155207;9155216;9155224;9155230;9155235;9155243;9155254;9155278;9155289;9155297;9155301;9155302;9155308;9155315;9155347;9155361;9155362;9155376;9155389;9155391;9155396;9155398;9155399;9155404;9155420;9155421;9155442,133,
PN4220,register_delta_2026-09-01,4220,843422923,The Valley - Avelia,,EMAAR DEVELOPMENT P.J.S.C.,emaar,Al Yufrah 1,,ACTIVE,0,0,139,0,0,26,26,9154911;9154916;9154953;9154958;9154963;9154965;9154977;9154987;9155008;9155009;9155013;9155028;9155033;9155049;9155050;9155051;9155099;9155107;9155113;9155116;9155117;9155124;9155131;9155158;9155159;9155165;9155167;9155168;9155188;9155190;9155191;9155192;9155209;9155211;9155252;9155258;9155267;9155268;9155269;9155279;9155285;9155290;9155305;9155309;9155311;9155312;9155314;9155325;9155332;9155334;9155355;9155363;9155365;9155370;9155375;9155409;9155410;9155415;9155417;9155455,139,
PN4221,register_delta_2026-09-01,4221,843446855,BARARIGATE by ADE,,A D E PROPERTIES L.L.C,ade-properties,Wadi Al Safa 3,,ACTIVE,282,0,1,0,282,146,145,6456554,1,558199745
PN4224,register_delta_2026-09-01,4224,843722758,THE TIDES BY AMIS,,AMIS AURUM REAL ESTATE DEVELOPMENT L.L.C,amis-aurum-real-estate-development,Palm Deira,,ACTIVE,83,0,1,0,83,6,4,1010480,1,491604435
PN4225,register_delta_2026-09-01,4225,843980181,Creek Haven,,DUBAI CREEK HARBOUR L.L.C,dubai-creek-harbour,Al Khairan First,,ACTIVE,594,0,2,0,594,465,465,4150380,1,1829421494;1951453991
PN4227,register_delta_2026-09-01,4227,844829101,Avarra by Palace,,EMAAR DEVELOPMENT P.J.S.C.,emaar,Business Bay,,ACTIVE,694,0,1,0,694,156,155,3460374,1,1468973180
PN4233,register_delta_2026-09-01,4233,846024360,Azizi Leily,,AZIZI DEVELOPMENTS L.L.C,azizi,Al Jadaf,,ACTIVE,272,0,1,0,272,39,33,3261514,1,1493234386
PN4235,register_delta_2026-09-01,4235,846669976,Art House Hills by Adaan and Tuscany,,ART HOUSE HILLS RESIDENCES DEVELOPMENT L.L.C,art-house-hills-residences-development,Al Barshaa South Third,,ACTIVE,656,0,1,0,328,66,63,6730124,1,120685925
PN4236,register_delta_2026-09-01,4236,846830275,ZYRA HILLS,,LARAIX DEVELOPERS L.L.C,laraix-developers,Warsan Fourth,,ACTIVE,81,0,1,0,81,17,15,6241052,1,
PN4237,register_delta_2026-09-01,4237,847118408,Serro The Heights,,EMAAR DEVELOPMENT P.J.S.C.,emaar,Al Yelayiss 5,,ACTIVE,0,0,383,0,0,217,217,92514552;92514553;92514554;92514555;92514556;92514557;92514558;92514559;92514560;92514561;92514563;92514564;92514565;92514566;92514567;92514568;92514569;92514570;92514571;92514572;92514574;92514576;92514577;92514578;92514579;92514580;92514581;92514582;92514583;92514584;92514585;92514586;92514587;92514588;92514589;92514590;92514591;92514592;92514595;92514596;92514597;92514598;92514599;92514600;92514601;92514602;92514603;92514604;92514605;92514606;92514607;92514608;92514609;92514610;92514611;92514612;92514613;92514614;92514617;92514618,383,
PN4238,register_delta_2026-09-01,4238,847118938,Serro 2 The Heights,,EMAAR DEVELOPMENT P.J.S.C.,emaar,Al Yelayiss 5,,ACTIVE,0,0,397,0,0,351,351,92514985;92514986;92514987;92514988;92514989;92514990;92514991;92514992;92514993;92514995;92514996;92514997;92514998;92514999;92515000;92515003;92515004;92515005;92515006;92515007;92515008;92515009;92515010;92515011;92515012;92515013;92515014;92515015;92515016;92515017;92515018;92515019;92515020;92515021;92515022;92515023;92515025;92515026;92515027;92515028;92515029;92515030;92515031;92515032;92515033;92515034;92515035;92515036;92515037;92515038;92515039;92515040;92515041;92515042;92515043;92515044;92515045;92515046;92515047;92515048,397,
PN4239,register_delta_2026-09-01,4239,847491946,MIA TOWER,,STAMN REAL ESTATE DEVELOPMENT L.L.C,stamn-real-estate-development,Bukadra,,PENDING,210,0,1,0,210,0,0,6117251,1,
PN4240,register_delta_2026-09-01,4240,848062269,Salva The Heights,,EMAAR DEVELOPMENT P.J.S.C.,emaar,Al Yelayiss 5,,ACTIVE,0,0,483,0,0,357,357,92515433;92515434;92515435;92515436;92515437;92515438;92515439;92515440;92515441;92515442;92515443;92515444;92515445;92515446;92515447;92515448;92515450;92515451;92515452;92515453;92515454;92515455;92515456;92515457;92515459;92515460;92515461;92515462;92515463;92515464;92515465;92515468;92515469;92515470;92515471;92515472;92515473;92515474;92515475;92515476;92515477;92515478;92515479;92515480;92515481;92515482;92515483;92515484;92515485;92515486;92515487;92515488;92515489;92515490;92515491;92515492;92515493;92515494;92515495;92515496,483,
PN4242,register_delta_2026-09-01,4242,848865426,CLOVER,,R3R LUXE REAL ESTATE DEVELOPMENT L.L.C,r3r-luxe-real-estate-development,Wadi Al Safa 5,Wadi Hills by HRE,PENDING,176,0,1,0,176,0,0,6488585,1,
PN4243,register_delta_2026-09-01,4243,849056670,DAMAC ISLANDS 2 - BAHAMAS 1,,DAMAC PRIME DEVELOPMENT L.L.C,damac,Al Yelayiss 1,,ACTIVE,0,0,544,0,0,475,475,92110034;92110043;92110048;92110068;92110069;92110113;92110114;92110123;92110127;92110143;92110144;92110163;92110206;92110212;92110217;92110221;92110258;92110264;92110277;92110288;92110295;92110300;92110306;92110322;92110329;92110357;92110363;92110371;92110390;92110401;92110424;92110426;92110439;92110440;92110460;92110462;92110465;92110510;92110537;92110548;92110563;92110568;92110581;92110596;92110600;92110608;92110622;92110633;92110678;92110710;92110715;92110716;92110729;92110754;92110764;92110768;92110770;92110784;92110804;92110807,101,
PN4244,register_delta_2026-09-01,4244,849061220,DAMAC ISLANDS 2 - BAHAMAS 2,,DAMAC PRIME DEVELOPMENT L.L.C,damac,Al Yelayiss 1,,ACTIVE,0,0,666,0,0,493,493,92110077;92110080;92110101;92110124;92110130;92110139;92110141;92110158;92110164;92110176;92110198;92110237;92110244;92110247;92110261;92110268;92110272;92110298;92110303;92110309;92110312;92110332;92110334;92110346;92110350;92110391;92110407;92110420;92110461;92110466;92110484;92110485;92110486;92110487;92110500;92110504;92110551;92110558;92110559;92110597;92110601;92110602;92110603;92110609;92110621;92110623;92110640;92110641;92110659;92110712;92110721;92110722;92110734;92110737;92110757;92110761;92110769;92110772;92110778;92110779,93,
PN4246,register_delta_2026-09-01,4246,849338780,EMPIRE GARDENS,,EMPIRE GARDENS REAL ESTATE DEVELOPMENT L.L.C,empire-gardens-real-estate-development,Wadi Al Safa 5,,ACTIVE,221,0,1,0,221,109,106,6489020,1,1238768166
PN4248,register_delta_2026-09-01,4248,849695315,OMYA RESIDENCES,,PANTHEON ELYSEE REAL ESTATE DEVELOPMENT L.L.C,pantheon-elysee-real-estate-development,Jabal Ali First,VOXA RESIDENCES,ACTIVE,416,0,1,0,416,97,96,5919547,1,33953543
PN4251,register_delta_2026-09-01,4251,850729860,Villa dell Arte,,AMBERTON RESIDENCES REAL ESTATE L.L.C,amberton-residences-real-estate,Palm Deira,,ACTIVE,64,0,1,0,64,44,42,1010441,1,1056504890
PN4253,register_delta_2026-09-01,4253,,Haus of Tenet,,IRTH URBAN TWO DEVELOPMENT L.L.C,irth-urban-two-development,Business Bay,,PENDING_COMING_SOON,,,0,0,0,0,0,,0,
PN4254,register_delta_2026-09-01,4254,851203711,Avion 100,,SKY VIEW DEVELOPMENT L.L.C,sky-view-development,Madinat Al Mataar,,PENDING,100,0,1,0,100,0,0,5213525,1,2121913640
PN4255,register_delta_2026-09-01,4255,851227156,Nad Al Sheba Gardens Phase 11,,NAS ESTATES L.L.C,nas-estates,Nad Al Shiba First,,ACTIVE,0,0,210,0,0,210,210,6181369;6181393;6181435;6181447;6181449;6181453;6181462;6181467;6181475;6181476;6181509;6181524;6181530;6181559;6181632;6181639;6181671;6181701;6181719;6181760;6181793;6181828;6181873;6181877;6181904;6181907;6181947;6181948;6181971;6182002;6182009;6182010;6182016;6182073;6182102;6182114;6182120;6182133;6182213;6182269;6182274;6182296;6182297;6182326;6182331;6182370;6182378;6182385;6182390;6182415;6182431;6182446;6182463;6182470;6182500;6182518;6182529;6182533;6182592;6182616,121,
PN4257,register_delta_2026-09-01,4257,852444318,Verdana 10,,REPORTAGE PLUS A REAL ESTATE DEVELOPMENT L.L.C,reportage-plus-a-real-estate-development,Dubai Investment Park First,,ACTIVE,0,0,135,0,0,59,57,5981449,1,
PN4258,register_delta_2026-09-01,4258,852572199,THE CAPE,,BARARI THREE REAL ESTATE DEVELOPMENT L.L.C,barari-three-real-estate-development,Wadi Al Safa 3,,ACTIVE,288,0,3,0,286,125,123,6453379,1,1209267473
PN4259,register_delta_2026-09-01,4259,852581198,Artistry One Residences,,SELECT GLOBAL DEVELOPMENT L.L.C,select-group,Zaabeel Second,,ACTIVE,232,0,1,0,232,150,150,3370875,1,
PN4261,register_delta_2026-09-01,4261,852600503,Artistry Two Residences,,SELECT GLOBAL DEVELOPMENT L.L.C,select-group,Zaabeel Second,,ACTIVE,235,0,1,0,235,62,62,3370824,1,
PN4262,register_delta_2026-09-01,4262,852684530,DAMAC ISLANDS 2 - TAHITI 1,,DAMAC PRIME DEVELOPMENT L.L.C,damac,Al Yelayiss 1,,ACTIVE,0,0,306,0,0,253,253,92110049;92110057;92110059;92110072;92110081;92110097;92110108;92110115;92110173;92110174;92110197;92110225;92110231;92110238;92110279;92110282;92110304;92110323;92110343;92110345;92110349;92110387;92110392;92110396;92110416;92110428;92110456;92110474;92110521;92110527;92110533;92110553;92110572;92110593;92110636;92110676;92110677;92110714;92110756;92110787;92110817;92110845;92110849;92110852;92110872;92110886;92110889;92110898;92110914;92110939;92110952;92110975;92110988;92110990;92111001;92111026;92111037;92111043;92111085;92111118,68,
PN4263,register_delta_2026-09-01,4263,852689184,DAMAC ISLANDS 2 - TAHITI 2,,DAMAC PRIME DEVELOPMENT L.L.C,damac,Al Yelayiss 1,,ACTIVE,0,0,484,0,0,377,377,92110032;92110033;92110040;92110063;92110126;92110142;92110146;92110168;92110205;92110210;92110215;92110219;92110227;92110248;92110249;92110260;92110266;92110281;92110285;92110305;92110338;92110354;92110359;92110361;92110372;92110373;92110378;92110397;92110422;92110431;92110434;92110451;92110458;92110475;92110493;92110494;92110515;92110517;92110543;92110585;92110592;92110598;92110611;92110624;92110646;92110652;92110657;92110665;92110683;92110686;92110695;92110724;92110726;92110750;92110751;92110803;92110806;92110818;92110822;92110827,92,
PN4268,register_delta_2026-09-01,4268,852818016,Verdana Residence 10,,REPORTAGE PLUS A REAL ESTATE DEVELOPMENT L.L.C,reportage-plus-a-real-estate-development,Dubai Investment Park First,,ACTIVE,191,0,1,0,191,75,75,5981488,1,
PN4269,register_delta_2026-09-01,4269,853542337,Mareva The Oasis,,EMAAR DEVELOPMENT P.J.S.C.,emaar,Me'Aisem Second,,ACTIVE,0,0,311,0,0,258,258,6862905;6862906;6862907;6862908;6862909;6862910;6862911;6862912;6862913;6862914;6862915;6862916;6862917;6862918;6862919;6862920;6862921;6862922;6862923;6862924;6862925;6862926;6862927;6862928;6862929;6862930;6862931;6862932;6862933;6862934;6862935;6862936;6862937;6862938;6862939;6862940;6862941;6862942;6862943;6862944;6862947;6862948;6862949;6862952;6862953;6862954;6862955;6862956;6862957;6862959;6862960;6862961;6862962;6862963;6862964;6862965;6862966;6862967;6862968;6862969,311,
PN4270,register_delta_2026-09-01,4270,853542806,Mareva 2 The Oasis,,EMAAR DEVELOPMENT P.J.S.C.,emaar,Me'Aisem Second,,ACTIVE,0,0,346,0,0,273,273,6863275;6863276;6863277;6863278;6863279;6863280;6863281;6863282;6863283;6863284;6863285;6863286;6863287;6863288;6863290;6863291;6863292;6863293;6863294;6863295;6863296;6863299;6863300;6863302;6863303;6863304;6863609;6863610;6863611;6863612;6863613;6863614;6863616;6863617;6863618;6863619;6863620;6863621;6863623;6863624;6863625;6863626;6863627;6863628;6863629;6863630;6863631;6863632;6863633;6863634;6863635;6863636;6863637;6863640;6863641;6863642;6863643;6863644;6863645;6863646,347,
PN4273,register_delta_2026-09-01,4273,854036749,"AYAMI RESIDENCE, BY AYAT DEVELOPMENT",,AYAT REAL ESTATE DEVELOPMENT L.L.C,ayat-real-estate-development,Al Warsan First,,ACTIVE,376,0,1,0,376,203,200,6212098,1,
PN4274,register_delta_2026-09-01,4274,854424231,City Walk Crestlane 5,,CITYWALK RESIDENTIAL 1 L.L.C,meraas,Al Wasl,,ACTIVE,161,0,2,0,161,150,150,3431217,1,1635360769
PN4275,register_delta_2026-09-01,4275,854561209,Art House Private Residences By Viva,,VIVA REAL ESTATE DEVELOPMENT L.L.C,viva-real-estate-development,Wadi Al Safa 3,,ACTIVE,121,0,1,0,121,40,38,6456563,1,566225729
PN4276,register_delta_2026-09-01,4276,855308890,LIORA,,JAIEDCO REAL ESTATE DEVELOPMENT L.L.C,jaiedco-real-estate-development,Palm Deira,,ACTIVE,56,0,1,0,56,15,14,1010477,1,1180873726
PN4277,register_delta_2026-09-01,4277,855438770,Valoria The Oasis,,EMAAR DEVELOPMENT P.J.S.C.,emaar,Me'Aisem Second,,ACTIVE,0,0,257,0,0,0,0,6863309;6863310;6863311;6863312;6863313;6863314;6863315;6863317;6863318;6863319;6863320;6863321;6863322;6863323;6863324;6863325;6863326;6863327;6863328;6863329;6863330;6863331;6863332;6863333;6863334;6863335;6863336;6863337;6863338;6863339;6863340;6863341;6863342;6863343;6863347;6863348;6863349;6863350;6863351;6863352;6863353;6863354;6863355;6863356;6863357;6863359;6863360;6863361;6863362;6863363;6863364;6863365;6863366;6863367;6863368;6863369;6863370;6863371;6863372;6863375,257,
PN4280,register_delta_2026-09-01,4280,856356181,Palace Residences Hillside B,,DUBAI HILLS ESTATE L.L.C,dubai-hills-estate,Hadaeq Sheikh Mohammed Bin Rashid,,ACTIVE,287,0,1,0,287,1,1,6317269,1,1073800260
PN4281,register_delta_2026-09-01,4281,856357935,SERENIA DISTRICT - EAST,,PALMA HOMES REAL ESTATE DEVELOPMENT L.L.C,palma,Al Thanyah Fifth,,ACTIVE,813,0,6,0,813,110,109,3934257,1,2088030896;395678583;405313575;785149412;86406750;965924573
PN4282,register_delta_2026-09-01,4282,856425407,SKYON,,CALGARY AVENUE SOUTH REAL ESTATE DEVELOPMENT L.L.C,calgary-avenue-south-real-estate-development,Madinat Al Mataar,,PENDING,52,0,1,0,52,0,0,5214212,1,1410730933
PN4285,register_delta_2026-09-01,4285,856776771,Reef 995,,REEF LUXURY DEVELOPMENT L.L.C,reef-luxury-development,Wadi Al Safa 5,,PENDING,347,0,1,0,347,2,0,6488679,1,150016584
PN4286,register_delta_2026-09-01,4286,856825551,City Walk Crestlane 4,,CITYWALK RESIDENTIAL 1 L.L.C,meraas,Al Wasl,,ACTIVE,204,0,2,0,204,185,185,3431234,1,499669943
PN4287,register_delta_2026-09-01,4287,857102515,Fior 1,,MINA RASHID PROPERTIES L.L.C,mina-rashid-properties,Madinat Dubai Almelaheyah,,ACTIVE,184,0,1,0,184,57,57,3210514,1,1039611522
PN4290,register_delta_2026-09-01,4290,857516407,Nuve By Zoya,,ZOYA ONE REAL ESTATE DEVELOPMENTS L.L.C,zoya-one-real-estate-developments,Wadi Al Safa 5,,ACTIVE,234,0,1,0,234,179,176,6488616,1,1933337759
PN4291,register_delta_2026-09-01,4291,857627012,DAMAC ISLANDS 2 - BERMUDA,,DAMAC PRIME DEVELOPMENT L.L.C,damac,Al Yelayiss 1,,ACTIVE,0,0,469,0,0,400,400,92110038;92110044;92110062;92110066;92110073;92110091;92110103;92110111;92110118;92110138;92110177;92110202;92110203;92110211;92110254;92110262;92110275;92110276;92110283;92110294;92110313;92110328;92110333;92110353;92110367;92110374;92110379;92110411;92110418;92110435;92110454;92110468;92110469;92110492;92110505;92110514;92110518;92110547;92110567;92110586;92110590;92110607;92110610;92110630;92110654;92110666;92110669;92110680;92110703;92110709;92110725;92110731;92110736;92110740;92110760;92110796;92110797;92110800;92110821;92110826,87,
PN4292,register_delta_2026-09-01,4292,857652770,DAMAC ISLANDS 2 - CUBA,,DAMAC PRIME DEVELOPMENT L.L.C,damac,Al Yelayiss 1,,ACTIVE,0,0,544,0,0,437,437,92110035;92110037;92110047;92110071;92110093;92110098;92110116;92110117;92110129;92110133;92110145;92110159;92110165;92110196;92110213;92110216;92110226;92110255;92110256;92110271;92110299;92110310;92110360;92110364;92110384;92110388;92110404;92110408;92110421;92110429;92110433;92110445;92110450;92110479;92110509;92110530;92110536;92110541;92110542;92110577;92110591;92110595;92110650;92110656;92110674;92110685;92110692;92110696;92110713;92110735;92110743;92110744;92110748;92110771;92110802;92110812;92110819;92110854;92110857;92110868,91,
PN4293,register_delta_2026-09-01,4293,857686773,AVENEW888-LOOM,,AVENEW REAL ESTATE DEVELOPMENT L.L.C,avenew-real-estate-development,Madinat Al Mataar,,ACTIVE,661,0,5,0,661,222,221,5212792,1,1081672013;1887402372;2076556999;422792473;643257055
PN4294,register_delta_2026-09-01,4294,857706418,DAMAC ISLANDS 2 - BARBADOS 1,,DAMAC PRIME DEVELOPMENT L.L.C,damac,Al Yelayiss 1,,ACTIVE,0,0,382,0,0,317,317,92110078;92110085;92110104;92110121;92110156;92110160;92110162;92110181;92110187;92110190;92110194;92110233;92110286;92110291;92110308;92110317;92110330;92110344;92110405;92110423;92110430;92110452;92110459;92110470;92110477;92110481;92110544;92110561;92110570;92110612;92110615;92110625;92110628;92110631;92110638;92110647;92110653;92110662;92110664;92110705;92110763;92110775;92110777;92110799;92110859;92110880;92110899;92110919;92110928;92110946;92110949;92110965;92110966;92110979;92111003;92111063;92111078;92111092;92111107;92111110,70,
PN4295,register_delta_2026-09-01,4295,857750014,DAMAC ISLANDS 2 - BARBADOS 2,,DAMAC PRIME DEVELOPMENT L.L.C,damac,Al Yelayiss 1,,ACTIVE,0,0,362,0,0,271,271,92110079;92110083;92110090;92110102;92110131;92110136;92110137;92110150;92110240;92110243;92110245;92110263;92110287;92110292;92110293;92110302;92110320;92110389;92110412;92110419;92110437;92110446;92110447;92110453;92110455;92110471;92110499;92110550;92110557;92110562;92110578;92110606;92110613;92110632;92110658;92110699;92110702;92110706;92110727;92110746;92110759;92110798;92110801;92110860;92110870;92110871;92110906;92110909;92110927;92110947;92110948;92111015;92111018;92111025;92111035;92111040;92111064;92111075;92111081;92111091,70,
PN4296,register_delta_2026-09-01,4296,857765728,DAMAC ISLANDS 2 - MAUI,,DAMAC PRIME DEVELOPMENT L.L.C,damac,Al Yelayiss 1,,ACTIVE,0,0,434,0,0,344,344,92110036;92110042;92110046;92110065;92110075;92110076;92110096;92110119;92110134;92110140;92110157;92110179;92110182;92110200;92110204;92110214;92110218;92110253;92110259;92110273;92110289;92110297;92110315;92110318;92110351;92110356;92110366;92110394;92110400;92110442;92110449;92110457;92110463;92110467;92110480;92110495;92110501;92110546;92110556;92110560;92110575;92110579;92110583;92110584;92110604;92110619;92110637;92110643;92110673;92110701;92110718;92110732;92110739;92110741;92110747;92110765;92110774;92110781;92110788;92110794,97,
PN4299,register_delta_2026-09-01,4299,857851209,Binghatti Luxuria,,Binghatti Developers FZE,binghatti,Al Barsha South Fifth,,ACTIVE,469,0,1,0,469,165,165,6849716,1,
PN4300,register_delta_2026-09-01,4300,858401528,WINDSOR HOUSE II,,ELLINGTON PROPERTIES DEVELOPMENT L.L.C,ellington,Madinat Al Mataar,,ACTIVE,424,0,3,0,424,399,397,5213560,1,1109526597;1284326260;2108799577
PN4302,register_delta_2026-09-01,4302,859244397,Barari Parks By Bahat,,BAHAT REAL ESTATE DEVELOPMENT L.L.C,bahat-real-estate-development,Wadi Al Safa 3,,ACTIVE,52,0,1,0,52,31,29,6457785,1,741197814
PN4303,register_delta_2026-09-01,4303,859461005,Binghatti Etherea,,Binghatti Developers FZE,binghatti,Al Barsha South Fourth,,ACTIVE,287,0,1,0,287,59,59,6816395,1,1805876849
PN4304,register_delta_2026-09-01,4304,859491117,Golf Terrace Residences By ASAK,,ASAK REAL ESTATE DEVELOPMENT L.L.C,asak-real-estate-development,Me'Aisem First,,ACTIVE,105,0,1,0,105,87,87,6850754,1,1230580121
PN4306,register_delta_2026-09-01,4306,860427036,Seacliff by Imtiaz,,IMTIAZ LUXURY REAL ESTATE DEVELOPMENT L.L.C,imtiaz,Palm Deira,,ACTIVE,179,0,1,0,170,50,48,1010453,1,817265150
PN4307,register_delta_2026-09-01,4307,,Babylon Tower,,HERITAGE REAL ESTATE DEVELOPMENT L.L.C,heritage-real-estate-development,Al Thanyah First,,PENDING,0,0,0,0,0,0,0,,0,
PN4313,register_delta_2026-09-01,4313,863580407,Nirvana Residences - I,,MERAKI REAL ESTATE DEVELOPMENT L.L.C,meraki-real-estate-development,Me'Aisem First,,ACTIVE,326,0,1,0,326,11,7,6854309,1,551081202
PN4314,register_delta_2026-09-01,4314,864381115,Rabdan Gardens,,RABDAN GARDENS REAL ESTATE DEVELOPMENTS L.L.C,rabdan-gardens-real-estate-developments,Al Satwa,,ACTIVE,90,0,1,0,90,79,78,3342955,1,1024546899
PN4316,register_delta_2026-09-01,4316,864511194,Casa Altia,,CASA MAGNUM REAL ESTATE DEVELOPMENT L.L.C,casa-magnum-real-estate-development,Jabal Ali First,,ACTIVE,77,0,1,0,77,0,0,5912315,1,463286448
PN4318,register_delta_2026-09-01,4318,864754488,Tura Residence,,NAMAT REAL ESTATE DEVELOPMENT L.L.C,namat-real-estate-development,Nad Al Shiba First,,ACTIVE,23,0,1,0,23,2,0,6181334,1,
PN4319,register_delta_2026-09-01,4319,865131598,Project Maybach,,Binghatti Developers FZE,binghatti,Nad Al Shiba First,,ACTIVE,831,0,1,0,831,204,202,6184089,1,1741523116
PN4320,register_delta_2026-09-01,4320,865271690,Maybach Ultimate Luxury,,Binghatti Developers FZE,binghatti,Nad Al Shiba First,,ACTIVE,1233,0,2,0,1233,241,239,6184081,1,
PN4321,register_delta_2026-09-01,4321,865279874,Maybach Six,,Binghatti Developers FZE,binghatti,Nad Al Shiba First,,ACTIVE,1878,0,2,0,1878,1047,1045,6184080,1,1973135600
PN4325,register_delta_2026-09-01,4325,867202892,At 85 Residences,,SCOPE PROPERTIES DUBAI BRANCH,scope-properties-dubai,Jabal Ali First,,ACTIVE,261,0,1,0,261,0,0,59112886,1,1545199469
PN4326,register_delta_2026-09-01,4326,868062875,Cedarwood Estates,,JGE REAL ESTATE L.L.C,jge-real-estate,Me'Aisem First,,ACTIVE,0,0,121,0,0,70,70,6855051;6855052;6855053;6855054;6855055;6855056;6855057;6855058;6855059;6855060;6855061;6855062;6855063;6855064;6855065;6855066;6855067;6855068;6855069;6855070;6855207;6855209;6855210;6855212;6855214;6855215;6855217;6855219;6855220;6855222;6855224;6855225;6855227;6855229;6855230;6855232;6855234;6855235;6855237;6855239;6855240;6855242;6855244;6855245;6855247;6855249;6855250;6855252;6855254;6855255;6855257;6855259;6855260;6855262;6855264;6855265;6855267;6855269;6855270;6855315,121,
PN4327,register_delta_2026-09-01,4327,868313548,Binghatti Skyterraces,,Binghatti Developers FZE,binghatti,Al Hebiah First,,ACTIVE,1587,0,1,0,1886,602,602,6740341,1,1787539913
PN4328,register_delta_2026-09-01,4328,868968156,Sobha Central,,SOBHA L.L.C,sobha,Jabal Ali First,,ACTIVE,2169,0,3,0,2169,588,588,59112905,1,761783113
PN4329,register_delta_2026-09-01,4329,868987116,Palace by the Beach,,EMAAR DEVELOPMENT P.J.S.C.,emaar,Marsa Dubai,,ACTIVE,861,0,2,0,861,1,0,3920709,1,1491277009
PN4330,register_delta_2026-09-01,4330,869002826,OXFORD COVE,,IMAN DEVELOPERS L.L.C,iman,Al Barsha South Fourth,,ACTIVE,465,0,1,0,253,146,144,6816308,1,553538640
PN4331,register_delta_2026-09-01,4331,869337483,Linea by Holm,,HOLM AVENUE REAL ESTATE DEVELOPMENT L.L.C,holm-avenue-real-estate-development,Al Satwa,,ACTIVE,210,0,1,0,210,195,194,3343015,1,1682891564
PN4333,register_delta_2026-09-01,4333,869665800,The Key,,HOMEDGE REAL ESTATE DEVELOPMENT L.L.C,homedge-real-estate-development,Al Satwa,,PENDING,54,0,1,0,54,0,0,3347557,1,1158471297
PN4334,register_delta_2026-09-01,4334,869670164,Axilla,,HOMEDGE REAL ESTATE DEVELOPMENT L.L.C,homedge-real-estate-development,Al Satwa,,PENDING,54,0,1,0,54,0,0,3347560,1,2010635958
PN4335,register_delta_2026-09-01,4335,871494669,The Hudson,,CRYSTAL PRIME REAL ESTATE DEVELOPMENT L.L.C,crystal-prime-real-estate-development,Al Barsha South Fourth,,ACTIVE,96,0,1,0,96,15,11,6817367,1,1230425209
PN4336,register_delta_2026-09-01,4336,871553110,ENRE RESIDENCE BY IMTIAZ,,IMTIAZ SOUTH REAL ESTATE DEVELOPMENT L.L.C,imtiaz,Madinat Al Mataar,,ACTIVE,170,0,1,0,170,118,117,5213507,1,1122595591
PN4338,register_delta_2026-09-01,4338,873361861,Serenz by Danube,,DANUBE PROPERTIES DEVELOPMENT L.L.C,danube,Al Barsha South Fourth,,ACTIVE,1227,0,3,0,1227,551,548,6817800,1,1779954115
PN4340,register_delta_2026-09-01,4340,873932593,ZEN LAGOONS,,ZENNOVA REALTY REAL ESTATE DEVELOPMENT L.L.C,zennova-realty-real-estate-development,Bukadra,,ACTIVE,177,0,1,0,177,3,1,6117277,1,
PN4341,register_delta_2026-09-01,4341,,Nami Island Project,,NAMI ISLAND DEVELOPMENT L.L.C,nami-island-development,World Islands,,PENDING,0,0,0,0,0,0,0,,0,
PN4342,register_delta_2026-09-01,4342,,The Lyceum,,RETHINK VIRERA REAL ESTATE DEVELOPMENT L.L.C,rethink-virera-real-estate-development,Al Barsha South Fifth,,CANCELLED,,,0,0,0,0,0,,0,
PN4344,register_delta_2026-09-01,4344,875428779,Isla Residences by Chaimaa Holding,,DEVAL REAL ESTATE DEVELOPMENT L.L.C,deval-real-estate-development,Palm Deira,,PENDING,76,0,1,0,76,0,0,1010357,1,1766360434
PN4346,register_delta_2026-09-01,4346,875824645,THE MERIVA COLLECTION,,CRESTARC DEVELOPERS L.L.C,crestarc-developers,Palm Deira,,ACTIVE,939,0,8,0,939,477,476,1011304,1,1086482710;1221585178;1335016863;1733743977;428328634;735970770;889362185
PN4350,register_delta_2026-09-01,4350,876150518,South Lofts by Premier Choice,,P C I REAL ESTATE DEVELOPERS L.L.C,pci-real-estate-developers,Saih Shuaib 2,,ACTIVE,149,0,1,0,149,104,104,5310417,1,
PN4351,register_delta_2026-09-01,4351,876426878,DELLA X,,DELLA LUXURY DEVELOPER L.L.C,della-luxury-developer,Palm Jumeirah,,PENDING,153,0,1,0,153,0,0,3812874,1,998451295
PN4352,register_delta_2026-09-01,4352,876435749,Nad Al Sheba Gardens Phase 12,,NAS ESTATES L.L.C,nas-estates,Nad Al Shiba First,,ACTIVE,0,0,97,0,0,0,0,6181366;6181394;6181420;6181434;6181480;6181485;6181487;6181494;6181511;6181541;6181542;6181551;6181584;6181590;6181653;6181666;6181672;6181707;6181708;6181729;6181745;6181807;6181817;6181827;6181837;6181847;6181865;6181879;6181891;6181893;6181901;6181903;6181939;6181973;6181977;6181988;6182005;6182028;6182033;6182049;6182059;6182072;6182079;6182080;6182095;6182099;6182162;6182163;6182222;6182237;6182320;6182322;6182323;6182383;6182389;6182407;6182416;6182433;6182473;6182495,97,
PN4353,register_delta_2026-09-01,4353,876439540,STORIES BY MIRFA,,MIRFA HARMONY REAL ESTATE DEVELOPMENT L.L.C,mirfa-harmony-real-estate-development,Madinat Al Mataar,,ACTIVE,100,0,1,0,100,37,37,5213478,1,968085838
PN4354,register_delta_2026-09-01,4354,,Arja Vista Residences,,JANUSS REAL ESTATE DEVELOPERS L.L.C,januss-real-estate-developers,Madinat Al Mataar,,PENDING,0,0,0,0,0,0,0,,0,
PN4355,register_delta_2026-09-01,4355,876540046,FOREST CITY TOWER 3,,AL HELAL AL ZAHABY REAL ESTATE DEVELOPMENT L.L.C,al-helal-al-zahaby-real-estate-development,Madinat Al Mataar,,PENDING,642,0,1,0,642,0,0,,0,393816667
PN4356,register_delta_2026-09-01,4356,877939472,HQA By Arista,,ARISTA ONE REAL ESTATE DEVELOPMENT L.L.C,arista-one-real-estate-development,Jabal Ali First,,ACTIVE,52,0,1,0,52,6,6,5911831,1,222562239
PN4357,register_delta_2026-09-01,4357,878153596,ZURA RESIDENCES,,ALYAKKA DEVELOPERS L.L.C,alyakka-developers,Madinat Al Mataar,,ACTIVE,321,0,1,0,321,2,1,5213576,1,1396155635
PN4358,register_delta_2026-09-01,4358,,Tulip Oasis 11 Tower 2,,A M E REAL ESTATE DEVELOPMENT L.L.C,ame-real-estate-development,Wadi Al Safa 3,,PENDING,0,0,0,0,0,0,0,,0,
PN4360,register_delta_2026-09-01,4360,878738878,CHAVELLE BY IMTIAZ,,IMTIAZ GHD REAL ESTATE DEVELOPMENT L.L.C,imtiaz,Bukadra,,ACTIVE,145,0,1,0,145,0,0,6117252,1,
PN4363,register_delta_2026-09-01,4363,,Darah Residence,,DARAH SOUTH REAL ESTATE DEVELOPMENT L.L.C,darah-south-real-estate-development,Madinat Al Mataar,,PENDING,0,0,0,0,0,0,0,,0,
PN4365,register_delta_2026-09-01,4365,880107801,Listone Residence,,LION STONE PROPERTIES L.L.C,lion-stone-properties,Al Warsan First,,ACTIVE,312,0,1,0,312,2,0,6212099,1,
PN4367,register_delta_2026-09-01,4367,881989412,Terra Woods,,DWTC EMAAR L.L.C,emaar,Madinat Al Mataar,,ACTIVE,824,0,4,0,824,471,471,5211040,1,1277247218;211618270;275836719;903231725
PN4371,register_delta_2026-09-01,4371,884232352,Coventry Curve,,G F S REAL ESTATE L.L.C,gfs-real-estate,Saih Shuaib 2,,ACTIVE,246,0,1,0,246,20,18,5310301,1,
PN4373,register_delta_2026-09-01,4373,884788126,The Valley - Alva,,EMAAR DEVELOPMENT P.J.S.C.,emaar,Al Yufrah 1,,ACTIVE,0,0,196,0,0,0,0,9154939;9154981;9154998;9155003;9155025;9155062;9155074;9155075;9155129;9155149;9155162;9155203;9155204;9155226;9155284;9155298;9155303;9155345;9155402;9155403;9155427;9155449;9155464;9155473;9155506;9155517;9155531;9155552;9155554;9155616;9155619;9155662;9155685;9155692;9155743;9155807;9155838;9155846;9155855;9155876;9155878;9155960;9155961;9155973;9155975;9156006;9156008;9156060;9156119,49,
PN4374,register_delta_2026-09-01,4374,884798452,The Valley - Alva 2,,EMAAR DEVELOPMENT P.J.S.C.,emaar,Al Yufrah 1,,ACTIVE,0,0,176,0,0,0,0,9154919;9154927;9154962;9154999;9155017;9155023;9155039;9155053;9155102;9155140;9155163;9155213;9155218;9155242;9155253;9155359;9155382;9155390;9155445;9155454;9155485;9155486;9155537;9155589;9155606;9155625;9155631;9155668;9155681;9155706;9155744;9155792;9155793;9155842;9155890;9155915;9155931;9155955;9155979;9156024;9156057;9156061;9156084;9156116,44,
PN4375,register_delta_2026-09-01,4375,884804329,The Valley - Alva 3,,EMAAR DEVELOPMENT P.J.S.C.,emaar,Al Yufrah 1,,ACTIVE,0,0,156,0,0,0,0,9154912;9154967;9154982;9155010;9155026;9155027;9155120;9155121;9155156;9155194;9155195;9155265;9155286;9155333;9155338;9155360;9155368;9155408;9155456;9155457;9155487;9155571;9155627;9155646;9155658;9155669;9155717;9155746;9155778;9155781;9155821;9155825;9155867;9155918;9156019;9156039;9156076;9156098;9156112,39,
PN4376,register_delta_2026-09-01,4376,885182331,Zazen Acacia Residences,,ZAZEN PROPERTY DEVELOPMENT L.L.C,zazen-property-development,Madinat Al Mataar,,ACTIVE,48,0,1,0,48,0,0,5214214,1,43142252
PN4377,register_delta_2026-09-01,4377,886052398,The Wilds Residences,,AURORA SPV 2 L.L.C,aurora-spv-2,Wadi Al Safa 3,,ACTIVE,747,0,6,0,747,104,104,6456972,1,1103818826;1226289835;1306091569;1527336036;644704540;869508847
PN4380,register_delta_2026-09-01,4380,,The Gyld,,HOMEDGE REAL ESTATE DEVELOPMENT L.L.C,homedge-real-estate-development,Al Satwa,,PENDING,0,0,0,0,0,0,0,,0,
PN4383,register_delta_2026-09-01,4383,,Calla Isle,,N Y X REAL ESTATE DEVELOPMENT L.L.C,nyx-real-estate-development,Palm Deira,,PENDING,0,0,0,0,0,0,0,,0,
PN4387,register_delta_2026-09-01,4387,888222309,MARAVELLE FAMILY COMPLEX,,K M Y REAL ESTATE L.L.C,kmy-real-estate,Madinat Al Mataar,,PENDING,668,0,4,0,668,0,0,5213581,1,1197188323;1697220907;2145762113;860951773
PN4388,register_delta_2026-09-01,4388,888223072,Villa del Garda Residences,,RIVIERA VISTA REAL ESTATE DEVELOPMENT L.L.C,riviera-vista-real-estate-development,Palm Deira,,ACTIVE,134,0,1,0,134,52,50,1010618,1,1916509750
PN4389,register_delta_2026-09-01,4389,888230947,Amis & GPD Presents Fleur De Jardin Villas,,AMIS GPD DEVELOPER L.L.C,amis-gpd-developer,Wadi Al Safa 3,,ACTIVE,0,0,25,0,0,2,0,6454933,1,
PN4391,register_delta_2026-09-01,4391,888943136,SOL TERRA CASA I,,S O L PROPERTIES DEVELOPMENT L.L.C,sol-properties-development,Al Barsha South Fourth,,ACTIVE,0,0,13,0,0,4,0,6816446,1,
PN4392,register_delta_2026-09-01,4392,890077385,Coventry 49,,GFS WONDERS DEVELOPERS L.L.C,gfs-wonders-developers,Madinat Al Mataar,,ACTIVE,51,0,1,0,51,4,3,5213547,1,1439792692
PN4393,register_delta_2026-09-01,4393,890288478,Binghatti Skyflame 1,,Binghatti Developers FZE,binghatti,Wadi Al Safa 3,,ACTIVE,1407,0,1,0,1407,754,754,6459931,1,1650630936
PN4394,register_delta_2026-09-01,4394,890372279,Samana Business Hub,,SAMANA PREMIUM REAL ESTATE DEVELOPMENT L.L.C,samana-premium-real-estate-development,Jabal Ali Industrial Second,,ACTIVE,323,0,1,0,323,83,81,5180203,1,
PN4395,register_delta_2026-09-01,4395,,Globna by Crystal Bay Azure,,CRYSTAL BAY AZURE DEVELOPMENT L.L.C,crystal-bay-azure-development,Madinat Al Mataar,,PENDING,0,0,0,0,0,0,0,,0,
PN4399,register_delta_2026-09-01,4399,891820647,Binghatti Skyflame 2,,Binghatti Developers FZE,binghatti,Wadi Al Safa 3,,ACTIVE,801,0,1,0,801,393,393,6455953,1,1401005403
PN4400,register_delta_2026-09-01,4400,892902333,Nejm 1,,DANF DEVELOPMENTS L.L.C,danf-developments,Wadi Al Safa 3,,ACTIVE,55,0,1,0,55,0,0,6456325,1,665622409
PN4401,register_delta_2026-09-01,4401,893220386,Rabdan Square,,RABDAN SQUARE DEVELOPMENTS L.L.C,rabdan-square-developments,Nad Al Shiba First,,ACTIVE,36,0,1,0,36,5,4,6181281,1,685763687
PN4402,register_delta_2026-09-01,4402,893705850,Jadaf Beach Oasis,,AZIZI DEVELOPMENTS L.L.C,azizi,Al Jadaf,,PENDING,1276,0,3,0,1276,0,0,3261517,1,58423917
PN4404,register_delta_2026-09-01,4404,893931830,Villea East,,PALMRIDGE REAL ESTATE DEVELOPMENT L.L.C,palmridge-real-estate-development,Al Satwa,,PENDING,113,0,1,0,113,0,0,3343019,1,
PN4405,register_delta_2026-09-01,4405,893933311,Binghatti Square 1,,Binghatti Developers FZE,binghatti,Wadi Al Safa 3,,PENDING,160,0,1,0,160,0,0,6459915,1,2001374513
PN4406,register_delta_2026-09-01,4406,,Al Aiham Homes,,DAR AL AIHAM PROPERTIES L.L.C,dar-al-aiham-properties,Warsan Fourth,,PENDING,0,0,0,0,0,0,0,,0,
PN4407,register_delta_2026-09-01,4407,,Fay Residence,,MB RESIDENCES REAL ESTATE DEVELOPMENT L.L.C,mb-residences-real-estate-development,Al Jadaf,,PENDING,0,0,0,0,0,0,0,,0,
PN4408,register_delta_2026-09-01,4408,894400038,Binghatti Square 2,,Binghatti Developers FZE,binghatti,Wadi Al Safa 3,,PENDING,350,0,4,0,350,0,0,6459917,1,1157490768;1174674971;1473450944;761890487
PN4409,register_delta_2026-09-01,4409,894402065,Binghatti Square 3,,Binghatti Developers FZE,binghatti,Wadi Al Safa 3,,PENDING,517,0,2,0,517,0,0,6459914,1,1555739717;258053482
PN4410,register_delta_2026-09-01,4410,,One Central Dubai,,One Central Development FZE,one-central-development,Trade Center Second,,PENDING,0,0,0,0,0,0,0,,0,
PN4412,register_delta_2026-09-01,4412,,SHAPE,,REDIX ONE REAL ESTATE L.L.C,redix-one-real-estate,Al Barsha South Fourth,,PENDING,0,0,0,0,0,0,0,,0,
PN4413,register_delta_2026-09-01,4413,895112281,Al Ghaf Janoub,,JERSEY REAL ESTATE DEVELOPMENT L.L.C,jersey-real-estate-development,Madinat Al Mataar,,ACTIVE,73,0,1,0,73,2,0,5213018,1,1399361120
PN4415,register_delta_2026-09-01,4415,895628222,Golf Fields,,EMAAR DUBAI SOUTH DWC LLC,emaar,Madinat Al Mataar,,ACTIVE,181,0,1,0,181,181,181,5211858,1,1745843190
PN4416,register_delta_2026-09-01,4416,895636442,Golf Vale,,EMAAR DUBAI SOUTH DWC LLC,emaar,Madinat Al Mataar,,ACTIVE,262,0,1,0,262,236,236,5211859,1,1610978298
PN4417,register_delta_2026-09-01,4417,,THE ATELIER,,E L P G REAL ESTATE DEVELOPMENT L.L.C,elpg-real-estate-development,Business Bay,,PENDING,0,0,0,0,0,0,0,,0,
PN4418,register_delta_2026-09-01,4418,896036296,Kaia,,DYAR AMWAJ REAL ESTATE DEVELOPMENT L.L.C,dyar-amwaj-real-estate-development,Palm Deira,,ACTIVE,128,0,2,0,128,11,10,1010427,1,1084792449;500499777
PN4420,register_delta_2026-09-01,4420,,Enclave Greens by Shriya,,SHRIYA PROPERTIES DEVELOPMENT L.L.C S.O.C,shriya-properties-development-llcsoc,Wadi Al Safa 3,,PENDING,0,0,0,0,0,0,0,,0,
PN4422,register_delta_2026-09-01,4422,897649822,Hayat 1,,DUBAI SOUTH PROPERTIES DWC LLC,dubai-south-properties,Madinat Al Mataar,,ACTIVE,0,0,122,0,0,113,113,5215321;5215322;5215323;5215324;5215325;5215326;5215327;5215328;5215329;5215330;5215331;5215332;5215333;5215334;5215335;5215336;5215337;5215338;5215339;5215340;5215341;5215342;5215343;5215344;5215345;5215346;5215347;5215348;5215349;5215350;5215351;5215352;5215353;5215354;5215355;5215356;5215357,37,
PN4423,register_delta_2026-09-01,4423,897651481,Hayat 6,,DUBAI SOUTH PROPERTIES DWC LLC,dubai-south-properties,Madinat Al Mataar,,ACTIVE,0,0,104,0,0,79,79,5215285;5215286;5215287;5215288;5215289;5215290;5215291;5215292;5215293;5215294;5215295;5215296;5215297;5215298;5215299;5215300;5215301;5215302;5215303;5215304;5215305;5215306;5215307;5215308;5215309;5215310;5215311;5215312;5215313;5215314;5215315;5215316;5215317;5215318;5215319;5215320,36,
PN4424,register_delta_2026-09-01,4424,897654703,Hayat 7,,DUBAI SOUTH PROPERTIES DWC LLC,dubai-south-properties,Madinat Al Mataar,,ACTIVE,0,0,78,0,0,0,0,5215264;5215265;5215266;5215267;5215268;5215269;5215270;5215271;5215272;5215273;5215274;5215275;5215276;5215277;5215278;5215279;5215280;5215281;5215282;5215283;5215284,21,
PN4425,register_delta_2026-09-01,4425,898016624,ARLINGTON PARK II BY MAJID,,MAJID DEVELOPMENTS L.L.C,majid-developments,Wadi Al Safa 5,,ACTIVE,129,0,1,0,129,40,39,6488604,1,1950257584
PN4427,register_delta_2026-09-01,4427,,One Mansory,,DIVINE AT 311 DEVELOPERS L.L.C,divine-at-311-developers,Al Hebiah First,,PENDING,0,0,0,0,0,0,0,,0,
PN4435,register_delta_2026-09-01,4435,899847769,1WOOD RESIDENCE 2,,OBJECT ONE REAL ESTATE DEVELOPMENT L.L.C,object-one-real-estate-development,Al Barsha South Fourth,,ACTIVE,209,0,1,0,209,9,7,6816148,1,
PN4438,register_delta_2026-09-01,4438,,"WESTIN RESIDENCES, DUBAI CREEK GARDENS",,G P REAL ESTATE DEVELOPMENT L.L.C,gp-real-estate-development,Al Jadaf,,PENDING,0,0,0,0,0,0,0,,0,
PN4439,register_delta_2026-09-01,4439,901585526,Longfor International Center,,STAR LANG REAL ESTATE DEVELOPMENT L.L.C,star-lang-real-estate-development,Al Warsan First,,ACTIVE,72,0,1,0,72,22,20,6218611,1,
PN4440,register_delta_2026-09-01,4440,901687581,Celesto Tower 2,,TARRAD DEVELOPMENT L.L.C,tarrad-development,Wadi Al Safa 5,,ACTIVE,231,0,1,0,231,70,68,6488531,1,
PN4442,register_delta_2026-09-01,4442,904084823,Tresora by Wadan,,WADAN REAL ESTATE DEVELOPMENT L.L.C,wadan-real-estate-development,Al Barsha South Fourth,,ACTIVE,160,0,1,0,160,80,79,6817258,1,1655808688
PN4443,register_delta_2026-09-01,4443,,South Lofts 2 by Premier Choice,,P C I REAL ESTATE DEVELOPERS L.L.C,pci-real-estate-developers,Saih Shuaib 2,,PENDING,0,0,0,0,0,0,0,,0,
PN4444,register_delta_2026-09-01,4444,,Vivo Residences South By Main Realty,,MAIN REALTY REAL ESTATE L.L.C,main-realty-real-estate,Saih Shuaib 2,,PENDING,0,0,0,0,0,0,0,,0,
PN4445,register_delta_2026-09-01,4445,,Bild Alve,,I G P REAL ESTATE DEVELOPMENT L.L.C,igp-real-estate-development,Al Safouh First,,PENDING,0,0,0,0,0,0,0,,0,
PN4447,register_delta_2026-09-01,4447,905969512,Nanma Lotus,,NANMA PROPERTIES L.L.C,nanma-properties,Madinat Al Mataar,,ACTIVE,79,0,1,0,79,18,17,5212910,1,1373140996
PN4448,register_delta_2026-09-01,4448,906484256,Valia,,DUBAI CREEK HARBOUR L.L.C,dubai-creek-harbour,Al Khairan First,,ACTIVE,492,0,2,0,492,267,267,4150454,1,
PN4454,register_delta_2026-09-01,4454,913547571,Havencia,,ALA REAL ESTATE DEVELOPMENTS L.L.C,ala-real-estate-developments,Wadi Al Safa 5,,ACTIVE,286,0,1,0,286,9,5,6488570,1,
PN4456,register_delta_2026-09-01,4456,914434090,LUNAYA,,LUNAYA ZAYA REAL ESTATE DEVELOPMENT L.L.C S.O.C,zaya,Saih Shuaib 1,,ACTIVE,0,0,564,0,0,396,396,5132258,1,
PN4458,register_delta_2026-09-01,4458,917061636,Vista Hub by DSI Prestige One,,DRAKE AND SCULL REAL ESTATE DEVELOPMENT L.L.C,drake-and-scull-real-estate-development,Wadi Al Safa 3,,PENDING,58,0,1,0,58,0,0,6458006,1,9856508
PN4459,register_delta_2026-09-01,4459,917938218,Elanora by zoya,,ZOYA ONE REAL ESTATE DEVELOPMENTS L.L.C,zoya-one-real-estate-developments,Saih Shuaib 2,,ACTIVE,117,0,1,0,117,51,50,5310325,1,
PN4460,register_delta_2026-09-01,4460,917962268,Enchante By GRID,,GRID VIV REAL ESTATE DEVELOPMENT L.L.C,grid-viv-real-estate-development,Al Barshaa South Third,,ACTIVE,286,0,4,0,286,149,149,6730130,1,1329866468;1786021812;567866193;611074214
PN4462,register_delta_2026-09-01,4462,919127681,Greenfield 2 by Samana Developers,,SAMANA PLATINUM REAL ESTATE DEVELOPMENT L.L.C,samana-platinum-real-estate-development,Warsan Fourth,,ACTIVE,307,0,1,0,307,0,0,6241215,1,
PN4464,register_delta_2026-09-01,4464,920356983,AD Residences,,FOUR SEASONS REAL ESTATE DEVELOPMENT L.L.C,four-seasons-real-estate-development,Al Satwa,,PENDING,140,0,1,0,140,0,0,3343025,1,1429452601
PN4467,register_delta_2026-09-01,4467,,DISTRICT 53,,MODON COMPANY FOR REAL ESTATE DEVELOPMENT L.L.C,modon-for-real-estate-development,Madinat Al Mataar,,PENDING,0,0,0,0,0,0,0,,0,
PN4472,register_delta_2026-09-01,4472,925286384,Samana South Haven,,SAMANA PREMIUM REAL ESTATE DEVELOPMENT L.L.C,samana-premium-real-estate-development,Saih Shuaib 2,,ACTIVE,200,0,1,0,200,68,68,5310409,1,
PN4474,register_delta_2026-09-01,4474,926303788,Verdana 9,,REPORTAGE PLUS A REAL ESTATE DEVELOPMENT L.L.C,reportage-plus-a-real-estate-development,Dubai Investment Park First,,ACTIVE,0,0,204,0,0,28,28,5981480,1,
PN4475,register_delta_2026-09-01,4475,926314805,Verdana Residence 9,,REPORTAGE PLUS A REAL ESTATE DEVELOPMENT L.L.C,reportage-plus-a-real-estate-development,Dubai Investment Park First,,ACTIVE,256,0,1,0,256,63,63,5981485,1,
PN4478,register_delta_2026-09-01,4478,,Best City View Tower,,BEST CITY REAL ESTATE DEVELOPMENT L.L.C,best-city-real-estate-development,Al Barsha South Fifth,,PENDING,0,0,0,0,0,0,0,,0,
PN4484,register_delta_2026-09-01,4484,,ELYRA RESIDENCES BY ENAAM,,ENAAM PROPERTIES DEVELOPMENT L.L.C,enaam-properties-development,Nadd Hessa,,PENDING,0,0,0,0,0,0,0,,0,
PN4487,register_delta_2026-09-01,4487,930676670,Celesto Tower 3,,TARRAD DEVELOPMENT L.L.C,tarrad-development,Wadi Al Safa 5,,ACTIVE,216,0,1,0,216,19,19,6488546,1,1568654778
PN4489,register_delta_2026-09-01,4489,932894011,Bureau Lamar,,LAMAR DEVELOPMENT L.L.C,lamar-development,Business Bay,,ACTIVE,99,0,7,0,99,1,0,3466805,1,1666509468
PN4491,register_delta_2026-09-01,4491,933217362,Lawncrest By Zimaya,,ZIMAYA PROPERTIES L.L.C,zimaya-properties,Me'Aisem First,,PENDING,0,0,1,0,183,1,1,6850750,1,
PN4493,register_delta_2026-09-01,4493,,ABU ALNAGA TOWER,,ABUALNAGA DEVELOPMENT L.L.C,abualnaga-development,Al Jadaf,,PENDING,0,0,0,0,0,0,0,,0,
PN4494,register_delta_2026-09-01,4494,,VALERIA BY ABU ALNAGA,,ABUALNAGA DEVELOPMENT L.L.C,abualnaga-development,Al Jadaf,,PENDING,0,0,0,0,0,0,0,,0,
PN4495,register_delta_2026-09-01,4495,936174351,SELA,,AMWAJ ALKHALEEJ REAL ESTATE DEVELOPMENT L.L.C,amwaj-alkhaleej-real-estate-development,Nad Al Shiba First,,PENDING,104,0,1,0,104,0,0,6183105,1,679291373
PN4499,register_delta_2026-09-01,4499,938153583,EVERLY PLACE,,EPD BK DEVELOPERS L.L.C,epd-bk-developers,Ras Al Khor Industrial First,,PENDING,214,0,1,0,214,0,0,6129824,1,
PN4502,register_delta_2026-09-01,4502,,Cresswell Views II,,"ADEV PROPERTIES (Br of ARADY PROPERTIES - PSC )(Dubai Branch
)",adev-properties-br-of-arady-properties-dubai,Madinat Al Mataar,,PENDING,0,0,0,0,0,0,0,,0,
PN4510,register_delta_2026-09-01,4510,,24HC,,O&F DHCC REAL ESTATE DEVELOPMENT L.L.C,of-dhcc-real-estate-development,Um Hurair Second,,ACTIVE,99,0,0,0,0,0,0,,0,
PN4511,register_delta_2026-09-01,4511,,The Lyceum,,ZLON DEVELOPMENTS L.L.C,zlon-developments,Al Barsha South Fifth,,PENDING,0,0,0,0,0,0,0,,0,
PN4536,register_delta_2026-09-01,4536,,Breva,,A Y S PROPERTY DEVELOPMENT,ays-property-development,Palm Deira,,PENDING,0,0,0,0,0,0,0,,0,
PN4557,register_delta_2026-09-01,4557,,Residence 71,,AAMAL REAL ESTATE DEVELOPMENTS L.L.C,aamal-real-estate-developments,Madinat Al Mataar,,PENDING,0,0,0,0,0,0,0,,0,
PN15,sales_register_only,15,,LA VISTA 07,,,,Nadd Hessa,Silicon Oasis,,,,0,0,0,4,0,,0,
PN18,sales_register_only,18,,TAMANI ART ROYAL SUITES,,,,Burj Khalifa,Business Bay,,,,0,0,0,1,0,,0,
PN33,sales_register_only,33,,TOWER 88,,,,Al Barsha South Fourth,Jumeirah Village Circle,,,,0,0,0,1,0,,0,
PN39,sales_register_only,39,,SERENITY HEIGHTS,,,,Nad Al Shiba,Silicon Oasis,,,,0,0,0,1,0,,0,
PN58,sales_register_only,58,,DEYAAR PARK,,,,Jabal Ali,Down Town Jabal Ali,,,,0,0,0,1,0,,0,
PN59,sales_register_only,59,,BRISTOL,,,,Burj Khalifa,Business Bay,,,,0,0,0,2,0,,0,
PN61,sales_register_only,61,,ECLIPSE TOWER,,,,Al Barsha South Fourth,Jumeirah Village Circle,,,,0,0,0,2,0,,0,
PN63,sales_register_only,63,,ORCHID RESIDENCES,,,,Al Barsha South Fourth,Jumeirah Village Circle,,,,0,0,0,2,0,,0,
PN64,sales_register_only,64,,THE HEIGHTS-GOLDEN,,,,Al Barsha South Fourth,Jumeirah Village Circle,,,,0,0,0,2,0,,0,
PN65,sales_register_only,65,,WAVES BUSINESS TOWER,,,,Al Barsha South Fourth,Jumeirah Village Circle,,,,0,0,0,4,1,,0,
PN67,sales_register_only,67,,ROTATING RESIDENCE,,,,Al Barsha South Fourth,Jumeirah Village Circle,,,,0,0,0,2,0,,0,
PN69,sales_register_only,69,,HIGH RISE BOULEVARD2,,,,Al Barsha South Fourth,Jumeirah Village Circle,,,,0,0,0,7,2,,0,
PN78,sales_register_only,78,,MAG228A,,,,Nad Al Shiba,,,,,0,0,0,1,0,,0,
PN79,sales_register_only,79,,MAG228B,,,,Nad Al Shiba,,,,,0,0,0,1,0,,0,
PN81,sales_register_only,81,,GREEN ACRES,,,,Nad Al Shiba,,,,,0,0,0,1,0,,0,
PN83,sales_register_only,83,,MATEX TOWER,,,,Burj Khalifa,Business Bay,,,,0,0,0,1,0,,0,
PN91,sales_register_only,91,,STAR HILL TOWERS & GALLAERY,,,,Burj Khalifa,Business Bay,,,,0,0,0,1,0,,0,
PN94,sales_register_only,94,,CENTER COURT,,,,Al Barsha South Fourth,Jumeirah Village Circle,,,,0,0,0,1,0,,0,
PN100,sales_register_only,100,,ELEGANT TOWER,,,,Al Barsha South Fourth,Jumeirah Village Circle,,,,0,0,0,1,0,,0,
PN103,sales_register_only,103,,MICHEAL SCHUMACHER BUSINESS AVENUE,,,,Burj Khalifa,Business Bay,,,,0,0,0,1,0,,0,
PN104,sales_register_only,104,,PERSHING LUXURY BEACH RESIDENCE TOWER,,,,Jabal Ali,Dubai Water Front,,,,0,0,0,1,0,,0,
PN105,sales_register_only,105,,SAMI Q TOWER,,,,Burj Khalifa,Business Bay,,,,0,0,0,1,0,,0,
PN108,sales_register_only,108,,PALAZZA ARABIA,,,,Jabal Ali First,Al Furjan,,,,0,0,0,1,0,,0,
PN109,sales_register_only,109,,ABJAR TOWER,,,,Al Barsha South Fourth,Jumeirah Village Circle,,,,0,0,0,6,0,,0,
PN122,sales_register_only,122,,THE DOMAIN,,,,Nad Al Shiba,Silicon Oasis,,,,0,0,0,4,0,,0,
PN123,sales_register_only,123,,IRIS  CRYSTAL,,,,Burj Khalifa,Business Bay,,,,0,0,0,1,0,,0,
PN126,sales_register_only,126,,IRIS ORA,,,,Burj Khalifa,Business Bay,,,,0,0,0,2,0,,0,
PN132,sales_register_only,132,,RUFI TOWER (QUATTRO),,,,Al Barsha South Fourth,Jumeirah Village Circle,,,,0,0,0,1,0,,0,
PN133,sales_register_only,133,,SHARM LAND TOWER,,,,Al Barsha South Fourth,Jumeirah Village Circle,,,,0,0,0,1,0,,0,
PN134,sales_register_only,134,,OVAL TOWER,,,,Burj Khalifa,Business Bay,,,,0,0,0,3,0,,0,
PN138,sales_register_only,138,,Varazze Tower,,,,Al Safouh First,Sufouh Gardens,,,,0,0,0,90,0,,0,
PN145,sales_register_only,145,,ROSE TOWER,,,,Al Jadaf,Jaddaf Waterfront,,,,0,0,0,2,0,,0,
PN153,sales_register_only,153,,DIAMOND ARCH1,,,,Al Barsha South Fourth,Jumeirah Village Circle,,,,0,0,0,2,1,,0,
PN160,sales_register_only,160,,BLUE BAY,,,,Burj Khalifa,Business Bay,,,,0,0,0,1,0,,0,
PN166,sales_register_only,166,,WESTAR GALAXY,,,,Wadi Al Safa 3,Majan,,,,0,0,0,2,0,,0,
PN168,sales_register_only,168,,WESTAR 085,,,,Jabal Ali,,,,,0,0,0,1,0,,0,
PN173,sales_register_only,173,,APEX SUITES,,,,Al Barsha South Fifth,Jumeirah Village Triangle,,,,0,0,0,7,1,,0,
PN195,sales_register_only,195,,WESTERN QUARTERS,,,,Nad Al Shiba,Falcon City,,,,0,0,0,3,1,,0,
PN199,sales_register_only,199,,GARDEN HEIGHTS,,,,Al Barsha South Fourth,Jumeirah Village Circle,,,,0,0,0,1,0,,0,
PN201,sales_register_only,201,,THE H.Q,,,,Al Barsha South Fourth,Jumeirah Village Circle,,,,0,0,0,1,0,,0,
PN202,sales_register_only,202,,DEC BUSINESS TOWER,,,,Burj Khalifa,Business Bay,,,,0,0,0,1,0,,0,
PN212,sales_register_only,212,,PLATINUM TOWER,,,,Burj Khalifa,Business Bay,,,,0,0,0,7,0,,0,
PN222,sales_register_only,222,,PODIUM,,,,Wadi Al Safa 3,Majan,,,,0,0,0,3,0,,0,
PN229,sales_register_only,229,,CROWEN RESIDENCE,,,,Al Barsha South Fourth,Jumeirah Village Circle,,,,0,0,0,3,0,,0,
PN235,sales_register_only,235,,V-GREECE ON THE WORLD,,,,World Islands,The World,,,,0,0,0,1,0,,0,
PN237,sales_register_only,237,,PRODIGY2,,,,Al Barsha South Fourth,Jumeirah Village Circle,,,,0,0,0,3,0,,0,
PN239,sales_register_only,239,,PRODIGY3,,,,Al Barsha South Fourth,Jumeirah Village Circle,,,,0,0,0,1,0,,0,
PN240,sales_register_only,240,,CASA VERONA,,,,Al Barsha South Fourth,Jumeirah Village Circle,,,,0,0,0,1,0,,0,
PN243,sales_register_only,243,,PRODIGY5,,,,Al Barsha South Fourth,Jumeirah Village Circle,,,,0,0,0,1,0,,0,
PN245,sales_register_only,245,,PRODIGY,,,,Al Barsha South Fourth,Jumeirah Village Circle,,,,0,0,0,2,0,,0,
PN247,sales_register_only,247,,PRODIGY4,,,,Al Barsha South Fourth,Jumeirah Village Circle,,,,0,0,0,1,0,,0,
PN248,sales_register_only,248,,PARK AVENUE,,,,Al Ruwayyah,Residential Complex,,,,0,0,0,1,0,,0,
PN261,sales_register_only,261,,BARBARO,,,,Nad Al Shiba,Majan,,,,0,0,0,1,0,,0,
PN262,sales_register_only,262,,SUNDANCE,,,,Wadi Al Safa 3,Majan,,,,0,0,0,2,0,,0,
PN265,sales_register_only,265,,THE BAY RESIDENCES,,,,Burj Khalifa,Business Bay,,,,0,0,0,1,0,,0,
PN287,sales_register_only,287,,NIKI LAUDA TOWER,,,,Burj Khalifa,Business Bay,,,,0,0,0,3,0,,0,
PN291,sales_register_only,291,,SANALI  BUSINESS HIGHTS,,,,Wadi Al Safa 3,Majan,,,,0,0,0,1,0,,0,
PN292,sales_register_only,292,,SANALI  BUSINESS TOWER,,,,Wadi Al Safa 3,Majan,,,,0,0,0,1,0,,0,
PN293,sales_register_only,293,,SANALI CAPITAL AVENUE,,,,Wadi Al Safa 3,Majan,,,,0,0,0,1,0,,0,
PN296,sales_register_only,296,,SYANN PALM,,,,Wadi Al Safa 3,Majan,,,,0,0,0,4,1,,0,
PN306,sales_register_only,306,,NORTH BAY,,,,Burj Khalifa,Business Bay,,,,0,0,0,5,0,,0,
PN313,sales_register_only,313,,EXECUTIVE SUITES,,,,Burj Khalifa,Business Bay,,,,0,0,0,4,0,,0,
PN326,sales_register_only,326,,PRIME BUSINESS AVENUE,,,,Jabal Ali,Down Town Jabal Ali,,,,0,0,0,1,0,,0,
PN327,sales_register_only,327,,ARTISTIC HEIGHTS,,,,Al Barsha South Fourth,Jumeirah Village Circle,,,,0,0,0,3,0,,0,
PN348,sales_register_only,348,,IVORY TOWER,,,,Nad Al Shiba,International Media Production Zone,,,,0,0,0,1,0,,0,
PN358,sales_register_only,358,,DIAMOND SHOPPING MALL,,,,Al Ruwayyah,The Villa,,,,0,0,0,5,0,,0,
PN368,sales_register_only,368,,AL MASA I,,,,Jabal Ali,,,,,0,0,0,1,0,,0,
PN370,sales_register_only,370,,AL MASA II,,,,Jabal Ali,,,,,0,0,0,1,0,,0,
PN371,sales_register_only,371,,YASAMINE -V,,,,Jabal Ali,,,,,0,0,0,1,0,,0,
PN372,sales_register_only,372,,AZIZI FEIROUZ I,,,,Jabal Ali,,,,,0,0,0,1,0,,0,
PN373,sales_register_only,373,,AZIZI FEIROUZ II,,,,Jabal Ali,,,,,0,0,0,1,0,,0,
PN374,sales_register_only,374,,AZIZI FEIROUZ III,,,,Jabal Ali,,,,,0,0,0,1,0,,0,
PN375,sales_register_only,375,,AZIZI SAWSAN-I,,,,Jabal Ali,,,,,0,0,0,1,0,,0,
PN376,sales_register_only,376,,AZIZI SAWSAN-II,,,,Jabal Ali,,,,,0,0,0,1,0,,0,
PN379,sales_register_only,379,,ANGELICA RESIDENCE 1,,,,Al Barsha South Fourth,Jumeirah Village Circle,,,,0,0,0,1,0,,0,
PN381,sales_register_only,381,,ANGELICA RESIDENCE 2,,,,Al Barsha South Fourth,Jumeirah Village Circle,,,,0,0,0,1,0,,0,
PN382,sales_register_only,382,,MAGNOLIA,,,,Al Barsha South Fifth,Jumeirah Village Triangle,,,,0,0,0,107,0,,0,
PN451,sales_register_only,451,,THE PLAZA,,,,Al Barsha South Fourth,Jumeirah Village Circle,,,,0,0,0,3,0,,0,
PN453,sales_register_only,453,,DUBAI LAGOON LOTUS,,,,Dubai Investment Park First,Dubai Investment Park First,,,,0,0,0,198,0,,0,
PN454,sales_register_only,454,,GLOBAL POINT,,,,Warsan Fourth,International City Phase 3,,,,0,0,0,4,1,,0,
PN455,sales_register_only,455,,SKY SCRAPER,,,,Burj Khalifa,Business Bay,,,,0,0,0,2,0,,0,
PN456,sales_register_only,456,,TORONTO,,,,Nad Al Shiba,,,,,0,0,0,1,0,,0,
PN457,sales_register_only,457,,POLARIS,,,,Business Bay,Business Bay,,,,0,0,0,268,0,,0,
PN458,sales_register_only,458,,VANCOUVER,,,,Nad Al Shiba,,,,,0,0,0,1,0,,0,
PN470,sales_register_only,470,,KENSINGTON,,,,Warsan Fourth,International City Phase 3,,,,0,0,0,1,0,,0,
PN471,sales_register_only,471,,MAYFAIR,,,,Nad Al Shiba,,,,,0,0,0,1,0,,0,
PN481,sales_register_only,481,,BAY VIEW RESIDENCES,,,,Burj Khalifa,Business Bay,,,,0,0,0,2,0,,0,
PN482,sales_register_only,482,,BURJ AL NOOR,,,,Burj Khalifa,Business Bay,,,,0,0,0,3,0,,0,
PN491,sales_register_only,491,,THE FORUM,,,,Burj Khalifa,Business Bay,,,,0,0,0,3,0,,0,
PN492,sales_register_only,492,,ATRIUM GOLD TOWERS,,,,Nad Al Shiba,Silicon Oasis,,,,0,0,0,2,0,,0,
PN495,sales_register_only,495,,OAKLANDS,,,,Nad Al Shiba,International City Phase 3,,,,0,0,0,2,0,,0,
PN517,sales_register_only,517,,MOON TOWER 2,,,,Al Jadaf,Jaddaf Waterfront,,,,0,0,0,5,0,,0,
PN518,sales_register_only,518,,MOON TOWER 1,,,,Business Bay,Business Bay,,,,0,0,0,193,0,,0,
PN527,sales_register_only,527,,DREAM BAY,,,,Burj Khalifa,Business Bay,,,,0,0,0,1,0,,0,
PN537,sales_register_only,537,,DUNES MARIGOLD,,,,Al Barsha South Fourth,Jumeirah Village Circle,,,,0,0,0,5,0,,0,
PN552,sales_register_only,552,,ARABIAN CROWNE,,,,Nad Al Shiba,City Of Arabia,,,,0,0,0,1,0,,0,
PN560,sales_register_only,560,,DUNES RESIDENCE,,,,Al Hebiah Fourth,Dubai Sports City,,,,0,0,0,2,0,,0,
PN571,sales_register_only,571,,RESIDENTIAL COMPLEX,,,,Al Ruwayyah,Residential Complex,,,,0,0,0,1,0,,0,
PN600,sales_register_only,600,,GLOBAL ROYAL TOWER,,,,Al Barsha South Fifth,Jumeirah Village Triangle,,,,0,0,0,3,0,,0,
PN601,sales_register_only,601,,GLOBAL BAY VIEW,,,,Burj Khalifa,Business Bay,,,,0,0,0,1,0,,0,
PN602,sales_register_only,602,,SAPPHIRE,,,,Burj Khalifa,Business Bay,,,,0,0,0,4,0,,0,
PN604,sales_register_only,604,,SILVER STAR TOWER,,,,Burj Khalifa,Business Bay,,,,0,0,0,3,0,,0,
PN606,sales_register_only,606,,SYMPHONY TOWERS,,,,Burj Khalifa,Business Bay,,,,0,0,0,4,0,,0,
PN613,sales_register_only,613,,GLOBAL BAY VIEW II & III,,,,Burj Khalifa,Business Bay,,,,0,0,0,1,0,,0,
PN618,sales_register_only,618,,OXBRIDGE GARDENS,,,,Al Barsha South Fourth,Jumeirah Village Circle,,,,0,0,0,74,74,,0,
PN626,sales_register_only,626,,AL BASHAER FIRST,,,,Al Ruwayyah,Residential Complex,,,,0,0,0,1,0,,0,
PN628,sales_register_only,628,,FORTUNE SERENE,,,,Nad Al Shiba,International Media Production Zone,,,,0,0,0,3,0,,0,
PN646,sales_register_only,646,,CHAMPION TOWER 3,,,,Al Hebiah Fourth,Dubai Sports City,,,,0,0,0,138,0,,0,
PN649,sales_register_only,649,,FRANKFURT TOWER,,,,Al Barsha South Fourth,Jumeirah Village Circle,,,,0,0,0,2,0,,0,
PN653,sales_register_only,653,,LES VERTES,,,,Al Barsha South Fourth,Jumeirah Village Circle,,,,0,0,0,1,0,,0,
PN656,sales_register_only,656,,ELASH,,,,Warsan Fourth,International City Phase 3,,,,0,0,0,6,0,,0,
PN660,sales_register_only,660,,RUFI ROYAL CREST,,,,Al Barsha South Fourth,Jumeirah Village Circle,,,,0,0,0,1,0,,0,
PN663,sales_register_only,663,,THE ISLAND OF IRELAND,,,,World Islands,The World,,,,0,0,0,1,0,,0,
PN664,sales_register_only,664,,JASMINE GARDEN,,,,World Islands,The World,,,,0,0,0,1,0,,0,
PN666,sales_register_only,666,,THE RESIDENCE,,,,Al Barsha South Fourth,Jumeirah Village Circle,,,,0,0,0,1,0,,0,
PN674,sales_register_only,674,,AMESCO TOWER,,,,Al Thanyah Fifth,DMCC Master Community,,,,0,0,0,2,0,,0,
PN678,sales_register_only,678,,TOWER 10,,,,Al Barsha South Fourth,Jumeirah Village Circle,,,,0,0,0,2,0,,0,
PN689,sales_register_only,689,,TRINITY HEIGHTS,,,,Al Barsha South Fourth,Jumeirah Village Circle,,,,0,0,0,1,0,,0,
PN698,sales_register_only,698,,SANDHURST HOUSE,,,,Al Barsha South Fourth,Jumeirah Village Circle,,,,0,0,0,4,0,,0,
PN708,sales_register_only,708,,ROSE GAREN,,,,Al Barsha South Fourth,Jumeirah Village Circle,,,,0,0,0,2,0,,0,
PN709,sales_register_only,709,,DUNES LILAC,,,,Al Barsha South Fifth,Jumeirah Village Triangle,,,,0,0,0,1,0,,0,
PN715,sales_register_only,715,,G-TOWER,,,,Nad Al Shiba,City Of Arabia,,,,0,0,0,1,0,,0,
PN726,sales_register_only,726,,SIROYA GARDENS,,,,Al Barsha South Fourth,Jumeirah Village Circle,,,,0,0,0,145,13,,0,
PN730,sales_register_only,730,,METROPOLIS LOFTS,,,,Al Barsha South Fourth,Jumeirah Village Circle,,,,0,0,0,1,0,,0,
PN734,sales_register_only,734,,AL FERDOWS,,,,Al Barsha South Fourth,Jumeirah Village Circle,,,,0,0,0,3,0,,0,
PN735,sales_register_only,735,,MAMMUT TOWER,,,,Jabal Ali Industrial Third,,,,,0,0,0,1,0,,0,
PN764,sales_register_only,764,,CHAMPIONS TOWER2,,,,Al Hebiah Fourth,Dubai Sports City,,,,0,0,0,76,0,,0,
PN770,sales_register_only,770,,MANHATTAN PARK III,,,,Al Barsha South Fourth,Jumeirah Village Circle,,,,0,0,0,4,0,,0,
PN795,sales_register_only,795,,PISA TOWER RESIDENCE,,,,Al Barsha South Fourth,Jumeirah Village Circle,,,,0,0,0,1,0,,0,
PN804,sales_register_only,804,,GERMAN SPORTS TOWER2,,,,Al Hebiah Fourth,Dubai Sports City,,,,0,0,0,5,0,,0,
PN819,sales_register_only,819,,ROYAL DELUXE VILLAS,,,,Al Barsha South Fourth,Jumeirah Village Circle,,,,0,0,0,2,0,,0,
PN824,sales_register_only,824,,MESA VISTA,,,,Wadi Al Safa 3,Majan,,,,0,0,0,1,0,,0,
PN830,sales_register_only,830,,SONDOS ZINNIA,,,,Al Ruwayyah,Residential Complex,,,,0,0,0,1,0,,0,
PN840,sales_register_only,840,,MANHATTAN PARK 1,,,,Al Barsha South Fourth,Jumeirah Village Circle,,,,0,0,0,27,1,,0,
PN842,sales_register_only,842,,POLYGON TOWER,,,,Burj Khalifa,Business Bay,,,,0,0,0,1,0,,0,
PN844,sales_register_only,844,,BASSMAT AL HANA,,,,Al Barsha First,,,,,0,0,0,5,0,,0,
PN856,sales_register_only,856,,INTERNATIONAL PEARL,,,,Nad Al Shiba,,,,,0,0,0,2,0,,0,
PN863,sales_register_only,863,,JAL AASHWA,,,,World Islands,The World,,,,0,0,0,1,0,,0,
PN866,sales_register_only,866,,JEHAAN 2,,,,Al Barsha South Fourth,Jumeirah Village Circle,,,,0,0,0,1,0,,0,
PN873,sales_register_only,873,,KENSINGTON KRYSTAL,,,,Madinat Dubai Almelaheyah,Dubai Maritime City,,,,0,0,0,4,0,,0,
PN874,sales_register_only,874,,PANGKOR LAUT LUXURY RESIDENCE & SPA VILLAGE,,,,World Islands,The World,,,,0,0,0,3,1,,0,
PN884,sales_register_only,884,,PARIS RESIDENCE,,,,Nad Al Shiba,,,,,0,0,0,1,0,,0,
PN890,sales_register_only,890,,BURJ AL FARA'A,,,,Al Barsha South Fourth,Jumeirah Village Circle,,,,0,0,0,8,1,,0,
PN898,sales_register_only,898,,JUMAA BUILDING,,,,Warsan Fourth,International City Phase 3,,,,0,0,0,4,0,,0,
PN900,sales_register_only,900,,UNIVERSAL TOWER,,,,Al Hebiah Fourth,Dubai Sports City,,,,0,0,0,3,0,,0,
PN903,sales_register_only,903,,L'ORIENTAL,,,,Al Ruwayyah,Residential Complex,,,,0,0,0,5,0,,0,
PN905,sales_register_only,905,,EDEN 2,,,,Al Barsha South Fourth,Jumeirah Village Circle,,,,0,0,0,1,0,,0,
PN906,sales_register_only,906,,SUNSET GARDENS B,,,,Al Barsha South Fourth,Jumeirah Village Circle,,,,0,0,0,1,0,,0,
PN911,sales_register_only,911,,COTE D'AZUR,,,,Nad Al Shiba,Majan,,,,0,0,0,1,0,,0,
PN914,sales_register_only,914,,HAMPSTEAD RESIDENCES,,,,Al Barsha South Fourth,Jumeirah Village Circle,,,,0,0,0,2,0,,0,
PN926,sales_register_only,926,,ALMASAH TOWER,,,,Wadi Al Safa 2,Falcon City,,,,0,0,0,1,0,,0,
PN929,sales_register_only,929,,TAIBA,,,,Nad Al Shiba,,,,,0,0,0,1,0,,0,
PN932,sales_register_only,932,,OASIS HEIGHTS,,,,Al Barsha South Fourth,Jumeirah Village Circle,,,,0,0,0,3,0,,0,
PN933,sales_register_only,933,,CANAL VIEWS,,,,Al Barsha South Fourth,Jumeirah Village Circle,,,,0,0,0,1,0,,0,
PN938,sales_register_only,938,,AUROR RESIDENCE 2,,,,Nad Al Shiba,,,,,0,0,0,2,0,,0,
PN940,sales_register_only,940,,PALAZZO VENEZIA,,,,Nad Al Shiba,Majan,,,,0,0,0,1,0,,0,
PN941,sales_register_only,941,,VENEZIA,,,,Nad Al Shiba,Majan,,,,0,0,0,1,0,,0,
PN944,sales_register_only,944,,AL HABTOOR  ISLAND RESORT & SPA,,,,Palm Jumeirah,Palm Jumeirah,,,,0,0,0,3,1,,0,
PN949,sales_register_only,949,,CHASE RESIDENCY,,,,Nad Al Shiba,,,,,0,0,0,1,0,,0,
PN955,sales_register_only,955,,SHARENA RESIDENCE 1,,,,Nad Al Shiba,Majan,,,,0,0,0,1,0,,0,
PN960,sales_register_only,960,,ARCADIUM BUILDING,,,,Jabal Ali,Down Town Jabal Ali,,,,0,0,0,1,0,,0,
PN961,sales_register_only,961,,SHAMAL TERRACES 1,,,,Al Barsha South Fourth,Jumeirah Village Circle,,,,0,0,0,44,5,,0,
PN970,sales_register_only,970,,INDIGO CAPITAL,,,,Jabal Ali,,,,,0,0,0,1,0,,0,
PN983,sales_register_only,983,,FERRETTI LUXURY BEACH RESDIENCE TWIN TOWER,,,,Hessyan Second,Dubai Water Front,,,,0,0,0,2,0,,0,
PN986,sales_register_only,986,,ROCKLAND SQUARE,,,,Al Barsha South Fourth,Jumeirah Village Circle,,,,0,0,0,1,0,,0,
PN988,sales_register_only,988,,WESTAR CASA DEL SOL,,,,Nad Al Shiba,,,,,0,0,0,1,0,,0,
PN993,sales_register_only,993,,SHEFFIELD MIDTOWN,,,,Al Ruwayyah,Residential Complex,,,,0,0,0,3,0,,0,
PN1000,sales_register_only,1000,,Sold Without Project for Nakheel,,,,Jabal Ali First,Al Furjan,,,,0,0,0,6,1,,0,
PN1002,sales_register_only,1002,,Sold Without Project for Limitless,,,,Jabal Ali Industrial Second,Down Town Jabal Ali,,,,0,0,0,2,0,,0,
PN1003,sales_register_only,1003,,Sold Without Project for Dubai Aviation City Corporation,,,,Madinat Al Mataar,Dubai South Residential District,,,,0,0,0,13,0,,0,
PN1004,sales_register_only,1004,,Sold Without Project for Meraas Estates,,,,Nad Al Shiba First,Nad Al Sheba Gardens,,,,0,0,0,17,5,,0,
PN1007,sales_register_only,1007,,Sold Without Project for Dubai Hills Estate,,,,Hadaeq Sheikh Mohammed Bin Rashid,DUBAI HILLS - HILLS VIEW,,,,0,0,0,5,0,,0,
PN1009,sales_register_only,1009,,Sold Without Project for Union Properties,,,,Al Hebiah First,Motor City,,,,0,0,0,2,0,,0,
PN1012,sales_register_only,1012,,The Parkway at Dubai Hills,,,,Hadaeq Sheikh Mohammed Bin Rashid,DUBAI HILLS - PARKWAYS,,,,0,0,0,292,25,,0,
PN1013,sales_register_only,1013,,The Fairway at Dubai Hills,,,,Hadaeq Sheikh Mohammed Bin Rashid,DUBAI HILLS - FAIRWAYS,,,,0,0,0,362,13,,0,
PN1014,sales_register_only,1014,,Emerald Hills at Dubai Hills,,,,Hadaeq Sheikh Mohammed Bin Rashid,DUBAI HILLS - EMERALD HILLS,,,,0,0,0,372,35,,0,
PN1039,sales_register_only,1039,,STERNON TOWER 1,,,,Al Barsha South Fourth,Jumeirah Village Circle,,,,0,0,0,1,0,,0,
PN1043,sales_register_only,1043,,PORTO DUBAI,,,,Um Suqaim Second,,,,,0,0,0,2,0,,0,
PN1057,sales_register_only,1057,,HYDRA TOWERS,,,,Burj Khalifa,,,,,0,0,0,1,0,,0,
PN1059,sales_register_only,1059,,AZIZI YASAMINE 4,,,,Jabal Ali,,,,,0,0,0,1,0,,0,
PN1066,sales_register_only,1066,,GERMAN SUPREME RESIDENCE 1,,,,Wadi Al Safa 5,The Villa,,,,0,0,0,2,0,,0,
PN1078,sales_register_only,1078,,DUBAI DIGITAL CENTER,,,,Al Jadaf,Sama Al Jadaf,,,,0,0,0,14,0,,0,
PN1080,sales_register_only,1080,,NATHALIE TOWER,,,,Palm Jabal Ali,Palm Jabal Ali,,,,0,0,0,1,0,,0,
PN1129,sales_register_only,1129,,BLUE MOON TOWER,,,,Palm Jabal Ali,Palm Jabal Ali,,,,0,0,0,1,0,,0,
PN1133,sales_register_only,1133,,AROOJ PALACE,,,,Al Barsha South Fourth,Jumeirah Village Circle,,,,0,0,0,7,0,,0,
PN1134,sales_register_only,1134,,THE CONCAVE,,,,Jabal Ali,Down Town Jabal Ali,,,,0,0,0,1,0,,0,
PN1146,sales_register_only,1146,,LANGHAM PLACE DOWNTOWN DUBAI BY OMNIYAT,,,,Burj Khalifa,Business Bay,,,,0,0,0,1,0,,0,
PN1166,sales_register_only,1166,,DUBAI WATER FRONT BADRAH,,,,Hessyan First,Dubai Water Front,,,,0,0,0,2,0,,0,
PN1172,sales_register_only,1172,,AC3,,,,Al Hebiah First,Motor City,,,,0,0,0,6,2,,0,
PN1181,sales_register_only,1181,,DUBAI LAND,,,,Wadi Al Safa 5,Dubai Land Residence Complex,,,,0,0,0,1,0,,0,
PN1184,sales_register_only,1184,,QPOINT LIWAN-PLOT R010,,,,Nad Al Shiba,Liwan,,,,0,0,0,1,0,,0,
PN1200,sales_register_only,1200,,QPOINT LIWAN-PLOT R054,,,,Nad Al Shiba,Liwan,,,,0,0,0,1,0,,0,
PN1211,sales_register_only,1211,,QPOINT LIWAN-PLOT R018,,,,Nad Al Shiba,Liwan,,,,0,0,0,1,0,,0,
PN1220,sales_register_only,1220,,QPOINT LIWAN-PLOT R085,,,,Nad Al Shiba,Liwan,,,,0,0,0,1,0,,0,
PN1222,sales_register_only,1222,,QPOINT LIWAN-PLOT R064,,,,Nad Al Shiba,Liwan,,,,0,0,0,1,0,,0,
PN1225,sales_register_only,1225,,QPOINT LIWAN- PLOT MU007,,,,Nad Al Shiba,Liwan,,,,0,0,0,1,0,,0,
PN1226,sales_register_only,1226,,QPOINTLIWAN-PLOT MU006,,,,Nad Al Shiba,Liwan,,,,0,0,0,1,0,,0,
PN1227,sales_register_only,1227,,QPOINT LIWAN-PLOT MU005,,,,Nad Al Shiba,Liwan,,,,0,0,0,1,0,,0,
PN1231,sales_register_only,1231,,QPOINT LIWAN-PLOT MU001,,,,Nad Al Shiba,Liwan,,,,0,0,0,1,0,,0,
PN1235,sales_register_only,1235,,VICTORY BAY TOWER,,,,Burj Khalifa,Business Bay,,,,0,0,0,1,0,,0,
PN1236,sales_register_only,1236,,JEHAAN 3,,,,Al Barsha South Fourth,Jumeirah Village Circle,,,,0,0,0,1,0,,0,
PN1237,sales_register_only,1237,,JEHAAN 4,,,,Al Barsha South Fourth,Jumeirah Village Circle,,,,0,0,0,1,0,,0,
PN1238,sales_register_only,1238,,JEHAAN 6,,,,Al Barsha South Fourth,Jumeirah Village Circle,,,,0,0,0,1,0,,0,
PN1239,sales_register_only,1239,,JEHAAN 11,,,,Al Barsha South Fourth,Jumeirah Village Circle,,,,0,0,0,1,0,,0,
PN1240,sales_register_only,1240,,JEHAAN 9,,,,Al Barsha South Fourth,Jumeirah Village Circle,,,,0,0,0,1,0,,0,
PN1244,sales_register_only,1244,,RUFI PRIME VIEW,,,,Al Warsan First,International City Phase 1,,,,0,0,0,3,0,,0,
PN1253,sales_register_only,1253,,HORIZON2,,,,Al Barsha South Fourth,Jumeirah Village Circle,,,,0,0,0,1,0,,0,
PN1254,sales_register_only,1254,,HORIZON1,,,,Al Barsha South Fourth,Jumeirah Village Circle,,,,0,0,0,1,0,,0,
PN1268,sales_register_only,1268,,AXIS RESIDENCES 20,,,,Nadd Hessa,Silicon Oasis,,,,0,0,0,15,0,,0,
PN1286,sales_register_only,1286,,THE PALM  JEBEL ALI FRONDS,,,,Palm Jabal Ali,Palm Jabal Ali,,,,0,0,0,2,0,,0,
PN1307,sales_register_only,1307,,RASHA 2,,,,Al Qusais Industrial Fourth,,,,,0,0,0,213,12,,0,
PN1313,sales_register_only,1313,,bay central east tower,,,,Marsa Dubai,Dubai Marina,,,,0,0,0,8,0,,0,
PN1375,sales_register_only,1375,,SMALL PYRAMID,,,,Wadi Al Safa 2,Falcon City,,,,0,0,0,113,0,,0,
PN1464,sales_register_only,1464,,BURJ PARK V,,,,Burj Khalifa,DownTown Dubai,,,,0,0,0,2,0,,0,
PN1470,sales_register_only,1470,,BERLIN CLASSIC 1,,,,Al Barshaa South Third,Arjan,,,,0,0,0,2,1,,0,
PN1471,sales_register_only,1471,,BERLIN CLASSIC 2,,,,Al Barshaa South Third,Arjan,,,,0,0,0,1,0,,0,
PN1472,sales_register_only,1472,,INDIGO CHAMBERS,,,,Jabal Ali First,Al Furjan,,,,0,0,0,5,2,,0,
PN1473,sales_register_only,1473,,LYNNCOLN,,,,World Islands,The World,,,,0,0,0,1,0,,0,
PN1479,sales_register_only,1479,,WESTAR LA RESIDENCIA DEL SOL,,,,Al Barsha South Fourth,Jumeirah Village Circle,,,,0,0,0,91,7,,0,
PN1480,sales_register_only,1480,,WESTAR LES CASTELETS,,,,Al Barsha South Fourth,Jumeirah Village Circle,,,,0,0,0,36,2,,0,
PN1481,sales_register_only,1481,,WESTAR LES MAISONETTES,,,,Al Barsha South Fourth,Jumeirah Village Circle,,,,0,0,0,76,5,,0,
PN1528,sales_register_only,1528,,MONTE CARLO RESIDENCES,,,,Al Barsha South Fourth,Jumeirah Village Circle,,,,0,0,0,30,0,,0,
PN1553,sales_register_only,1553,,AVA DESIGNER RESEDENSS,,,,Dubai Investment Park First,Dubai Investment Park First,,,,0,0,0,198,0,,0,
PN1560,sales_register_only,1560,,OASIS TOWER 2,,,,Al Hebiah Fourth,Dubai Sports City,,,,0,0,0,282,0,,0,
PN1563,sales_register_only,1563,,DUBAI LAGOON ROWAN,,,,Dubai Investment Park First,Dubai Investment Park First,,,,0,0,0,151,0,,0,
PN1564,sales_register_only,1564,,DUBAI LAGOON LILY,,,,Dubai Investment Park First,Dubai Investment Park First,,,,0,0,0,309,0,,0,
PN1565,sales_register_only,1565,,DUBAI LAGOON WINTERBERRY,,,,Dubai Investment Park First,Dubai Investment Park First,,,,0,0,0,102,0,,0,
PN1566,sales_register_only,1566,,DUBAI LAGOON I SUITES HOTEL APARTMENT,,,,Dubai Investment Park First,Dubai Investment Park First,,,,0,0,0,154,0,,0,
PN1567,sales_register_only,1567,,DUBAI LAGOON I SUITES SMART RESIDENCE,,,,Dubai Investment Park First,Dubai Investment Park First,,,,0,0,0,126,0,,0,
PN1576,sales_register_only,1576,,EASTERN RESIDENCE - NORTH,,,,Wadi Al Safa 2,Falcon City,,,,0,0,0,511,0,,0,
PN1579,sales_register_only,1579,,EASTERN RESIDENCE - SOUTH,,,,Wadi Al Safa 2,Falcon City,,,,0,0,0,842,0,,0,
PN1588,sales_register_only,1588,,KEMPINSKI HOTEL BUSINESS BAY,,,,Burj Khalifa,Business Bay,,,,0,0,0,2,0,,0,
PN1608,sales_register_only,1608,,PARK VILLA'S 3,,,,Al Barsha South Fourth,Jumeirah Village Circle,,,,0,0,0,60,5,,0,
PN1610,sales_register_only,1610,,PARK VILLA'S 5,,,,Al Barsha South Fourth,Jumeirah Village Circle,,,,0,0,0,3,0,,0,
PN1674,sales_register_only,1674,,AL FAHAD 4,,,,Al Barshaa South Third,Arjan,,,,0,0,0,2,0,,0,
PN1748,sales_register_only,1748,,Project Registration Request beta verification,,,,Al Bada,,,,,0,0,0,1,0,,0,
PN1882,sales_register_only,1882,,Mudon Views - Tower 5,,,,Al Hebiah Sixth,Mudon,,,,0,0,0,1,0,,0,
PN1902,sales_register_only,1902,,Eight @ Al Furjan,,,,Jabal Ali First,Al Furjan,,,,0,0,0,2,0,,0,
PN1935,sales_register_only,1935,,IGO101,,,,Al Thanyah Fifth,DMCC Master Community,,,,0,0,0,2,0,,0,
PN2031,sales_register_only,2031,,AVENUE RESIDENCE Three,,,,Jabal Ali First,Al Furjan,,,,0,0,0,1,0,,0,
PN3998,sales_register_only,3998,,Al Waha,,,,Wadi Al Safa 7,Arabian Ranches II,,,,0,0,0,636,47,,0,
PN4136,sales_register_only,4136,,Greencrest,,,,Hadaeq Sheikh Mohammed Bin Rashid,Dubai Hills Estate,,,,0,0,0,142,142,,0,
PN4139,sales_register_only,4139,,ELLINGTON SANDS I,,,,Palm Deira,Palm Deira,,,,0,0,0,430,429,,0,
PN4140,sales_register_only,4140,,ELLINGTON SANDS II,,,,Palm Deira,Palm Deira,,,,0,0,0,416,415,,0,
PN4143,sales_register_only,4143,,HQ by ROVE,,,,Business Bay,Business Bay,,,,0,0,0,328,328,,0,
PN4148,sales_register_only,4148,,Vincitore Wellness Estate,,,,Wadi Al Safa 3,Majan,,,,0,0,0,152,151,,0,
PN4152,sales_register_only,4152,,HERMINA BY CASAGRAND GALLANTEE REAL ESTATE,,,,Palm Deira,Palm Deira,,,,0,0,0,41,40,,0,
PN4153,sales_register_only,4153,,KHK 31,,,,Wadi Al Safa 5,Dubai Land Residence Complex,,,,0,0,0,72,71,,0,
PN4158,sales_register_only,4158,,Mirdad,,,,Al Hebiah First,Motor City,,,,0,0,0,141,135,,0,
PN4159,sales_register_only,4159,,Greenfield by Samana Developers,,,,Warsan Fourth,International City Phase 3,,,,0,0,0,285,284,,0,
PN4164,sales_register_only,4164,,Barari Palace,,,,Wadi Al Safa 3,Majan,,,,0,0,0,61,57,,0,
PN4165,sales_register_only,4165,,Timber Terrace,,,,Madinat Al Mataar,Dubai South Residential District,,,,0,0,0,34,34,,0,
PN4167,sales_register_only,4167,,CDS Wave,,,,Palm Deira,Palm Deira,,,,0,0,0,3,1,,0,
PN4170,sales_register_only,4170,,CELIA HOMES,,,,Wadi Al Safa 5,Dubai Land Residence Complex,,,,0,0,0,97,95,,0,
PN4173,sales_register_only,4173,,Renascent Tower,,,,Wadi Al Safa 3,Mohammed Bin Rashid AL Maktoum District 11,,,,0,0,0,2,0,,0,
PN4181,sales_register_only,4181,,Holm One,,,,Al Satwa,Jumeirah Garden City,,,,0,0,0,182,181,,0,
PN4182,sales_register_only,4182,,Aristo,,,,Madinat Al Mataar,Dubai South Residential District,,,,0,0,0,1,1,,0,
PN4187,sales_register_only,4187,,MAAK RESIDENCE,,,,Madinat Al Mataar,Dubai South Residential District,,,,0,0,0,1,0,,0,
PN4188,sales_register_only,4188,,The Promise Villas,,,,Al Barsha South Fourth,Jumeirah Village Circle,,,,0,0,0,8,0,,0,
PN4189,sales_register_only,4189,,Maravea Residences,,,,Palm Deira,Palm Deira,,,,0,0,0,7,5,,0,
PN4191,sales_register_only,4191,,LIV OCEANSIDE,,,,Palm Deira,Palm Deira,,,,0,0,0,108,106,,0,
PN4192,sales_register_only,4192,,TARAF 3 RESIDENCE,,,,Al Barsha South Fourth,Jumeirah Village Circle,,,,0,0,0,11,9,,0,
PN4193,sales_register_only,4193,,IMTIAZ SYMPHONY TOWER,,,,Bukadra,,,,,0,0,0,256,254,,0,
PN4194,sales_register_only,4194,,Vue Doree,,,,Palm Deira,Palm Deira,,,,0,0,0,10,9,,0,
PN4203,sales_register_only,4203,,Hearth Heights By ENAWT REAL ESTATE DEVELOPMENT,,,,Al Barsha South Fourth,Jumeirah Village Circle,,,,0,0,0,2,0,,0,
PN4206,sales_register_only,4206,,BEST TOWN VILLAS,,,,Al Barsha South Fifth,Jumeirah Village Triangle,,,,0,0,0,2,0,,0,
PN4208,sales_register_only,4208,,Vertex Pointe,,,,Al Barshaa South Third,Arjan,,,,0,0,0,6,0,,0,
PN4215,sales_register_only,4215,,The Caden By Prescott,,,,Bukadra,,,,,0,0,0,101,98,,0,
PN4216,sales_register_only,4216,,SILVIANA PARK LIVING,,,,Al Barsha South Fifth,Jumeirah Village Triangle,,,,0,0,0,49,45,,0,
PN4217,sales_register_only,4217,,YIGO26,,,,Al Warsan First,International City Phase 1,,,,0,0,0,116,112,,0,
PN4222,sales_register_only,4222,,Cybele By Wadan,,,,Wadi Al Safa 5,Dubai Land Residence Complex,,,,0,0,0,227,224,,0,
PN4226,sales_register_only,4226,,Inaura Hotels & Residences,,,,Burj Khalifa,DownTown Dubai,,,,0,0,0,35,32,,0,
PN4228,sales_register_only,4228,,MIORAH By Zoya,,,,Madinat Al Mataar,Dubai South Residential District,,,,0,0,0,40,39,,0,
PN4245,sales_register_only,4245,,AHS TOWER,,,,Trade Center Second,,,,,0,0,0,86,78,,0,
PN4247,sales_register_only,4247,,Binghatti Cullinan,,,,Al Jadaf,Sama Al Jadaf,,,,0,0,0,508,503,,0,
PN4250,sales_register_only,4250,,09 Life Residences,,,,Wadi Al Safa 5,Dubai Land Residence Complex,,,,0,0,0,35,33,,0,
PN4252,sales_register_only,4252,,NOORE,,,,Wadi Al Safa 3,Mohammed Bin Rashid AL Maktoum District 11,,,,0,0,0,3,1,,0,
PN4256,sales_register_only,4256,,Verdana 8,,,,Dubai Investment Park First,Dubai Investment Park First,,,,0,0,0,16,14,,0,
PN4264,sales_register_only,4264,,Verdana Residence 5,,,,Dubai Investment Park First,Dubai Investment Park First,,,,0,0,0,153,153,,0,
PN4265,sales_register_only,4265,,Verdana Residence 6,,,,Dubai Investment Park First,Dubai Investment Park First,,,,0,0,0,122,122,,0,
PN4266,sales_register_only,4266,,Verdana Residence 7,,,,Dubai Investment Park First,Dubai Investment Park First,,,,0,0,0,120,120,,0,
PN4267,sales_register_only,4267,,Verdana Residence 8,,,,Dubai Investment Park First,Dubai Investment Park First,,,,0,0,0,51,51,,0,
PN4271,sales_register_only,4271,,VERDANIA 4,,,,Wadi Al Safa 5,Dubai Land Residence Complex,,,,0,0,0,3,0,,0,
PN4272,sales_register_only,4272,,Serra Residence By Wujod,,,,Wadi Al Safa 2,Liwan2,,,,0,0,0,5,3,,0,
PN4278,sales_register_only,4278,,Verdana 4,,,,Dubai Investment Park First,Dubai Investment Park First,,,,0,0,0,147,146,,0,
PN4279,sales_register_only,4279,,Verdana 5,,,,Dubai Investment Park First,Dubai Investment Park First,,,,0,0,0,81,79,,0,
PN4284,sales_register_only,4284,,Tivanno Residence,,,,Palm Deira,Palm Deira,,,,0,0,0,5,3,,0,
PN4288,sales_register_only,4288,,Verdana 6,,,,Dubai Investment Park First,Dubai Investment Park First,,,,0,0,0,71,71,,0,
PN4289,sales_register_only,4289,,Verdana 7,,,,Dubai Investment Park First,Dubai Investment Park First,,,,0,0,0,63,63,,0,
PN4301,sales_register_only,4301,,EATON SQUARE,,,,Bukadra,,,,,0,0,0,20,17,,0,
PN4308,sales_register_only,4308,,MYRA ONYX,,,,Nad Al Hamar,,,,,0,0,0,26,25,,0,
PN4310,sales_register_only,4310,,AJWAN RESIDENCES,,,,Madinat Al Mataar,Dubai South Residential District,,,,0,0,0,1,0,,0,
PN4323,sales_register_only,4323,,Dar Al Aiham One,,,,Warsan Fourth,International City Phase 3,,,,0,0,0,1,0,,0,
PN4324,sales_register_only,4324,,Bottega Nove by Lalav,,,,Wadi Al Safa 3,Majan,,,,0,0,0,6,4,,0,
PN4332,sales_register_only,4332,,Sanctuary by Prestige One,,,,Ras Al Khor Industrial First,,,,,0,0,0,3,0,,0,
PN4359,sales_register_only,4359,,Cresswell Plaza,,,,Madinat Al Mataar,Dubai South Residential District,,,,0,0,0,22,22,,0,
PN4366,sales_register_only,4366,,The Grove at Sobha Sanctuary,,,,Al Yufrah 1,,,,,0,0,0,34,34,,0,
PN4378,sales_register_only,4378,,Babette Sapphire Residence,,,,Al Jadaf,Jaddaf Waterfront,,,,0,0,0,3,0,,0,
PN4386,sales_register_only,4386,,IZEL BY ZOYA,,,,Wadi Al Safa 5,Dubai Land Residence Complex,,,,0,0,0,35,32,,0,
PN4398,sales_register_only,4398,,Prestige Gardens by Prestige One,,,,Al Satwa,Jumeirah Garden City,,,,0,0,0,19,17,,0,
PN4414,sales_register_only,4414,,X11,,,,Madinat Al Mataar,Dubai South Residential District,,,,0,0,0,1,0,,0,
PN4437,sales_register_only,4437,,EIRA,,,,Me'Aisem First,International Media Production Zone,,,,0,0,0,12,12,,0,
PN4446,sales_register_only,4446,,O1NE District - Dawn,,,,Al Hebiah First,Motor City,,,,0,0,0,23,23,,0,
PN4457,sales_register_only,4457,,Cheval Residences,,,,Palm Deira,Palm Deira,,,,0,0,0,44,42,,0,
PN4476,sales_register_only,4476,,SADAAT TOWER,,,,Warsan Fourth,International City Phase 3,,,,0,0,0,2,0,,0,
PN4480,sales_register_only,4480,,Arancia Yards By Beyond,,,,Wadi Al Safa 4,City Of Arabia,,,,0,0,0,245,243,,0,
PN4485,sales_register_only,4485,,The Woods,,,,Al Yufrah 1,,,,,0,0,0,201,201,,0,
PN4488,sales_register_only,4488,,ARYAM TOWER BY ABU ALNAGA,,,,Jabal Ali First,Al Furjan,,,,0,0,0,1,1,,0,
PN4498,sales_register_only,4498,,RAW DISTRICT BY IMTIAZ CR,,,,Jabal Ali Industrial Second,Down Town Jabal Ali,,,,0,0,0,518,517,,0,
PN4500,sales_register_only,4500,,RAW DISTRICT BY IMTIAZ R,,,,Jabal Ali Industrial Second,Down Town Jabal Ali,,,,0,0,0,585,585,,0,
PN4514,sales_register_only,4514,,Beverly Crown,,,,Al Barsha South Fourth,Jumeirah Village Circle,,,,0,0,0,3,0,,0,
PN4521,sales_register_only,4521,,Tomorrow Commercial Tower 2,,,,Warsan Fourth,International City Phase 3,,,,0,0,0,4,0,,0,
PN4523,sales_register_only,4523,,Golf Trails,,,,Madinat Al Mataar,Dubai World Central,,,,0,0,0,86,86,,0,
PN4526,sales_register_only,4526,,RAW DISTRICT 2 BY IMTIAZ,,,,Jabal Ali Industrial Second,Down Town Jabal Ali,,,,0,0,0,227,227,,0,
PN4529,sales_register_only,4529,,Arancia Yards 2 By Beyond,,,,Wadi Al Safa 4,City Of Arabia,,,,0,0,0,157,157,,0,
PN4531,sales_register_only,4531,,The Greens at Sobha Sanctuary,,,,Al Yufrah 1,,,,,0,0,0,134,134,,0,
PN4532,sales_register_only,4532,,The Brooks at Sobha Sanctuary,,,,Al Yufrah 1,,,,,0,0,0,86,86,,0,
PN4539,sales_register_only,4539,,Treppan Vision,,,,Wadi Al Safa 5,Dubai Land Residence Complex,,,,0,0,0,1,0,,0,
PN4542,sales_register_only,4542,,OCEARA PARKVIEW RESIDENCES,,,,Palm Deira,Palm Deira,,,,0,0,0,2,1,,0,
PN4543,sales_register_only,4543,,Tessera,,,,Madinat Al Mataar,Dubai South Residential District,,,,0,0,0,5,1,,0,
PN4547,sales_register_only,4547,,Soyo By Zimaya,,,,Palm Deira,Palm Deira,,,,0,0,0,2,0,,0,
PN4548,sales_register_only,4548,,Shahrukhz Residences by Danube,,,,Madinat Dubai Almelaheyah,Dubai Maritime City,,,,0,0,0,3,2,,0,
PN4558,sales_register_only,4558,,Loriza by Zoya,,,,Madinat Al Mataar,Dubai South Residential District,,,,0,0,0,2,0,,0,
PID926830513,building_register_only,,926830513,Cedarwood Estates-South,,,,Me'Aisem First,Jumeirah Golf Estates - Phase B,,,,74,0,0,0,0,6856677;6856678;6856679;6856680;6856681;6856682;6856683;6856684;6856685;6856686;6856687;6856688;6856689;6856690;6856691;6856692;6856693;6856694;6856695;6856696;6856697;6856698;6856699;6856700;6856701;6856702;6856703;6856704;6856705;6856706;6856707;6856708;6856709;6856710;6856711;6856712;6856713;6856714;6856715;6856716;6856717;6856718;6856719;6856720;6856721;6856722;6856723;6856724;6856725;6856726;6856727;6856728;6856729;6856730;6856731;6856732;6856733;6856734;6856735;6856736,74,
PID950241071,building_register_only,,950241071,The Greens at Sobha Sanctuary,,,,Al Yufrah 1,,,,,375,0,0,0,0,,0,
PID857363771,building_register_only,,857363771,Verdana 6,,,,Dubai Investment Park First,Dubai Investment Park First,,,,280,0,0,0,0,5981443,1,
PID852428180,building_register_only,,852428180,Verdana 8,,,,Dubai Investment Park First,Dubai Investment Park First,,,,154,0,0,0,0,5981420,1,
PID856292421,building_register_only,,856292421,Verdana 4,,,,Dubai Investment Park First,Dubai Investment Park First,,,,306,0,0,0,0,5981622,1,
PID857364035,building_register_only,,857364035,Verdana 7,,,,Dubai Investment Park First,Dubai Investment Park First,,,,293,0,0,0,0,5981432,1,
PID968149516,building_register_only,,968149516,Bay Estate,,,,Palm Deira,Palm Deira,,,,357,0,0,0,0,1012117;1012118;1012119;1012120;1012121;1012122;1012123;1012124;1012126;1012158;1012159;1012164;1012165;1012199;1012200;1012201;1012202;1012203;1012204;1012205;1012206;1012207;1012208;1012209;1012210;1012211;1012212;1012213;1012214;1012215;1012216;1012217;1012218;1012219;1012220;1012221;1012222;1012223;1012224;1012225;1012226;1012227;1012228;1012229;1012230;1012231;1012232;1012233;1012234;1012235;1012236;1012237;1012238;1012239;1012240;1012241;1012242;1012243;1012244;1012245,357,
PID319354025,building_register_only,,319354025,The Fairway at Dubai Hills,,,,Hadaeq Sheikh Mohammed Bin Rashid,DUBAI HILLS - FAIRWAYS,,,,27,0,0,0,0,6310157;6310158;6310159;6310160;6310161;6310162;6310163;6310164;6310165;6310166;6310167;6310169;6310170;6310171;6310172;6310175;63110660;63110661;6312020;6313187;6313188;6313189;6316340;6316341;6316342;6316343;6316344;6316345;6316347;6316358;6316361;6316362;6316363;6316364;6316367;6316370;6316373;6316374;6316375;6316377;6316378;6316379;6316390;6316393;6316395;6316397;6316398;6316400;6316401;6316402;6316406;6316407;6316409;6316411;6316412;6316413;6316415;6316416;6316417;6316418,114,
PID164179672,building_register_only,,164179672,Saffron,,,,Madinat Al Mataar,Dubai World Central,,,,284,0,0,0,0,5211610,1,
PID0,building_register_only,,0,,,,,Jabal Ali First,Al Furjan,,,,120,0,0,0,0,2810205;2816656;3322955;3470143;3473151;3473197;3473209;3473255;3479887;5130267;5130269;5130273;5213074;5911851;5912335;5912343;5912344;5912355;5912361;5912371;5912390;5912391;5912438;5912448;5912463;5912464;5912500;5912501;5912585;5912586;5912923;5914240;5914248;5914283;5914289;5914308;5914315;5914333;5914530;6185660;6185954;6189865;6316390;6456398;6816116;6816120;6816349;6817010;6817217;6817409;6850429,51,
PID1243,building_register_only,,1243,MEYDAN BUSINESS PARK PHASE 1,,,,Nad Al Shiba First,Meydan,,,,15,88,88,0,0,6189338,1,1977927719
PID649,building_register_only,,649,FRANKFURT TOWER,,,,Al Barsha South Fourth,Jumeirah Village Circle,,,,1,142,142,0,0,6817037,1,
PID856311483,building_register_only,,856311483,Verdana 5,,,,Dubai Investment Park First,Dubai Investment Park First,,,,271,0,0,0,0,5981442,1,
PID910142736,building_register_only,,910142736,Faro 2 The Heights,,,,Al Yelayiss 5,,,,,200,0,0,0,0,92517447;92517448;92517449;92517450;92517451;92517452;92517453;92517454;92517455;92517456;92517459;92517460;92517461;92517462;92517463;92517464;92517465;92517466;92517467;92517468;92517469;92517470;92517471;92517472;92517473;92517474;92517475;92517477;92517478;92517479;92517480;92517481;92517482;92517483;92517484;92517485;92517486;92517487;92517488;92517489;92517490;92517491;92517492;92517493;92517494;92517495;92517496;92517499;92517500;92517501;92517502;92517503;92517504;92517505;92517506;92517507;92517508;92517509;92517510;92517511,200,
PID845778394,building_register_only,,845778394,TERVA HOMES,,,,Saih Shuaib 2,,,,,24,0,0,0,0,5310124,1,
PID845012666,building_register_only,,845012666,MIORAH By Zoya,,,,Madinat Al Mataar,Dubai South Residential District,,,,1,0,60,0,0,5213014,1,1911357563
PID879,building_register_only,,879,SIENNA SQUARE,,,,Jabal Ali Industrial Third,Down Town Jabal Ali,,,,2,201,201,0,0,5160360,1,
PID900468553,building_register_only,,900468553,EIRA,,,,Me'Aisem First,International Media Production Zone,,,,1,0,271,0,0,6854445,1,34834927
PID769914992,building_register_only,,769914992,Al Waha,,,,Wadi Al Safa 7,Al Waha Villas,,,,190,0,10,0,0,6653757;6653758;6653759;6653760;6653761;6653762;6653763;6653764;6653765;6653766;6653767;6653768;6653769;6653781;6653782;6653783;6653784;6653785;6653786;6655265;6655266;6655267;6655268;6655270;6655272;6655273;6655274;6655275;6655276;6655277;6655278;6655279;6655280;6655282;6655283;6655284;6655285;6655286;6655287;6655288;6655291;6655292;6655293;6655294;6655295;6655296;6655297;6655298;6655299;6655301;6655302;6655303;6655304;6655305;6655306;6655307;6655308;6655310;6655311;6655312,120,
PID664,building_register_only,,664,JASMINE GARDEN,,,,World Islands,The World,,,,39,112,112,0,0,3035145,1,
PID381,building_register_only,,381,ANGELICA RESIDENCE 2,,,,Al Barsha South Fourth,Jumeirah Village Circle,,,,30,0,0,0,0,6810157,1,
PID950357298,building_register_only,,950357298,The Brooks at Sobha Sanctuary,,,,Al Yufrah 1,,,,,185,0,0,0,0,,0,
PID1480,building_register_only,,1480,WESTAR LES CASTELETS,,,,Al Barsha South Fourth,Jumeirah Village Circle,,,,11,0,0,0,0,6816186,1,
PID881662416,building_register_only,,881662416,The Grove at Sobha Sanctuary,,,,Al Yufrah 1,,,,,166,0,0,0,0,,0,
PID1043,building_register_only,,1043,PORTO DUBAI,,,,Um Suqaim Second,,,,,44,0,0,0,0,3622792,1,
PID14177865,building_register_only,,14177865,DUBAI LAGOON I SUITES HOTEL APARTMENT,,,,Dubai Investment Park First,Dubai Investment Park First,,,,8,650,650,0,0,5981806,1,1034278643
PID512,building_register_only,,512,ALFATTAN HOTEL & RESIDENSE,,,,Palm Jumeirah,Palm Jumeirah,,,,1,112,112,0,0,3814756,1,240175045
PID15170285,building_register_only,,15170285,PARK VILLA'S 3,,,,Al Barsha South Fourth,Jumeirah Village Circle,,,,1,0,30,0,0,6816420,1,432571772
PID28959248,building_register_only,,28959248,PLATINUM RESIDENCE,,,,Nad Al Shiba First,Meydan Racecourse Community,,,,1,0,31,0,0,6188964,1,
PID287,building_register_only,,287,NIKI LAUDA TOWER,,,,Business Bay,Business Bay,,,,2,384,384,0,0,3460452,1,857511061
PID453,building_register_only,,453,DUBAI LAGOON LOTUS,,,,Dubai Investment Park First,Dubai Investment Park First,,,,8,442,442,0,0,2812885;5981398;5981803,3,
PID920,building_register_only,,920,ZENITH TOWER A3,,,,Nad Al Shiba,,,,,1,175,175,0,0,6001497,1,
PID826428731,building_register_only,,826428731,ELLINGTON SANDS II,,,,Palm Deira,Palm Deira,,,,2,0,460,0,0,1010151,1,276206176;337944654
PID726,building_register_only,,726,SIROYA GARDENS,,,,Al Barsha South Fourth,Jumeirah Village Circle,,,,1,0,100,0,0,6816372,1,
PID14002799,building_register_only,,14002799,AVA DESIGNER RESEDENSS,,,,Dubai Investment Park First,Dubai Investment Park First,,,,7,390,384,0,0,5981805,1,1524365694
PID1479,building_register_only,,1479,WESTAR LA RESIDENCIA DEL SOL,,,,Al Barsha South Fourth,Jumeirah Village Circle,,,,24,0,0,0,0,6816177,1,
PID839112038,building_register_only,,839112038,The Promise Villas,,,,Al Barsha South Fourth,Jumeirah Village Circle,,,,18,0,0,0,0,6816351,1,
PID973085630,building_register_only,,973085630,Loriza by Zoya,,,,Madinat Al Mataar,Dubai South Residential District,,,,1,0,80,0,0,5212868,1,
PID853803453,building_register_only,,853803453,VERDANIA 4,,,,Wadi Al Safa 5,Dubai Land Residence Complex,,,,1,0,394,0,0,6488553,1,1176176900
PID482,building_register_only,,482,BURJ AL NOOR,,,,Business Bay,Business Bay,,,,1,0,109,0,0,3460598,1,1935403926
PID319355167,building_register_only,,319355167,Emerald Hills at Dubai Hills,,,,Hadaeq Sheikh Mohammed Bin Rashid,DUBAI HILLS - EMERALD HILLS,,,,9,0,0,0,0,6311278;6311285;6311297;6311309;6311313;6311366;6311378;6311425;6311434;6311438;6311447;6311452;6311458;6311459;6311466;6311475;6311480;6312021;6312026;6312035;6312041;6312042;6312118;6312128;6312129;6312132;6312134;6312167;6312331;6312338;6312352;6312356;6312362;6312363;6312366;6312776;6312779;6312782;6312783;6312793;6312804;6312806;6313270;6313275;6313282;6313286;6313287;6313300;6313311;6313313;6313314;6313315;6313342;6313346;6314035;6314036;6314047;6314064;6314082;6314084,155,
PID843558111,building_register_only,,843558111,Cybele By Wadan,,,,Wadi Al Safa 5,Dubai Land Residence Complex,,,,1,0,232,0,0,6488568,1,
PID420,building_register_only,,420,FLAMINGO COVE,,,,Al Khairan  Second,The Lagoons,,,,1,21,21,0,0,,0,
PID58,building_register_only,,58,DEYAAR PARK,,,,Jabal Ali,Down Town Jabal Ali,,,,8,294,294,0,0,5160214,1,
PID927352431,building_register_only,,927352431,Arancia Yards By Beyond,,,,Wadi Al Safa 4,City Of Arabia,,,,4,0,284,0,0,6465292,1,
PID1080,building_register_only,,1080,NATHALIE TOWER,,,,Palm Jabal Ali,Palm Jabal Ali,,,,1,111,111,0,0,,0,
PID187002874,building_register_only,,187002874,The Assembly,,,,Madinat Al Mataar,Dubai World Central,,,,1,119,120,0,0,5211623,1,590164503
PID874,building_register_only,,874,PANGKOR LAUT LUXURY RESIDENCE & SPA VILLAGE,,,,World Islands,The World,,,,51,92,92,0,0,3035288,1,
PID973,building_register_only,,973,STAR GATE 1,,,,Jabal Ali Industrial Second,Down Town Jabal Ali,,,,1,167,167,0,0,5180125,1,165036270
PID862384653,building_register_only,,862384653,AJWAN RESIDENCES,,,,Madinat Al Mataar,Dubai South Residential District,,,,1,0,122,0,0,5213659,1,269365670
PID961,building_register_only,,961,SHAMAL TERRACES 1,,,,Al Barsha South Fourth,Jumeirah Village Circle,,,,11,0,0,0,0,6817177,1,
PID895012082,building_register_only,,895012082,Grosvenor House,,,,Madinat Al Mataar,Dubai South Residential District,,,,1,0,51,0,0,5213258,1,307541978
PID840357394,building_register_only,,840357394,Vue Doree,,,,Palm Deira,Palm Deira,,,,1,0,50,0,0,1010505,1,551939809
PID954282205,building_register_only,,954282205,OCEARA PARKVIEW RESIDENCES,,,,Palm Deira,Palm Deira,,,,1,0,63,0,0,1010475,1,1671055001
PID177,building_register_only,,177,IMAGE RESIDENCES,,,,Jabal Ali Industrial Third,Down Town Jabal Ali,,,,2,248,248,0,0,5160226,1,
PID840,building_register_only,,840,MANHATTAN PARK 1,,,,Al Barsha South Fourth,Jumeirah Village Circle,,,,12,0,0,0,0,6816183,1,
PID849,building_register_only,,849,"LE STELLE1,2,3,4,5",,,,Wadi Al Safa 3,Majan,,,,5,1887,1887,0,0,,0,1457891953
PID830734106,building_register_only,,830734106,Mirdad,,,,Al Hebiah First,Motor City,,,,5,0,1114,0,0,6740332,1,1073768399;1269143539;1705842030;1710441249;749779004
PID132,building_register_only,,132,RUFI TOWER (QUATTRO),,,,Al Barsha South Fourth,Jumeirah Village Circle,,,,1,36,36,0,0,6817763,1,
PID900,building_register_only,,900,UNIVERSAL TOWER,,,,Al Hebiah Fourth,Dubai Sports City,,,,1,296,296,0,0,6821372,1,
PID14176912,building_register_only,,14176912,DUBAI LAGOON WINTERBERRY,,,,Dubai Investment Park First,Dubai Investment Park First,,,,4,473,473,0,0,5981804,1,1996323697
PID1106,building_register_only,,1106,MARIO VALENTINO BOULEVARD,,,,Jabal Ali Industrial Third,Down Town Jabal Ali,,,,2,362,362,0,0,5160359,1,
PID827581133,building_register_only,,827581133,Vincitore Wellness Estate,,,,Wadi Al Safa 3,Majan,,,,2,0,1475,0,0,6459906,1,1765277148
PID958725366,building_register_only,,958725366,Soyo By Zimaya,,,,Palm Deira,Palm Deira,,,,1,0,90,0,0,1010344,1,417335308
PID164,building_register_only,,164,RUFI ROYALE RESIDENCY,,,,Jabal Ali Industrial Third,Down Town Jabal Ali,,,,2,388,388,0,0,,0,
PID14176611,building_register_only,,14176611,DUBAI LAGOON LILY,,,,Dubai Investment Park First,Dubai Investment Park First,,,,5,688,688,0,0,5981801,1,135960066
PID938197629,building_register_only,,938197629,RAW DISTRICT BY IMTIAZ R,,,,Jabal Ali Industrial Second,Down Town Jabal Ali,,,,3,0,672,0,0,5180225,1,
PID1481,building_register_only,,1481,WESTAR LES MAISONETTES,,,,Al Barsha South Fourth,Jumeirah Village Circle,,,,14,0,0,0,0,6816187,1,
PID841483934,building_register_only,,841483934,BEST TOWN VILLAS,,,,Al Barsha South Fifth,Jumeirah Village Triangle,,,,3,0,0,0,0,6843481,1,
PID14175220,building_register_only,,14175220,DUBAI LAGOON ROWAN,,,,Dubai Investment Park First,Dubai Investment Park First,,,,4,474,474,0,0,5981802,1,
PID708,building_register_only,,708,ROSE GAREN,,,,Al Barsha South Fourth,Jumeirah Village Circle,,,,10,0,0,0,0,6817359,1,
PID907,building_register_only,,907,SUNSET GARDENS A,,,,Al Barsha South Fourth,Jumeirah Village Circle,,,,1,166,166,0,0,6810774,1,1332754920
PID852814755,building_register_only,,852814755,Verdana Residence 7,,,,Dubai Investment Park First,Dubai Investment Park First,,,,1,0,392,0,0,5981481,1,161980948
PID1153,building_register_only,,1153,DUBAI MARINA,,,,Marsa Dubai,Dubai Marina,,,,6,0,431,0,0,3926974;3926975;3926978;3926979;3926980;3926981;3927052,7,65085867
PID814,building_register_only,,814,RUFI LAKE VIEW,,,,Al Barsha South Fourth,Jumeirah Village Circle,,,,1,267,267,0,0,6817152,1,272629909
PID856691534,building_register_only,,856691534,Tivanno Residence,,,,Palm Deira,Palm Deira,,,,1,0,67,0,0,1010524,1,1461130392
PID14178416,building_register_only,,14178416,DUBAI LAGOON I SUITES SMART RESIDENCE,,,,Dubai Investment Park First,Dubai Investment Park First,,,,9,0,861,0,0,5981800,1,194632176
PID319353398,building_register_only,,319353398,The Parkway at Dubai Hills,,,,Hadaeq Sheikh Mohammed Bin Rashid,DUBAI HILLS - PARKWAYS,,,,18,0,0,0,0,6316559;6316561;6316562;6316563;6316564;6316566;6316567;6316568;6316569;6316570;6316571;6316572;6316573;6316574;6316576;6316577;6316578;6316579;6316580;6316581;6316582;6316583;6316584;6316585;6316586;6316587;6316588;6316589;6316590;6316591;6316597;6316623;6316624;6316625;6316626;6316627;6316628;6316629;6316630;6316631;6316632;6316633;6316634;6316635;6316636;6316637;6316638;6316639;6316640;6316641;6316642;6316643;6316644;6316645;6316649;6316660;6316661;6316662;6316663;6316664,113,
PID947101164,building_register_only,,947101164,Expo Valley Views 2,,,,Madinat Al Mataar,Dubai World Central,,,,2,0,198,0,0,5210986,1,2038615243
PID941411220,building_register_only,,941411220,Siana,,,,Saih Shuaib 2,,,,,1,0,98,0,0,5310321,1,
PID243,building_register_only,,243,PRODIGY5,,,,Al Barsha South Fourth,Jumeirah Village Circle,,,,1,102,102,0,0,6816274,1,
PID843227824,building_register_only,,843227824,YIGO26,,,,Al Warsan First,International City Phase 1,,,,1,0,190,0,0,6212006,1,
PID832674797,building_register_only,,832674797,Barari Palace,,,,Wadi Al Safa 3,Majan,,,,1,0,225,0,0,6452461,1,110480874
PID839999120,building_register_only,,839999120,TARAF 3 RESIDENCE,,,,Al Barsha South Fourth,Jumeirah Village Circle,,,,1,0,151,0,0,6816138,1,
PID537,building_register_only,,537,DUNES MARIGOLD,,,,Al Barsha South Fourth,Jumeirah Village Circle,,,,2,174,176,0,0,6817333,1,887398886
PID986,building_register_only,,986,ROCKLAND SQUARE,,,,Al Barsha South Fourth,Jumeirah Village Circle,,,,1,189,189,0,0,6817144,1,
PID618,building_register_only,,618,OXBRIDGE GARDENS,,,,Al Barsha South Fourth,Jumeirah Village Circle,,,,1,0,80,0,0,6817341,1,1305583113
PID826418840,building_register_only,,826418840,ELLINGTON SANDS I,,,,Palm Deira,Palm Deira,,,,2,0,471,0,0,1010150,1,1359345825;735396781
PID1307,building_register_only,,1307,RASHA 2,,,,Al Qusais Industrial Fourth,,,,,1,144,193,0,0,2470394,1,
PID983,building_register_only,,983,FERRETTI LUXURY BEACH RESDIENCE TWIN TOWER,,,,Hessyan Second,Dubai Water Front,,,,2,752,752,0,0,,0,
PID898,building_register_only,,898,JUMAA BUILDING,,,,Warsan Fourth,International City Phase 3,,,,1,135,139,0,0,6241243,1,
PID1439,building_register_only,,1439,TUSCAN RESIDENCES 2 - PALIMIRO,,,,Al Barsha South Fourth,Jumeirah Village Circle,,,,2,120,120,0,0,6810805,1,
PID860771741,building_register_only,,860771741,izzzi.life Lime,,,,Al Satwa,Jumeirah Garden City,,,,1,0,218,0,0,3343023,1,1788489981
PID1469,building_register_only,,1469,CLAREN 2,,,,Burj Khalifa,DownTown Dubai,,,,2,101,101,0,0,3454475,1,1712083367
PID930550611,building_register_only,,930550611,The Woods,,,,Al Yufrah 1,,,,,7,0,1267,0,0,9156125,1,1026195036;1075341803;164940423;1963409221;237852818;253467655;528523766
PID978282852,building_register_only,,978282852,The Yards Plaza by Beyond,,,,Wadi Al Safa 4,City Of Arabia,,,,5,0,273,0,0,6465292,1,
PID895350078,building_register_only,,895350078,X11,,,,Madinat Al Mataar,Dubai South Residential District,,,,1,0,88,0,0,5213474,1,
PID850692574,building_register_only,,850692574,09 Life Residences,,,,Wadi Al Safa 5,Dubai Land Residence Complex,,,,1,0,127,0,0,6488541,1,1529331381
PID938152483,building_register_only,,938152483,RAW DISTRICT BY IMTIAZ CR,,,,Jabal Ali Industrial Second,Down Town Jabal Ali,,,,3,0,610,0,0,5180224,1,
PID1470,building_register_only,,1470,BERLIN CLASSIC 1,,,,Al Barshaa South Third,Arjan,,,,1,221,221,0,0,6731108,1,
PID974059736,building_register_only,,974059736,Aris by GRID,,,,Madinat Al Mataar,Dubai South Residential District,,,,1,0,184,0,0,5212784,1,
PID869593487,building_register_only,,869593487,Sanctuary by Prestige One,,,,Ras Al Khor Industrial First,,,,,1,0,166,0,0,6129867,1,
PID293,building_register_only,,293,SANALI CAPITAL AVENUE,,,,Wadi Al Safa 3,Majan,,,,1,281,281,0,0,6458123,1,795204789
PID100,building_register_only,,100,ELEGANT TOWER,,,,Al Barsha South Fourth,Jumeirah Village Circle,,,,1,407,407,0,0,6817784,1,
PID981488992,building_register_only,,981488992,The Verso,,,,Bukadra,,,,,1,0,178,0,0,6117224,1,
PID826258815,building_register_only,,826258815,Greencrest,,,,Hadaeq Sheikh Mohammed Bin Rashid,Dubai Hills Estate,,,,2,0,195,0,0,63111166,1,
PID951215406,building_register_only,,951215406,Expo Valley Views 1,,,,Madinat Al Mataar,Dubai World Central,,,,2,0,128,0,0,5210986,1,2016914625
PID843104526,building_register_only,,843104526,SILVIANA PARK LIVING,,,,Al Barsha South Fifth,Jumeirah Village Triangle,,,,1,0,83,0,0,6848915,1,593662766
PID866785792,building_register_only,,866785792,Bottega Nove by Lalav,,,,Wadi Al Safa 3,Majan,,,,1,0,60,0,0,6457805,1,596594591
PID1180,building_register_only,,1180,EDEN 1,,,,Al Barsha South Fourth,Jumeirah Village Circle,,,,1,74,74,0,0,6817136,1,
PID904571580,building_register_only,,904571580,O1NE District - Dawn,,,,Al Hebiah First,Motor City,,,,1,0,76,0,0,6740289,1,1024455971
PID600,building_register_only,,600,GLOBAL ROYAL TOWER,,,,Al Barsha South Fifth,Jumeirah Village Triangle,,,,1,199,199,0,0,6849715,1,1621116825
PID153,building_register_only,,153,DIAMOND ARCH1,,,,Al Barsha South Fourth,Jumeirah Village Circle,,,,2,188,188,0,0,6817345,1,
PID457,building_register_only,,457,POLARIS,,,,Business Bay,Business Bay,,,,1,604,604,0,0,3460482,1,190707685
PID932,building_register_only,,932,OASIS HEIGHTS,,,,Al Barsha South Fourth,Jumeirah Village Circle,,,,1,271,271,0,0,6817263,1,947620646
PID292,building_register_only,,292,SANALI  BUSINESS TOWER,,,,Wadi Al Safa 3,Majan,,,,1,262,262,0,0,6458123,1,576134587
PID1133,building_register_only,,1133,AROOJ PALACE,,,,Al Barsha South Fourth,Jumeirah Village Circle,,,,1,0,116,0,0,6817334,1,
PID915794726,building_register_only,,915794726,Cheval Residences,,,,Palm Deira,Palm Deira,,,,1,0,100,0,0,1011260,1,2023041610
PID880103759,building_register_only,,880103759,CITYVIEW RESIDENCES,,,,Burj Khalifa,DownTown Dubai,,,,1,0,258,0,0,3450397,1,1036531261
PID890694408,building_register_only,,890694408,Expo Hills 01,,,,Madinat Al Mataar,EXPO CITY,,,,2,0,476,0,0,5215103,1,1419073673
PID1446,building_register_only,,1446,MADISON RESIDENCE(YORK),,,,Al Barsha,,,,,1,39,38,0,0,,0,
PID1268,building_register_only,,1268,AXIS RESIDENCES 20,,,,Nadd Hessa,Silicon Oasis,,,,1,0,185,0,0,6262170,1,172988886
PID239,building_register_only,,239,PRODIGY3,,,,Al Barsha South Fourth,Jumeirah Village Circle,,,,1,106,106,0,0,6816318,1,
PID1244,building_register_only,,1244,RUFI PRIME VIEW,,,,Al Warsan First,International City Phase 1,,,,1,159,159,0,0,6212047,1,
PID837259391,building_register_only,,837259391,Aristo,,,,Madinat Al Mataar,Dubai South Residential District,,,,1,0,66,0,0,5214213,1,1008096021
PID926,building_register_only,,926,ALMASAH TOWER,,,,Wadi Al Safa 2,Falcon City,,,,1,333,333,0,0,6430707,1,
PID852586672,building_register_only,,852586672,EVERGRIN House 4,,,,Al Satwa,Jumeirah Garden City,,,,1,0,89,0,0,3347282,1,
PID33,building_register_only,,33,TOWER 88,,,,Al Barsha South Fourth,Jumeirah Village Circle,,,,1,56,56,0,0,6817799,1,10853234
PID859498968,building_register_only,,859498968,RR Grand,,,,Madinat Al Mataar,Dubai South Residential District,,,,1,0,72,0,0,5213665,1,361296563
PID875831210,building_register_only,,875831210,Paradiso Residence,,,,Palm Deira,Palm Deira,,,,1,0,80,0,0,1010457,1,840331579
PID843034387,building_register_only,,843034387,The Caden By Prescott,,,,Bukadra,,,,,1,0,229,0,0,6117271,1,
PID379,building_register_only,,379,ANGELICA RESIDENCE 1,,,,Al Barsha South Fourth,Jumeirah Village Circle,,,,1,246,246,0,0,6817264,1,986185543
PID878,building_register_only,,878,MAISON RESIDENCE COLLECTION,,,,Jabal Ali Industrial Third,Down Town Jabal Ali,,,,1,102,102,0,0,5160357,1,
PID962479984,building_register_only,,962479984,KORE by Imtiaz,,,,Wadi Al Safa 5,Dubai Land Residence Complex,,,,1,0,351,0,0,6488592,1,
PID1254,building_register_only,,1254,HORIZON1,,,,Al Barsha South Fourth,Jumeirah Village Circle,,,,1,145,145,0,0,6817081,1,
PID844370044,building_register_only,,844370044,Inaura Hotels & Residences,,,,Burj Khalifa,DownTown Dubai,,,,1,0,119,0,0,3450423,1,
PID1473,building_register_only,,1473,LYNNCOLN,,,,World Islands,The World,,,,5,210,210,0,0,3035226,1,
PID709,building_register_only,,709,DUNES LILAC,,,,Al Barsha South Fifth,Jumeirah Village Triangle,,,,1,92,92,0,0,6849782,1,1939516585
PID138,building_register_only,,138,Varazze Tower,,,,Al Safouh First,Sufouh Gardens,,,,1,242,242,0,0,3729954,1,
PID833835377,building_register_only,,833835377,CELIA HOMES,,,,Wadi Al Safa 5,Dubai Land Residence Complex,,,,1,0,207,0,0,6488727,1,1185243083
PID729,building_register_only,,729,SCHON SUITES AND SCHON RESIDENCE,,,,Jabal Ali Industrial Third,Down Town Jabal Ali,,,,1,370,370,0,0,5160227,1,
PID830791631,building_register_only,,830791631,Greenfield by Samana Developers,,,,Warsan Fourth,International City Phase 3,,,,1,0,310,0,0,6241220,1,
PID849620549,building_register_only,,849620549,Binghatti Cullinan,,,,Al Jadaf,Sama Al Jadaf,,,,1,0,643,0,0,3261512,1,937251654
PID923599189,building_register_only,,923599189,Boulevard Living 1,,,,Jabal Ali First,Wasl Gate,,,,1,0,195,0,0,5919615,1,1389325160
PID518,building_register_only,,518,MOON TOWER 1,,,,Business Bay,Business Bay,,,,1,284,293,0,0,3460659,1,1744960610
PID666,building_register_only,,666,THE RESIDENCE,,,,Al Barsha South Fourth,Jumeirah Village Circle,,,,1,14,14,0,0,6817065,1,1646694030
PID841609440,building_register_only,,841609440,Vertex Pointe,,,,Al Barshaa South Third,Arjan,,,,1,0,52,0,0,6731150,1,529245903
PID901,building_register_only,,901,LIBERTAS,,,,Jabal Ali Industrial Third,Down Town Jabal Ali,,,,1,162,162,0,0,5160276,1,
PID804,building_register_only,,804,GERMAN SPORTS TOWER2,,,,Al Hebiah Fourth,Dubai Sports City,,,,1,340,340,0,0,6826508,1,
PID958783499,building_register_only,,958783499,Shahrukhz Residences by Danube,,,,Madinat Dubai Almelaheyah,Dubai Maritime City,,,,1,0,1143,0,0,3210250,1,1257484399
PID1313,building_register_only,,1313,bay central east tower,,,,Marsa Dubai,Dubai Marina,,,,1,0,16,0,0,3920596,1,
PID858434174,building_register_only,,858434174,EATON SQUARE,,,,Bukadra,,,,,1,0,24,0,0,6117282,1,
PID730,building_register_only,,730,METROPOLIS LOFTS,,,,Al Barsha South Fourth,Jumeirah Village Circle,,,,2,663,663,0,0,6811317,1,557556914
PID674,building_register_only,,674,AMESCO TOWER,,,,Al Thanyah Fifth,DMCC Master Community,,,,1,110,110,0,0,3936057,1,1645134389
PID942789830,building_register_only,,942789830,Beverly Crown,,,,Al Barsha South Fourth,Jumeirah Village Circle,,,,1,0,214,0,0,6816469,1,58255640
PID891684218,building_register_only,,891684218,Prestige Gardens by Prestige One,,,,Al Satwa,Jumeirah Garden City,,,,1,0,48,0,0,3347555,1,
PID852816691,building_register_only,,852816691,Verdana Residence 8,,,,Dubai Investment Park First,Dubai Investment Park First,,,,1,0,210,0,0,5981486,1,
PID824,building_register_only,,824,MESA VISTA,,,,Wadi Al Safa 3,Majan,,,,1,80,80,0,0,6457936,1,1802427439
PID108,building_register_only,,108,PALAZZA ARABIA,,,,Jabal Ali First,Al Furjan,,,,1,99,99,0,0,5913013,1,1148772600
PID107,building_register_only,,107,VENETIAN ARABIA,,,,Jabal Ali First,Al Furjan,,,,1,99,99,0,0,5913012,1,1631684374
PID24246528,building_register_only,,24246528,JUMEIRAH HILLS - THE PALACES,,,,Um Suqaim Third,,,,,1,0,2,0,0,3663195,1,
PID976833238,building_register_only,,976833238,SAWA RESIDENCES,,,,Ras Al Khor Industrial First,,,,,1,0,359,0,0,6129830,1,
PID948839993,building_register_only,,948839993,RAW DISTRICT 2 BY IMTIAZ,,,,Jabal Ali Industrial Second,Down Town Jabal Ali,,,,3,0,770,0,0,5180202,1,923984948
PID949014460,building_register_only,,949014460,Arancia Yards 2 By Beyond,,,,Wadi Al Safa 4,City Of Arabia,,,,4,0,380,0,0,6465292,1,114603595
PID237,building_register_only,,237,PRODIGY2,,,,Al Barsha South Fourth,Jumeirah Village Circle,,,,1,145,145,0,0,6816464,1,1927521476
PID358,building_register_only,,358,DIAMOND SHOPPING MALL,,,,Wadi Al Safa 5,The Villa,,,,1,0,0,0,0,6486728,1,
PID858,building_register_only,,858,THE HEIGHTS,,,,Jabal Ali Industrial Third,Down Town Jabal Ali,,,,1,81,81,0,0,5160294,1,
PID837251321,building_register_only,,837251321,Holm One,,,,Al Satwa,Jumeirah Garden City,,,,1,0,218,0,0,3343017,1,2060987598
PID145,building_register_only,,145,ROSE TOWER,,,,Al Jadaf,Jaddaf Waterfront,,,,1,188,188,0,0,3260913,1,1416821199
PID678,building_register_only,,678,TOWER 10,,,,Al Barsha South Fourth,Jumeirah Village Circle,,,,1,121,121,0,0,6816154,1,442112308
PID1166,building_register_only,,1166,DUBAI WATER FRONT BADRAH,,,,Hessyan First,Dubai Water Front,,,,1,0,0,0,0,5114885,1,
PID945504371,building_register_only,,945504371,LYRA,,,,Wadi Al Safa 4,,,,,1,0,348,0,0,6460144,1,1336346351
PID133,building_register_only,,133,SHARM LAND TOWER,,,,Al Barsha South Fourth,Jumeirah Village Circle,,,,2,1,9,0,0,6817762,1,
PID853858852,building_register_only,,853858852,Serra Residence By Wujod,,,,Wadi Al Safa 2,Liwan2,,,,1,0,20,0,0,6439671,1,
PID833834193,building_register_only,,833834193,Koyo Residence by Fuji Properties,,,,Wadi Al Safa 3,Mohammed Bin Rashid AL Maktoum District 11,,,,1,0,44,0,0,6453240,1,637824302
PID112,building_register_only,,112,STALLION TOWER,,,,Al Barsha South Fourth,Jumeirah Village Circle,,,,1,0,186,0,0,6816396,1,1627005594
PID528,building_register_only,,528,DREAM SQUARE,,,,Warsan Fourth,International City Phase 3,,,,1,131,131,0,0,6240973,1,
PID94,building_register_only,,94,CENTER COURT,,,,Al Barsha South Fourth,Jumeirah Village Circle,,,,1,156,156,0,0,6816165,1,963595766
PID1076,building_register_only,,1076,KPM 2 & 3,,,,Jabal Ali Industrial Third,Down Town Jabal Ali,,,,2,302,302,0,0,5160356,1,
PID1039,building_register_only,,1039,STERNON TOWER 1,,,,Al Barsha South Fourth,Jumeirah Village Circle,,,,1,103,103,0,0,6817034,1,2119263889
PID878738852,building_register_only,,878738852,Cresswell Plaza,,,,Madinat Al Mataar,Dubai South Residential District,,,,1,0,35,0,0,5213648,1,1494612329
PID944,building_register_only,,944,AL HABTOOR  ISLAND RESORT & SPA,,,,Palm Jumeirah,Palm Jumeirah,,,,2,91,97,0,0,3814758,1,1646040093;380590300
PID826814887,building_register_only,,826814887,HQ by ROVE,,,,Business Bay,Business Bay,,,,1,0,414,0,0,3460762,1,1085133667
PID963757224,building_register_only,,963757224,Linden,,,,Nad Al Shiba First,Meydan Racecourse Community,,,,1,0,30,0,0,6181282,1,
PID327,building_register_only,,327,ARTISTIC HEIGHTS,,,,Al Barsha South Fourth,Jumeirah Village Circle,,,,1,186,186,0,0,6816145,1,1925615105
PID838688215,building_register_only,,838688215,MAAK RESIDENCE,,,,Madinat Al Mataar,Dubai South Residential District,,,,1,0,72,0,0,5212885,1,2105601072
PID660,building_register_only,,660,RUFI ROYAL CREST,,,,Al Barsha South Fourth,Jumeirah Village Circle,,,,1,130,130,0,0,6817035,1,
PID850810012,building_register_only,,850810012,NOORE,,,,Wadi Al Safa 3,Mohammed Bin Rashid AL Maktoum District 11,,,,1,0,43,0,0,6453235,1,592133981
PID919485670,building_register_only,,919485670,Coventry Living,,,,Al Barsha South Fourth,Jumeirah Village Circle,,,,1,0,200,0,0,6816133,1,
PID201,building_register_only,,201,THE H.Q,,,,Al Barsha South Fourth,Jumeirah Village Circle,,,,1,200,200,0,0,6817748,1,1080900862
PID61,building_register_only,,61,ECLIPSE TOWER,,,,Al Barsha South Fourth,Jumeirah Village Circle,,,,1,249,249,0,0,6817790,1,1805792187
PID942150956,building_register_only,,942150956,Elinor,,,,Madinat Al Mataar,Dubai South Residential District,,,,1,0,102,0,0,5212907,1,409830140
PID12641403,building_register_only,,12641403,THE ROYAL ESTATES PLOT.3,,,,Dubai Investment Park Second,Dubai Investment Park Second,,,,1,0,10,0,0,5970980,1,115873560
PID950990904,building_register_only,,950990904,Native Haus,,,,Al Barsha South Fifth,Jumeirah Village Triangle,,,,1,0,168,0,0,6849739,1,
PID914,building_register_only,,914,HAMPSTEAD RESIDENCES,,,,Al Barsha South Fourth,Jumeirah Village Circle,,,,1,70,70,0,0,6817089,1,1896313948
PID15,building_register_only,,15,LA VISTA 07,,,,Nadd Hessa,Silicon Oasis,,,,2,192,192,0,0,6262551,1,
PID866047597,building_register_only,,866047597,Dar Al Aiham One,,,,Warsan Fourth,International City Phase 3,,,,1,0,71,0,0,6241104,1,
PID918436230,building_register_only,,918436230,Al Haseen Residence 5,,,,Saih Shuaib 2,,,,,1,0,245,0,0,5310375,1,
PID831063549,building_register_only,,831063549,Rose Mirage 1,,,,Madinat Al Mataar,Dubai South Residential District,,,,1,0,64,0,0,5213338,1,1881405377
PID1472,building_register_only,,1472,INDIGO CHAMBERS,,,,Jabal Ali First,Al Furjan,,,,1,0,136,0,0,5911802,1,1511583827
PID899440682,building_register_only,,899440682,Wellara by Veha One Real Estate Development LLC,,,,Al Barsha South Fourth,Jumeirah Village Circle,,,,1,247,247,0,0,6816982,1,236439188
PID971620205,building_register_only,,971620205,RAW DISTRICT 2 TOWER C BY IMTIAZ,,,,Jabal Ali Industrial Second,Down Town Jabal Ali,,,,1,0,149,0,0,5180196,1,
PID240,building_register_only,,240,CASA VERONA,,,,Al Barsha South Fourth,Jumeirah Village Circle,,,,1,107,107,0,0,6816273,1,645243712
PID951873653,building_register_only,,951873653,Treppan Vision,,,,Wadi Al Safa 5,Dubai Land Residence Complex,,,,1,0,463,0,0,6488668,1,2138318199
PID706,building_register_only,,706,AL DUAA RESIDENCE,,,,Al Barsha South Fourth,Jumeirah Village Circle,,,,1,150,150,0,0,6816168,1,1239361578
PID881,building_register_only,,881,THE SIGNET,,,,Jabal Ali Industrial Third,Down Town Jabal Ali,,,,1,221,221,0,0,5160155,1,
PID795,building_register_only,,795,PISA TOWER RESIDENCE,,,,Al Barsha South Fourth,Jumeirah Village Circle,,,,1,132,132,0,0,6817329,1,
PID906,building_register_only,,906,SUNSET GARDENS B,,,,Al Barsha South Fourth,Jumeirah Village Circle,,,,1,305,305,0,0,6811140,1,1528984734
PID886250284,building_register_only,,886250284,Babette Sapphire Residence,,,,Al Jadaf,Jaddaf Waterfront,,,,1,0,66,0,0,3260878,1,
PID748,building_register_only,,748,RELIANCE15,,,,Al Barsha South Fourth,Jumeirah Village Circle,,,,1,407,407,0,0,6817201,1,2141720856
PID10120650,building_register_only,,10120650,SMALL PYRAMID,,,,Wadi Al Safa 2,Falcon City,,,,1,0,451,0,0,6438762,1,
PID938,building_register_only,,938,AUROR RESIDENCE 2,,,,Warsan Fourth,International City Phase 3,,,,1,112,116,0,0,6241210,1,
PID830213083,building_register_only,,830213083,KHK 31,,,,Wadi Al Safa 5,Dubai Land Residence Complex,,,,1,0,160,0,0,6488689,1,364297593
PID306,building_register_only,,306,NORTH BAY,,,,Business Bay,Business Bay,,,,1,131,138,0,0,3460707,1,
PID519,building_register_only,,519,OASIS TOWER 2,,,,Al Hebiah Fourth,Dubai Sports City,,,,1,444,444,0,0,6820147,1,1210252946
PID109,building_register_only,,109,ABJAR TOWER,,,,Al Barsha South Fourth,Jumeirah Village Circle,,,,1,734,734,0,0,6816109,1,1930808815
PID247,building_register_only,,247,PRODIGY4,,,,Al Barsha South Fourth,Jumeirah Village Circle,,,,1,130,130,0,0,6816462,1,1997687404
PID574,building_register_only,,574,WORLD WIDE TOWER,,,,Jabal Ali Industrial Third,Down Town Jabal Ali,,,,1,155,155,0,0,5160198,1,
PID1172,building_register_only,,1172,AC3,,,,Al Hebiah First,Motor City,,,,1,0,273,0,0,6740196,1,416189737
PID164994496,building_register_only,,164994496,AVENUE RESIDENCE Three,,,,Jabal Ali First,Al Furjan,,,,1,110,111,0,0,5913027,1,
PID951617553,building_register_only,,951617553,Le Chateau Pietrus,,,,Palm Deira,Palm Deira,,,,1,0,86,0,0,1010620,1,1595681802
PID932416451,building_register_only,,932416451,ARYAM TOWER BY ABU ALNAGA,,,,Jabal Ali First,Al Furjan,,,,1,0,68,0,0,5912284,1,237985152
PID948982588,building_register_only,,948982588,LUMO,,,,Palm Deira,Palm Deira,,,,1,0,54,0,0,1010529,1,
PID12794075,building_register_only,,12794075,MONTE CARLO RESIDENCES,,,,Al Barsha South Fourth,Jumeirah Village Circle,,,,1,52,52,0,0,6816209,1,
PID1068,building_register_only,,1068,GOLDEN FUTURE,,,,Al Barsha South Fourth,Jumeirah Village Circle,,,,1,0,82,0,0,6816329,1,
PID955183136,building_register_only,,955183136,Tessera,,,,Madinat Al Mataar,Dubai South Residential District,,,,1,0,104,0,0,5213016,1,846589962
PID1471,building_register_only,,1471,BERLIN CLASSIC 2,,,,Al Barshaa South Third,Arjan,,,,1,192,192,0,0,6731110,1,
PID945834233,building_register_only,,945834233,THE BAY interiors by MISSONI,,,,Palm Deira,Palm Deira,,,,1,0,142,0,0,1010225,1,1284391208
PID302,building_register_only,,302,CENTRAL SQUARE A & B,,,,Jabal Ali Industrial Third,Down Town Jabal Ali,,,,2,191,191,0,0,5160127,1,
PID841221172,building_register_only,,841221172,Hearth Heights By ENAWT REAL ESTATE DEVELOPMENT,,,,Al Barsha South Fourth,Jumeirah Village Circle,,,,1,0,142,0,0,6817732,1,
PID1134,building_register_only,,1134,THE CONCAVE,,,,Jabal Ali Industrial Second,Down Town Jabal Ali,,,,1,156,156,0,0,5180156,1,230467158
PID833095193,building_register_only,,833095193,Timber Terrace,,,,Madinat Al Mataar,Dubai South Residential District,,,,1,0,77,0,0,5213583,1,1942631613
PID495,building_register_only,,495,OAKLANDS,,,,Warsan Fourth,International City Phase 3,,,,1,0,0,0,0,6241241,1,
PID468,building_register_only,,468,OXFORD,,,,Warsan Fourth,International City Phase 3,,,,1,107,107,0,0,6240911,1,
PID353770098,building_register_only,,353770098,Sold Without Project for Union Properties,,,,Al Hebiah First,Motor City,,,,1,0,6,0,0,6740215,1,530146475
PID936279925,building_register_only,,936279925,Avenue Park Towers II,,,,Al Kifaf,Wasl 1,,,,3,0,596,0,0,3246451,1,
PID471,building_register_only,,471,MAYFAIR,,,,Warsan Fourth,International City Phase 3,,,,1,106,106,0,0,6241129,1,
PID451,building_register_only,,451,THE PLAZA,,,,Al Barsha South Fourth,Jumeirah Village Circle,,,,2,258,258,0,0,6817809,1,
PID860597395,building_register_only,,860597395,MYRA ONYX,,,,Nad Al Hamar,,,,,1,0,60,0,0,4168025,1,
PID1415,building_register_only,,1415,SUBERBIA DJA - C,,,,Jabal Ali,Down Town Jabal Ali,,,,1,57,57,0,0,,0,
PID656,building_register_only,,656,ELASH,,,,Warsan Fourth,International City Phase 3,,,,1,162,162,0,0,6240838,1,
PID828399624,building_register_only,,828399624,HERMINA BY CASAGRAND GALLANTEE REAL ESTATE,,,,Palm Deira,Palm Deira,,,,1,0,135,0,0,1010633,1,1862989113
PID764,building_register_only,,764,CHAMPIONS TOWER2,,,,Al Hebiah Fourth,Dubai Sports City,,,,1,172,172,0,0,6821377,1,1534731949
PID291,building_register_only,,291,SANALI  BUSINESS HIGHTS,,,,Wadi Al Safa 3,Majan,,,,1,282,282,0,0,6458123,1,2102642718
PID828235693,building_register_only,,828235693,Artist Hotel,,,,World Islands,The World,,,,1,0,89,0,0,3035206,1,
PID863177712,building_register_only,,863177712,RP ONE,,,,Business Bay,,,,,1,0,1004,0,0,3460119,1,1618429287
PID840186613,building_register_only,,840186613,IMTIAZ SYMPHONY TOWER,,,,Bukadra,,,,,1,0,369,0,0,6117258,1,
PID1129,building_register_only,,1129,BLUE MOON TOWER,,,,Palm Jabal Ali,Palm Jabal Ali,,,,1,136,136,0,0,,0,
PID314,building_register_only,,314,CAPITAL SQUARE,,,,Jabal Ali Industrial Third,Down Town Jabal Ali,,,,1,134,134,0,0,5160194,1,
PID852806572,building_register_only,,852806572,Verdana Residence 5,,,,Dubai Investment Park First,Dubai Investment Park First,,,,1,0,392,0,0,5981483,1,
PID923605270,building_register_only,,923605270,Boulevard Living 2,,,,Jabal Ali First,Wasl Gate,,,,1,0,194,0,0,5919618,1,1604856165
PID454,building_register_only,,454,GLOBAL POINT,,,,Warsan Fourth,International City Phase 3,,,,1,466,466,0,0,6242541,1,
PID903,building_register_only,,903,L'ORIENTAL,,,,Wadi Al Safa 5,Dubai Land Residence Complex,,,,2,119,119,0,0,6488625,1,849355458
PID382,building_register_only,,382,MAGNOLIA,,,,Al Barsha South Fifth,Jumeirah Village Triangle,,,,1,148,148,0,0,6848932,1,1231655663
PID834621187,building_register_only,,834621187,Renascent Tower,,,,Wadi Al Safa 3,Mohammed Bin Rashid AL Maktoum District 11,,,,1,0,52,0,0,6456326,1,786195007
PID843705550,building_register_only,,843705550,CELINE RESIDENCE,,,,Madinat Al Mataar,Dubai South Residential District,,,,1,0,91,0,0,5213122,1,1753601748
PID839941157,building_register_only,,839941157,LIV OCEANSIDE,,,,Palm Deira,Palm Deira,,,,1,0,118,0,0,1010219,1,1310050872
PID517,building_register_only,,517,MOON TOWER 2,,,,Al Jadaf,Jaddaf Waterfront,,,,1,37,40,0,0,3260882,1,1771212935
PID887624364,building_register_only,,887624364,IZEL BY ZOYA,,,,Wadi Al Safa 5,Dubai Land Residence Complex,,,,1,0,165,0,0,6488697,1,271154678
PID905,building_register_only,,905,EDEN 2,,,,Al Barsha South Fourth,Jumeirah Village Circle,,,,1,93,93,0,0,6816443,1,
PID646,building_register_only,,646,CHAMPION TOWER 3,,,,Al Hebiah Fourth,Dubai Sports City,,,,1,254,254,0,0,6820266,1,1472186327
PID470,building_register_only,,470,KENSINGTON,,,,Warsan Fourth,International City Phase 3,,,,1,107,107,0,0,6240891,1,
PID653,building_register_only,,653,LES VERTES,,,,Al Barsha South Fourth,Jumeirah Village Circle,,,,1,65,65,0,0,6817161,1,199225419
PID105,building_register_only,,105,SAMI Q TOWER,,,,Business Bay,Business Bay,,,,1,322,322,0,0,3460477,1,
PID199,building_register_only,,199,GARDEN HEIGHTS,,,,Al Barsha South Fourth,Jumeirah Village Circle,,,,1,295,295,0,0,6816983,1,752732946
PID24791234,building_register_only,,24791234,AL FAHAD 4,,,,Al Barshaa South Third,Arjan,,,,1,300,300,0,0,6731223,1,501702912
PID698,building_register_only,,698,SANDHURST HOUSE,,,,Al Barsha South Fourth,Jumeirah Village Circle,,,,1,71,72,0,0,6816174,1,2051955899
PID173,building_register_only,,173,APEX SUITES,,,,Al Barsha South Fifth,Jumeirah Village Triangle,,,,1,106,106,0,0,6848911,1,387769622
PID946694866,building_register_only,,946694866,Golf Trails,,,,Madinat Al Mataar,Dubai World Central,,,,1,0,161,0,0,,0,
PID852812296,building_register_only,,852812296,Verdana Residence 6,,,,Dubai Investment Park First,Dubai Investment Park First,,,,1,0,363,0,0,5981482,1,
PID974583958,building_register_only,,974583958,Eterna By GRID,,,,Me'Aisem First,International Media Production Zone,,,,1,0,166,0,0,6850761,1,
PID926466725,building_register_only,,926466725,SADAAT TOWER,,,,Warsan Fourth,International City Phase 3,,,,1,0,89,0,0,6240889,1,
PID890,building_register_only,,890,BURJ AL FARA'A,,,,Al Barsha South Fourth,Jumeirah Village Circle,,,,1,0,162,0,0,6810415;6817805;6817806,3,
PID945737299,building_register_only,,945737299,Tomorrow Commercial Tower 2,,,,Warsan Fourth,International City Phase 3,,,,1,0,120,0,0,6240680,1,
PID1441,building_register_only,,1441,LINCOLN PARK (MANHATTAN),,,,Al Barshaa South Third,Arjan,,,,1,1,1,0,0,6731239,1,
PID834292385,building_register_only,,834292385,Rose Mirage 2,,,,Madinat Al Mataar,Dubai South Residential District,,,,1,0,55,0,0,5213398,1,218440479
PID1066,building_register_only,,1066,GERMAN SUPREME RESIDENCE 1,,,,Wadi Al Safa 5,The Villa,,,,1,0,0,0,0,6488330,1,
PID839274625,building_register_only,,839274625,Maravea Residences,,,,Palm Deira,Palm Deira,,,,1,0,63,0,0,1010520,1,584090138
PID1253,building_register_only,,1253,HORIZON2,,,,Al Barsha South Fourth,Jumeirah Village Circle,,,,1,132,132,0,0,6817042,1,712894722
PID879542111,building_register_only,,879542111,Park Lane III by Heilbronn Properties Development,,,,Al Barsha South Fourth,Jumeirah Village Circle,,,,1,0,182,0,0,6816513,1,945474213
PID245,building_register_only,,245,PRODIGY,,,,Al Barsha South Fourth,Jumeirah Village Circle,,,,1,135,135,0,0,6816463,1,
PID1445,building_register_only,,1445,MADISON RESIDENCE (ATLANTIC),,,,Al Barsha,,,,,1,37,37,0,0,,0,
PID849259063,building_register_only,,849259063,AHS TOWER,,,,Trade Center Second,,,,,1,0,82,0,0,3360206,1,
PID942866365,building_register_only,,942866365,Coventry Curve 2,,,,Saih Shuaib 2,,,,,1,0,312,0,0,5310302,1,
PID560,building_register_only,,560,DUNES RESIDENCE,,,,Al Hebiah Fourth,Dubai Sports City,,,,1,176,176,0,0,6820758,1,1952039618
PID899459948,building_register_only,,899459948,KYG Crown Residences,,,,Nad Al Shiba First,Meydan Racecourse Community,,,,1,0,31,0,0,6181335,1,
